index,valid,MolWt,LogP,TPSA,HeavyAtomCount,NumHeteroatoms,NumHDonors,NumHAcceptors,NumRotatableBonds,NumAromaticRings,NumRings,name
qmof-9b1be38,False,,,,,,,,,,,TARQAF_FSR
qmof-aca3388,True,184.24200000000002,2.2618,25.78,14.0,2.0,0.0,2.0,3.0,2.0,2.0,ILEDIO_FSR
qmof-4ce077a,False,,,,,,,,,,,ILICOW_FSR
qmof-4241a3d,True,409.3590000000001,0.7926999999999995,162.75,29.0,11.0,0.0,9.0,4.0,3.0,4.0,WOLKUF_FSR
qmof-6d2fc7d,False,,,,,,,,,,,MIDVEA_FSR
qmof-7e4dbb6,False,,,,,,,,,,,NESYOZ02_FSR
qmof-dbb4b69,True,165.10399999999996,-2.1914,93.15,12.0,5.0,0.0,5.0,2.0,1.0,1.0,OXAZIX_FSR
qmof-54114ac,True,108.11999999999998,1.0121,32.79,8.0,2.0,0.0,1.0,1.0,1.0,1.0,BIHZID_FSR
qmof-4bb9ee9,True,184.20200000000003,1.5635999999999999,53.980000000000004,14.0,4.0,0.0,2.0,3.0,2.0,2.0,DOTYUI01_FSR
qmof-f40f3e7,True,182.226,2.6470000000000002,25.78,14.0,2.0,0.0,2.0,2.0,2.0,2.0,DOTZIX_FSR
qmof-7cefc8c,True,299.214,-1.4306000000000003,129.62,22.0,7.0,0.0,7.0,5.0,2.0,2.0,OKECUE_FSR
qmof-62dbb8e,True,42.021,-1.4418000000000002,58.7,3.0,3.0,0.0,0.0,0.0,0.0,0.0,DORWAK_FSR
qmof-33eaa8a,False,,,,,,,,,,,LIKZAI_FSR
qmof-80d14e6,True,363.3130000000001,-1.11571,158.58999999999997,27.0,10.0,4.0,6.0,3.0,2.0,4.0,SEHDAM_FSR
qmof-d2f6719,True,487.4040000000003,-2.209279999999997,207.13,36.0,12.0,1.0,11.0,6.0,2.0,4.0,OFEGUD_FSR
qmof-2ea7167,True,112.176,-0.3824000000000001,6.48,8.0,2.0,0.0,2.0,0.0,0.0,3.0,EKESOC_FSR
qmof-606ca52,True,126.09499999999998,-1.9719999999999998,70.84,9.0,5.0,0.0,5.0,2.0,1.0,1.0,OVIVOF_FSR
qmof-8cfc29d,True,173.159,1.36356,98.75999999999999,13.0,6.0,0.0,5.0,1.0,1.0,2.0,REJKUN_FSR
qmof-aa82d3e,True,112.03999999999999,-1.7236000000000002,68.28,8.0,4.0,0.0,4.0,0.0,0.0,1.0,GIWTUB_FSR
qmof-46e13c3,True,88.106,0.03320000000000001,18.46,6.0,2.0,0.0,2.0,0.0,0.0,1.0,JIPRIM_FSR
qmof-afd3d78,True,439.4030000000001,0.5876999999999997,146.16999999999996,33.0,8.0,0.0,8.0,5.0,4.0,4.0,QEKLEZ_FSR
qmof-d0bb092,True,312.352,4.201790000000003,58.11,24.0,4.0,1.0,3.0,3.0,3.0,4.0,LALQEW_FSR
qmof-1dc08c3,True,382.3720000000001,-1.0664199999999981,139.12,28.0,8.0,0.0,8.0,8.0,0.0,2.0,PIDZEI_FSR
qmof-3a0f684,True,164.17200000000003,-0.43020000000000036,61.42,12.0,6.0,0.0,6.0,3.0,2.0,2.0,PILPAD_FSR
qmof-b311e90,False,,,,,,,,,,,UTIHAH_FSR
qmof-93cbc2c,True,250.11799999999994,-4.859400000000001,160.51999999999998,18.0,8.0,0.0,8.0,4.0,1.0,1.0,PEWFEE_FSR
qmof-9f865ef,True,164.11599999999996,-1.5864000000000003,80.25999999999999,12.0,4.0,0.0,4.0,2.0,1.0,1.0,HAFQUC_FSR
qmof-de9db8f,False,,,,,,,,,,,DODJUC_FSR
qmof-c8c6644,True,164.11599999999996,-1.5864000000000003,80.25999999999999,12.0,4.0,0.0,4.0,2.0,1.0,1.0,HAFQOW_FSR
qmof-cb9b730,True,138.91799999999998,-0.8560000000000001,88.19999999999999,5.0,5.0,0.0,0.0,0.0,0.0,0.0,ISOQEM01_FSR
qmof-2dea218,False,,,,,,,,,,,SACPAQ_FSR
qmof-1b4e871,True,158.16400000000002,0.9335999999999998,51.56,12.0,4.0,0.0,4.0,1.0,2.0,2.0,PAZXOD_FSR
qmof-214ad37,True,26.018,0.09637,23.79,2.0,1.0,0.0,1.0,0.0,0.0,0.0,KARSAY_FSR
qmof-7e46631,False,,,,,,,,,,,KASRUS_FSR
qmof-0d0a55e,True,234.262,2.6006,51.56,18.0,4.0,0.0,4.0,2.0,3.0,3.0,PODMUR_FSR
qmof-c031960,True,667.7,0.8320000000000003,80.25999999999999,16.0,8.0,0.0,4.0,2.0,1.0,1.0,DICVUI_FSR
qmof-d7b29f8,True,390.23500000000007,1.8242999999999996,80.25999999999999,27.0,10.0,0.0,4.0,4.0,2.0,2.0,HUGLUS_FSR
qmof-2d06267,False,,,,,,,,,,,MOYWAZ_FSR
qmof-f94dd0a,True,490.4090000000001,-2.1972999999999976,212.07999999999993,35.0,13.0,0.0,13.0,6.0,4.0,4.0,YORKAS_FSR
qmof-aaa4160,True,80.08999999999999,0.4765999999999999,25.78,6.0,2.0,0.0,2.0,0.0,1.0,1.0,XUGQUM_FSR
qmof-e79aee6,True,304.279,-0.7536,114.4,21.0,7.0,0.0,6.0,4.0,2.0,2.0,HISGEX_FSR
qmof-0c21f93,True,58.085,0.66498,23.79,3.0,2.0,0.0,1.0,0.0,0.0,0.0,WOFYIB_FSR
qmof-4a4b090,True,358.335,1.1836999999999998,151.39,25.0,10.0,0.0,6.0,3.0,3.0,3.0,CEMPAN_FSR
qmof-ff9ebb7,False,,,,,,,,,,,WEFDIU_FSR
qmof-2b29f90,True,348.358,0.4149999999999996,106.03999999999999,26.0,6.0,0.0,6.0,5.0,3.0,3.0,ELIMOC_FSR
qmof-d928e40,True,305.317,1.6137,94.11,23.0,6.0,0.0,4.0,4.0,3.0,3.0,NEKTEE_FSR
qmof-1f7d79e,True,82.066,-0.9046000000000001,52.92,6.0,4.0,0.0,2.0,0.0,0.0,1.0,CENLEP_FSR
qmof-9b0ccbd,True,219.08099999999996,-6.838399999999999,180.42,15.0,9.0,0.0,8.0,3.0,0.0,0.0,BETGUF_FSR
qmof-c9f9a46,True,260.2049999999999,-0.8941000000000001,113.11999999999999,19.0,7.0,1.0,5.0,4.0,1.0,2.0,PASQUX_FSR
qmof-e7b175c,True,170.164,-1.7073999999999987,80.25999999999999,12.0,4.0,0.0,4.0,2.0,0.0,1.0,FORWUF01_FSR
qmof-c937650,True,214.17599999999996,-0.43320000000000003,80.25999999999999,16.0,4.0,0.0,4.0,2.0,2.0,2.0,OSUWIJ_FSR
qmof-12544e7,True,80.08999999999999,0.4765999999999999,25.78,6.0,2.0,0.0,2.0,0.0,1.0,1.0,PITVOD_FSR
qmof-7311839,True,361.9840000000001,3.1511000000000013,95.16,18.0,6.0,0.0,4.0,2.0,1.0,1.0,BISVUW_FSR
qmof-f8c7a01,False,,,,,,,,,,,DIHHOS_FSR
qmof-a3a6bff,True,88.01799999999999,-3.5138000000000003,80.25999999999999,6.0,4.0,0.0,4.0,0.0,0.0,0.0,LAFRUG_FSR
qmof-0fcda30,True,167.09999999999997,-3.4664099999999998,104.65,12.0,6.0,1.0,6.0,2.0,0.0,1.0,HACWIR02_FSR
qmof-1b8f727,True,194.14600000000002,-2.480999999999999,106.03999999999999,14.0,6.0,0.0,6.0,2.0,1.0,1.0,DEZZUE_FSR
qmof-462389a,True,303.9559999999999,3.111900000000001,51.21,16.0,7.0,0.0,3.0,0.0,0.0,1.0,KCLNLA01_FSR
qmof-c054f0b,True,138.28199999999998,2.0721,0.0,6.0,3.0,0.0,3.0,0.0,0.0,1.0,YAKLIF_FSR
qmof-79768f1,True,303.9559999999999,3.111900000000001,51.21,16.0,7.0,0.0,3.0,0.0,0.0,1.0,ETEVOP_FSR
qmof-c6fb628,True,272.281,0.5648,80.25999999999999,19.0,5.0,0.0,5.0,4.0,2.0,2.0,MICRAU_FSR
qmof-c8cd84e,True,188.186,0.6204000000000001,53.879999999999995,14.0,4.0,0.0,2.0,1.0,2.0,2.0,NOQBUS_FSR
qmof-3767e26,True,481.76000000000005,3.736300000000001,51.21,16.0,7.0,0.0,3.0,0.0,0.0,1.0,ETETON_FSR
qmof-3d26180,True,269.16499999999996,-2.1477999999999993,141.86,19.0,9.0,0.0,8.0,7.0,1.0,1.0,SIPYUM_FSR
qmof-043bf63,True,380.45000000000005,5.582600000000005,25.78,30.0,2.0,0.0,2.0,0.0,5.0,5.0,JETLEC_FSR
qmof-287a882,True,561.4740000000003,-2.6216099999999942,236.70000000000005,42.0,15.0,0.0,13.0,6.0,3.0,6.0,UHOCEB02_FSR
qmof-2bd5eb8,True,72.107,0.7968,9.23,5.0,1.0,0.0,1.0,0.0,0.0,1.0,COQTAE_FSR
qmof-926eb2f,True,234.262,2.6006,51.56,18.0,4.0,0.0,4.0,2.0,3.0,3.0,PODNAY_FSR
qmof-5961f99,False,,,,,,,,,,,REGMEX_FSR
qmof-1cfa94a,True,95.10499999999999,0.05880000000000002,51.8,7.0,3.0,1.0,3.0,0.0,1.0,1.0,BADXEJ01_FSR
qmof-6071ce7,False,,,,,,,,,,,IBUBIS01_FSR
qmof-9308b8e,False,,,,,,,,,,,GOVJAC_FSR
qmof-545e186,True,528.4730000000003,1.8640999999999994,189.86999999999995,39.0,11.0,2.0,9.0,9.0,4.0,4.0,MOJWUF_FSR
qmof-230a690,True,142.208,0.7964,24.72,8.0,4.0,0.0,2.0,0.0,0.0,1.0,WIHQEM_FSR
qmof-9545770,True,156.18799999999996,2.1435999999999993,25.78,12.0,2.0,0.0,2.0,1.0,2.0,2.0,AFOLIR_FSR
qmof-361fd6f,True,224.239,1.6154999999999997,53.019999999999996,17.0,3.0,0.0,3.0,3.0,2.0,2.0,BANHAA_FSR
qmof-10ff507,True,227.243,2.5171900000000003,57.62,17.0,4.0,0.0,2.0,3.0,2.0,2.0,HICQIW_FSR
qmof-49bc51b,True,294.323,1.3873799999999996,102.49,21.0,8.0,0.0,5.0,2.0,2.0,3.0,APASAN_FSR
qmof-cea3393,True,80.08999999999999,0.4765999999999999,25.78,6.0,2.0,0.0,2.0,0.0,1.0,1.0,JEWCIY_FSR
qmof-6f98772,True,276.152,2.1825000000000006,95.16,20.0,8.0,0.0,4.0,2.0,1.0,1.0,CUTCIF_FSR
qmof-0d8afa2,True,239.20600000000002,2.3114000000000003,74.27,18.0,4.0,1.0,3.0,0.0,2.0,3.0,MUQWOM_FSR
qmof-7668bea,False,,,,,,,,,,,FABJID_FSR
qmof-48ff45a,True,576.5420000000003,-3.222399999999996,233.47,42.0,14.0,3.0,11.0,13.0,3.0,3.0,FATLUJ_FSR
qmof-3feeaa5,True,42.021,-1.4418000000000002,58.7,3.0,3.0,0.0,0.0,0.0,0.0,0.0,MIJKIA_FSR
qmof-193431e,False,,,,,,,,,,,YEQQER_FSR
qmof-ba8d316,True,150.13299999999995,-0.09190000000000009,60.03,11.0,3.0,0.0,2.0,2.0,1.0,1.0,INIROM_FSR
qmof-7af20fe,False,,,,,,,,,,,SITGAG_FSR
qmof-a3e45d0,True,200.18500000000003,-0.5082000000000009,110.26,15.0,7.0,0.0,4.0,1.0,2.0,2.0,NAJSUM02_FSR
qmof-3546d7f,False,,,,,,,,,,,MAXWUE_FSR
qmof-dc9df4c,False,,,,,,,,,,,VORTON01_FSR
qmof-3bba393,False,,,,,,,,,,,LOJPIL_FSR
qmof-3110c7f,False,,,,,,,,,,,WUTNEG_FSR
qmof-16d3687,True,179.13099999999994,-2.0042,106.28,13.0,5.0,1.0,5.0,2.0,1.0,1.0,CUFCEN_FSR
qmof-244cb4f,True,156.18799999999996,2.1435999999999993,25.78,12.0,2.0,0.0,2.0,1.0,2.0,2.0,RAMGIX_FSR
qmof-c8756ec,True,182.226,2.6470000000000002,25.78,14.0,2.0,0.0,2.0,2.0,2.0,2.0,ODIJES_FSR
qmof-a79b912,False,,,,,,,,,,,EFIWAT_FSR
qmof-0f656a9,False,,,,,,,,,,,IRIGIB_FSR
qmof-45d422a,True,26.018,0.09637,23.79,2.0,1.0,0.0,1.0,0.0,0.0,0.0,EDAPAC_FSR
qmof-e59232d,True,156.18799999999996,2.1435999999999993,25.78,12.0,2.0,0.0,2.0,1.0,2.0,2.0,LIYLOU_FSR
qmof-1510275,False,,,,,,,,,,,OGUVES_FSR
qmof-d1fec5e,True,42.021,-1.4418000000000002,58.7,3.0,3.0,0.0,0.0,0.0,0.0,0.0,PAQJOG_FSR
qmof-37e26c7,True,565.5780000000002,2.0488999999999997,195.76000000000002,42.0,15.0,0.0,10.0,6.0,4.0,6.0,PATHOI_FSR
qmof-2b2d255,True,45.016999999999996,-1.6339000000000001,40.129999999999995,3.0,2.0,0.0,2.0,0.0,0.0,0.0,OXCFOR_FSR
qmof-b5bdb39,True,294.323,1.38738,102.49,21.0,8.0,0.0,5.0,2.0,2.0,3.0,DUMHEZ01_FSR
qmof-4d2d076,True,254.245,2.3147000000000006,83.66,19.0,5.0,1.0,3.0,3.0,2.0,2.0,CISMOJ_FSR
qmof-62820e8,False,,,,,,,,,,,LAZCEV_FSR
qmof-638b408,True,308.438,3.4890000000000008,51.56,18.0,8.0,0.0,8.0,0.0,2.0,4.0,PENXIQ_FSR
qmof-4fac276,True,303.341,2.6971000000000007,65.91,23.0,4.0,0.0,4.0,3.0,3.0,3.0,DOJKEU_FSR
qmof-4e8ed50,False,,,,,,,,,,,KOFVUY_FSR
qmof-cafe9dc,True,227.00599999999997,1.17116,81.72,14.0,6.0,0.0,4.0,0.0,0.0,1.0,GASJES_FSR
qmof-d972c84,False,,,,,,,,,,,DINQOG_FSR
qmof-f906424,True,257.20099999999996,-0.39910000000000023,102.38,19.0,6.0,0.0,6.0,4.0,2.0,2.0,GEBZAR_FSR
qmof-5bf0c2a,True,206.96799999999996,-0.18202000000000007,68.28,12.0,6.0,0.0,4.0,0.0,0.0,1.0,QOCHAR_FSR
qmof-81dfe71,False,,,,,,,,,,,KALNOA_FSR
qmof-0aea5e3,True,80.08999999999999,0.4765999999999999,25.78,6.0,2.0,0.0,2.0,0.0,1.0,1.0,JUSXUQ_FSR
qmof-932ec8e,True,204.152,0.7210799999999999,142.73999999999998,16.0,6.0,0.0,6.0,1.0,0.0,0.0,QIPPIO_FSR
qmof-663129a,True,344.2780000000001,5.536600000000002,119.4,26.0,6.0,0.0,0.0,0.0,3.0,6.0,RESGUU_FSR
qmof-2cdc589,True,194.162,-2.1793999999999993,115.4,14.0,10.0,0.0,8.0,3.0,2.0,2.0,GEHMOW_FSR
qmof-8b33bc9,True,542.6420000000003,7.888600000000006,111.0,38.0,10.0,0.0,8.0,11.0,4.0,4.0,DIDYUM_FSR
qmof-7192ec8,True,227.00599999999997,1.17116,81.72,14.0,6.0,0.0,4.0,0.0,0.0,1.0,PIRNAH01_FSR
qmof-d0d6fd2,True,270.273,1.5131999999999999,88.12,19.0,7.0,0.0,4.0,0.0,3.0,4.0,BOKXIK_FSR
qmof-85bc3c6,True,231.167,-1.801299999999999,121.83,17.0,7.0,1.0,6.0,3.0,2.0,2.0,PUPXII_FSR
qmof-31797e0,False,,,,,,,,,,,DEYWAI01_FSR
qmof-d46ee4f,False,,,,,,,,,,,DAZXOU_FSR
qmof-1f8e39f,True,114.05599999999998,-2.9576000000000002,80.25999999999999,8.0,4.0,0.0,4.0,2.0,0.0,0.0,QAFFAF_FSR
qmof-c4f3917,True,58.085,0.66498,23.79,3.0,2.0,0.0,1.0,0.0,0.0,0.0,DEJGUV_FSR
qmof-0122bb1,False,,,,,,,,,,,BAMSEN_FSR
qmof-45a6307,True,250.11799999999994,-4.859400000000001,160.51999999999998,18.0,8.0,0.0,8.0,4.0,1.0,1.0,WEZNUM_FSR
qmof-a457b47,False,,,,,,,,,,,BAHHUP01_FSR
qmof-c776af3,True,108.14399999999999,1.09344,25.78,8.0,2.0,0.0,2.0,0.0,1.0,1.0,CAXCAG_FSR
qmof-d42c622,True,204.16899999999998,-1.04751,94.55,15.0,7.0,0.0,6.0,3.0,0.0,2.0,SOQVOK_FSR
qmof-a471706,True,170.164,-1.7073999999999987,80.25999999999999,12.0,4.0,0.0,4.0,2.0,0.0,1.0,SIWHAI_FSR
qmof-bf12e76,True,180.21,2.7830000000000004,25.78,14.0,2.0,0.0,2.0,0.0,3.0,3.0,HEWRIK_FSR
qmof-8bcdd4b,True,232.17499999999998,-0.7647100000000002,107.13,17.0,7.0,1.0,5.0,3.0,1.0,2.0,CERKAO_FSR
qmof-3b1e56c,False,,,,,,,,,,,CEPGEJ_FSR
qmof-c30e806,True,374.35600000000017,-0.26602000000000037,134.24,28.0,8.0,0.0,6.0,7.0,3.0,3.0,HUTWUQ_FSR
qmof-9062b93,False,,,,,,,,,,,CAVGIS_FSR
qmof-3600621,False,,,,,,,,,,,CAKTEP_FSR
qmof-64ce5e9,True,80.08999999999999,0.4765999999999999,25.78,6.0,2.0,0.0,2.0,0.0,1.0,1.0,CAQXAT01_FSR
qmof-b874271,True,278.26800000000003,-1.8515999999999981,88.0,20.0,8.0,0.0,8.0,1.0,2.0,2.0,HOFZAD_FSR
qmof-acc8248,False,,,,,,,,,,,TACDOR_FSR
qmof-a3577c1,False,,,,,,,,,,,TEMSUB_FSR
qmof-534fef5,True,236.14599999999996,-2.96148,146.36999999999998,18.0,7.0,0.0,7.0,0.0,1.0,1.0,TEJXIQ_FSR
qmof-2c0cdf7,True,678.5379999999998,3.3903700000000017,106.04999999999998,40.0,16.0,0.0,11.0,8.0,3.0,6.0,AGUMUL_FSR
qmof-6949036,True,185.004,-4.004199999999999,157.68999999999997,11.0,9.0,2.0,5.0,0.0,0.0,0.0,HIHNET_FSR
qmof-195ef6a,True,158.164,0.9335999999999999,51.56,12.0,4.0,0.0,4.0,1.0,2.0,2.0,HIFZOM_FSR
qmof-6cf875d,True,166.09199999999998,-2.7964,106.03999999999999,12.0,6.0,0.0,6.0,2.0,1.0,1.0,TEYLUG_FSR
qmof-fbc9303,True,434.40800000000024,-0.07462000000000024,174.70000000000002,32.0,10.0,2.0,8.0,7.0,3.0,3.0,CADZIT_FSR
qmof-cd4e737,True,122.10299999999997,-0.5549000000000002,53.019999999999996,9.0,3.0,0.0,3.0,1.0,1.0,1.0,CEKSEQ01_FSR
qmof-56f3712,True,158.164,0.9335999999999999,51.56,12.0,4.0,0.0,4.0,1.0,2.0,2.0,HIFZIG_FSR
qmof-391b168,True,273.299,2.853300000000001,55.97,21.0,5.0,0.0,5.0,2.0,4.0,4.0,SOWHES_FSR
qmof-6fbdeae,True,182.226,2.6470000000000002,25.78,14.0,2.0,0.0,2.0,2.0,2.0,2.0,SUXSUA_FSR
qmof-fd5ecfb,True,156.168,1.7261699999999995,49.57,12.0,3.0,0.0,3.0,0.0,2.0,2.0,SUYDOF01_FSR
qmof-1fd65b5,True,238.294,2.40519,52.24,18.0,4.0,0.0,3.0,4.0,2.0,2.0,BAHNUW_FSR
qmof-8a54112,True,220.14000000000001,-1.6779,111.13,16.0,7.0,0.0,7.0,0.0,1.0,2.0,FANZEA_FSR
qmof-d7660a3,True,284.22700000000003,-0.9391000000000005,122.25,21.0,7.0,1.0,6.0,4.0,2.0,2.0,MOFPUU_FSR
qmof-082c84f,False,,,,,,,,,,,MOHFIA_FSR
qmof-68010e6,False,,,,,,,,,,,MOLVOZ01_FSR
qmof-2f9cf3e,True,286.22700000000003,2.1094,128.58,21.0,9.0,0.0,4.0,6.0,2.0,2.0,GICZOI_FSR
qmof-5f6120f,False,,,,,,,,,,,KEXFOJ_FSR
qmof-d4d3c5f,True,236.14599999999996,-2.96148,146.36999999999998,18.0,7.0,0.0,7.0,0.0,1.0,1.0,GIWVEO_FSR
qmof-ec24300,True,201.99499999999998,0.7605999999999997,133.97,11.0,9.0,1.0,3.0,2.0,0.0,0.0,GIQYAH_FSR
qmof-308fadd,True,201.99499999999998,0.7605999999999997,133.97,11.0,9.0,1.0,3.0,2.0,0.0,0.0,GIQYUB_FSR
qmof-15d1d11,False,,,,,,,,,,,GIRFAQ_FSR
qmof-7351afb,True,58.085,0.66498,23.79,3.0,2.0,0.0,1.0,0.0,0.0,0.0,UFUTAQ_FSR
qmof-04aceb4,False,,,,,,,,,,,UGENUP_FSR
qmof-222bdec,True,58.085,0.66498,23.79,3.0,2.0,0.0,1.0,0.0,0.0,0.0,UGEPAX_FSR
qmof-b01b0cf,True,122.10299999999997,-0.5549000000000004,53.019999999999996,9.0,3.0,0.0,3.0,1.0,1.0,1.0,KAKTIA01_FSR
qmof-4541d4f,False,,,,,,,,,,,KALMIT_FSR
qmof-7de6775,False,,,,,,,,,,,KAPSIF_FSR
qmof-a820aa0,True,201.99499999999998,0.7605999999999997,133.97,11.0,9.0,1.0,3.0,2.0,0.0,0.0,GIQXUA_FSR
qmof-4a16101,True,399.4100000000001,4.993000000000005,62.75,29.0,5.0,0.0,3.0,4.0,4.0,4.0,CIZWIU_FSR
qmof-a47217e,False,,,,,,,,,,,GUVBOP_FSR
qmof-97f5963,False,,,,,,,,,,,XUXZOF01_FSR
qmof-14906a2,False,,,,,,,,,,,GUKNAC01_FSR
qmof-8782178,True,190.25,1.56,35.64,14.0,4.0,0.0,4.0,5.0,2.0,2.0,CUKZOY_FSR
qmof-3fa29a2,True,246.339,2.31684,51.56,17.0,5.0,0.0,5.0,4.0,2.0,2.0,RABBUS_FSR
qmof-8962914,False,,,,,,,,,,,XODZEX_FSR
qmof-54f7ee7,False,,,,,,,,,,,KAZQAG_FSR
qmof-d3a4dfb,True,164.11599999999996,-1.5864000000000003,80.25999999999999,12.0,4.0,0.0,4.0,2.0,1.0,1.0,DIBGOM_FSR
qmof-44525cd,True,371.6240000000001,6.073200000000003,12.89,20.0,7.0,0.0,7.0,1.0,1.0,4.0,DEWLOJ_FSR
qmof-cbd795c,True,540.6300000000002,8.058600000000006,77.34,42.0,6.0,0.0,6.0,6.0,7.0,7.0,DEXVEJ_FSR
qmof-3cfd336,False,,,,,,,,,,,DEJGOP_FSR
qmof-c47521e,True,667.7,0.8320000000000003,80.25999999999999,16.0,8.0,0.0,4.0,2.0,1.0,1.0,GICCUS_FSR
qmof-8676659,False,,,,,,,,,,,AREWOL_FSR
qmof-da61c3d,True,540.8040000000002,9.895399999999995,24.72,36.0,6.0,0.0,6.0,10.0,5.0,5.0,DIDYOG_FSR
qmof-74b1a87,False,,,,,,,,,,,DIHFAD_FSR
qmof-f1ec197,True,66.043,-0.44704000000000005,61.68,5.0,3.0,0.0,2.0,0.0,0.0,0.0,UNEQOU_FSR
qmof-d04a2a3,True,80.08999999999999,0.47659999999999986,25.78,6.0,2.0,0.0,2.0,0.0,1.0,1.0,KIQLAX_FSR
qmof-2aec50f,True,168.172,-0.61538,67.07,12.0,4.0,0.0,3.0,0.0,1.0,1.0,KIHVAB_FSR
qmof-6219623,True,122.11099999999998,-0.9652000000000007,84.48,9.0,5.0,0.0,2.0,0.0,1.0,1.0,KIVZAR_FSR
qmof-0be87d2,True,212.25599999999994,1.3972,51.56,16.0,4.0,0.0,4.0,0.0,2.0,4.0,IXITIS_FSR
qmof-0abe557,True,200.18500000000003,-0.5082000000000009,110.26,15.0,7.0,0.0,4.0,1.0,2.0,2.0,RAPDER_FSR
qmof-41c3d42,True,194.09799999999996,-1.2988000000000002,120.06,14.0,6.0,0.0,4.0,2.0,1.0,1.0,COKNOH_FSR
qmof-9544bd5,True,312.33600000000007,2.719540000000001,120.94,24.0,6.0,0.0,6.0,2.0,2.0,2.0,BUKHUM_FSR
qmof-00da3cc,True,310.36,4.267600000000003,51.56,24.0,4.0,0.0,4.0,3.0,4.0,4.0,RETXIY_FSR
qmof-f6a044d,True,158.16400000000002,0.9335999999999998,51.56,12.0,4.0,0.0,4.0,1.0,2.0,2.0,QETFEA_FSR
qmof-7aa6be5,True,202.511,0.967,30.71,8.0,6.0,0.0,3.0,1.0,1.0,1.0,QEJZUB01_FSR
qmof-3f56361,True,192.40200000000002,3.8892,0.0,6.0,6.0,0.0,4.0,3.0,0.0,0.0,QIBZAD_FSR
qmof-f0a4dcc,False,,,,,,,,,,,QIFVOT_FSR
qmof-fea9e70,True,238.29500000000002,3.447980000000001,49.57,17.0,4.0,0.0,3.0,0.0,3.0,3.0,BOQTEH_FSR
qmof-e3bbf40,False,,,,,,,,,,,QIXYAY_FSR
qmof-623366c,True,130.14999999999998,1.47429,26.46,10.0,2.0,0.0,1.0,0.0,1.0,2.0,DAMXAT_FSR
qmof-3f54b7d,False,,,,,,,,,,,DAMXEX_FSR
qmof-6fe7cc9,False,,,,,,,,,,,KALMOZ_FSR
qmof-1f7d6ac,False,,,,,,,,,,,KALNIU_FSR
qmof-2482286,True,112.03999999999999,-1.7236000000000002,68.28,8.0,4.0,0.0,4.0,0.0,0.0,1.0,GIWTEL01_FSR
qmof-65e8107,True,182.226,2.6470000000000002,25.78,14.0,2.0,0.0,2.0,2.0,2.0,2.0,GOXSIV_FSR
qmof-f5b47bc,True,322.28,-0.1472000000000006,137.62,24.0,8.0,2.0,6.0,2.0,4.0,4.0,KOFWOT_FSR
qmof-5e0e2eb,True,105.1,0.3482799999999999,49.57,8.0,3.0,0.0,3.0,0.0,1.0,1.0,DINQUM_FSR
qmof-a78e151,True,105.1,0.3482799999999999,49.57,8.0,3.0,0.0,3.0,0.0,1.0,1.0,DINTID_FSR
qmof-9e620c1,True,198.201,1.1120999999999999,53.019999999999996,15.0,3.0,0.0,3.0,2.0,2.0,2.0,PIHJOH03_FSR
qmof-8137b0f,True,206.96799999999996,-0.18202000000000007,68.28,12.0,6.0,0.0,4.0,0.0,0.0,1.0,UQUYOW_FSR
qmof-d45d958,True,58.085,0.66498,23.79,3.0,2.0,0.0,1.0,0.0,0.0,0.0,BIYWOY_FSR
qmof-6104fb7,True,247.14199999999994,-3.1834,140.52999999999997,18.0,8.0,1.0,6.0,2.0,1.0,2.0,GAXNEA_FSR
qmof-0331d6b,True,180.21,2.7830000000000004,25.78,14.0,2.0,0.0,2.0,0.0,3.0,3.0,XENBUN_FSR
qmof-cd498a4,False,,,,,,,,,,,GAJBEB_FSR
qmof-ed02e1b,True,340.43,3.925780000000003,32.260000000000005,26.0,4.0,0.0,4.0,5.0,2.0,4.0,DOHGAK_FSR
qmof-b56b577,True,206.96799999999996,-0.18202000000000007,68.28,12.0,6.0,0.0,4.0,0.0,0.0,1.0,GEQBAH_FSR
qmof-ca905a4,False,,,,,,,,,,,HAVSAB_FSR
qmof-0ec6421,False,,,,,,,,,,,ISADAH_FSR
qmof-bf18e45,True,543.4560000000001,4.012060000000003,37.68,26.0,13.0,0.0,9.0,1.0,0.0,6.0,IVAQEC_FSR
qmof-0514159,True,156.18799999999996,2.1435999999999993,25.78,12.0,2.0,0.0,2.0,1.0,2.0,2.0,HADMIJ_FSR
qmof-ba7c077,True,113.05600000000001,-0.8196000000000001,81.96000000000001,8.0,6.0,0.0,4.0,0.0,0.0,1.0,IWIVIV02_FSR
qmof-8ce3f11,True,200.08599999999998,-0.5568000000000001,132.31,14.0,9.0,0.0,7.0,2.0,0.0,1.0,DOCJEL_FSR
qmof-03f7272,True,381.4380000000001,4.071000000000003,38.67,30.0,3.0,0.0,3.0,0.0,4.0,4.0,BIWRUX_FSR
qmof-70b42ce,False,,,,,,,,,,,BIWSAE_FSR
qmof-300be09,True,222.29800000000003,2.0659999999999994,51.56,14.0,6.0,0.0,6.0,3.0,2.0,2.0,BIYLAY_FSR
qmof-22c0271,True,222.29800000000003,2.0659999999999994,51.56,14.0,6.0,0.0,6.0,3.0,2.0,2.0,BIYLEC_FSR
qmof-dbb129d,False,,,,,,,,,,,GAGJIK_FSR
qmof-f46187c,True,412.4760000000001,6.030970000000004,75.35,32.0,5.0,0.0,5.0,4.0,5.0,5.0,LABJEF_FSR
qmof-9806c75,True,386.458,5.934600000000005,51.56,30.0,4.0,0.0,4.0,4.0,5.0,5.0,LABJOP_FSR
qmof-5d90805,True,80.08999999999999,0.4765999999999999,25.78,6.0,2.0,0.0,2.0,0.0,1.0,1.0,XEHYEP_FSR
qmof-9be438c,True,205.98600000000002,1.0812,25.78,7.0,3.0,0.0,2.0,0.0,1.0,1.0,GABHUN_FSR
qmof-9b8ff46,True,164.11599999999996,-1.5864000000000003,80.25999999999999,12.0,4.0,0.0,4.0,2.0,1.0,1.0,PARTEI_FSR
qmof-566c8f2,False,,,,,,,,,,,BIPKUH_FSR
qmof-5f11e5e,True,134.182,1.3554,25.78,10.0,2.0,0.0,2.0,0.0,1.0,2.0,BIRFIU_FSR
qmof-684e478,True,250.241,2.2899700000000003,88.49,19.0,6.0,0.0,6.0,2.0,3.0,3.0,LASTAC_FSR
qmof-536a1f0,True,360.41600000000005,0.3213999999999997,106.03999999999999,24.0,8.0,0.0,8.0,3.0,2.0,3.0,LAWLEC_FSR
qmof-583b75f,True,380.22000000000014,-4.084,194.66,28.0,10.0,0.0,10.0,4.0,2.0,3.0,XECWIN_FSR
qmof-282f987,True,80.08999999999999,0.4765999999999999,25.78,6.0,2.0,0.0,2.0,0.0,1.0,1.0,XEHYAL_FSR
qmof-27a6787,False,,,,,,,,,,,BIJYOK_FSR
qmof-39a2f45,True,224.247,1.2051999999999996,84.48,17.0,5.0,0.0,2.0,2.0,2.0,2.0,PALYAD_FSR
qmof-c53a076,True,426.5690000000001,5.370960000000005,56.050000000000004,31.0,6.0,0.0,5.0,7.0,2.0,4.0,ROVWIK_FSR
qmof-9433b10,False,,,,,,,,,,,ROPWEA_FSR
qmof-60b8e98,False,,,,,,,,,,,CIJREU_FSR
qmof-733e678,True,66.043,-0.44704000000000005,61.68,5.0,3.0,0.0,2.0,0.0,0.0,0.0,SACJUD_FSR
qmof-33892a7,True,166.09199999999998,-2.7964,106.03999999999999,12.0,6.0,0.0,6.0,2.0,1.0,1.0,RITMIR_FSR
qmof-58ccd6f,False,,,,,,,,,,,OKERIG_FSR
qmof-99ad091,True,723.6989999999998,4.782770000000006,285.47999999999996,57.0,12.0,0.0,12.0,6.0,1.0,6.0,XAKCOB_FSR
qmof-7980106,True,518.4820000000003,-1.8731999999999958,196.16,38.0,12.0,0.0,12.0,8.0,4.0,4.0,XAKGIB_FSR
qmof-80d488f,False,,,,,,,,,,,LEXREN_FSR
qmof-2aa8eb1,False,,,,,,,,,,,LICXAX_FSR
qmof-d6cf7a2,True,68.039,-1.34543,82.49000000000001,5.0,4.0,0.0,1.0,0.0,0.0,0.0,BIGWIY_FSR
qmof-df9cac4,True,94.11699999999999,0.7850199999999998,25.78,7.0,2.0,0.0,2.0,0.0,1.0,1.0,XEBMUM_FSR
qmof-15fac80,True,281.324,2.59368,91.14,20.0,7.0,1.0,5.0,2.0,3.0,3.0,LEHNEU_FSR
qmof-27bbb6a,True,291.413,1.2792000000000001,30.71,8.0,6.0,0.0,3.0,1.0,1.0,1.0,LETDIY_FSR
qmof-828f8b4,True,376.3700000000001,-3.5042,160.51999999999998,22.0,12.0,0.0,12.0,4.0,0.0,2.0,LELMOG_FSR
qmof-01f1640,True,298.2580000000001,-2.2673099999999975,142.20000000000002,22.0,8.0,0.0,5.0,4.0,1.0,2.0,OLOFIF_FSR
qmof-4b552f4,True,209.11299999999994,-1.6782000000000001,123.39999999999998,15.0,7.0,0.0,6.0,3.0,1.0,1.0,UYOXOW_FSR
qmof-c1381a2,True,180.21,2.7830000000000004,25.78,14.0,2.0,0.0,2.0,0.0,3.0,3.0,LIWCEB_FSR
qmof-a5e17b9,True,262.256,1.48697,101.13,20.0,7.0,0.0,7.0,2.0,3.0,3.0,LOJLAZ_FSR
qmof-d40bf2f,False,,,,,,,,,,,FISPIJ_FSR
qmof-f5a08c4,True,58.085,0.66498,23.79,3.0,2.0,0.0,1.0,0.0,0.0,0.0,FISPOP_FSR
qmof-62678da,False,,,,,,,,,,,WUTGOJ01_FSR
qmof-429c0de,False,,,,,,,,,,,ONARIF_FSR
qmof-afe2748,True,58.085,0.66498,23.79,3.0,2.0,0.0,1.0,0.0,0.0,0.0,OMEZUC_FSR
qmof-8539847,True,80.08999999999999,0.47659999999999986,25.78,6.0,2.0,0.0,2.0,0.0,1.0,1.0,ONOVAP_FSR
qmof-db2fd16,False,,,,,,,,,,,DUYPEU_FSR
qmof-bd3e848,True,130.14999999999998,1.6297999999999995,25.78,10.0,2.0,0.0,2.0,0.0,2.0,2.0,VEVGUY01_FSR
qmof-88ef49a,True,180.21,1.8763999999999996,25.78,14.0,2.0,0.0,2.0,0.0,2.0,2.0,ECUTAX_FSR
qmof-8ebb5d3,False,,,,,,,,,,,VEGZAJ_FSR
qmof-832230f,True,164.124,-1.996699999999999,111.72000000000001,12.0,6.0,0.0,3.0,1.0,1.0,1.0,ECOJIP_FSR
qmof-f2b7fe9,True,186.218,1.55044,51.56,14.0,4.0,0.0,4.0,1.0,2.0,2.0,CEPFOS_FSR
qmof-e8bc912,True,336.398,5.131000000000005,50.5,26.0,4.0,0.0,4.0,4.0,4.0,4.0,HAYLEB_FSR
qmof-f6519c0,True,122.10299999999997,-0.5549000000000004,53.019999999999996,9.0,3.0,0.0,3.0,1.0,1.0,1.0,HAWCIT_FSR
qmof-e5a036c,True,112.15699999999998,1.13919,28.68,7.0,3.0,1.0,2.0,0.0,1.0,1.0,HAWTOQ_FSR
qmof-d587b67,True,80.08999999999999,0.4765999999999999,25.78,6.0,2.0,0.0,2.0,0.0,1.0,1.0,HAWWIO01_FSR
qmof-90c2d5e,True,269.236,3.276600000000001,104.65,20.0,6.0,1.0,3.0,3.0,2.0,2.0,HAXNEB_FSR
qmof-21a886a,True,196.29999999999998,0.9550000000000001,52.04,12.0,4.0,2.0,2.0,2.0,1.0,1.0,TIZCIR_FSR
qmof-6b5adb3,True,196.236,1.72728,63.39,12.0,6.0,0.0,5.0,1.0,1.0,2.0,LICXEB_FSR
qmof-686888c,True,368.35600000000005,2.553000000000001,95.56,28.0,8.0,0.0,8.0,2.0,5.0,5.0,LIGGOA_FSR
qmof-1c8cb7c,True,114.53499999999998,1.13,25.78,7.0,3.0,0.0,2.0,0.0,1.0,1.0,ODOFIW_FSR
qmof-9d86f1e,False,,,,,,,,,,,ODOFOC_FSR
qmof-cbf7bfe,True,336.20400000000006,0.30567999999999984,205.32,24.0,15.0,0.0,11.0,3.0,0.0,3.0,EDEDEZ_FSR
qmof-61d14dd,True,336.20400000000006,0.30567999999999984,205.32,24.0,15.0,0.0,11.0,3.0,0.0,3.0,EDEDID_FSR
qmof-cf1fc30,True,336.20400000000006,0.30567999999999984,205.32,24.0,15.0,0.0,11.0,3.0,0.0,3.0,EDEDOJ_FSR
qmof-caea536,True,80.08999999999999,0.4765999999999999,25.78,6.0,2.0,0.0,2.0,0.0,1.0,1.0,OCIXON01_FSR
qmof-6d36b89,True,114.53499999999998,1.13,25.78,7.0,3.0,0.0,2.0,0.0,1.0,1.0,ODOFES_FSR
qmof-a883af6,False,,,,,,,,,,,OCECOR_FSR
qmof-8437032,False,,,,,,,,,,,VIFDIZ_FSR
qmof-8208646,True,188.341,2.731700000000001,3.24,11.0,3.0,0.0,1.0,0.0,0.0,1.0,BEQDAF_FSR
qmof-41e2d68,True,152.202,1.45,49.57,10.0,4.0,0.0,3.0,0.0,1.0,1.0,LOVTOF_FSR
qmof-4716b44,False,,,,,,,,,,,LOTROB_FSR
qmof-de034a9,True,246.182,-2.5801999999999987,131.82,18.0,8.0,0.0,8.0,1.0,2.0,2.0,LUNRET_FSR
qmof-0d43f7f,True,441.3990000000001,3.529200000000002,117.57000000000001,33.0,9.0,0.0,9.0,6.0,4.0,4.0,AKAYER_FSR
qmof-39f4852,False,,,,,,,,,,,SAWTUF_FSR
qmof-50b0e76,False,,,,,,,,,,,SAWVIV_FSR
qmof-03814d4,True,156.18799999999996,2.1435999999999993,25.78,12.0,2.0,0.0,2.0,1.0,2.0,2.0,SAZTIX02_FSR
qmof-aea2084,True,320.304,2.915000000000001,78.38000000000001,24.0,6.0,0.0,6.0,4.0,3.0,3.0,CEZBEQ_FSR
qmof-15d1cfa,False,,,,,,,,,,,CETMEW_FSR
qmof-e5e66c6,True,314.35200000000003,3.1450000000000005,63.84,24.0,6.0,0.0,4.0,5.0,4.0,4.0,CEWFAN_FSR
qmof-5ff6ae2,True,214.176,-0.43320000000000025,80.25999999999999,16.0,4.0,0.0,4.0,2.0,2.0,2.0,QOLFIH_FSR
qmof-d33d1b0,True,254.40299999999993,1.3805,22.08,17.0,5.0,0.0,3.0,4.0,0.0,2.0,DACQEG_FSR
qmof-97a7eaf,True,136.179,1.6912999999999996,25.78,9.0,3.0,0.0,3.0,0.0,2.0,2.0,QORBAA_FSR
qmof-beb45ec,True,276.152,2.1825000000000006,95.16,20.0,8.0,0.0,4.0,2.0,1.0,1.0,DABXOW_FSR
qmof-8637eeb,True,216.19199999999998,-0.7872000000000001,80.25999999999999,16.0,4.0,0.0,4.0,4.0,1.0,1.0,UDILUQ_FSR
qmof-6884d48,True,449.38300000000027,-0.8692099999999994,183.81,33.0,13.0,0.0,11.0,7.0,3.0,4.0,JOCNUN_FSR
qmof-2fb3ec3,False,,,,,,,,,,,GOSFUP_FSR
qmof-f5242a4,True,234.26200000000003,2.6006,51.56,18.0,4.0,0.0,4.0,2.0,3.0,3.0,GOSGEA_FSR
qmof-544348b,True,156.18799999999996,2.1435999999999993,25.78,12.0,2.0,0.0,2.0,1.0,2.0,2.0,XOSZAG_FSR
qmof-5eabff0,True,236.15900000000002,-3.6690999999999976,133.27999999999997,17.0,7.0,0.0,7.0,2.0,1.0,1.0,APOMID_FSR
qmof-9a9e64a,True,236.15900000000002,-3.6690999999999976,133.27999999999997,17.0,7.0,0.0,7.0,2.0,1.0,1.0,APONAW_FSR
qmof-c4b76e9,True,236.15900000000002,-3.6690999999999976,133.27999999999997,17.0,7.0,0.0,7.0,2.0,1.0,1.0,APONIE_FSR
qmof-d197604,False,,,,,,,,,,,KABTEO_FSR
qmof-1461a66,False,,,,,,,,,,,RAXPAJ_FSR
qmof-b4cdf8e,False,,,,,,,,,,,EMAYUM_FSR
qmof-5b60b2b,False,,,,,,,,,,,VOBRAH_FSR
qmof-c6652e8,True,210.24,2.058,35.64,16.0,4.0,0.0,4.0,2.0,3.0,3.0,EMAFUU_FSR
qmof-579321e,True,227.29200000000003,2.9610000000000003,37.28,16.0,4.0,1.0,4.0,1.0,2.0,3.0,NOPQIU_FSR
qmof-497c336,True,334.55400000000014,5.693200000000005,25.78,22.0,4.0,0.0,4.0,4.0,2.0,2.0,NUHQEN_FSR
qmof-c8fe486,False,,,,,,,,,,,MAPMOH_FSR
qmof-28454c2,False,,,,,,,,,,,MARHOC_FSR
qmof-78cdf5d,True,164.11599999999996,-1.5864000000000003,80.25999999999999,12.0,4.0,0.0,4.0,2.0,1.0,1.0,MATGAQ_FSR
qmof-b8b1d35,False,,,,,,,,,,,FEPPAU_FSR
qmof-e6b3552,False,,,,,,,,,,,MARFUH_FSR
qmof-939017e,True,122.10299999999997,-0.5549000000000002,53.019999999999996,9.0,3.0,0.0,3.0,1.0,1.0,1.0,WOHYOH_FSR
qmof-0b4817e,True,239.222,1.1215,125.78999999999999,18.0,8.0,0.0,7.0,1.0,0.0,2.0,NIDRAW_FSR
qmof-268888c,True,158.124,0.9504,74.16,12.0,6.0,0.0,6.0,0.0,1.0,3.0,LONVIV_FSR
qmof-50d7874,False,,,,,,,,,,,EKALIL_FSR
qmof-d3530bc,True,298.34599999999995,1.4165999999999999,83.98,22.0,6.0,2.0,4.0,7.0,2.0,2.0,MIHKUL_FSR
qmof-253ef86,False,,,,,,,,,,,VORTON_FSR
qmof-93da51e,True,206.96799999999996,-0.18202000000000007,68.28,12.0,6.0,0.0,4.0,0.0,0.0,1.0,NIGNUP_FSR
qmof-c885572,False,,,,,,,,,,,ERIVEI_FSR
qmof-1f3610c,False,,,,,,,,,,,ESEHEP_FSR
qmof-a2745e9,False,,,,,,,,,,,ESIQUS_FSR
qmof-4cdc080,True,42.021,-1.4418000000000002,58.7,3.0,3.0,0.0,0.0,0.0,0.0,0.0,VUWDUN_FSR
qmof-f77560d,True,272.43799999999993,4.866800000000004,0.0,18.0,2.0,0.0,2.0,0.0,2.0,6.0,NIGJES_FSR
qmof-ad11f37,False,,,,,,,,,,,MEQUNI01_FSR
qmof-4ee5c8e,True,58.085,0.66498,23.79,3.0,2.0,0.0,1.0,0.0,0.0,0.0,FEJKAI_FSR
qmof-1547f0e,True,238.294,2.10058,53.980000000000004,18.0,4.0,0.0,2.0,5.0,2.0,2.0,AZIWEM_FSR
qmof-8a1e648,True,200.999,0.20759999999999987,53.019999999999996,10.0,4.0,0.0,3.0,1.0,1.0,1.0,ETUZEY_FSR
qmof-7d579e0,False,,,,,,,,,,,WURNIG_FSR
qmof-7d8ce0e,False,,,,,,,,,,,WURNOM_FSR
qmof-7ceb9a5,True,157.176,1.5385999999999997,38.67,12.0,3.0,0.0,3.0,1.0,2.0,2.0,WEMDAU_FSR
qmof-52cac05,False,,,,,,,,,,,AZOSAJ_FSR
qmof-e534471,True,206.96799999999996,-0.18202000000000007,68.28,12.0,6.0,0.0,4.0,0.0,0.0,1.0,MIZYAV_FSR
qmof-272dfc1,False,,,,,,,,,,,FAQSIA_FSR
qmof-1de625c,True,326.49000000000007,5.6180800000000035,47.58,22.0,4.0,0.0,4.0,2.0,2.0,2.0,NECDUV_FSR
qmof-e2b0729,False,,,,,,,,,,,BAXPOG_FSR
qmof-2499b88,False,,,,,,,,,,,WEGFEW_FSR
qmof-8c21d01,True,182.226,2.6470000000000002,25.78,14.0,2.0,0.0,2.0,2.0,2.0,2.0,WEHVIP01_FSR
qmof-ad7387b,True,238.19799999999998,2.749600000000001,73.94,18.0,4.0,0.0,2.0,0.0,2.0,3.0,MUQVOL01_FSR
qmof-6fcc83e,True,238.198,2.749600000000001,73.94,18.0,4.0,0.0,2.0,0.0,2.0,3.0,MUQWAY01_FSR
qmof-7953340,True,239.20600000000002,2.3114000000000003,74.27,18.0,4.0,1.0,3.0,0.0,2.0,3.0,MUQWIG_FSR
qmof-f6ecddf,False,,,,,,,,,,,NARVIM_FSR
qmof-4619124,False,,,,,,,,,,,NALLAP_FSR
qmof-8d09e55,False,,,,,,,,,,,WEJNEF_FSR
qmof-df79c2c,True,188.01200000000003,0.21819999999999984,114.39999999999999,10.0,8.0,2.0,2.0,3.0,0.0,0.0,NATYUF_FSR
qmof-94eb142,False,,,,,,,,,,,SITGEK_FSR
qmof-11b275c,True,206.96799999999996,-0.18202000000000007,68.28,12.0,6.0,0.0,4.0,0.0,0.0,1.0,HESKIZ_FSR
qmof-350f7da,True,156.18799999999996,2.1435999999999993,25.78,12.0,2.0,0.0,2.0,1.0,2.0,2.0,IMUQEN_FSR
qmof-fdbdc7f,True,198.209,0.7017999999999995,84.48,15.0,5.0,0.0,2.0,1.0,2.0,2.0,MIRNOR01_FSR
qmof-996e2da,True,304.25800000000004,-2.1131999999999955,134.14,22.0,8.0,0.0,6.0,4.0,2.0,2.0,FARJEO_FSR
qmof-a36f9a4,False,,,,,,,,,,,FABYAK_FSR
qmof-ba8315e,True,238.254,1.1159,82.51,18.0,6.0,1.0,6.0,2.0,3.0,3.0,MUPKIS_FSR
qmof-050f6a7,True,108.14399999999999,1.09344,25.78,8.0,2.0,0.0,2.0,0.0,1.0,1.0,MUHQAH_FSR
qmof-094542b,True,268.20399999999995,2.514000000000001,97.18,20.0,6.0,0.0,4.0,1.0,2.0,3.0,MUQWUS_FSR
qmof-73c479b,False,,,,,,,,,,,RARTOV_FSR
qmof-ee4a4ac,True,276.20400000000006,-2.893399999999997,134.14,20.0,8.0,0.0,6.0,1.0,2.0,2.0,UCAXAY_FSR
qmof-2f8d683,True,310.17900000000003,2.4794,0.0,7.0,7.0,0.0,1.0,2.0,0.0,0.0,BOYWES_FSR
qmof-81462ef,True,276.152,2.1825000000000006,95.16,20.0,8.0,0.0,4.0,2.0,1.0,1.0,CUTCEB_FSR
qmof-2eac6d3,True,150.165,-0.3483600000000002,84.48,11.0,5.0,0.0,2.0,0.0,1.0,1.0,CUSFAZ_FSR
qmof-866f4f7,False,,,,,,,,,,,JENRUQ_FSR
qmof-af4c0b7,False,,,,,,,,,,,JIQHEW_FSR
qmof-fa87b9a,True,326.22400000000005,-1.6517999999999995,153.97999999999996,24.0,10.0,0.0,10.0,1.0,2.0,3.0,IBIVOF_FSR
qmof-d84e3da,True,80.08999999999999,0.4765999999999999,25.78,6.0,2.0,0.0,2.0,0.0,1.0,1.0,HOQFAU01_FSR
qmof-5d28c85,False,,,,,,,,,,,HORWAM_FSR
qmof-d55dcc4,True,224.52800000000002,0.78529,27.96,8.0,5.0,0.0,3.0,1.0,0.0,1.0,HORWEQ_FSR
qmof-dcabab2,True,166.11199999999994,-0.04170000000000018,83.26999999999998,12.0,5.0,0.0,4.0,2.0,1.0,1.0,AFEDAR_FSR
qmof-6092a23,True,204.232,3.3740000000000014,25.78,16.0,2.0,0.0,2.0,0.0,4.0,4.0,HUJJEB_FSR
qmof-1ac2507,False,,,,,,,,,,,TEBJUI_FSR
qmof-bcdc0ff,True,445.26200000000017,1.9941799999999996,103.92,30.0,10.0,0.0,8.0,4.0,3.0,4.0,TEBDIQ_FSR
qmof-add8947,True,206.96799999999996,-0.18202000000000007,68.28,12.0,6.0,0.0,4.0,0.0,0.0,1.0,TEBCOV_FSR
qmof-1fe9d39,True,166.13199999999998,0.5471999999999999,73.94,12.0,4.0,0.0,2.0,0.0,0.0,1.0,TAZTOG_FSR
qmof-330a403,True,630.5260000000001,4.486400000000003,131.82,44.0,15.0,0.0,9.0,6.0,5.0,5.0,CASQEU_FSR
qmof-fe7db0d,False,,,,,,,,,,,CAQMIS_FSR
qmof-529911c,True,111.16899999999998,1.34649,12.03,7.0,2.0,1.0,1.0,0.0,0.0,1.0,CAPQIU_FSR
qmof-75b0794,False,,,,,,,,,,,TADBAD_FSR
qmof-d8f54c1,False,,,,,,,,,,,TACZUU_FSR
qmof-ed94e56,True,440.51000000000016,4.384760000000004,78.69999999999999,34.0,6.0,0.0,4.0,6.0,2.0,6.0,HIHFAH_FSR
qmof-85d5909,True,372.3800000000001,1.6167999999999996,106.03999999999999,28.0,6.0,0.0,6.0,5.0,3.0,3.0,IBOPOH_FSR
qmof-1000751,True,42.021,-1.4418000000000002,58.7,3.0,3.0,0.0,0.0,0.0,0.0,0.0,IBOBOQ_FSR
qmof-459525d,True,182.226,2.6470000000000002,25.78,14.0,2.0,0.0,2.0,2.0,2.0,2.0,HUZRIE_FSR
qmof-beeff21,True,206.96799999999996,-0.18202000000000007,68.28,12.0,6.0,0.0,4.0,0.0,0.0,1.0,HUMPOV_FSR
qmof-834dbd5,True,142.09400000000002,0.08519999999999994,88.82000000000001,10.0,6.0,0.0,4.0,0.0,1.0,1.0,HUTWUP02_FSR
qmof-c946ba5,True,80.08999999999999,0.47659999999999986,25.78,6.0,2.0,0.0,2.0,0.0,1.0,1.0,HUJHUP01_FSR
qmof-4ee0d95,True,166.09199999999998,-2.7964,106.03999999999999,12.0,6.0,0.0,6.0,2.0,1.0,1.0,TEBZAB01_FSR
qmof-0054a8a,False,,,,,,,,,,,BAKPOS_FSR
qmof-379302a,True,181.12699999999995,-0.45949999999999996,109.28999999999999,13.0,6.0,1.0,5.0,2.0,1.0,1.0,BAHZAO_FSR
qmof-a4aabcf,False,,,,,,,,,,,WILPEN_FSR
qmof-c69c808,True,206.96799999999996,-0.18202000000000007,68.28,12.0,6.0,0.0,4.0,0.0,0.0,1.0,FAHPIO_FSR
qmof-a157e00,True,484.5080000000002,3.021600000000001,124.5,36.0,8.0,0.0,8.0,8.0,4.0,4.0,FANNAM_FSR
qmof-d6563eb,True,208.13299999999998,-1.4834999999999998,141.97000000000003,15.0,8.0,0.0,4.0,2.0,1.0,1.0,MOJLII01_FSR
qmof-8af2c4b,True,132.126,0.41979999999999995,51.56,10.0,4.0,0.0,4.0,0.0,2.0,2.0,WILFON_FSR
qmof-73c6324,True,96.06299999999999,-0.9077999999999999,73.94,5.0,5.0,0.0,2.0,0.0,0.0,0.0,BADXUZ01_FSR
qmof-f2f6110,False,,,,,,,,,,,WISZIH_FSR
qmof-1a7f459,False,,,,,,,,,,,FAQHEM_FSR
qmof-1a42fad,True,206.96799999999996,-0.18202000000000007,68.28,12.0,6.0,0.0,4.0,0.0,0.0,1.0,MIZZEA_FSR
qmof-0c75beb,True,148.169,0.5853999999999999,35.64,11.0,4.0,0.0,4.0,2.0,2.0,2.0,WIMSIV_FSR
qmof-b1d5255,True,112.068,-0.29170000000000007,69.6,8.0,5.0,0.0,3.0,1.0,0.0,1.0,WIWTUU_FSR
qmof-0fe7196,False,,,,,,,,,,,WIWQAW_FSR
qmof-360dd73,True,426.3920000000001,0.20379999999999932,157.59999999999997,32.0,10.0,0.0,10.0,5.0,4.0,4.0,WOGHEG_FSR
qmof-b71cc86,True,238.25400000000002,1.1159,82.51,18.0,6.0,1.0,6.0,2.0,3.0,3.0,MUPMEQ01_FSR
qmof-e6be400,True,180.20999999999998,2.7830000000000004,25.78,14.0,2.0,0.0,2.0,0.0,3.0,3.0,MUSHAJ_FSR
qmof-9466437,False,,,,,,,,,,,MUSGIQ_FSR
qmof-c906ab4,False,,,,,,,,,,,MUSGEM_FSR
qmof-9f0b3fe,True,108.14399999999999,1.09344,25.78,8.0,2.0,0.0,2.0,0.0,1.0,1.0,MUHQEL_FSR
qmof-4d203e9,True,238.254,1.1159,82.51,18.0,6.0,1.0,6.0,2.0,3.0,3.0,MUPKUE_FSR
qmof-d44e9a3,True,238.254,1.1159,82.51,18.0,6.0,1.0,6.0,2.0,3.0,3.0,MUPKOY_FSR
qmof-dcbefe5,True,60.09999999999999,-1.0962,52.04,4.0,2.0,2.0,2.0,1.0,0.0,0.0,FABHEX_FSR
qmof-86555b1,False,,,,,,,,,,,WOFMAI_FSR
qmof-b420251,False,,,,,,,,,,,MIRRUB_FSR
qmof-bb7bee0,True,58.085,0.66498,23.79,3.0,2.0,0.0,1.0,0.0,0.0,0.0,FARXOM_FSR
qmof-651fdeb,True,58.085,0.66498,23.79,3.0,2.0,0.0,1.0,0.0,0.0,0.0,FARXEC_FSR
qmof-8ca501e,True,245.11899999999994,-6.282199999999999,180.42,17.0,9.0,0.0,8.0,5.0,0.0,0.0,MIWNIR_FSR
qmof-0a8fd51,False,,,,,,,,,,,MIVNUC_FSR
qmof-1e13a77,False,,,,,,,,,,,FAQVEY_FSR
qmof-0771f58,True,532.5120000000003,3.935200000000002,152.41999999999996,40.0,10.0,0.0,9.0,7.0,5.0,5.0,FAYDAN_FSR
qmof-66dc50d,True,176.15300000000002,-0.43120000000000014,99.72,11.0,7.0,0.0,4.0,0.0,1.0,1.0,MIJLEX_FSR
qmof-0af7444,True,26.018,0.09637,23.79,2.0,1.0,0.0,1.0,0.0,0.0,0.0,MEYLUZ_FSR
qmof-3dab219,True,182.226,2.6470000000000002,25.78,14.0,2.0,0.0,2.0,2.0,2.0,2.0,NAZTEQ_FSR
qmof-f6b20e5,False,,,,,,,,,,,NARBEO_FSR
qmof-8ecac40,True,42.021,-1.4418000000000002,58.7,3.0,3.0,0.0,0.0,0.0,0.0,0.0,NAYJAY_FSR
qmof-e7b6156,False,,,,,,,,,,,BAVKIS_FSR
qmof-e6d34bf,True,294.09100000000007,2.1303,62.75,19.0,5.0,0.0,3.0,2.0,2.0,2.0,WAYQOF_FSR
qmof-371cbb6,True,206.96799999999996,-0.18202000000000007,68.28,12.0,6.0,0.0,4.0,0.0,0.0,1.0,NACKEH_FSR
qmof-a27f33e,True,190.25,1.56,35.64,14.0,4.0,0.0,4.0,5.0,2.0,2.0,VUTLAY_FSR
qmof-f312b31,True,178.19900000000004,-0.34921000000000046,60.410000000000004,13.0,6.0,0.0,5.0,4.0,1.0,2.0,WAHMOJ_FSR
qmof-ea963b6,False,,,,,,,,,,,NEDHIN_FSR
qmof-f93c790,True,137.183,2.0242999999999998,17.07,9.0,2.0,0.0,1.0,1.0,1.0,1.0,ETIREG_FSR
qmof-e2ef78a,True,58.085,0.66498,23.79,3.0,2.0,0.0,1.0,0.0,0.0,0.0,ETEVEG_FSR
qmof-f754d4b,True,365.13200000000006,0.7515799999999997,119.84,24.0,10.0,0.0,8.0,1.0,2.0,3.0,NEHZEF_FSR
qmof-56f4308,False,,,,,,,,,,,NEGKIW_FSR
qmof-bfbbb54,True,290.274,1.5219799999999999,68.28,22.0,4.0,0.0,4.0,2.0,2.0,3.0,NEFMET_FSR
qmof-27fd119,False,,,,,,,,,,,NAWSEM_FSR
qmof-306fb3e,True,376.372,-0.1649999999999998,134.24,28.0,8.0,0.0,6.0,7.0,3.0,3.0,NAZWET_FSR
qmof-04459f0,True,349.39000000000004,2.202,97.84,26.0,6.0,1.0,5.0,5.0,3.0,3.0,AZIROQ_FSR
qmof-ce36f66,True,322.32000000000005,0.2455999999999996,106.03999999999999,24.0,6.0,0.0,6.0,5.0,2.0,2.0,AYOXOD_FSR
qmof-4a50fa6,True,80.08999999999999,0.4765999999999999,25.78,6.0,2.0,0.0,2.0,0.0,1.0,1.0,WOPXAA01_FSR
qmof-322e926,True,394.3900000000001,3.1842000000000015,170.95999999999998,26.0,12.0,0.0,4.0,3.0,3.0,3.0,WOLLUF_FSR
qmof-49b3901,True,128.13399999999996,1.4299600000000001,47.58,10.0,2.0,0.0,2.0,0.0,1.0,1.0,MEJCEJ_FSR
qmof-edd39e3,True,42.021,-1.4418000000000002,58.7,3.0,3.0,0.0,0.0,0.0,0.0,0.0,FELFUA_FSR
qmof-82f6d0d,True,466.8160000000001,7.345960000000003,47.58,24.0,10.0,0.0,10.0,8.0,0.0,2.0,FEKDAA_FSR
qmof-9d46947,True,206.185,-0.8768,115.55999999999997,15.0,7.0,0.0,4.0,0.0,1.0,1.0,FEJYAV_FSR
qmof-aabf74a,True,140.142,-0.4297599999999999,53.879999999999995,10.0,4.0,0.0,2.0,0.0,1.0,1.0,FEJXUO_FSR
qmof-46eeb9f,False,,,,,,,,,,,MAYNOQ_FSR
qmof-c4a4198,True,164.11599999999996,-1.5864000000000003,80.25999999999999,12.0,4.0,0.0,4.0,2.0,1.0,1.0,VOQVOO_FSR
qmof-8ef372e,True,190.25,1.56,35.64,14.0,4.0,0.0,4.0,5.0,2.0,2.0,VUTLEC_FSR
qmof-b2b6f0e,True,327.3210000000001,3.665600000000002,120.69,23.0,8.0,0.0,1.0,4.0,3.0,3.0,NENRIK_FSR
qmof-3ca5d72,True,373.4910000000001,5.08419,59.699999999999996,18.0,12.0,0.0,5.0,0.0,1.0,2.0,NESDIY_FSR
qmof-a57163a,False,,,,,,,,,,,ERAQET_FSR
qmof-d314647,True,66.043,-0.44704000000000005,61.68,5.0,3.0,0.0,2.0,0.0,0.0,0.0,NEJYAE_FSR
qmof-67b33e8,False,,,,,,,,,,,ESINUR_FSR
qmof-74ea819,True,398.37800000000004,1.1303999999999996,134.24,30.0,8.0,0.0,6.0,5.0,4.0,4.0,ESATEY_FSR
qmof-68ec4be,True,290.274,1.5219799999999999,68.28,22.0,4.0,0.0,4.0,2.0,2.0,3.0,NEFLUI_FSR
qmof-7337787,True,197.53299999999996,-0.85474,92.07,13.0,6.0,0.0,5.0,0.0,0.0,1.0,NEFJOA_FSR
qmof-58c4b5f,True,424.3200000000002,-0.8088000000000002,160.51999999999998,32.0,8.0,0.0,8.0,4.0,5.0,5.0,ENUQEK_FSR
qmof-e297624,False,,,,,,,,,,,VOPBUZ_FSR
qmof-8aecaef,True,196.193,1.8816,64.07,15.0,5.0,0.0,4.0,1.0,2.0,3.0,BELCUT_FSR
qmof-d1d61f9,False,,,,,,,,,,,VOTCOY_FSR
qmof-c777fbc,False,,,,,,,,,,,VOTCIS_FSR
qmof-9372acf,False,,,,,,,,,,,NIFSIF_FSR
qmof-b780466,True,268.22799999999995,-0.49940000000000007,108.46000000000001,20.0,6.0,0.0,4.0,5.0,2.0,2.0,EPUMEJ_FSR
qmof-def34ed,True,185.12199999999999,-0.91537,117.53999999999999,14.0,6.0,1.0,5.0,1.0,0.0,1.0,EPIYOT_FSR
qmof-1dc8075,True,58.085,0.66498,23.79,3.0,2.0,0.0,1.0,0.0,0.0,0.0,EPIRUS_FSR
qmof-0782391,True,158.20399999999995,2.24664,25.78,12.0,2.0,0.0,2.0,0.0,2.0,2.0,NESPAC_FSR
qmof-905f6f5,True,80.08999999999999,0.47659999999999986,25.78,6.0,2.0,0.0,2.0,0.0,1.0,1.0,EQIZAF_FSR
qmof-12d3e65,True,197.20100000000002,1.1863,55.97,15.0,5.0,0.0,5.0,1.0,3.0,3.0,NEXLIN_FSR
qmof-8af7565,True,156.18799999999996,2.1435999999999993,25.78,12.0,2.0,0.0,2.0,1.0,2.0,2.0,AYIVEK_FSR
qmof-940a088,True,247.27700000000004,3.9440000000000035,45.68,19.0,3.0,0.0,2.0,2.0,3.0,3.0,WOXQUX_FSR
qmof-aa014ee,True,106.10799999999999,0.57297,49.57,8.0,3.0,0.0,3.0,0.0,1.0,1.0,WOWYIQ_FSR
qmof-bfc5248,True,244.11099999999993,-7.014199999999999,169.75,17.0,9.0,0.0,9.0,4.0,0.0,1.0,AYATUR_FSR
qmof-2d64b34,True,226.19199999999998,-3.892599999999998,158.07999999999998,16.0,8.0,2.0,8.0,3.0,1.0,1.0,MARHEU_FSR
qmof-34904e2,False,,,,,,,,,,,FERVOP_FSR
qmof-d7633f2,True,114.05599999999998,-2.9576000000000002,80.25999999999999,8.0,4.0,0.0,4.0,2.0,0.0,0.0,MASVUY_FSR
qmof-194d013,True,58.085,0.66498,23.79,3.0,2.0,0.0,1.0,0.0,0.0,0.0,FETLUM_FSR
qmof-755604a,False,,,,,,,,,,,MARHUI_FSR
qmof-7cb4137,False,,,,,,,,,,,MAPCOW_FSR
qmof-3c2a00c,True,530.5840000000003,3.0330000000000013,131.82,40.0,8.0,0.0,8.0,9.0,5.0,5.0,VIPXIC_FSR
qmof-1794723,True,252.38900000000004,3.9242000000000017,25.78,15.0,5.0,0.0,5.0,4.0,2.0,2.0,VIXBEK_FSR
qmof-ef5cc84,True,108.14399999999998,1.039,25.78,8.0,2.0,0.0,2.0,1.0,1.0,1.0,EMEMAK01_FSR
qmof-8ed0ec6,True,108.14399999999998,1.039,25.78,8.0,2.0,0.0,2.0,1.0,1.0,1.0,EMELOX_FSR
qmof-ee1da8c,True,108.14399999999998,1.039,25.78,8.0,2.0,0.0,2.0,1.0,1.0,1.0,EMELIR_FSR
qmof-d689892,False,,,,,,,,,,,EMAZAT_FSR
qmof-0e5e7e0,True,182.11099999999996,-0.3361000000000001,103.5,13.0,6.0,1.0,5.0,2.0,1.0,1.0,NOKZUK_FSR
qmof-172319f,True,222.231,2.3954000000000004,64.07,17.0,5.0,0.0,4.0,2.0,2.0,3.0,NIXPOC_FSR
qmof-a1d95f7,False,,,,,,,,,,,NOFQIK_FSR
qmof-c041b36,False,,,,,,,,,,,ENCTMN_FSR
qmof-02650f9,False,,,,,,,,,,,MALQUN_FSR
qmof-e7ef967,True,268.22799999999995,-0.49940000000000007,108.46000000000001,20.0,6.0,0.0,4.0,5.0,2.0,2.0,LUXJIZ_FSR
qmof-e58cc9d,False,,,,,,,,,,,FIKKOC01_FSR
qmof-9ca5469,False,,,,,,,,,,,WUGJAK_FSR
qmof-a680360,True,161.14,0.08960000000000029,60.27,12.0,4.0,1.0,2.0,0.0,1.0,2.0,WUFFIN_FSR
qmof-d798ea0,True,240.222,0.581,88.12,18.0,6.0,0.0,4.0,2.0,2.0,2.0,LULGEF_FSR
qmof-04a422b,True,322.45599999999996,4.3552000000000035,50.5,24.0,4.0,0.0,4.0,11.0,2.0,2.0,LUMSIX_FSR
qmof-c136b83,True,222.23100000000002,1.6965599999999998,87.46,17.0,5.0,0.0,4.0,1.0,2.0,2.0,LOTQUG_FSR
qmof-a34c45f,True,332.406,6.117000000000004,25.78,26.0,2.0,0.0,2.0,2.0,5.0,5.0,LOTQAM_FSR
qmof-330d191,True,26.018,0.09637,23.79,2.0,1.0,0.0,1.0,0.0,0.0,0.0,FIPHOD_FSR
qmof-fe96a80,True,176.15499999999997,-0.32820000000000005,86.29,13.0,5.0,2.0,3.0,0.0,1.0,2.0,LOHKOK_FSR
qmof-0be35a0,False,,,,,,,,,,,EHAFEZ_FSR
qmof-caff655,True,228.388,3.4326000000000008,0.0,12.0,4.0,0.0,2.0,2.0,1.0,1.0,VIRJOW_FSR
qmof-f9909c4,True,208.224,1.67218,49.44,16.0,4.0,0.0,4.0,2.0,1.0,3.0,EHUFAP_FSR
qmof-903f166,True,158.16400000000002,0.9335999999999998,51.56,12.0,4.0,0.0,4.0,1.0,2.0,2.0,OBOGIX_FSR
qmof-e49dfd4,True,80.08999999999999,0.4765999999999999,25.78,6.0,2.0,0.0,2.0,0.0,1.0,1.0,EKINOB_FSR
qmof-182e268,False,,,,,,,,,,,NUKLOV_FSR
qmof-00afe28,True,58.085,0.66498,23.79,3.0,2.0,0.0,1.0,0.0,0.0,0.0,LOVSOE_FSR
qmof-7080970,True,62.004000000000005,-0.3914000000000001,63.04,4.0,4.0,0.0,2.0,0.0,0.0,0.0,FIWVAK_FSR
qmof-f4beb93,True,280.33,3.276200000000001,25.78,22.0,2.0,0.0,2.0,0.0,3.0,3.0,FIVCIX_FSR
qmof-a8c7976,True,582.5800000000002,2.4563999999999995,190.53999999999996,44.0,12.0,2.0,8.0,6.0,5.0,7.0,LODPUR_FSR
qmof-4c64da3,True,165.10399999999996,-2.1914,93.15,12.0,5.0,0.0,5.0,2.0,1.0,1.0,LOBXEH_FSR
qmof-5dcb48a,False,,,,,,,,,,,LIWHEF_FSR
qmof-0b22857,False,,,,,,,,,,,LIXROZ_FSR
qmof-70f4cf7,True,164.132,-1.7802000000000002,89.62,12.0,8.0,0.0,6.0,3.0,2.0,2.0,OGUKAE_FSR
qmof-c702b6f,False,,,,,,,,,,,EDEVER_FSR
qmof-a4d0def,True,108.08,-0.90665,90.66999999999999,8.0,4.0,1.0,3.0,1.0,0.0,0.0,OHOXIS_FSR
qmof-e6dada5,True,166.09199999999998,-2.7964,106.03999999999999,12.0,6.0,0.0,6.0,2.0,1.0,1.0,OHIZIO01_FSR
qmof-ef42d2a,True,137.142,-0.3149000000000006,68.00999999999999,10.0,4.0,2.0,3.0,1.0,1.0,1.0,OGAWEA_FSR
qmof-9f89994,False,,,,,,,,,,,EFABOF_FSR
qmof-cbf7280,True,518.4580000000002,0.08729000000000009,212.07999999999998,38.0,18.0,0.0,15.0,1.0,3.0,6.0,OGUHII_FSR
qmof-228a2e8,True,58.085,0.66498,23.79,3.0,2.0,0.0,1.0,0.0,0.0,0.0,OGIJUK_FSR
qmof-44c1049,True,416.4880000000001,6.206200000000005,58.040000000000006,32.0,6.0,0.0,6.0,6.0,5.0,5.0,OFACAB_FSR
qmof-3de2d70,True,26.018,0.09637,23.79,2.0,1.0,0.0,1.0,0.0,0.0,0.0,FODLEQ03_FSR
qmof-89b132d,True,318.384,2.891700000000001,77.34,24.0,6.0,0.0,6.0,3.0,3.0,4.0,WURYOZ_FSR
qmof-0bcba24,True,156.18799999999996,2.1435999999999993,25.78,12.0,2.0,0.0,2.0,1.0,2.0,2.0,WUXMOR03_FSR
qmof-517abf2,True,194.14599999999996,-2.4220000000000006,132.29999999999998,14.0,6.0,2.0,6.0,2.0,1.0,1.0,AWIBEP_FSR
qmof-1d20a91,True,194.14599999999996,-2.4220000000000006,132.29999999999998,14.0,6.0,2.0,6.0,2.0,1.0,1.0,AWIBAL_FSR
qmof-c71dee9,True,294.32399999999996,-0.3474999999999979,94.75,20.0,8.0,0.0,7.0,0.0,0.0,1.0,FOFWII_FSR
qmof-92b4b13,True,108.14399999999999,1.09344,25.78,8.0,2.0,0.0,2.0,0.0,1.0,1.0,LIDYAZ_FSR
qmof-68d8b85,True,58.085,0.66498,23.79,3.0,2.0,0.0,1.0,0.0,0.0,0.0,FOPLAZ_FSR
qmof-f85239d,True,491.3810000000003,-2.528779999999999,245.33999999999997,35.0,13.0,8.0,13.0,3.0,2.0,4.0,FOKHIW_FSR
qmof-335b492,True,185.12199999999999,-0.91537,117.53999999999999,14.0,6.0,1.0,5.0,1.0,0.0,1.0,OLIZAK_FSR
qmof-99503b5,True,159.192,1.6173,30.71,12.0,3.0,0.0,3.0,2.0,2.0,2.0,ECAZUG_FSR
qmof-e6e27de,True,212.19600000000003,0.9140999999999999,81.89,16.0,7.0,0.0,6.0,2.0,2.0,3.0,EBOSOG_FSR
qmof-0bf1c5d,False,,,,,,,,,,,VEFHAQ_FSR
qmof-bfae863,False,,,,,,,,,,,OKECEO_FSR
qmof-c3c94d3,False,,,,,,,,,,,OJOLIK_FSR
qmof-3847280,True,188.25500000000002,2.6584900000000005,16.130000000000003,13.0,3.0,0.0,2.0,1.0,1.0,2.0,VEYXIH_FSR
qmof-d45c96f,True,80.08999999999999,0.4765999999999999,25.78,6.0,2.0,0.0,2.0,0.0,1.0,1.0,VEVFUX_FSR
qmof-70b2910,True,58.085,0.66498,23.79,3.0,2.0,0.0,1.0,0.0,0.0,0.0,DUYPUK_FSR
qmof-92074bc,True,156.18799999999996,2.1435999999999993,25.78,12.0,2.0,0.0,2.0,1.0,2.0,2.0,EBASOR_FSR
qmof-5533340,True,226.09999999999997,0.01029999999999992,146.31,16.0,9.0,0.0,6.0,3.0,1.0,1.0,VAVQUF_FSR
qmof-9da8e10,False,,,,,,,,,,,VAQQEK_FSR
qmof-d75d8da,True,252.13399999999996,-2.1899999999999995,154.86,18.0,8.0,2.0,6.0,4.0,1.0,1.0,OMECIS_FSR
qmof-4721a8e,True,421.6670000000001,4.8011000000000035,85.80999999999999,27.0,8.0,0.0,4.0,3.0,3.0,3.0,EBIVES_FSR
qmof-0f66a7d,True,395.6290000000001,4.2977000000000025,85.80999999999999,25.0,8.0,0.0,4.0,2.0,3.0,3.0,EBIVAO_FSR
qmof-abf9b57,True,314.16100000000006,2.3385000000000007,105.9,16.0,9.0,0.0,2.0,3.0,1.0,1.0,OMUYUR_FSR
qmof-877d368,True,165.10399999999996,-2.1914,93.15,12.0,5.0,0.0,5.0,2.0,1.0,1.0,OMURIY_FSR
qmof-9a7a515,False,,,,,,,,,,,OLUNEO_FSR
qmof-c9f20d8,True,272.25999999999993,1.4904,78.38000000000001,20.0,6.0,0.0,6.0,5.0,2.0,2.0,OLOQOV_FSR
qmof-5583708,True,252.32100000000003,2.4846200000000005,35.64,19.0,4.0,0.0,4.0,4.0,3.0,3.0,XAQWAO_FSR
qmof-85790cf,False,,,,,,,,,,,XAQBOI_FSR
qmof-b7cf313,True,130.10999999999999,0.21995999999999993,73.36,10.0,4.0,0.0,4.0,0.0,1.0,1.0,XAPGOK_FSR
qmof-feff9d6,True,209.11299999999994,-1.6782000000000001,123.4,15.0,7.0,0.0,6.0,3.0,1.0,1.0,LELPAV_FSR
qmof-ea2f1f4,True,276.2970000000001,2.5558000000000005,113.92000000000002,19.0,7.0,1.0,1.0,4.0,2.0,2.0,FOSQOU_FSR
qmof-05c1e93,True,138.07799999999997,-1.31502,68.28,10.0,4.0,0.0,4.0,0.0,0.0,1.0,LEBGEG_FSR
qmof-a22c08f,False,,,,,,,,,,,LEHZOP_FSR
qmof-c95d01f,True,108.14399999999999,1.09344,25.78,8.0,2.0,0.0,2.0,0.0,1.0,1.0,XANKIH_FSR
qmof-222fb1a,False,,,,,,,,,,,XEBXIL_FSR
qmof-76b43c3,True,94.11699999999999,0.7850199999999998,25.78,7.0,2.0,0.0,2.0,0.0,1.0,1.0,XEBMOG_FSR
qmof-5692e6a,True,94.11699999999999,0.7850199999999998,25.78,7.0,2.0,0.0,2.0,0.0,1.0,1.0,XEBMIA_FSR
qmof-fc36310,True,238.294,2.7098000000000013,50.5,18.0,4.0,0.0,4.0,3.0,2.0,2.0,BIJXOJ_FSR
qmof-fd8c6e6,False,,,,,,,,,,,BIHRAO_FSR
qmof-be091d4,True,26.018,0.09637,23.79,2.0,1.0,0.0,1.0,0.0,0.0,0.0,OWABUL_FSR
qmof-038174d,False,,,,,,,,,,,OXAZUK_FSR
qmof-a5380bd,False,,,,,,,,,,,OXAZOE_FSR
qmof-362d57a,False,,,,,,,,,,,DUPTUE_FSR
qmof-c81cb2d,False,,,,,,,,,,,OSOMAM_FSR
qmof-51990f7,True,138.10199999999998,-1.3165,67.07,10.0,4.0,0.0,3.0,1.0,1.0,1.0,OROZUR_FSR
qmof-d0dfc27,True,26.018,0.09637,23.79,2.0,1.0,0.0,1.0,0.0,0.0,0.0,ORAPUT_FSR
qmof-67cdba3,True,510.46200000000016,1.9620999999999995,162.43,38.0,11.0,1.0,10.0,7.0,5.0,5.0,BIMSAU_FSR
qmof-ed19d45,True,150.165,-0.34836,84.48,11.0,5.0,0.0,2.0,0.0,1.0,1.0,BIKMIT_FSR
qmof-719983e,False,,,,,,,,,,,UZEBAE_FSR
qmof-b4b183a,False,,,,,,,,,,,UZEBAE01_FSR
qmof-dcf8193,True,42.021,-1.4418000000000002,58.7,3.0,3.0,0.0,0.0,0.0,0.0,0.0,PAFWAX_FSR
qmof-5a1ec49,False,,,,,,,,,,,DOVQAI_FSR
qmof-5b36cd1,False,,,,,,,,,,,DUFGIW_FSR
qmof-2dd47d8,False,,,,,,,,,,,OXUXAI02_FSR
qmof-46322fa,True,285.211,-2.414609999999998,123.63,21.0,7.0,0.0,7.0,4.0,1.0,2.0,OZAXOE_FSR
qmof-90458ae,False,,,,,,,,,,,BIJYAW_FSR
qmof-a4ece54,False,,,,,,,,,,,BIJXUP_FSR
qmof-ab89669,False,,,,,,,,,,,AVONEG_FSR
qmof-001ef83,True,221.24300000000002,1.8878899999999998,50.5,17.0,4.0,0.0,4.0,2.0,2.0,3.0,XEHFOH_FSR
qmof-b9e6452,True,240.21399999999997,0.08059999999999978,80.25999999999999,18.0,4.0,0.0,4.0,3.0,2.0,2.0,LAXNII_FSR
qmof-b5821fa,True,413.38900000000007,1.7444999999999988,128.16,31.0,8.0,0.0,8.0,5.0,4.0,4.0,FOZQUI_FSR
qmof-715f306,True,209.11299999999994,-1.6782000000000001,123.4,15.0,7.0,0.0,6.0,3.0,1.0,1.0,FUHNUT_FSR
qmof-a9f6b42,True,498.4510000000002,1.2543999999999993,180.76999999999998,37.0,11.0,1.0,8.0,9.0,4.0,4.0,LATRAC_FSR
qmof-ab5d6dc,True,42.021,-1.4418000000000002,58.7,3.0,3.0,0.0,0.0,0.0,0.0,0.0,LAMXOO_FSR
qmof-ba60a35,True,298.41700000000003,4.948460000000002,47.58,19.0,5.0,0.0,5.0,2.0,3.0,3.0,FUXCEI_FSR
qmof-2e3e058,True,80.08999999999999,0.4765999999999999,25.78,6.0,2.0,0.0,2.0,0.0,1.0,1.0,LAGSEU_FSR
qmof-e951f69,True,231.32400000000004,2.436000000000001,51.8,16.0,4.0,1.0,3.0,1.0,2.0,2.0,LAGRIX_FSR
qmof-6dead95,True,280.315,1.2679999999999998,109.2,21.0,7.0,0.0,4.0,3.0,2.0,2.0,GACTUA_FSR
qmof-163ccaa,True,236.23800000000003,0.7223999999999998,78.7,18.0,6.0,0.0,4.0,2.0,2.0,3.0,UVUPIM_FSR
qmof-efeaa2d,False,,,,,,,,,,,PAZSIT_FSR
qmof-71cc7da,True,126.09499999999997,-0.24160000000000004,79.67999999999999,9.0,5.0,0.0,2.0,0.0,1.0,1.0,PAWXUJ_FSR
qmof-1f9df20,True,114.173,1.08269,20.72,7.0,3.0,1.0,2.0,0.0,1.0,1.0,PAKTIF_FSR
qmof-3ff41fb,True,285.306,4.313180000000002,65.61,22.0,4.0,1.0,3.0,2.0,2.0,4.0,PAMBUB_FSR
qmof-e7a1a72,True,58.085,0.66498,23.79,3.0,2.0,0.0,1.0,0.0,0.0,0.0,PASBUI_FSR
qmof-7e84f6f,True,299.238,-2.4190099999999983,123.63,22.0,7.0,0.0,7.0,5.0,1.0,2.0,UYOHOH_FSR
qmof-3301d94,True,758.6480000000003,4.6212000000000035,273.69999999999993,56.0,16.0,4.0,12.0,11.0,6.0,6.0,LAJZOO_FSR
qmof-07388f0,True,498.9590000000002,-2.362319999999997,146.79000000000002,22.0,15.0,0.0,7.0,4.0,0.0,3.0,LAJPEU_FSR
qmof-15e8a31,True,80.08999999999999,0.47659999999999986,25.78,6.0,2.0,0.0,2.0,0.0,1.0,1.0,LAMCAE_FSR
qmof-2cf73c1,False,,,,,,,,,,,XEMBUN_FSR
qmof-0de9112,False,,,,,,,,,,,GAFLEG_FSR
qmof-fb59727,True,508.65700000000027,2.562990000000001,55.650000000000006,24.0,9.0,0.0,6.0,4.0,1.0,4.0,LACFEC_FSR
qmof-ad50634,True,222.22299999999998,1.7515,53.019999999999996,17.0,3.0,0.0,3.0,1.0,3.0,3.0,KULTOB_FSR
qmof-0ca8b3d,True,458.6560000000002,7.045400000000006,51.56,32.0,6.0,0.0,6.0,11.0,4.0,4.0,GAKYAU_FSR
qmof-fc713a7,False,,,,,,,,,,,GAJDIH_FSR
qmof-f843b93,True,66.043,-0.44704000000000005,61.68,5.0,3.0,0.0,2.0,0.0,0.0,0.0,PEVCEZ_FSR
qmof-303c74f,False,,,,,,,,,,,PEPVEM_FSR
qmof-ccb2028,True,158.164,0.9335999999999999,51.56,12.0,4.0,0.0,4.0,1.0,2.0,2.0,PEPBAP_FSR
qmof-7b3d567,True,184.198,1.7076,42.85,14.0,3.0,0.0,3.0,2.0,2.0,2.0,DODQIX_FSR
qmof-9fbe71b,True,200.08599999999998,-0.5568000000000001,132.31,14.0,9.0,0.0,7.0,2.0,0.0,1.0,DOFWUR_FSR
qmof-34515cf,False,,,,,,,,,,,GAHZUN_FSR
qmof-1a00b4b,False,,,,,,,,,,,KUQYAX_FSR
qmof-ee4de36,False,,,,,,,,,,,XELQIP_FSR
qmof-9d3a481,False,,,,,,,,,,,XELQEL_FSR
qmof-6815e74,False,,,,,,,,,,,ASUQAI01_FSR
qmof-2370a00,True,123.09099999999998,-1.1599000000000004,65.91,9.0,4.0,0.0,4.0,1.0,1.0,1.0,GALXOI_FSR
qmof-6a436c8,True,185.12199999999999,-0.91537,117.53999999999999,14.0,6.0,1.0,5.0,1.0,0.0,1.0,KUQCUV_FSR
qmof-3fd032f,True,345.22300000000007,-0.026400000000000257,178.56999999999996,25.0,11.0,1.0,9.0,6.0,2.0,2.0,KOJCUI_FSR
qmof-f3defa1,True,156.18799999999996,2.1435999999999993,25.78,12.0,2.0,0.0,2.0,1.0,2.0,2.0,KOHVEJ_FSR
qmof-0154f42,False,,,,,,,,,,,KIZXIA_FSR
qmof-84f5fd4,False,,,,,,,,,,,GAXNIE_FSR
qmof-e4d678d,True,266.348,2.7930400000000013,35.64,20.0,4.0,0.0,4.0,4.0,3.0,3.0,PIFROM_FSR
qmof-ce57f55,True,256.09400000000005,-1.2598000000000003,187.5,18.0,14.0,0.0,10.0,3.0,2.0,2.0,URIWOJ_FSR
qmof-837f84a,True,762.4560000000002,-5.498599999999998,383.65999999999997,56.0,20.0,2.0,18.0,8.0,4.0,6.0,PEYVAS_FSR
qmof-116061c,True,181.12699999999995,-0.45949999999999996,109.28999999999999,13.0,6.0,1.0,5.0,2.0,1.0,1.0,DINYEG01_FSR
qmof-c158d1f,True,762.4560000000002,-5.498599999999998,383.65999999999997,56.0,20.0,2.0,18.0,8.0,4.0,6.0,PEYTOE_FSR
qmof-8ac4d87,True,762.4560000000002,-5.498599999999998,383.65999999999997,56.0,20.0,2.0,18.0,8.0,4.0,6.0,PEYTIY_FSR
qmof-f1b0a1e,True,762.4560000000002,-5.498599999999998,383.65999999999997,56.0,20.0,2.0,18.0,8.0,4.0,6.0,PEYTEU_FSR
qmof-003f026,False,,,,,,,,,,,PEYGUW_FSR
qmof-abe6699,True,240.311,3.311980000000002,49.57,17.0,4.0,0.0,3.0,2.0,2.0,2.0,PESGEB_FSR
qmof-43f07bb,True,313.09600000000006,1.76439,100.39999999999998,20.0,8.0,0.0,3.0,1.0,0.0,2.0,GASTUP_FSR
qmof-6fe62e0,True,464.33000000000004,-3.281699999999997,231.99999999999994,34.0,15.0,1.0,14.0,6.0,4.0,4.0,KOGNIE_FSR
qmof-0b83e38,True,482.2020000000003,-4.3510199999999974,233.72000000000003,34.0,18.0,0.0,12.0,4.0,1.0,4.0,GEBQUB01_FSR
qmof-2bb9974,False,,,,,,,,,,,ASEWUQ_FSR
qmof-86eb544,False,,,,,,,,,,,XIHFAV_FSR
qmof-6bf0ec2,True,58.085,0.66498,23.79,3.0,2.0,0.0,1.0,0.0,0.0,0.0,KIVWAO01_FSR
qmof-d3fd7fc,True,268.22799999999995,-0.4994000000000003,108.46000000000001,20.0,6.0,0.0,4.0,5.0,2.0,2.0,KIVFUR_FSR
qmof-dc0fa21,True,108.14399999999999,1.09344,25.78,8.0,2.0,0.0,2.0,0.0,1.0,1.0,KICZOM_FSR
qmof-58cb01d,False,,,,,,,,,,,KIQZIW_FSR
qmof-0ca7b2c,True,264.252,-0.23880000000000057,123.3,20.0,8.0,0.0,4.0,2.0,2.0,3.0,XILDUS_FSR
qmof-9576b30,True,42.021,-1.4418000000000002,58.7,3.0,3.0,0.0,0.0,0.0,0.0,0.0,UJACOX_FSR
qmof-0a24818,True,42.021,-1.4418000000000002,58.7,3.0,3.0,0.0,0.0,0.0,0.0,0.0,UJACIR_FSR
qmof-534ae51,False,,,,,,,,,,,UJUJOZ_FSR
qmof-c0f392b,True,440.4150000000001,1.7694999999999996,143.47000000000003,33.0,9.0,0.0,7.0,7.0,4.0,4.0,DIDDIE_FSR
qmof-6c1d234,True,222.16,-4.038109999999999,142.20000000000002,16.0,8.0,0.0,5.0,3.0,0.0,1.0,PIHNIF_FSR
qmof-a1f2118,True,616.6880000000001,8.836680000000003,102.36,48.0,8.0,0.0,6.0,4.0,6.0,10.0,DIDKEJ_FSR
qmof-14b3a73,True,165.10399999999996,-2.1914,93.15,12.0,5.0,0.0,5.0,2.0,1.0,1.0,XINKEL_FSR
qmof-96bfe65,True,222.23100000000002,1.6965599999999998,87.46,17.0,5.0,0.0,4.0,1.0,2.0,2.0,KEXDUN_FSR
qmof-ac6a77a,True,506.42600000000016,-1.3159999999999967,186.29999999999995,38.0,10.0,0.0,10.0,5.0,4.0,4.0,KEWZOD_FSR
qmof-6977d9d,False,,,,,,,,,,,KETYAM01_FSR
qmof-cd3310b,True,206.96799999999996,-0.18202000000000007,68.28,12.0,6.0,0.0,4.0,0.0,0.0,1.0,GEPZOS_FSR
qmof-e100550,True,80.08999999999999,0.4765999999999999,25.78,6.0,2.0,0.0,2.0,0.0,1.0,1.0,KIBCAA_FSR
qmof-cdc4bef,False,,,,,,,,,,,KERKEY_FSR
qmof-cc65277,True,342.3100000000001,1.1769999999999998,106.03999999999999,26.0,6.0,0.0,6.0,3.0,4.0,4.0,KECGUV_FSR
qmof-b1e4752,True,286.23199999999997,2.3482000000000003,55.04,20.0,8.0,1.0,4.0,2.0,2.0,2.0,GEZVEO_FSR
qmof-a6a8f49,False,,,,,,,,,,,GIFLAL_FSR
qmof-5bdb017,False,,,,,,,,,,,GIFKOY_FSR
qmof-7dd3a77,True,224.98299999999995,-1.00672,99.78,13.0,7.0,0.0,4.0,0.0,0.0,1.0,UHOTUH_FSR
qmof-d690c9a,True,207.976,0.48649000000000003,71.44,12.0,6.0,1.0,4.0,0.0,0.0,1.0,UHOTER_FSR
qmof-98f79b2,True,206.96799999999996,-0.18202000000000007,68.28,12.0,6.0,0.0,4.0,0.0,0.0,1.0,UHOSUG_FSR
qmof-64e197b,True,209.11299999999994,-1.6782000000000001,123.4,15.0,7.0,0.0,6.0,3.0,1.0,1.0,BOLYIM_FSR
qmof-9d372e0,True,155.55999999999997,0.7034999999999998,40.129999999999995,10.0,3.0,0.0,2.0,1.0,1.0,1.0,PUQFIQ_FSR
qmof-02e2726,True,156.18799999999996,2.1435999999999993,25.78,12.0,2.0,0.0,2.0,1.0,2.0,2.0,POFDUK_FSR
qmof-bebcb31,False,,,,,,,,,,,KEGTOI_FSR
qmof-b882056,True,634.6400000000003,5.707800000000006,154.85999999999999,48.0,8.0,2.0,6.0,8.0,6.0,6.0,GIKBEK_FSR
qmof-e25f656,True,331.87,1.2656800000000001,42.120000000000005,21.0,7.0,0.0,6.0,0.0,2.0,6.0,XIVTAZ_FSR
qmof-9fd94e8,True,179.15900000000002,-2.1582099999999986,102.07000000000001,13.0,6.0,0.0,3.0,2.0,0.0,1.0,XOGGAD_FSR
qmof-89a5c57,True,364.40400000000005,6.330600000000005,52.06,28.0,4.0,0.0,4.0,4.0,5.0,5.0,KAQYOR_FSR
qmof-146e551,True,104.11199999999998,0.9532799999999999,36.68,8.0,2.0,0.0,2.0,0.0,1.0,1.0,KALHOU_FSR
qmof-c4e84a2,True,104.11199999999998,0.9532799999999999,36.68,8.0,2.0,0.0,2.0,0.0,1.0,1.0,KALHIO_FSR
qmof-5fe5f33,False,,,,,,,,,,,QAYLEK_FSR
qmof-30bdcd5,True,112.03999999999999,-1.7236000000000002,68.28,8.0,4.0,0.0,4.0,0.0,0.0,1.0,QEHKUK_FSR
qmof-c376a8c,True,190.142,1.2415999999999998,94.32,14.0,7.0,0.0,5.0,2.0,1.0,2.0,UGEMUQ_FSR
qmof-a6c82f9,True,117.091,0.04845000000000002,72.3,9.0,4.0,0.0,4.0,0.0,0.0,1.0,QAVBEW_FSR
qmof-40093f4,True,313.36400000000003,4.495400000000004,44.24,19.0,7.0,0.0,4.0,3.0,2.0,2.0,DECWIS_FSR
qmof-3f0a2ed,False,,,,,,,,,,,QAXCAU_FSR
qmof-5279ab6,True,156.18799999999996,2.1435999999999993,25.78,12.0,2.0,0.0,2.0,1.0,2.0,2.0,QAPLEY01_FSR
qmof-7714b19,True,380.35600000000005,0.0875999999999999,124.5,28.0,8.0,0.0,8.0,7.0,3.0,3.0,QANBAJ_FSR
qmof-df3c618,True,66.043,-0.44704000000000005,61.68,5.0,3.0,0.0,2.0,0.0,0.0,0.0,QAFNAO01_FSR
qmof-458f21b,True,210.24000000000004,1.3203799999999997,53.980000000000004,16.0,4.0,0.0,2.0,5.0,2.0,2.0,PUMCIL_FSR
qmof-a0090fa,True,493.4950000000001,1.597100000000001,146.16999999999996,37.0,8.0,0.0,8.0,6.0,4.0,4.0,GIWMEG_FSR
qmof-6cb5e16,True,516.6080000000002,5.911160000000007,82.18,40.0,6.0,0.0,2.0,11.0,6.0,6.0,GIWFAV_FSR
qmof-2a08198,False,,,,,,,,,,,KALNAM01_FSR
qmof-15e0df7,False,,,,,,,,,,,KAKQEV_FSR
qmof-d7c44a0,True,164.124,-1.996699999999999,111.72000000000001,12.0,6.0,0.0,3.0,1.0,1.0,1.0,KAFPUE_FSR
qmof-ee02e1d,True,650.5280000000001,7.519400000000007,191.07999999999998,46.0,14.0,0.0,8.0,8.0,6.0,6.0,GOBZII_FSR
qmof-32f3cb0,True,234.25799999999998,-3.6797999999999993,104.32,14.0,8.0,2.0,6.0,4.0,0.0,0.0,BORBAM_FSR
qmof-d481578,True,270.241,-0.23202000000000034,159.45000000000002,19.0,11.0,0.0,7.0,1.0,2.0,3.0,QIJWOY_FSR
qmof-dd6e687,False,,,,,,,,,,,QIJKEB_FSR
qmof-9174c13,True,296.379,2.7655600000000016,77.77000000000001,21.0,6.0,0.0,3.0,5.0,2.0,2.0,QEQLAC_FSR
qmof-de0737b,True,240.311,3.311980000000002,49.57,17.0,4.0,0.0,3.0,2.0,2.0,2.0,QEQKIJ_FSR
qmof-ac3c21a,True,138.13400000000001,-0.27132999999999996,100.99000000000001,10.0,6.0,1.0,5.0,1.0,0.0,1.0,QEJLOJ_FSR
qmof-c7e08a4,True,166.09199999999998,-2.7964,106.03999999999999,12.0,6.0,0.0,6.0,2.0,1.0,1.0,GOBXAX_FSR
qmof-e11d9cb,True,395.2810000000001,0.20598999999999945,96.39,24.0,8.0,0.0,6.0,5.0,1.0,2.0,APOLAU_FSR
qmof-e411eea,True,156.18799999999996,2.1435999999999993,25.78,12.0,2.0,0.0,2.0,1.0,2.0,2.0,GOJSED03_FSR
qmof-955f74a,False,,,,,,,,,,,JOHWIP_FSR
qmof-d46593c,True,306.373,3.0465000000000018,61.42,23.0,6.0,0.0,6.0,6.0,4.0,4.0,JODVEG_FSR
qmof-22ac9aa,False,,,,,,,,,,,JIQGIZ01_FSR
qmof-84de0d3,False,,,,,,,,,,,JIQGEV_FSR
qmof-ff54923,True,427.58300000000014,4.431200000000003,38.67,32.0,4.0,0.0,3.0,3.0,6.0,6.0,BOXBUN01_FSR
qmof-13ec2a4,True,108.09599999999999,1.9741999999999997,39.8,8.0,2.0,0.0,0.0,0.0,1.0,1.0,QOKHIH_FSR
qmof-4d684e3,True,164.11599999999996,-1.5864000000000003,80.25999999999999,12.0,4.0,0.0,4.0,2.0,1.0,1.0,QOJLOR_FSR
qmof-7240e2e,False,,,,,,,,,,,CUZNUG_FSR
qmof-9e675fa,True,136.179,1.6912999999999996,25.78,9.0,3.0,0.0,3.0,0.0,2.0,2.0,QORBEE_FSR
qmof-9fa0d98,True,254.229,1.26934,116.16000000000001,19.0,7.0,0.0,4.0,5.0,2.0,2.0,QOGTIQ_FSR
qmof-317089d,False,,,,,,,,,,,QOGJAX_FSR
qmof-ef8d4e1,False,,,,,,,,,,,QOFREJ_FSR
qmof-8e61c5b,False,,,,,,,,,,,DAGLEE_FSR
qmof-5791351,True,596.6860000000001,8.571000000000003,145.18,42.0,10.0,0.0,2.0,7.0,5.0,5.0,QIPPUD_FSR
qmof-be4ff6a,True,108.14399999999998,1.039,25.78,8.0,2.0,0.0,2.0,1.0,1.0,1.0,XUKZUY_FSR
qmof-3aa37a5,False,,,,,,,,,,,XUDMUG_FSR
qmof-82f67c4,False,,,,,,,,,,,GOZMAL_FSR
qmof-f53cf45,True,122.10699999999997,0.3745799999999999,69.47,9.0,4.0,0.0,3.0,0.0,1.0,1.0,GOYSAO_FSR
qmof-6518f6f,True,314.348,3.2890000000000015,52.71,24.0,5.0,0.0,5.0,4.0,4.0,4.0,JIQSOU_FSR
qmof-d441feb,True,252.18199999999996,-2.3874199999999997,126.47999999999999,18.0,8.0,2.0,6.0,2.0,0.0,1.0,JEHPAO_FSR
qmof-663ff1d,True,108.14399999999999,1.09344,25.78,8.0,2.0,0.0,2.0,0.0,1.0,1.0,JESXEL_FSR
qmof-d4c1cf1,True,108.14399999999999,1.09344,25.78,8.0,2.0,0.0,2.0,0.0,1.0,1.0,JESXEL01_FSR
qmof-76724f2,True,58.085,0.66498,23.79,3.0,2.0,0.0,1.0,0.0,0.0,0.0,CURGUR_FSR
qmof-8efdd0d,False,,,,,,,,,,,CUSVUI_FSR
qmof-7a5b1ce,True,1323.1960000000001,10.90685999999999,357.29999999999995,100.0,20.0,2.0,14.0,8.0,8.0,16.0,QULHAI_FSR
qmof-cad0a5d,True,156.18799999999996,2.1435999999999993,25.78,12.0,2.0,0.0,2.0,1.0,2.0,2.0,CUWRES_FSR
qmof-52d763a,True,210.24,1.8745999999999998,43.6,16.0,4.0,0.0,4.0,2.0,3.0,3.0,CUXVEX_FSR
qmof-53f9751,True,206.96799999999996,-0.18202000000000007,68.28,12.0,6.0,0.0,4.0,0.0,0.0,1.0,QQQFIP02_FSR
qmof-a5e3397,False,,,,,,,,,,,QQQCUJ01_FSR
qmof-e44d943,False,,,,,,,,,,,TUYQAH_FSR
qmof-55cab56,False,,,,,,,,,,,UCIVAF_FSR
qmof-b793535,True,156.18799999999996,2.1435999999999993,25.78,12.0,2.0,0.0,2.0,1.0,2.0,2.0,UBUTES_FSR
qmof-6db07a6,True,427.58300000000014,4.431200000000003,38.67,32.0,4.0,0.0,3.0,3.0,6.0,6.0,BOXCEY_FSR
qmof-a7f15a5,False,,,,,,,,,,,BUKFAQ_FSR
qmof-977fd47,True,342.35800000000006,2.972570000000001,92.03999999999999,26.0,6.0,0.0,3.0,4.0,2.0,4.0,BUHSEE_FSR
qmof-4d60806,False,,,,,,,,,,,BUFCUA_FSR
qmof-4814ccb,False,,,,,,,,,,,CUCSAW_FSR
qmof-3e3c370,False,,,,,,,,,,,QUZFEY_FSR
qmof-509d624,False,,,,,,,,,,,CUGFUH_FSR
qmof-f5a8443,False,,,,,,,,,,,CUGCAK_FSR
qmof-9fd6fe0,True,368.41600000000005,3.9373000000000022,77.94,28.0,5.0,1.0,5.0,4.0,4.0,4.0,CUMSEJ01_FSR
qmof-9e0dc6c,True,42.021,-1.4418000000000002,58.7,3.0,3.0,0.0,0.0,0.0,0.0,0.0,QUTYAG_FSR
qmof-1eea8fc,True,156.18799999999996,2.1435999999999993,25.78,12.0,2.0,0.0,2.0,1.0,2.0,2.0,QUNXED_FSR
qmof-7ac9c16,True,122.10299999999997,-0.5549000000000004,53.019999999999996,9.0,3.0,0.0,3.0,1.0,1.0,1.0,JAPYOR_FSR
qmof-0be7420,True,122.10299999999997,-0.5549000000000004,53.019999999999996,9.0,3.0,0.0,3.0,1.0,1.0,1.0,JAPYEH_FSR
qmof-e458a47,False,,,,,,,,,,,JECFOP_FSR
qmof-9c4d48b,True,80.08999999999999,0.4765999999999999,25.78,6.0,2.0,0.0,2.0,0.0,1.0,1.0,XUXWIX_FSR
qmof-8242b5b,True,247.27700000000004,3.9440000000000035,45.68,19.0,3.0,0.0,2.0,2.0,3.0,3.0,GUNYIZ_FSR
qmof-5b945c8,True,122.10299999999997,-0.5549000000000004,53.019999999999996,9.0,3.0,0.0,3.0,1.0,1.0,1.0,JAPZIM_FSR
qmof-52e1c67,True,122.10299999999997,-0.5549000000000004,53.019999999999996,9.0,3.0,0.0,3.0,1.0,1.0,1.0,JAPZAE_FSR
qmof-7c74ed0,True,122.10299999999997,-0.5549000000000004,53.019999999999996,9.0,3.0,0.0,3.0,1.0,1.0,1.0,JAPYUX_FSR
qmof-7de4c1e,False,,,,,,,,,,,GURVUL01_FSR
qmof-8bd360f,False,,,,,,,,,,,JADBOI_FSR
qmof-b04cfde,True,42.021,-1.4418000000000002,58.7,3.0,3.0,0.0,0.0,0.0,0.0,0.0,IZEXAM_FSR
qmof-a9a00b7,True,58.085,0.66498,23.79,3.0,2.0,0.0,1.0,0.0,0.0,0.0,IWENIH_FSR
qmof-aa1f73a,False,,,,,,,,,,,RESHUT_FSR
qmof-243715f,True,395.44200000000006,3.8872000000000027,90.63,30.0,6.0,0.0,6.0,4.0,4.0,4.0,REYPIX_FSR
qmof-0a513ec,True,194.09799999999996,-1.2988000000000002,120.06,14.0,6.0,0.0,4.0,2.0,1.0,1.0,COKMUM_FSR
qmof-d68a206,True,130.14999999999998,1.6297999999999995,25.78,10.0,2.0,0.0,2.0,0.0,2.0,2.0,REKBAL_FSR
qmof-d03c776,False,,,,,,,,,,,REBROH_FSR
qmof-3a8fabc,True,200.18500000000003,-0.5082000000000009,110.26,15.0,7.0,0.0,4.0,1.0,2.0,2.0,RAPDAN_FSR
qmof-cc4894a,True,230.25,1.9761700000000002,49.57,18.0,3.0,0.0,3.0,0.0,2.0,2.0,RATGIF01_FSR
qmof-ca9f242,True,164.11599999999996,-1.5864000000000003,80.25999999999999,12.0,4.0,0.0,4.0,2.0,1.0,1.0,IXEKUT_FSR
qmof-2d19113,False,,,,,,,,,,,YASHOQ_FSR
qmof-08cf08d,True,336.398,5.131000000000005,50.5,26.0,4.0,0.0,4.0,4.0,4.0,4.0,HAJJUY01_FSR
qmof-e44c0f4,True,276.24399999999997,-0.4568000000000003,98.72000000000001,20.0,6.0,0.0,6.0,8.0,1.0,1.0,ITOBEZ_FSR
qmof-3511041,False,,,,,,,,,,,HAMJIR_FSR
qmof-f2e90e4,True,197.24099999999996,2.18316,50.82,15.0,3.0,0.0,3.0,2.0,1.0,1.0,IRIPIJ_FSR
qmof-23be8ef,False,,,,,,,,,,,TIZBOW_FSR
qmof-0091bbc,False,,,,,,,,,,,TIZBIQ_FSR
qmof-c398fa7,False,,,,,,,,,,,TIYYOS01_FSR
qmof-1f153d6,False,,,,,,,,,,,TIYXIL01_FSR
qmof-9d07fdc,True,180.23600000000002,0.24869999999999975,63.3,12.0,5.0,2.0,3.0,2.0,1.0,1.0,ROGSUE_FSR
qmof-29c250d,True,336.398,5.131000000000005,50.5,26.0,4.0,0.0,4.0,4.0,4.0,4.0,CISKIB_FSR
qmof-14449b7,False,,,,,,,,,,,CIRGEQ_FSR
qmof-7672d8f,True,228.07199999999997,-2.10622,154.55999999999997,16.0,10.0,0.0,8.0,2.0,0.0,1.0,ROJLAG_FSR
qmof-0162588,True,340.33400000000006,2.3870000000000005,80.25999999999999,26.0,4.0,0.0,4.0,3.0,4.0,4.0,CISXAE_FSR
qmof-4c97440,True,366.38000000000005,5.157600000000002,70.02000000000001,28.0,6.0,0.0,6.0,4.0,5.0,5.0,RIPTUG_FSR
qmof-8bbd7b4,True,266.26,2.8512000000000004,70.02000000000001,20.0,6.0,0.0,6.0,4.0,3.0,3.0,RIPTOA_FSR
qmof-1647128,True,185.00400000000002,1.3354699999999995,49.57,9.0,4.0,0.0,3.0,0.0,1.0,1.0,RIVTOI_FSR
qmof-545c247,True,210.24000000000004,1.3203799999999997,53.980000000000004,16.0,4.0,0.0,2.0,5.0,2.0,2.0,RIVBAC_FSR
qmof-b448093,True,156.18799999999996,2.1435999999999993,25.78,12.0,2.0,0.0,2.0,1.0,2.0,2.0,RINPOT01_FSR
qmof-c474841,True,149.109,-1.0635300000000005,89.7,11.0,5.0,0.0,5.0,1.0,1.0,1.0,SAQSUZ01_FSR
qmof-4d8929f,True,112.15699999999998,1.13919,28.68,7.0,3.0,1.0,2.0,0.0,1.0,1.0,SAQSOT_FSR
qmof-7e3b4a2,False,,,,,,,,,,,BUVRER_FSR
qmof-2290d6d,True,138.07799999999997,-1.31502,68.28,10.0,4.0,0.0,4.0,0.0,0.0,1.0,TIVWUR_FSR
qmof-2e3bc32,False,,,,,,,,,,,TITTAU_FSR
qmof-7193001,True,80.08999999999999,0.47659999999999986,25.78,6.0,2.0,0.0,2.0,0.0,1.0,1.0,SACSEV_FSR
qmof-d209d87,False,,,,,,,,,,,CIJTAT_FSR
qmof-7127539,True,249.27700000000002,2.1828000000000003,77.58,19.0,5.0,1.0,5.0,2.0,3.0,3.0,CIHSIW_FSR
qmof-caec8ef,True,126.10300000000001,-2.4499000000000004,115.42999999999999,9.0,7.0,1.0,4.0,0.0,1.0,1.0,CILXIE_FSR
qmof-ab32015,True,238.25400000000002,4.836400000000003,74.16,18.0,6.0,0.0,2.0,4.0,2.0,2.0,RURZIP_FSR
qmof-766433e,True,42.021,-1.4418000000000002,58.7,3.0,3.0,0.0,0.0,0.0,0.0,0.0,IRIHIA_FSR
qmof-e02e5c6,False,,,,,,,,,,,AMBRCD_FSR
qmof-b071271,True,58.085,0.66498,23.79,3.0,2.0,0.0,1.0,0.0,0.0,0.0,YEDWEM_FSR
qmof-4629fe7,False,,,,,,,,,,,YEFPOR_FSR
qmof-ec51380,True,200.20499999999998,0.5026799999999999,75.9,15.0,6.0,0.0,5.0,0.0,0.0,3.0,IQOZUJ_FSR
qmof-a5309c0,True,194.09799999999996,-1.2988000000000002,120.06,14.0,6.0,0.0,4.0,2.0,1.0,1.0,IQISEH_FSR
qmof-58e98df,True,340.39000000000004,3.2726000000000015,61.42,26.0,6.0,0.0,6.0,4.0,5.0,5.0,HAXGUL_FSR
qmof-3d489e4,True,112.15699999999998,1.13919,28.68,7.0,3.0,1.0,2.0,0.0,1.0,1.0,HAWTUW_FSR
qmof-2d84c77,True,158.124,0.9504,74.16,12.0,6.0,0.0,6.0,0.0,1.0,3.0,HAYYUE_FSR
qmof-20020d6,False,,,,,,,,,,,IQERIF_FSR
qmof-55d8a8c,True,424.41600000000005,1.6441999999999997,134.24,32.0,8.0,0.0,6.0,6.0,4.0,4.0,SEZYOO_FSR
qmof-c8863c1,True,210.24000000000004,1.3203799999999997,53.980000000000004,16.0,4.0,0.0,2.0,5.0,2.0,2.0,BUXKIQ_FSR
qmof-ad847be,True,476.58300000000014,8.342400000000005,41.910000000000004,37.0,4.0,0.0,4.0,6.0,6.0,6.0,CETVAA_FSR
qmof-7afc422,True,374.3560000000001,0.36099999999999977,158.08,28.0,8.0,2.0,8.0,2.0,4.0,4.0,SEPNAD_FSR
qmof-a0af1a4,True,250.13,-0.23651000000000016,154.53,18.0,11.0,0.0,8.0,3.0,0.0,2.0,SENGAW_FSR
qmof-74f2403,True,182.226,2.6470000000000002,25.78,14.0,2.0,0.0,2.0,2.0,2.0,2.0,CEXMIE_FSR
qmof-e2ef939,True,418.40800000000013,1.4465999999999999,106.03999999999999,32.0,6.0,0.0,6.0,2.0,4.0,4.0,SEFLAT_FSR
qmof-b23591b,False,,,,,,,,,,,SAWWES_FSR
qmof-ac38828,True,122.10299999999997,-0.5549000000000004,53.019999999999996,9.0,3.0,0.0,3.0,1.0,1.0,1.0,IPINAY_FSR
qmof-71e58ff,False,,,,,,,,,,,YEMQAJ_FSR
qmof-ec02694,True,111.16899999999998,1.7441899999999997,15.79,7.0,2.0,1.0,1.0,0.0,1.0,1.0,IMULUX_FSR
qmof-b46c893,False,,,,,,,,,,,HEBROX_FSR
qmof-69ba10c,False,,,,,,,,,,,ILULOQ_FSR
qmof-e48a7ff,True,166.22899999999998,1.75842,49.57,11.0,4.0,0.0,3.0,0.0,1.0,1.0,IJUBUK01_FSR
qmof-1eebafa,True,210.24000000000004,1.3203799999999999,53.980000000000004,16.0,4.0,0.0,2.0,5.0,2.0,2.0,HEFZUO_FSR
qmof-15486a3,True,144.15300000000002,2.3786000000000005,32.79,11.0,2.0,0.0,1.0,0.0,2.0,2.0,HEQLOH_FSR
qmof-3f72d8d,True,160.18,0.7213999999999998,43.6,12.0,4.0,0.0,4.0,2.0,2.0,2.0,IGEMIR_FSR
qmof-86ce618,True,58.085,0.66498,23.79,3.0,2.0,0.0,1.0,0.0,0.0,0.0,SOHLEI_FSR
qmof-cadc28b,True,180.21,2.7830000000000004,25.78,14.0,2.0,0.0,2.0,0.0,3.0,3.0,TICTOP_FSR
qmof-a13712f,False,,,,,,,,,,,CACHOE_FSR
qmof-028b150,False,,,,,,,,,,,CACHIY_FSR
qmof-4cbd9c7,True,246.182,-2.5801999999999987,131.82,18.0,8.0,0.0,8.0,1.0,2.0,2.0,SIXKIU01_FSR
qmof-e603f7e,True,26.018,0.09637,23.79,2.0,1.0,0.0,1.0,0.0,0.0,0.0,CEMJAI_FSR
qmof-2b351d2,True,182.226,2.6470000000000002,25.78,14.0,2.0,0.0,2.0,2.0,2.0,2.0,SIPYIA_FSR
qmof-1071e49,True,66.043,-0.44704000000000005,61.68,5.0,3.0,0.0,2.0,0.0,0.0,0.0,CERGAH_FSR
qmof-4e9c14b,True,342.39500000000004,1.3604999999999992,106.03999999999999,25.0,6.0,0.0,6.0,9.0,2.0,2.0,CADNEC01_FSR
qmof-99bc583,True,80.08999999999999,0.4765999999999999,25.78,6.0,2.0,0.0,2.0,0.0,1.0,1.0,TEXGIM_FSR
qmof-efc74fb,True,194.09799999999996,-1.2988000000000002,120.06,14.0,6.0,0.0,4.0,2.0,1.0,1.0,CAXVII_FSR
qmof-66698de,True,134.16199999999998,1.13537,49.57,10.0,3.0,0.0,3.0,1.0,1.0,1.0,SUYDEV_FSR
qmof-54b13b3,False,,,,,,,,,,,TADBEH_FSR
qmof-0454c23,False,,,,,,,,,,,SUNMOE_FSR
qmof-7786a16,True,26.018,0.09637,23.79,2.0,1.0,0.0,1.0,0.0,0.0,0.0,SUNCAH01_FSR
qmof-20ebe36,True,165.11200000000002,-2.6016999999999992,124.61000000000001,12.0,7.0,0.0,4.0,1.0,1.0,1.0,CEHXIY_FSR
qmof-16cda91,True,281.333,1.1294999999999995,81.61999999999999,19.0,6.0,0.0,5.0,7.0,1.0,1.0,HEYREL_FSR
qmof-8e00017,True,201.15899999999996,-0.3549000000000001,112.72,13.0,7.0,0.0,3.0,2.0,1.0,1.0,IFAPAH_FSR
qmof-26ddf3f,True,172.1,-0.9542099999999998,112.74000000000001,12.0,8.0,0.0,5.0,3.0,0.0,1.0,YEVXUV_FSR
qmof-4b9ff08,True,108.14399999999998,1.039,25.78,8.0,2.0,0.0,2.0,1.0,1.0,1.0,AKAQEI_FSR
qmof-76ab95c,True,108.14399999999998,1.039,25.78,8.0,2.0,0.0,2.0,1.0,1.0,1.0,AKAQAE_FSR
qmof-1a90743,True,108.14399999999998,1.039,25.78,8.0,2.0,0.0,2.0,1.0,1.0,1.0,AKAPUX_FSR
qmof-6226ce6,True,158.164,0.9335999999999999,51.56,12.0,4.0,0.0,4.0,1.0,2.0,2.0,HIFNUG_FSR
qmof-167de99,True,204.152,0.42583999999999983,142.73999999999998,16.0,6.0,0.0,6.0,3.0,0.0,0.0,HICRUG_FSR
qmof-55c6596,True,58.085,0.66498,23.79,3.0,2.0,0.0,1.0,0.0,0.0,0.0,ICACAS_FSR
qmof-51ef3ab,True,156.18799999999996,2.1435999999999993,25.78,12.0,2.0,0.0,2.0,1.0,2.0,2.0,IDAPEI_FSR
qmof-ad02239,True,363.333,-0.4405999999999992,160.26,27.0,9.0,1.0,7.0,5.0,3.0,3.0,AHOMOB01_FSR
qmof-225c8dd,False,,,,,,,,,,,AGUYEG_FSR
qmof-600a106,False,,,,,,,,,,,YOVZAL_FSR
qmof-8be3f19,True,264.292,1.8761999999999996,61.42,20.0,6.0,0.0,6.0,3.0,4.0,4.0,HOXDEE_FSR
qmof-2bc26d1,True,42.021,-1.4418000000000002,58.7,3.0,3.0,0.0,0.0,0.0,0.0,0.0,HOBVOK_FSR
qmof-7624dc0,True,188.09099999999995,-4.8144,140.29,13.0,7.0,0.0,6.0,5.0,0.0,0.0,YOBWOD01_FSR
qmof-a4214c3,False,,,,,,,,,,,HORWIU_FSR
qmof-8cdbc5f,False,,,,,,,,,,,HIYMOS_FSR
qmof-f151cd3,True,369.11499999999995,-2.616109999999998,226.58999999999997,23.0,14.0,3.0,8.0,4.0,0.0,1.0,VEGWUB_FSR
qmof-a0774e6,True,26.018,0.09637,23.79,2.0,1.0,0.0,1.0,0.0,0.0,0.0,VEHHOG01_FSR
qmof-9852a98,True,95.10099999999998,0.3200000000000002,26.939999999999998,7.0,2.0,0.0,1.0,0.0,1.0,1.0,VEJLUU_FSR
qmof-4024415,True,88.01799999999999,-3.5138000000000003,80.25999999999999,6.0,4.0,0.0,4.0,0.0,0.0,0.0,VEDBIR_FSR
qmof-1cfe255,True,88.01799999999999,-3.5138000000000003,80.25999999999999,6.0,4.0,0.0,4.0,0.0,0.0,0.0,VEDBUD_FSR
qmof-aa90826,True,88.01799999999999,-3.5138000000000003,80.25999999999999,6.0,4.0,0.0,4.0,0.0,0.0,0.0,VEDCAK_FSR
qmof-398f9ed,False,,,,,,,,,,,VEFTAB_FSR
qmof-6ae8a62,True,153.09299999999996,-2.47661,86.3,11.0,5.0,1.0,4.0,1.0,0.0,1.0,EBOTAS_FSR
qmof-8456d8c,True,153.09299999999996,-2.47661,86.3,11.0,5.0,1.0,4.0,1.0,0.0,1.0,EBOTEW_FSR
qmof-7efaea0,True,376.36800000000005,0.7219999999999991,115.27000000000001,28.0,7.0,0.0,7.0,6.0,3.0,3.0,OKUTIY_FSR
qmof-c43329d,False,,,,,,,,,,,OLAQOJ_FSR
qmof-b9c921d,True,123.09099999999998,-1.1599000000000004,65.91,9.0,4.0,0.0,4.0,1.0,1.0,1.0,OLENEY_FSR
qmof-072d2d6,True,180.12299999999996,-2.7582999999999993,125.77000000000001,13.0,7.0,0.0,3.0,1.0,1.0,1.0,EBUPEY_FSR
qmof-9d7e189,False,,,,,,,,,,,OKIXOX_FSR
qmof-8c2eca5,False,,,,,,,,,,,OLERUS01_FSR
qmof-b3bca92,True,222.229,0.09940000000000004,85.7,15.0,7.0,0.0,6.0,2.0,2.0,2.0,OMAXEG_FSR
qmof-fb361ae,False,,,,,,,,,,,HORTOY_FSR
qmof-e329fe5,False,,,,,,,,,,,HIZJIL_FSR
qmof-64dd8fc,False,,,,,,,,,,,HOYMUF_FSR
qmof-37badae,False,,,,,,,,,,,HOSPIQ_FSR
qmof-cd1f5fd,False,,,,,,,,,,,HOTBUP_FSR
qmof-28d6481,False,,,,,,,,,,,HOTCAW_FSR
qmof-af4297c,True,42.021,-1.4418000000000002,58.7,3.0,3.0,0.0,0.0,0.0,0.0,0.0,HOTDEZ_FSR
qmof-2b1aba1,True,264.292,1.8761999999999994,61.42,20.0,6.0,0.0,6.0,3.0,4.0,4.0,HOXDII_FSR
qmof-9443aaf,True,268.32500000000005,1.9853599999999998,77.77000000000001,19.0,6.0,0.0,3.0,5.0,2.0,2.0,TECNUN_FSR
qmof-644aab4,True,360.41800000000006,3.3172000000000015,78.8,26.0,6.0,0.0,6.0,3.0,4.0,4.0,ABAXUZ_FSR
qmof-f73a75b,True,232.286,3.8106000000000027,25.78,18.0,2.0,0.0,2.0,2.0,3.0,3.0,YOVGEX_FSR
qmof-c33f925,True,276.33899999999994,3.6966000000000028,42.85,21.0,3.0,0.0,3.0,2.0,2.0,3.0,YOTVUA_FSR
qmof-b4606cd,True,424.4560000000002,1.68838,86.74,32.0,6.0,0.0,6.0,7.0,2.0,4.0,ADIVUG_FSR
qmof-da91664,True,548.4640000000003,-1.115199999999996,221.25999999999996,40.0,14.0,2.0,10.0,6.0,3.0,4.0,YOMMIY_FSR
qmof-4f1aecf,False,,,,,,,,,,,YIYWEL_FSR
qmof-ccb2fa3,False,,,,,,,,,,,VERZIC_FSR
qmof-a9f842f,True,372.3800000000001,1.6167999999999998,106.03999999999999,28.0,6.0,0.0,6.0,5.0,3.0,3.0,IBOPUN_FSR
qmof-2bd2131,False,,,,,,,,,,,TELFIC_FSR
qmof-ce17f39,False,,,,,,,,,,,TAHVOP_FSR
qmof-e103ffb,False,,,,,,,,,,,TAJXAF_FSR
qmof-b7eac83,True,226.189,1.0213999999999999,105.87,15.0,7.0,1.0,2.0,1.0,1.0,2.0,TALWAH_FSR
qmof-ab6b13f,True,466.45400000000024,-1.5531999999999977,174.10000000000002,34.0,12.0,2.0,10.0,12.0,3.0,3.0,CAVSAV01_FSR
qmof-2341845,False,,,,,,,,,,,CAWZOR_FSR
qmof-52c738e,True,208.13299999999998,-1.4834999999999998,141.97000000000003,15.0,8.0,0.0,4.0,2.0,1.0,1.0,HUTGIO_FSR
qmof-6822e8f,True,80.08999999999999,0.4765999999999999,25.78,6.0,2.0,0.0,2.0,0.0,1.0,1.0,HUTWOJ_FSR
qmof-5b9bf09,True,242.18999999999997,-1.1294000000000002,106.03999999999999,18.0,6.0,0.0,6.0,3.0,2.0,2.0,HIPMOK_FSR
qmof-a01a4d4,True,42.021,-1.4418000000000002,58.7,3.0,3.0,0.0,0.0,0.0,0.0,0.0,HIPPON_FSR
qmof-c808f5c,True,136.19799999999998,1.7102799999999998,25.78,10.0,2.0,0.0,2.0,0.0,1.0,1.0,HIQGAQ_FSR
qmof-18b9578,True,58.085,0.66498,23.79,3.0,2.0,0.0,1.0,0.0,0.0,0.0,HIQGUK_FSR
qmof-c5c4f84,True,26.018,0.09637,23.79,2.0,1.0,0.0,1.0,0.0,0.0,0.0,HIQVIN_FSR
qmof-7fcab56,True,26.018,0.09637,23.79,2.0,1.0,0.0,1.0,0.0,0.0,0.0,HUPZAV_FSR
qmof-a2a22e2,True,140.04999999999998,-2.1545,85.35,10.0,5.0,0.0,5.0,0.0,0.0,1.0,HURDUT_FSR
qmof-74d7c88,True,59.044,-1.2438,40.129999999999995,4.0,2.0,0.0,2.0,0.0,0.0,0.0,YIMTIZ01_FSR
qmof-d419bf6,False,,,,,,,,,,,YIPQAS_FSR
qmof-f171323,True,122.11099999999999,-0.9652000000000005,84.48,9.0,5.0,0.0,2.0,0.0,1.0,1.0,YIQBEF01_FSR
qmof-f429f3b,True,101.065,-2.6856,98.83000000000001,7.0,5.0,0.0,2.0,0.0,0.0,0.0,YIQNIW_FSR
qmof-fda4509,False,,,,,,,,,,,YIQSIA_FSR
qmof-82fb334,True,460.35800000000035,-3.539019999999997,214.5,34.0,12.0,0.0,10.0,9.0,3.0,3.0,YIRXOP_FSR
qmof-195d002,False,,,,,,,,,,,SUYZUH_FSR
qmof-c124bc0,True,156.18799999999996,2.1435999999999993,25.78,12.0,2.0,0.0,2.0,1.0,2.0,2.0,TABFIN_FSR
qmof-ecb01a1,True,156.18799999999996,2.1435999999999993,25.78,12.0,2.0,0.0,2.0,1.0,2.0,2.0,TABPES_FSR
qmof-91f45c3,False,,,,,,,,,,,TIDSEH_FSR
qmof-a34b819,False,,,,,,,,,,,TEJZUD_FSR
qmof-f6b0222,True,42.021,-1.4418000000000002,58.7,3.0,3.0,0.0,0.0,0.0,0.0,0.0,HIMFEQ_FSR
qmof-8ecb2ff,True,228.06799999999996,-5.6683,165.60999999999999,16.0,9.0,0.0,9.0,0.0,0.0,1.0,HIPCUF_FSR
qmof-7e45b51,True,242.18999999999997,-1.1294000000000002,106.03999999999999,18.0,6.0,0.0,6.0,3.0,2.0,2.0,HIPMEA_FSR
qmof-74d3352,True,80.08999999999999,0.47659999999999986,25.78,6.0,2.0,0.0,2.0,0.0,1.0,1.0,HIPMID01_FSR
qmof-4483808,True,242.18999999999997,-1.1294000000000002,106.03999999999999,18.0,6.0,0.0,6.0,3.0,2.0,2.0,HIPMIE_FSR
qmof-42b8b59,True,152.12899999999996,0.4675000000000001,69.23,11.0,4.0,2.0,2.0,1.0,1.0,1.0,HIFNIU_FSR
qmof-ab2c780,True,228.18900000000002,-0.4880000000000003,125.5,15.0,9.0,0.0,6.0,0.0,2.0,2.0,HIFPAO_FSR
qmof-35ae1e6,True,200.185,-0.5082000000000009,110.26,15.0,7.0,0.0,4.0,1.0,2.0,2.0,YILZOL_FSR
qmof-d092156,False,,,,,,,,,,,SOQDUZ_FSR
qmof-2eee4d9,True,137.118,-0.8514800000000005,65.91,10.0,4.0,0.0,4.0,1.0,1.0,1.0,SUNMIZ_FSR
qmof-a84e475,False,,,,,,,,,,,SUNPOH_FSR
qmof-b6fc040,True,80.08999999999999,0.4765999999999999,25.78,6.0,2.0,0.0,2.0,0.0,1.0,1.0,SUPSUS_FSR
qmof-54296f8,True,156.188,2.1435999999999993,25.78,12.0,2.0,0.0,2.0,1.0,2.0,2.0,SUQFUH01_FSR
qmof-fa9e422,True,372.3800000000001,1.6167999999999998,106.03999999999999,28.0,6.0,0.0,6.0,5.0,3.0,3.0,SUSLAV_FSR
qmof-6d9d540,True,416.38900000000024,1.3150000000000002,143.34,31.0,8.0,1.0,7.0,6.0,3.0,3.0,SUSLEZ_FSR
qmof-143c563,True,156.18799999999996,2.1435999999999993,25.78,12.0,2.0,0.0,2.0,1.0,2.0,2.0,SUSYAH_FSR
qmof-80cbbdb,False,,,,,,,,,,,CBZONC01_FSR
qmof-c0388ac,True,416.3890000000002,1.315,143.34,31.0,8.0,1.0,7.0,6.0,3.0,3.0,IBOQAU_FSR
qmof-800addb,False,,,,,,,,,,,HIGQUL_FSR
qmof-e6afac4,False,,,,,,,,,,,HIGRAS_FSR
qmof-f61cb8f,False,,,,,,,,,,,HIHWED_FSR
qmof-d0e3270,True,158.16400000000002,0.9335999999999999,51.56,12.0,4.0,0.0,4.0,1.0,2.0,2.0,YILZUR_FSR
qmof-7538884,True,165.10399999999996,-2.1914,93.15,12.0,5.0,0.0,5.0,2.0,1.0,1.0,YIMHAF_FSR
qmof-6ab4305,True,358.41900000000004,0.6466000000000007,106.03999999999999,25.0,7.0,0.0,7.0,8.0,2.0,2.0,AJOFAI_FSR
qmof-b7e2716,True,240.238,1.0843999999999996,69.23,18.0,4.0,1.0,3.0,3.0,2.0,2.0,IFEXUM_FSR
qmof-d82fb09,True,380.35600000000005,0.0875999999999999,124.5,28.0,8.0,0.0,8.0,7.0,3.0,3.0,IDUCOA01_FSR
qmof-8634ca3,True,180.20999999999998,2.7830000000000004,25.78,14.0,2.0,0.0,2.0,0.0,3.0,3.0,IDUPAY_FSR
qmof-3b44779,True,139.09,0.07376999999999984,84.0,10.0,5.0,0.0,4.0,3.0,0.0,0.0,HEXTEK_FSR
qmof-f19872f,False,,,,,,,,,,,HEYQIO_FSR
qmof-1b73980,True,113.01400000000001,-0.7014000000000004,40.129999999999995,7.0,5.0,0.0,2.0,0.0,0.0,0.0,SUMPOF_FSR
qmof-2f987c8,False,,,,,,,,,,,SOZKOJ_FSR
qmof-bcbd03e,True,666.5980000000003,2.5358,204.76,50.0,12.0,0.0,12.0,10.0,6.0,6.0,SUFXOI_FSR
qmof-b2fddf8,False,,,,,,,,,,,SOQCIL_FSR
qmof-ba35036,True,222.16,-4.038109999999999,142.20000000000002,16.0,8.0,0.0,5.0,3.0,0.0,1.0,YIFSIS_FSR
qmof-9dad958,False,,,,,,,,,,,ICEQUE_FSR
qmof-9ffff52,True,156.18799999999996,2.1435999999999993,25.78,12.0,2.0,0.0,2.0,1.0,2.0,2.0,ICIMIS_FSR
qmof-5efd25c,True,58.085,0.66498,23.79,3.0,2.0,0.0,1.0,0.0,0.0,0.0,HIDFOQ_FSR
qmof-e37213a,True,230.33700000000002,4.0463900000000015,12.89,15.0,3.0,0.0,3.0,2.0,2.0,3.0,IHAMUA_FSR
qmof-76d9b07,False,,,,,,,,,,,IHIBOQ_FSR
qmof-23c6559,True,230.26999999999998,3.936200000000002,25.78,18.0,2.0,0.0,2.0,0.0,4.0,4.0,IHIYED_FSR
qmof-4765fb9,True,230.26999999999998,3.936200000000002,25.78,18.0,2.0,0.0,2.0,0.0,4.0,4.0,IHIYIH_FSR
qmof-be4f504,True,281.333,1.1294999999999995,81.61999999999999,19.0,6.0,0.0,5.0,7.0,1.0,1.0,HEYQUA_FSR
qmof-b6f0cb7,False,,,,,,,,,,,HEYRAH_FSR
qmof-26b963b,True,335.33900000000006,1.9980999999999995,84.37,25.0,6.0,0.0,6.0,7.0,3.0,3.0,IGIQAR_FSR
qmof-51faf5d,False,,,,,,,,,,,IGOZIN_FSR
qmof-4481428,False,,,,,,,,,,,IGUBIX_FSR
qmof-630e8b0,True,170.17299999999997,-0.38161999999999996,77.66999999999999,11.0,6.0,0.0,3.0,0.0,1.0,1.0,HEVQUV_FSR
qmof-33386bb,True,194.20200000000003,-0.8600000000000003,87.2,14.0,8.0,0.0,8.0,5.0,2.0,2.0,SOCCIX_FSR
qmof-78b016a,True,58.085,0.66498,23.79,3.0,2.0,0.0,1.0,0.0,0.0,0.0,SOVKIY_FSR
qmof-50fed09,True,365.30100000000004,0.4653999999999999,149.18,27.0,9.0,0.0,8.0,4.0,3.0,3.0,SOJJUY01_FSR
qmof-d4d92f8,True,216.16999999999996,-0.044300000000000006,120.06,14.0,7.0,1.0,3.0,2.0,1.0,1.0,SOMMOY_FSR
qmof-4cea0e0,False,,,,,,,,,,,CEDSIQ_FSR
qmof-1d99f5f,True,172.163,0.5982999999999999,53.019999999999996,13.0,3.0,0.0,3.0,1.0,2.0,2.0,CEDWUE_FSR
qmof-9a141c9,True,298.39599999999996,3.8480000000000016,35.64,20.0,6.0,0.0,6.0,3.0,4.0,4.0,IJEBEF_FSR
qmof-868bfa7,False,,,,,,,,,,,IMAVIB_FSR
qmof-09e15ea,True,94.97,0.3859999999999999,76.77,5.0,5.0,0.0,1.0,0.0,0.0,0.0,IKUWAM_FSR
qmof-2cfb1a9,True,156.18799999999996,2.1435999999999993,25.78,12.0,2.0,0.0,2.0,1.0,2.0,2.0,INUQAK_FSR
qmof-e697da3,True,140.04999999999998,-2.1545,85.35,10.0,5.0,0.0,5.0,0.0,0.0,1.0,INIPAY_FSR
qmof-03d42ea,True,114.05599999999998,-2.9576000000000002,80.25999999999999,8.0,4.0,0.0,4.0,2.0,0.0,0.0,IKIBUZ_FSR
qmof-6bca9b9,True,210.24000000000004,1.3203799999999997,53.980000000000004,16.0,4.0,0.0,2.0,5.0,2.0,2.0,HEGBAX_FSR
qmof-6494cc5,False,,,,,,,,,,,TIMXUJ_FSR
qmof-52b81d3,True,362.38800000000003,4.856600000000004,59.92,28.0,4.0,0.0,4.0,2.0,4.0,5.0,CACPOO_FSR
qmof-145a0bf,True,88.01799999999999,-3.5138000000000003,80.25999999999999,6.0,4.0,0.0,4.0,0.0,0.0,0.0,CADJAT_FSR
qmof-006d43a,True,80.08999999999999,0.4765999999999999,25.78,6.0,2.0,0.0,2.0,0.0,1.0,1.0,TEYWOL_FSR
qmof-23640d7,False,,,,,,,,,,,SOCXAK_FSR
qmof-7322852,True,374.35600000000017,-0.26602000000000037,134.24,28.0,8.0,0.0,6.0,7.0,3.0,3.0,SODXEQ_FSR
qmof-96f42f3,True,123.09099999999998,-1.1599000000000004,65.91,9.0,4.0,0.0,4.0,1.0,1.0,1.0,CEHWOD_FSR
qmof-978d756,False,,,,,,,,,,,IGEFOP_FSR
qmof-111ce53,True,427.374,0.17719999999999936,193.93999999999994,30.0,12.0,0.0,6.0,6.0,3.0,3.0,IJEXUR_FSR
qmof-a4bb04b,True,336.398,5.131000000000005,50.5,26.0,4.0,0.0,4.0,4.0,4.0,4.0,HAYLOL_FSR
qmof-de45389,True,307.265,-0.13430000000000009,121.83,23.0,7.0,1.0,6.0,4.0,3.0,3.0,HAYTAF_FSR
qmof-d5c113e,True,244.19,1.1815999999999998,114.60000000000001,18.0,8.0,0.0,6.0,0.0,3.0,3.0,HAYZOY_FSR
qmof-287570d,False,,,,,,,,,,,HAZROP_FSR
qmof-f70c543,True,240.21399999999997,0.08059999999999978,80.25999999999999,18.0,4.0,0.0,4.0,3.0,2.0,2.0,HEBLEH_FSR
qmof-bdc19f7,True,182.226,2.6470000000000002,25.78,14.0,2.0,0.0,2.0,2.0,2.0,2.0,IMIQOM_FSR
qmof-7ac41d1,True,153.16099999999997,0.91168,73.12,11.0,4.0,0.0,3.0,1.0,0.0,0.0,IMOVOW_FSR
qmof-edd85aa,True,156.18799999999996,2.1435999999999993,25.78,12.0,2.0,0.0,2.0,1.0,2.0,2.0,IMUQAJ_FSR
qmof-ffc9870,False,,,,,,,,,,,SISLOY_FSR
qmof-920db9a,False,,,,,,,,,,,SISLUE_FSR
qmof-904b4fd,True,437.3840000000003,0.4266999999999998,152.18999999999997,32.0,10.0,1.0,7.0,8.0,2.0,4.0,SISPAO_FSR
qmof-43a9124,True,436.3760000000003,-0.9079999999999988,155.01999999999998,32.0,10.0,0.0,8.0,8.0,2.0,4.0,SISPOC_FSR
qmof-e8cd8b4,True,398.4630000000002,-0.5490999999999957,112.51999999999998,29.0,8.0,0.0,8.0,8.0,2.0,3.0,BUZGEJ_FSR
qmof-cd0f38e,False,,,,,,,,,,,BUZHUA_FSR
qmof-dbdf2e7,False,,,,,,,,,,,TIHPAE_FSR
qmof-d84f27e,True,464.53200000000015,6.391600000000006,77.34,36.0,6.0,0.0,6.0,5.0,6.0,6.0,TIJHAW_FSR
qmof-2784e60,True,259.131,2.0029999999999992,44.24,14.0,6.0,0.0,4.0,0.0,2.0,3.0,IROTAL_FSR
qmof-c9bb6d6,True,146.133,0.7283999999999999,64.07,11.0,5.0,0.0,4.0,1.0,1.0,2.0,ALOVON_FSR
qmof-be04ff1,True,114.05599999999998,-2.9576000000000002,80.25999999999999,8.0,4.0,0.0,4.0,2.0,0.0,0.0,YATYIC_FSR
qmof-3a4a4ef,True,58.085,0.66498,23.79,3.0,2.0,0.0,1.0,0.0,0.0,0.0,IRIWIP_FSR
qmof-c7bed75,False,,,,,,,,,,,INOZOA_FSR
qmof-1ebe47b,False,,,,,,,,,,,IQUBOM01_FSR
qmof-65d5eb5,True,26.018,0.09637,23.79,2.0,1.0,0.0,1.0,0.0,0.0,0.0,YEBKIB_FSR
qmof-62e81dc,True,80.08999999999999,0.4765999999999999,25.78,6.0,2.0,0.0,2.0,0.0,1.0,1.0,YEBMOI_FSR
qmof-131f36e,True,300.3140000000001,-0.8986199999999978,86.74,22.0,6.0,0.0,6.0,7.0,0.0,2.0,SESZUO_FSR
qmof-c3c6d8e,False,,,,,,,,,,,SICDIT_FSR
qmof-f02d68c,False,,,,,,,,,,,SIDRUT_FSR
qmof-84a90c5,True,183.30100000000004,2.7464000000000004,12.03,11.0,3.0,1.0,2.0,1.0,1.0,1.0,SIYCUY_FSR
qmof-9fad232,False,,,,,,,,,,,ALIFOR01_FSR
qmof-acc6fa7,True,332.406,6.117000000000004,25.78,26.0,2.0,0.0,2.0,2.0,5.0,5.0,IPUCEB_FSR
qmof-4a944d6,True,332.406,6.117000000000004,25.78,26.0,2.0,0.0,2.0,2.0,5.0,5.0,IPUCUR_FSR
qmof-57bd41b,True,42.021,-1.4418000000000002,58.7,3.0,3.0,0.0,0.0,0.0,0.0,0.0,IQASOI_FSR
qmof-8a5626d,False,,,,,,,,,,,ITENUR_FSR
qmof-2c46e16,True,199.07799999999995,-0.2705000000000004,97.0,13.0,6.0,0.0,3.0,2.0,1.0,1.0,ITOZOI_FSR
qmof-5ab2ae6,True,220.32200000000003,3.2760000000000016,25.78,14.0,4.0,0.0,4.0,3.0,2.0,2.0,HAGWUI_FSR
qmof-ae5b951,True,188.25500000000002,2.6017900000000003,17.82,13.0,3.0,0.0,3.0,1.0,2.0,2.0,HAGXAP_FSR
qmof-d206dbf,True,234.34900000000002,3.318500000000002,25.78,15.0,4.0,0.0,4.0,4.0,2.0,2.0,HAGXIX_FSR
qmof-36654ac,True,80.08999999999999,0.4765999999999999,25.78,6.0,2.0,0.0,2.0,0.0,1.0,1.0,HALLIS_FSR
qmof-f21d339,True,26.018,0.09637,23.79,2.0,1.0,0.0,1.0,0.0,0.0,0.0,HALPOC01_FSR
qmof-011c3e3,True,164.11599999999996,-1.5864000000000003,80.25999999999999,12.0,4.0,0.0,4.0,2.0,1.0,1.0,HACTEM_FSR
qmof-f667b4f,True,156.16799999999998,1.7261699999999995,49.57,12.0,3.0,0.0,3.0,0.0,2.0,2.0,TIRBUS_FSR
qmof-d8b6b8f,True,111.16899999999998,1.34649,12.03,7.0,2.0,1.0,1.0,0.0,0.0,1.0,TISLUD_FSR
qmof-3ae46b1,True,80.08999999999999,0.4765999999999999,25.78,6.0,2.0,0.0,2.0,0.0,1.0,1.0,SEZGUZ_FSR
qmof-d53e130,True,177.15899999999996,-0.000800000000000689,72.38999999999999,13.0,4.0,0.0,3.0,3.0,1.0,1.0,SGLACU01_FSR
qmof-d0e040f,False,,,,,,,,,,,ISEMOI_FSR
qmof-e566fbb,True,510.41800000000023,-1.6287999999999974,214.5,38.0,12.0,0.0,10.0,8.0,4.0,4.0,ISOHEE_FSR
qmof-772af30,True,80.08999999999999,0.4765999999999999,25.78,6.0,2.0,0.0,2.0,0.0,1.0,1.0,ISOPOV01_FSR
qmof-02d6206,True,26.018,0.09637,23.79,2.0,1.0,0.0,1.0,0.0,0.0,0.0,HALPUI_FSR
qmof-08da5c1,True,289.28999999999996,3.0977000000000015,72.38999999999999,22.0,4.0,0.0,3.0,3.0,3.0,3.0,IVOQEQ_FSR
qmof-39f92ad,True,256.072,2.3062900000000006,64.71000000000001,16.0,7.0,0.0,3.0,3.0,2.0,2.0,HAFHII_FSR
qmof-99810c8,False,,,,,,,,,,,HAGQOX_FSR
qmof-8af78c6,True,196.11399999999995,-2.1752,120.72,14.0,6.0,2.0,6.0,2.0,1.0,1.0,YAZYOP_FSR
qmof-d843630,True,210.24,2.058,35.64,16.0,4.0,0.0,4.0,2.0,3.0,3.0,YAMLIK_FSR
qmof-ba2dc43,True,374.396,0.9183999999999992,106.03999999999999,28.0,6.0,0.0,6.0,6.0,3.0,3.0,YASQEQ_FSR
qmof-aa5ea8d,True,167.209,2.0296000000000003,26.3,11.0,3.0,0.0,2.0,1.0,1.0,1.0,SEKLEC01_FSR
qmof-ee705c4,False,,,,,,,,,,,SENDIZ_FSR
qmof-ad52eb9,True,166.09199999999998,-2.7964,106.03999999999999,12.0,6.0,0.0,6.0,2.0,1.0,1.0,SEPPIN_FSR
qmof-e454c8c,True,170.15499999999997,1.20508,74.97,13.0,5.0,0.0,4.0,1.0,1.0,2.0,CEVPID01_FSR
qmof-2b581ba,True,135.106,0.019899999999999918,63.5,10.0,5.0,0.0,4.0,0.0,2.0,2.0,CEVPIF_FSR
qmof-9be5910,True,156.18799999999996,2.1435999999999993,25.78,12.0,2.0,0.0,2.0,1.0,2.0,2.0,BUVTET_FSR
qmof-22ff87f,True,222.23100000000002,1.2029999999999998,64.6,17.0,5.0,0.0,4.0,2.0,2.0,3.0,BUVWOF01_FSR
qmof-444e801,True,95.06500000000001,0.011269999999999919,74.97,7.0,5.0,0.0,4.0,0.0,0.0,1.0,TIPNIQ_FSR
qmof-8f360ff,False,,,,,,,,,,,TIPREP_FSR
qmof-2286cb0,True,121.12299999999999,0.15517000000000003,75.59,9.0,4.0,1.0,4.0,0.0,1.0,1.0,TIQZUP01_FSR
qmof-535c7b9,True,408.46000000000004,2.3472,106.03999999999999,28.0,8.0,0.0,8.0,4.0,4.0,4.0,GUYLUI_FSR
qmof-5b4883b,True,258.11,-2.2765999999999993,197.39999999999998,18.0,14.0,2.0,7.0,0.0,0.0,2.0,HABGEX_FSR
qmof-50bd2e1,True,204.14099999999996,-1.5468999999999997,100.4,15.0,6.0,1.0,4.0,1.0,1.0,2.0,IXUCOT_FSR
qmof-0d96be5,True,138.10599999999997,-1.5777,91.92999999999999,10.0,5.0,1.0,5.0,1.0,1.0,1.0,IWOGIM_FSR
qmof-b3d9e07,True,536.5060000000002,-4.456509999999999,290.18000000000006,38.0,18.0,4.0,14.0,9.0,1.0,2.0,IXEBIW_FSR
qmof-73ded45,True,194.09799999999996,-1.2988000000000002,120.06,14.0,6.0,0.0,4.0,2.0,1.0,1.0,SATNOR01_FSR
qmof-e40768f,True,458.0840000000001,3.1708000000000016,106.03999999999999,28.0,10.0,0.0,6.0,3.0,3.0,3.0,SEFMUN_FSR
qmof-67a153c,True,122.10299999999997,-0.5549000000000004,53.019999999999996,9.0,3.0,0.0,3.0,1.0,1.0,1.0,CEZKEA_FSR
qmof-7f3735a,True,112.03999999999998,-3.5104,80.25999999999999,8.0,4.0,0.0,4.0,0.0,0.0,0.0,CEZMUS_FSR
qmof-90d1dd5,True,574.6360000000002,4.721200000000005,106.03999999999999,44.0,6.0,0.0,6.0,4.0,6.0,7.0,CEZNAZ_FSR
qmof-ccded81,False,,,,,,,,,,,AMEVIX_FSR
qmof-b6e06d1,True,26.018,0.09637,23.79,2.0,1.0,0.0,1.0,0.0,0.0,0.0,AMIJAJ_FSR
qmof-48ec37d,False,,,,,,,,,,,AMINUF_FSR
qmof-7b26ade,True,476.5320000000001,3.088800000000001,106.03999999999999,36.0,6.0,0.0,6.0,8.0,4.0,4.0,AMOYIL_FSR
qmof-08f8729,False,,,,,,,,,,,YADSUS_FSR
qmof-d21e6d3,True,450.45400000000006,3.4760000000000018,130.76,34.0,8.0,0.0,8.0,6.0,4.0,4.0,IVIXIW_FSR
qmof-cfcb5ed,True,276.33899999999994,3.6966000000000028,42.85,21.0,3.0,0.0,3.0,2.0,2.0,3.0,IWIPEJ_FSR
qmof-0b835b0,True,59.044,-1.2438,40.129999999999995,4.0,2.0,0.0,2.0,0.0,0.0,0.0,IZATUY_FSR
qmof-5f1347b,True,191.956,-0.10440000000000016,154.2,10.0,10.0,2.0,2.0,0.0,0.0,0.0,JABTAI_FSR
qmof-f125ded,True,241.246,1.5408999999999995,72.38999999999999,18.0,4.0,0.0,3.0,3.0,2.0,2.0,GURCUS_FSR
qmof-9ef6119,False,,,,,,,,,,,GUVHEL_FSR
qmof-6a4b14c,False,,,,,,,,,,,CIDLUY_FSR
qmof-15af914,False,,,,,,,,,,,CIDMIN_FSR
qmof-6e31a87,True,468.47200000000015,4.667600000000004,170.96000000000004,32.0,12.0,0.0,4.0,5.0,4.0,4.0,CIDMIO_FSR
qmof-5b9087c,False,,,,,,,,,,,SAXCUP_FSR
qmof-d942d2c,True,156.18799999999996,2.1435999999999993,25.78,12.0,2.0,0.0,2.0,1.0,2.0,2.0,SAXGOQ_FSR
qmof-1a45ce8,True,461.4370000000002,2.134899999999999,147.61,35.0,9.0,1.0,8.0,3.0,6.0,6.0,SAYWUN_FSR
qmof-34697c5,True,504.6340000000002,5.772800000000006,66.4,38.0,6.0,0.0,4.0,8.0,4.0,5.0,CIBRIR_FSR
qmof-fbf431a,True,236.25800000000004,1.5114199999999998,64.6,18.0,5.0,0.0,4.0,2.0,2.0,3.0,SARKON01_FSR
qmof-c70e8ee,True,302.3379999999999,0.6037999999999996,115.56,22.0,8.0,4.0,4.0,4.0,2.0,3.0,SASCIB_FSR
qmof-69fcbdc,True,400.35400000000004,-0.19580000000000064,157.59999999999997,30.0,10.0,0.0,10.0,4.0,4.0,4.0,IWAJEW_FSR
qmof-5ce2533,True,408.46000000000004,2.3472,106.03999999999999,28.0,8.0,0.0,8.0,4.0,4.0,4.0,GUYLOC_FSR
qmof-7f0e1cd,True,291.29,2.2328899999999994,88.88,22.0,6.0,1.0,3.0,4.0,3.0,3.0,AMULOK_FSR
qmof-c0462ed,True,342.34600000000006,1.3444999999999996,128.08,26.0,9.0,0.0,6.0,3.0,4.0,4.0,XUYDIF_FSR
qmof-a3aedc5,True,176.155,-0.2069800000000001,73.16,13.0,5.0,1.0,3.0,0.0,1.0,2.0,YABMOF_FSR
qmof-084244e,True,190.142,1.2415999999999998,94.32,14.0,7.0,0.0,5.0,2.0,1.0,2.0,GUHJOJ_FSR
qmof-b2f66ca,True,164.124,-1.996699999999999,111.72000000000001,12.0,6.0,0.0,3.0,1.0,1.0,1.0,IYUREA_FSR
qmof-bb48b07,True,276.303,2.2436999999999996,53.46,21.0,6.0,0.0,6.0,3.0,4.0,4.0,JADWAN_FSR
qmof-69c8db4,False,,,,,,,,,,,JAKROD_FSR
qmof-20ce0e3,False,,,,,,,,,,,JAMJOX_FSR
qmof-a02cfee,True,26.018,0.09637,23.79,2.0,1.0,0.0,1.0,0.0,0.0,0.0,GULYIX_FSR
qmof-3faf53c,True,262.094,2.7948000000000013,113.74000000000001,16.0,8.0,0.0,2.0,4.0,1.0,1.0,CIHNEO_FSR
qmof-5319a12,False,,,,,,,,,,,SAWTOZ_FSR
qmof-5982646,False,,,,,,,,,,,SAWVER_FSR
qmof-9ae3430,False,,,,,,,,,,,SAWVUH_FSR
qmof-f447c7f,False,,,,,,,,,,,SAWWAO_FSR
qmof-ead21d1,True,140.19,-1.0197999999999992,12.96,10.0,4.0,0.0,4.0,0.0,0.0,4.0,CIDGON_FSR
qmof-aa24aa4,False,,,,,,,,,,,CIDLOS_FSR
qmof-6040f6b,True,108.14399999999999,1.09344,25.78,8.0,2.0,0.0,2.0,0.0,1.0,1.0,JEPPEA_FSR
qmof-421c2b7,True,246.34,3.2927800000000014,49.57,16.0,5.0,0.0,4.0,2.0,2.0,2.0,JETZUE01_FSR
qmof-bced2e6,True,96.06299999999999,-0.9077999999999999,73.94,5.0,5.0,0.0,2.0,0.0,0.0,0.0,GUCTUU02_FSR
qmof-93dfeb2,True,344.3500000000001,4.572400000000004,88.82000000000001,26.0,6.0,0.0,4.0,2.0,4.0,4.0,GUDCUE_FSR
qmof-3d65306,True,100.145,-0.6097299999999994,75.83,7.0,3.0,2.0,3.0,2.0,0.0,0.0,JEFSUJ_FSR
qmof-a326ecc,True,240.219,-3.684099999999998,133.0,17.0,8.0,3.0,7.0,2.0,1.0,2.0,TIVZOO_FSR
qmof-5191c64,True,164.11599999999996,-1.5864000000000003,80.25999999999999,12.0,4.0,0.0,4.0,2.0,1.0,1.0,TIWREX_FSR
qmof-31fb841,True,214.17599999999996,-0.43320000000000025,80.25999999999999,16.0,4.0,0.0,4.0,2.0,2.0,2.0,BUTKAD_FSR
qmof-2ea3b1f,True,244.166,-2.3394000000000004,131.82,18.0,8.0,0.0,8.0,3.0,2.0,2.0,BUTXIY_FSR
qmof-48dc10f,False,,,,,,,,,,,CIDMUZ_FSR
qmof-9abc2d6,False,,,,,,,,,,,CIDNEK_FSR
qmof-314b33f,True,177.27900000000002,1.8593699999999995,47.37,9.0,6.0,3.0,3.0,0.0,1.0,1.0,SAQSAF03_FSR
qmof-36a49d4,True,177.27900000000002,1.8593699999999995,47.37,9.0,6.0,3.0,3.0,0.0,1.0,1.0,SAQSEJ_FSR
qmof-22d24da,True,194.09799999999996,-1.2988000000000002,120.06,14.0,6.0,0.0,4.0,2.0,1.0,1.0,SARHAW_FSR
qmof-cf6e5de,False,,,,,,,,,,,SARJAY_FSR
qmof-4d020d6,True,204.153,-1.475,136.82,15.0,9.0,0.0,4.0,1.0,1.0,2.0,AMULAX_FSR
qmof-d8c6afb,True,197.17099999999996,0.5146999999999997,83.26999999999998,13.0,6.0,0.0,4.0,2.0,1.0,1.0,GOYLOX_FSR
qmof-f2942aa,False,,,,,,,,,,,GOYPOB_FSR
qmof-9f906c1,True,209.11299999999994,-1.6781999999999997,123.4,15.0,7.0,0.0,6.0,3.0,1.0,1.0,JIQQIM_FSR
qmof-49d6640,True,209.11299999999994,-1.6781999999999997,123.4,15.0,7.0,0.0,6.0,3.0,1.0,1.0,JIQQOS_FSR
qmof-67efbe9,False,,,,,,,,,,,JEXCIZ_FSR
qmof-f817326,True,480.6220000000001,5.9752000000000045,77.34,34.0,8.0,0.0,8.0,8.0,5.0,5.0,XUPCIV_FSR
qmof-eb46ddd,True,148.13899999999998,-2.7805999999999997,80.25999999999999,9.0,5.0,0.0,5.0,4.0,0.0,0.0,XUTREJ_FSR
qmof-2a537d2,True,214.11299999999994,0.16599999999999987,97.32999999999998,14.0,6.0,1.0,3.0,3.0,1.0,1.0,RUVCIV_FSR
qmof-74da432,True,125.172,1.9485999999999999,20.23,8.0,2.0,1.0,1.0,0.0,1.0,1.0,SAKLUN_FSR
qmof-760e8d9,True,173.17900000000003,0.5552999999999998,55.96,13.0,5.0,0.0,5.0,2.0,2.0,2.0,CIHYID_FSR
qmof-4f5e770,True,224.16799999999995,-2.3174,120.72,16.0,6.0,2.0,6.0,4.0,1.0,1.0,BUSYIY_FSR
qmof-92f6474,False,,,,,,,,,,,TISRAO_FSR
qmof-50a4b12,True,199.213,1.7031999999999998,58.370000000000005,15.0,4.0,1.0,4.0,2.0,2.0,2.0,TITHAH_FSR
qmof-d3d45c4,False,,,,,,,,,,,JAVJUM_FSR
qmof-ab60730,True,80.08999999999999,0.4765999999999999,25.78,6.0,2.0,0.0,2.0,0.0,1.0,1.0,JAZJEA_FSR
qmof-15a9ba1,True,326.343,2.7808,74.99000000000001,25.0,7.0,0.0,6.0,3.0,4.0,5.0,JAPREA_FSR
qmof-e7bb000,True,273.40600000000006,3.566200000000002,16.130000000000003,18.0,4.0,0.0,2.0,4.0,2.0,2.0,GONLUS_FSR
qmof-22695b0,True,274.39400000000006,2.9612000000000007,29.020000000000003,18.0,5.0,0.0,3.0,4.0,2.0,2.0,GONMAZ_FSR
qmof-dba9b91,True,206.208,1.8869599999999997,73.36,16.0,4.0,0.0,4.0,1.0,2.0,2.0,JOBQUM_FSR
qmof-ec84fcf,True,42.021,-1.4418000000000002,58.7,3.0,3.0,0.0,0.0,0.0,0.0,0.0,GOYRIX_FSR
qmof-02c7846,False,,,,,,,,,,,JIQGOF_FSR
qmof-fc79d47,True,306.373,3.0465000000000018,61.42,23.0,6.0,0.0,6.0,6.0,4.0,4.0,JODVAC_FSR
qmof-e8d1a8e,False,,,,,,,,,,,JODVIK_FSR
qmof-039ecdf,False,,,,,,,,,,,JOFBIQ01_FSR
qmof-81035b4,True,430.4550000000001,3.282800000000001,136.04000000000002,33.0,9.0,0.0,6.0,4.0,5.0,5.0,GORGOL_FSR
qmof-e717cad,True,244.21000000000004,-1.0782999999999991,120.95000000000002,18.0,7.0,0.0,4.0,3.0,2.0,2.0,JIVBEW_FSR
qmof-fe78ad2,True,464.4300000000003,-2.485019999999995,167.0,34.0,10.0,0.0,10.0,9.0,1.0,3.0,JIYWUM_FSR
qmof-3a8ae72,True,80.08999999999999,0.47659999999999986,25.78,6.0,2.0,0.0,2.0,0.0,1.0,1.0,SACSIZ_FSR
qmof-6f21ecc,False,,,,,,,,,,,SACWEB_FSR
qmof-6b0b16d,True,210.121,-4.068699999999999,133.27999999999997,15.0,7.0,0.0,7.0,1.0,1.0,1.0,CILDAD_FSR
qmof-7a15af1,True,177.16299999999998,-1.0832799999999996,98.83000000000001,13.0,5.0,0.0,2.0,1.0,1.0,1.0,XOVPII_FSR
qmof-ca123bd,False,,,,,,,,,,,JIQYIS01_FSR
qmof-3d5b416,True,624.5540000000004,3.4848000000000017,191.77999999999997,46.0,12.0,2.0,10.0,10.0,5.0,5.0,JUSKIT_FSR
qmof-ebb57c2,True,137.118,-0.8514800000000005,65.91,10.0,4.0,0.0,4.0,1.0,1.0,1.0,GOGKUJ_FSR
qmof-97e68bf,False,,,,,,,,,,,GOGNAT_FSR
qmof-0df7bd9,True,197.221,2.0725,52.24,15.0,4.0,0.0,3.0,3.0,2.0,2.0,JOQRIS_FSR
qmof-da92f5a,True,197.221,1.7678899999999997,53.980000000000004,15.0,4.0,0.0,2.0,4.0,2.0,2.0,JOQREO_FSR
qmof-1fcb8db,True,258.284,3.240000000000002,51.56,20.0,4.0,0.0,4.0,1.0,4.0,4.0,JOFQIE_FSR
qmof-1a19916,True,258.284,3.240000000000002,51.56,20.0,4.0,0.0,4.0,1.0,4.0,4.0,JOFQOK_FSR
qmof-b03493e,False,,,,,,,,,,,XOYWIT_FSR
qmof-688a1df,True,272.281,0.5648,80.25999999999999,19.0,5.0,0.0,5.0,4.0,2.0,2.0,XUBQES_FSR
qmof-3d8172e,True,113.05600000000001,-0.8196000000000001,81.96000000000001,8.0,6.0,0.0,4.0,0.0,0.0,1.0,BURMAE_FSR
qmof-a8294e1,True,210.121,-4.068699999999999,133.27999999999997,15.0,7.0,0.0,7.0,1.0,1.0,1.0,BUSGOM_FSR
qmof-d4582ac,True,224.16799999999995,-2.3174,120.72,16.0,6.0,2.0,6.0,4.0,1.0,1.0,BUSXUJ_FSR
qmof-911a5bf,True,42.021,-1.4418000000000002,58.7,3.0,3.0,0.0,0.0,0.0,0.0,0.0,RUVCUH_FSR
qmof-e88ad2b,True,288.2830000000001,1.36016,109.05000000000001,21.0,7.0,0.0,6.0,2.0,2.0,2.0,RUMFAI_FSR
qmof-2520893,True,164.11599999999996,-1.5864000000000003,80.25999999999999,12.0,4.0,0.0,4.0,2.0,1.0,1.0,JOGHUK_FSR
qmof-f529638,True,156.18799999999996,2.1435999999999993,25.78,12.0,2.0,0.0,2.0,1.0,2.0,2.0,GOMGAS_FSR
qmof-c926dc5,True,291.29,2.2328899999999994,88.88,22.0,6.0,1.0,3.0,4.0,3.0,3.0,JOXBIJ_FSR
qmof-b1a98b4,True,166.09199999999998,-2.7964,106.03999999999999,12.0,6.0,0.0,6.0,2.0,1.0,1.0,JOXPET_FSR
qmof-2cb73f9,True,166.09199999999998,-2.7964,106.03999999999999,12.0,6.0,0.0,6.0,2.0,1.0,1.0,JOXPOD_FSR
qmof-d3129ea,True,166.09199999999998,-2.7964,106.03999999999999,12.0,6.0,0.0,6.0,2.0,1.0,1.0,JOXPUJ_FSR
qmof-a3da55b,True,166.09199999999998,-2.7964,106.03999999999999,12.0,6.0,0.0,6.0,2.0,1.0,1.0,JOXQAQ_FSR
qmof-9d46a1c,True,166.09199999999998,-2.7964,106.03999999999999,12.0,6.0,0.0,6.0,2.0,1.0,1.0,JOXQEU_FSR
qmof-cf8f8f2,False,,,,,,,,,,,JUXTIF_FSR
qmof-82d7d48,True,109.17299999999997,2.2429999999999994,0.0,7.0,1.0,0.0,0.0,0.0,1.0,1.0,KACJAB_FSR
qmof-83f42ba,True,586.5560000000002,3.791000000000002,180.64,44.0,10.0,2.0,8.0,8.0,5.0,5.0,KACYIZ_FSR
qmof-9bedbe0,False,,,,,,,,,,,ROGVER_FSR
qmof-014c977,True,236.32500000000002,2.1084999999999994,51.56,15.0,6.0,0.0,6.0,4.0,2.0,2.0,XORQOL01_FSR
qmof-803dd45,True,191.956,-0.10440000000000016,154.2,10.0,10.0,2.0,2.0,0.0,0.0,0.0,XOTPOL01_FSR
qmof-73f900e,False,,,,,,,,,,,XOMTAU_FSR
qmof-23b082a,False,,,,,,,,,,,XOMTIE_FSR
qmof-804ba67,False,,,,,,,,,,,JUJPEJ_FSR
qmof-be02dba,True,242.18999999999997,-1.1294000000000004,106.03999999999999,18.0,6.0,0.0,6.0,3.0,2.0,2.0,JUKXIY_FSR
qmof-7685f3d,False,,,,,,,,,,,KADTEQ_FSR
qmof-4db3325,False,,,,,,,,,,,KAGYOJ_FSR
qmof-f3a8143,True,222.23100000000002,1.2029999999999998,64.6,17.0,5.0,0.0,4.0,2.0,2.0,3.0,KAHMIQ_FSR
qmof-2b45577,True,300.322,1.4197999999999997,108.04,22.0,8.0,4.0,4.0,5.0,2.0,2.0,KAJFUY_FSR
qmof-18467b8,True,554.5580000000002,5.295000000000004,124.5,42.0,8.0,0.0,8.0,7.0,6.0,6.0,KAKNOA01_FSR
qmof-7749ab4,True,158.15799999999996,1.2815999999999996,72.59,10.0,5.0,0.0,1.0,1.0,1.0,1.0,JUVYUU_FSR
qmof-16addb6,True,228.07199999999997,-2.10622,154.55999999999997,16.0,10.0,0.0,8.0,2.0,0.0,1.0,ROJKOT_FSR
qmof-25af73a,True,368.2710000000002,3.473900000000002,72.38999999999999,22.0,5.0,0.0,3.0,3.0,1.0,1.0,ROBNIG_FSR
qmof-f342182,False,,,,,,,,,,,ROCVOX_FSR
qmof-0f24bbe,True,171.17499999999998,1.1548999999999998,40.129999999999995,13.0,2.0,0.0,2.0,1.0,0.0,2.0,CITLAV_FSR
qmof-313ba41,True,171.17499999999998,1.1548999999999998,40.129999999999995,13.0,2.0,0.0,2.0,1.0,0.0,2.0,CITLID_FSR
qmof-2d4accf,True,179.13099999999997,-2.0042,106.28,13.0,5.0,1.0,5.0,2.0,1.0,1.0,CITYAG_FSR
qmof-8366080,True,478.4530000000002,1.6548999999999998,145.25,35.0,9.0,1.0,8.0,12.0,3.0,3.0,RIWTIC_FSR
qmof-b0f3adb,True,266.252,0.5839999999999999,80.25999999999999,20.0,4.0,0.0,4.0,4.0,2.0,2.0,RIWWOK_FSR
qmof-8ccaa8e,False,,,,,,,,,,,ROSFOW_FSR
qmof-e28dafe,False,,,,,,,,,,,JOWVEW_FSR
qmof-93aaf79,True,26.018,0.09637,23.79,2.0,1.0,0.0,1.0,0.0,0.0,0.0,KARSEC_FSR
qmof-75041b5,True,240.21399999999997,0.08059999999999978,80.25999999999999,18.0,4.0,0.0,4.0,3.0,2.0,2.0,GIQROP_FSR
qmof-62f985c,False,,,,,,,,,,,GIQVUA_FSR
qmof-666050e,True,294.218,-0.8109999999999999,114.4,22.0,6.0,0.0,6.0,2.0,2.0,3.0,AQIFEM_FSR
qmof-e132d67,True,556.8190000000001,-0.19039999999999968,106.27999999999999,16.0,8.0,1.0,5.0,2.0,1.0,1.0,AQIGUD_FSR
qmof-c3ddefd,True,184.24200000000002,2.2618,25.78,14.0,2.0,0.0,2.0,3.0,2.0,2.0,XOJKUD01_FSR
qmof-cae19ba,False,,,,,,,,,,,GIRQAB_FSR
qmof-b19a7c5,True,303.23,-0.8931799999999999,149.17999999999998,22.0,9.0,0.0,8.0,3.0,2.0,2.0,GIWBEV_FSR
qmof-45d96c5,True,42.021,-1.4418000000000002,58.7,3.0,3.0,0.0,0.0,0.0,0.0,0.0,JUVZEF_FSR
qmof-1acb010,True,624.522,-1.764199999999994,242.44,46.0,16.0,0.0,14.0,11.0,5.0,5.0,JUWRIE_FSR
qmof-dd9715b,True,170.14499999999995,-1.5249000000000001,80.25999999999999,11.0,5.0,0.0,5.0,2.0,1.0,1.0,CIYZIU_FSR
qmof-bd1d6cf,True,156.18799999999996,2.1435999999999993,25.78,12.0,2.0,0.0,2.0,1.0,2.0,2.0,CIZFOG_FSR
qmof-22abcf3,True,318.336,2.981200000000001,83.98,24.0,6.0,2.0,4.0,4.0,3.0,3.0,CIZPIM_FSR
qmof-2a004e6,True,266.252,0.5839999999999999,80.25999999999999,20.0,4.0,0.0,4.0,4.0,2.0,2.0,RIWXAX01_FSR
qmof-db74e94,True,366.1980000000001,0.1891799999999998,206.69999999999996,26.0,14.0,0.0,10.0,4.0,0.0,2.0,RISVUL_FSR
qmof-1b500ca,True,394.52200000000016,5.984640000000005,49.84,30.0,4.0,2.0,4.0,7.0,4.0,4.0,GOBRUL_FSR
qmof-83f7a75,False,,,,,,,,,,,XODJUW_FSR
qmof-37e791c,True,296.3299999999999,1.0748000000000002,66.4,22.0,6.0,0.0,4.0,2.0,2.0,3.0,AQUZUI_FSR
qmof-14c3c38,True,284.1,2.1986,113.74000000000001,18.0,8.0,0.0,2.0,2.0,2.0,2.0,ARATIY_FSR
qmof-1ca4ac2,True,148.27599999999998,1.8106,3.24,8.0,3.0,0.0,1.0,2.0,0.0,0.0,GIJDEI_FSR
qmof-5876e46,True,100.145,-0.6097299999999994,75.83,7.0,3.0,2.0,3.0,2.0,0.0,0.0,KAWQOP_FSR
qmof-64edccc,True,290.37,3.700800000000002,49.84,22.0,4.0,2.0,4.0,6.0,3.0,3.0,COCZOK_FSR
qmof-72dbbff,False,,,,,,,,,,,REZSAR_FSR
qmof-52cd170,True,275.21999999999997,3.2052000000000014,55.43000000000001,19.0,5.0,0.0,3.0,1.0,2.0,3.0,RICLIA_FSR
qmof-5448086,True,590.6390000000001,5.3848000000000065,122.16999999999999,45.0,8.0,0.0,8.0,8.0,6.0,6.0,RISBOM_FSR
qmof-12917c1,True,207.14499999999998,-1.6935,136.13,15.0,7.0,1.0,3.0,2.0,1.0,1.0,RIHZEN_FSR
qmof-be8828b,True,256.3519999999999,1.75836,66.04,16.0,6.0,0.0,6.0,0.0,0.0,1.0,RILDEV_FSR
qmof-999d9d0,False,,,,,,,,,,,CIXXOW_FSR
qmof-a153565,True,42.021,-1.4418000000000002,58.7,3.0,3.0,0.0,0.0,0.0,0.0,0.0,CIYDAP01_FSR
qmof-cda7b48,True,80.08999999999999,0.4765999999999999,25.78,6.0,2.0,0.0,2.0,0.0,1.0,1.0,GIWBIZ_FSR
qmof-f3c86fd,True,364.40400000000005,6.330600000000005,52.06,28.0,4.0,0.0,4.0,4.0,5.0,5.0,KAQYIL_FSR
qmof-afadce0,True,423.4480000000001,5.086800000000004,92.19,32.0,6.0,0.0,6.0,4.0,5.0,5.0,KAQZAE_FSR
qmof-fc6aa9f,True,268.364,1.7944,32.260000000000005,20.0,4.0,0.0,4.0,4.0,2.0,3.0,GIFZIG_FSR
qmof-6d961d0,False,,,,,,,,,,,KAZCOD_FSR
qmof-c30f3bc,False,,,,,,,,,,,KAZHEZ_FSR
qmof-f7fed86,True,130.099,-2.343499999999999,80.25999999999999,9.0,4.0,0.0,4.0,4.0,0.0,0.0,KEBQAL_FSR
qmof-fe36449,True,130.099,-2.343499999999999,80.25999999999999,9.0,4.0,0.0,4.0,4.0,0.0,0.0,KEBQEP_FSR
qmof-9df353e,True,170.15499999999997,1.20508,74.97,13.0,5.0,0.0,4.0,1.0,1.0,2.0,COGLOA_FSR
qmof-d5ed188,False,,,,,,,,,,,COGVEC_FSR
qmof-d5dcdb2,True,214.224,0.20598999999999945,56.26,16.0,4.0,0.0,4.0,3.0,1.0,2.0,COHVOM01_FSR
qmof-88da678,True,66.043,-0.44704000000000005,61.68,5.0,3.0,0.0,2.0,0.0,0.0,0.0,COJQEY_FSR
qmof-0faa5f9,True,110.16099999999999,1.638,12.89,7.0,2.0,0.0,1.0,0.0,1.0,1.0,RELLOK_FSR
qmof-00744ff,True,307.2020000000001,-3.5294,214.26,22.0,12.0,2.0,10.0,3.0,1.0,2.0,REMVUC_FSR
qmof-225a152,True,370.3640000000001,4.068200000000004,78.38000000000001,28.0,6.0,0.0,6.0,4.0,4.0,4.0,RIDJIZ_FSR
qmof-a0304d6,True,287.20699999999994,-2.746299999999999,146.16999999999996,21.0,8.0,0.0,8.0,3.0,2.0,2.0,RIGDOC_FSR
qmof-3424c25,True,42.021,-1.4418000000000002,58.7,3.0,3.0,0.0,0.0,0.0,0.0,0.0,RIGROR_FSR
qmof-47e07dd,True,240.18200000000002,-0.5410400000000006,132.22,18.0,8.0,0.0,6.0,0.0,1.0,2.0,RIHSIK_FSR
qmof-92a333a,True,138.10199999999998,1.7386,63.04,10.0,4.0,0.0,2.0,1.0,1.0,1.0,COCPOZ_FSR
qmof-d4b0dbe,True,294.218,-0.8110000000000002,114.4,22.0,6.0,0.0,6.0,2.0,2.0,3.0,GIGBAC_FSR
qmof-edfc49d,False,,,,,,,,,,,KEGVAW_FSR
qmof-2c1dcb9,True,247.011,0.6546999999999998,40.129999999999995,10.0,3.0,0.0,2.0,1.0,1.0,1.0,KEGVEA_FSR
qmof-ddb2d23,False,,,,,,,,,,,KEGZIG_FSR
qmof-4a4cead,True,220.13599999999997,-0.7334000000000003,106.53999999999999,16.0,6.0,0.0,6.0,3.0,2.0,2.0,KEHVAX_FSR
qmof-e82535e,False,,,,,,,,,,,TOXFIX_FSR
qmof-4ffcb6d,True,80.08999999999999,0.4765999999999999,25.78,6.0,2.0,0.0,2.0,0.0,1.0,1.0,TOZGOE01_FSR
qmof-9a8cfcb,False,,,,,,,,,,,TUBMIO_FSR
qmof-b678688,False,,,,,,,,,,,BUNGUN_FSR
qmof-96d8778,False,,,,,,,,,,,BUNHAU_FSR
qmof-dccc2e2,False,,,,,,,,,,,BUNHEY_FSR
qmof-a92c7de,True,510.2520000000003,-2.602219999999999,361.65999999999997,36.0,24.0,2.0,16.0,4.0,0.0,4.0,BUQQIP_FSR
qmof-3348556,True,212.216,0.8479999999999994,61.42,16.0,6.0,0.0,6.0,2.0,3.0,3.0,RETDUS_FSR
qmof-0bc936c,False,,,,,,,,,,,REWJAH_FSR
qmof-453d314,True,398.3320000000002,5.3254000000000055,71.06000000000002,26.0,8.0,0.0,6.0,9.0,2.0,2.0,REQPOV_FSR
qmof-3a7368c,False,,,,,,,,,,,GIMFOZ_FSR
qmof-c07580b,True,190.25,1.56,35.64,14.0,4.0,0.0,4.0,5.0,2.0,2.0,GIFGUA_FSR
qmof-d85a85c,False,,,,,,,,,,,GIFKUE_FSR
qmof-36bc27d,True,300.226,-1.0882000000000005,148.92,22.0,8.0,2.0,6.0,5.0,2.0,2.0,KEKRIE_FSR
qmof-ba4fa5c,True,108.14399999999998,1.039,25.78,8.0,2.0,0.0,2.0,1.0,1.0,1.0,KELCUA01_FSR
qmof-0a9c4b3,True,369.682,2.681300000000001,131.94,24.0,12.0,1.0,4.0,2.0,2.0,2.0,GEZVOY_FSR
qmof-9682aa4,False,,,,,,,,,,,GIDCIF_FSR
qmof-19e56ac,True,146.133,0.02956000000000003,87.46,11.0,5.0,0.0,4.0,0.0,1.0,1.0,GIDQOZ01_FSR
qmof-c895b41,True,168.108,-0.12700000000000006,100.38000000000001,12.0,6.0,2.0,4.0,2.0,1.0,1.0,RAWRUD_FSR
qmof-40bd696,True,248.376,3.558200000000002,25.78,16.0,4.0,0.0,4.0,5.0,2.0,2.0,REJCEP_FSR
qmof-79beb3b,True,42.021,-1.4418000000000002,58.7,3.0,3.0,0.0,0.0,0.0,0.0,0.0,COKNUL_FSR
qmof-75309dd,True,194.09799999999996,-1.2988000000000002,120.06,14.0,6.0,0.0,4.0,2.0,1.0,1.0,COKNUN01_FSR
qmof-2264c2b,True,194.09799999999996,-1.2988000000000002,120.06,14.0,6.0,0.0,4.0,2.0,1.0,1.0,COKPEZ_FSR
qmof-eac69bf,True,58.085,0.66498,23.79,3.0,2.0,0.0,1.0,0.0,0.0,0.0,COLYAE_FSR
qmof-2b9b71a,True,170.164,-1.7073999999999987,80.25999999999999,12.0,4.0,0.0,4.0,2.0,0.0,1.0,TOQROH_FSR
qmof-23397f7,True,111.06800000000001,-1.5269000000000001,109.88000000000001,8.0,7.0,0.0,3.0,0.0,0.0,1.0,TORXOP01_FSR
qmof-a756e86,True,351.318,-0.8946999999999996,128.04,26.0,8.0,0.0,8.0,4.0,3.0,3.0,TOWGAP_FSR
qmof-b89807d,True,164.124,-1.996699999999999,111.72000000000001,12.0,6.0,0.0,3.0,1.0,1.0,1.0,XIPCEF01_FSR
qmof-fe766fb,True,249.633,0.31989999999999985,74.5,17.0,6.0,0.0,5.0,3.0,2.0,2.0,XISFOX_FSR
qmof-7787590,True,137.14199999999997,0.4483699999999999,58.86,10.0,4.0,1.0,4.0,1.0,1.0,1.0,ARINEV_FSR
qmof-b0bfb8e,True,324.117,2.5972100000000005,112.22999999999999,20.0,6.0,0.0,5.0,3.0,1.0,1.0,KERVIP_FSR
qmof-2a0e4a4,False,,,,,,,,,,,KESJAW_FSR
qmof-4d83581,False,,,,,,,,,,,KESSOS01_FSR
qmof-050c6ef,True,536.5360000000003,4.0884000000000045,117.18000000000002,40.0,8.0,0.0,8.0,8.0,5.0,5.0,GESDEP_FSR
qmof-0f35ae8,True,480.5400000000002,1.7751899999999994,121.83000000000001,36.0,12.0,0.0,11.0,8.0,5.0,6.0,KEYFAX_FSR
qmof-cabbf40,True,416.36900000000014,3.350000000000003,132.28,31.0,9.0,0.0,6.0,4.0,4.0,4.0,KEQVOT_FSR
qmof-9ff30cc,False,,,,,,,,,,,RAZBAW_FSR
qmof-79ed331,True,108.14399999999999,1.09344,25.78,8.0,2.0,0.0,2.0,0.0,1.0,1.0,RAZYEX_FSR
qmof-65f6051,False,,,,,,,,,,,REDSEZ01_FSR
qmof-f314ce7,False,,,,,,,,,,,COPACT02_FSR
qmof-37aec10,True,204.232,1.8797999999999997,25.78,16.0,2.0,0.0,2.0,0.0,2.0,2.0,COQPAZ01_FSR
qmof-9d51105,True,204.232,1.8797999999999997,25.78,16.0,2.0,0.0,2.0,0.0,2.0,2.0,COQPAZ_FSR
qmof-206e25b,True,138.17499999999998,1.14158,49.57,9.0,4.0,0.0,3.0,0.0,1.0,1.0,CORJIC_FSR
qmof-c8f88ad,True,185.09499999999997,-1.5513000000000001,128.95000000000002,13.0,8.0,0.0,6.0,1.0,1.0,1.0,KIJYIM01_FSR
qmof-df70e6a,True,366.1980000000001,0.1891799999999998,206.69999999999996,26.0,14.0,0.0,10.0,4.0,0.0,2.0,GEKQUI01_FSR
qmof-74c27d5,False,,,,,,,,,,,KIFRUM_FSR
qmof-a4ca9ef,True,340.39000000000004,2.9581800000000005,59.400000000000006,26.0,6.0,0.0,4.0,4.0,3.0,5.0,KIBQUI_FSR
qmof-0c70758,True,332.406,6.117000000000004,25.78,26.0,2.0,0.0,2.0,2.0,5.0,5.0,TUHWAV_FSR
qmof-b2d2ac6,True,194.14199999999997,-1.8211999999999997,89.49000000000001,14.0,5.0,0.0,5.0,4.0,1.0,1.0,BUCWIH_FSR
qmof-ebe89ba,True,42.021,-1.4418000000000002,58.7,3.0,3.0,0.0,0.0,0.0,0.0,0.0,BUHDAL_FSR
qmof-f837f30,False,,,,,,,,,,,RAQZOZ_FSR
qmof-a123871,False,,,,,,,,,,,RARZAN_FSR
qmof-8a007d6,True,156.18799999999996,2.1435999999999993,25.78,12.0,2.0,0.0,2.0,1.0,2.0,2.0,RASVIT_FSR
qmof-4774c35,True,230.25,1.9761700000000002,49.57,18.0,3.0,0.0,3.0,0.0,2.0,2.0,RATFEA_FSR
qmof-f5af0e8,True,230.25,1.9761700000000002,49.57,18.0,3.0,0.0,3.0,0.0,2.0,2.0,RATFOK_FSR
qmof-f0c9af4,True,485.45600000000024,1.798099999999999,159.03999999999996,36.0,11.0,0.0,10.0,7.0,5.0,5.0,GEMQAS_FSR
qmof-8bbce0c,True,242.21400000000003,0.09239999999999976,95.01,18.0,6.0,1.0,5.0,3.0,2.0,2.0,GERCAK_FSR
qmof-aef676f,True,394.34200000000016,1.0293999999999996,166.54,26.0,12.0,0.0,10.0,7.0,2.0,2.0,KEVGAV_FSR
qmof-ef3b26e,True,188.255,2.6278000000000006,25.78,13.0,3.0,0.0,3.0,2.0,2.0,2.0,KEXFAV_FSR
qmof-21f2274,True,209.11299999999994,-1.6782000000000001,123.39999999999998,15.0,7.0,0.0,6.0,3.0,1.0,1.0,KIVYEU_FSR
qmof-49f5ae1,True,388.7420000000001,6.778200000000003,0.0,18.0,8.0,0.0,8.0,4.0,0.0,2.0,GEHSER01_FSR
qmof-222ea6e,False,,,,,,,,,,,XILSIU_FSR
qmof-0519a50,True,447.40700000000027,0.9966399999999995,159.04000000000002,33.0,11.0,0.0,10.0,5.0,4.0,4.0,XIDZAN_FSR
qmof-96efc84,False,,,,,,,,,,,RALVOR_FSR
qmof-edd4ef0,True,164.11599999999996,-1.5864000000000003,80.25999999999999,12.0,4.0,0.0,4.0,2.0,1.0,1.0,RAMHES01_FSR
qmof-3fccae8,True,380.4500000000001,4.676000000000004,25.78,30.0,2.0,0.0,2.0,0.0,4.0,4.0,RAMJEV_FSR
qmof-5ac6b32,False,,,,,,,,,,,RAMSON_FSR
qmof-33b7d3d,False,,,,,,,,,,,CUCDOX01_FSR
qmof-5bab3c6,True,95.10099999999998,0.8791899999999999,23.14,7.0,2.0,0.0,1.0,0.0,0.0,1.0,CUCPYO12_FSR
qmof-8ee2e69,True,250.26500000000001,1.6817999999999993,61.42,19.0,6.0,0.0,6.0,2.0,4.0,4.0,TUVVAH_FSR
qmof-3165240,False,,,,,,,,,,,TUFJUA_FSR
qmof-8957a59,False,,,,,,,,,,,TUFKAH_FSR
qmof-e6a0327,False,,,,,,,,,,,ARIRUQ_FSR
qmof-7d02795,True,188.16599999999997,-0.3692000000000002,70.84,14.0,5.0,0.0,5.0,2.0,2.0,2.0,ARONAY_FSR
qmof-e3a20ba,True,254.26899999999998,1.2812,77.41,19.0,5.0,1.0,5.0,4.0,2.0,2.0,ARUYIX_FSR
qmof-6492d35,True,266.252,0.5839999999999999,80.25999999999999,20.0,4.0,0.0,4.0,4.0,2.0,2.0,KIZBEC01_FSR
qmof-c72f180,False,,,,,,,,,,,XIFQEK_FSR
qmof-285b2ff,False,,,,,,,,,,,ASAJUZ_FSR
qmof-02fc147,False,,,,,,,,,,,ASAKAG_FSR
qmof-ef5f46f,True,160.136,1.4771999999999996,71.08,12.0,5.0,0.0,3.0,1.0,1.0,2.0,ASAXID_FSR
qmof-f774737,True,342.3100000000001,1.1769999999999998,106.03999999999999,26.0,6.0,0.0,6.0,3.0,4.0,4.0,ASEBAD_FSR
qmof-d4aace5,True,80.08999999999999,0.4765999999999999,25.78,6.0,2.0,0.0,2.0,0.0,1.0,1.0,KIXXAS_FSR
qmof-51f0dec,True,182.114,-1.8576000000000001,111.72000000000001,13.0,7.0,0.0,3.0,1.0,1.0,1.0,KIYCIH_FSR
qmof-7a361fd,True,290.464,2.8908400000000007,51.56,16.0,8.0,0.0,8.0,5.0,2.0,2.0,RAHQOI_FSR
qmof-5c59bff,True,318.51800000000003,3.6710400000000023,51.56,18.0,8.0,0.0,8.0,7.0,2.0,2.0,RAHQUO_FSR
qmof-8cdca87,True,276.43699999999995,2.6641000000000012,51.56,15.0,8.0,0.0,8.0,6.0,2.0,2.0,RAHREZ_FSR
qmof-f51fae1,True,181.10299999999995,0.10209999999999986,103.16999999999999,13.0,6.0,0.0,4.0,2.0,1.0,1.0,RAHYIK_FSR
qmof-78f6bfc,False,,,,,,,,,,,QUZDUM_FSR
qmof-1c721d8,False,,,,,,,,,,,QUZFAU_FSR
qmof-8d4b921,False,,,,,,,,,,,KIVGEC_FSR
qmof-579a1f8,True,360.3950000000001,0.035099999999999465,115.9,25.0,9.0,0.0,9.0,7.0,3.0,3.0,KIVWOD_FSR
qmof-dfd0917,True,194.09799999999996,-1.2988000000000004,120.06,14.0,6.0,0.0,4.0,2.0,1.0,1.0,KOSJAF_FSR
qmof-dc7e5a3,True,194.09799999999996,-1.2988000000000002,120.06,14.0,6.0,0.0,4.0,2.0,1.0,1.0,KOSKUA_FSR
qmof-ba9fbf5,True,277.28100000000006,4.007600000000003,104.65,19.0,7.0,1.0,3.0,3.0,2.0,2.0,CUPSOW_FSR
qmof-f78bef1,True,362.42200000000025,2.6774000000000004,55.38000000000001,26.0,6.0,0.0,6.0,0.0,2.0,3.0,RAFLUG_FSR
qmof-cdfdc6f,False,,,,,,,,,,,QUVVEK_FSR
qmof-ca88fa4,False,,,,,,,,,,,QUVVIO_FSR
qmof-6610b05,False,,,,,,,,,,,QUVWEL_FSR
qmof-bacc828,False,,,,,,,,,,,QUVZOY_FSR
qmof-2edb599,True,313.245,-2.1332999999999984,148.59,23.0,8.0,0.0,6.0,5.0,2.0,2.0,CUHYUB_FSR
qmof-8b755ec,True,313.245,-2.1332999999999984,148.59,23.0,8.0,0.0,6.0,5.0,2.0,2.0,CUJCIV_FSR
qmof-ceeb95d,True,266.252,0.5839999999999999,80.25999999999999,20.0,4.0,0.0,4.0,4.0,2.0,2.0,KIYZID03_FSR
qmof-e2ab328,True,58.085,0.66498,23.79,3.0,2.0,0.0,1.0,0.0,0.0,0.0,KISSIP_FSR
qmof-10cf41c,True,417.3550000000001,-0.9555999999999989,192.87,29.0,12.0,0.0,9.0,3.0,3.0,3.0,KIVDID_FSR
qmof-2c24a5c,True,157.065,-0.6873000000000001,112.74000000000001,11.0,8.0,0.0,5.0,2.0,0.0,1.0,KOGBEP_FSR
qmof-ccd7445,True,314.13000000000005,-1.2176099999999996,223.74,22.0,16.0,0.0,11.0,3.0,0.0,2.0,KOGBUF_FSR
qmof-2967134,False,,,,,,,,,,,KOGCAM_FSR
qmof-67879cc,True,214.17599999999996,-0.43320000000000025,80.25999999999999,16.0,4.0,0.0,4.0,2.0,2.0,2.0,KUDPUV_FSR
qmof-37ddac4,True,123.09099999999998,-1.1599000000000004,65.91,9.0,4.0,0.0,4.0,1.0,1.0,1.0,GALXUO_FSR
qmof-6fb95e8,False,,,,,,,,,,,GANKEM_FSR
qmof-7caab1d,False,,,,,,,,,,,KOZKUH_FSR
qmof-c82cbb7,True,184.20200000000003,1.5635999999999999,53.980000000000004,14.0,4.0,0.0,2.0,3.0,2.0,2.0,KOZZOQ_FSR
qmof-f002901,False,,,,,,,,,,,XIDCET_FSR
qmof-a1a5849,True,208.22400000000002,1.62409,51.18,16.0,4.0,0.0,3.0,2.0,1.0,3.0,QUPZIM01_FSR
qmof-02d00ee,True,455.4020000000001,0.7129999999999999,155.39999999999998,34.0,9.0,0.0,9.0,6.0,4.0,4.0,QUSVIK_FSR
qmof-a6a11b6,True,139.08999999999997,1.1335999999999997,75.93,10.0,5.0,0.0,3.0,1.0,1.0,1.0,QUTBOY_FSR
qmof-711c472,True,410.4330000000001,4.773500000000003,93.21,31.0,7.0,2.0,5.0,6.0,4.0,4.0,CUNFEX_FSR
qmof-05cf9f3,False,,,,,,,,,,,CUPQUA_FSR
qmof-bc0149c,True,121.12299999999999,0.15517000000000003,75.59,9.0,4.0,1.0,4.0,0.0,1.0,1.0,KIWTAM_FSR
qmof-8cf88c7,False,,,,,,,,,,,KIXTIW_FSR
qmof-1215008,False,,,,,,,,,,,KUBCIU_FSR
qmof-ce0c773,False,,,,,,,,,,,KUBYIQ_FSR
qmof-ff76421,True,560.5660000000003,3.135200000000001,152.7,42.0,10.0,0.0,8.0,11.0,5.0,5.0,KOQDEB_FSR
qmof-3825fe9,False,,,,,,,,,,,GADRUB_FSR
qmof-90996c9,False,,,,,,,,,,,GADSAI_FSR
qmof-51703bc,True,58.085,0.66498,23.79,3.0,2.0,0.0,1.0,0.0,0.0,0.0,KUYMIB_FSR
qmof-2be2765,False,,,,,,,,,,,KUQXOK_FSR
qmof-546dd2b,True,156.18799999999996,2.1435999999999993,25.78,12.0,2.0,0.0,2.0,1.0,2.0,2.0,ASOWOU_FSR
qmof-eef474b,True,135.11,-0.9565000000000001,69.53,10.0,6.0,0.0,5.0,0.0,1.0,2.0,XEMWAP_FSR
qmof-738e108,False,,,,,,,,,,,XELQOV_FSR
qmof-6dc7402,False,,,,,,,,,,,KUTJEQ_FSR
qmof-bc379ad,False,,,,,,,,,,,KUTJOA_FSR
qmof-1ad729f,True,298.34599999999995,1.4165999999999999,83.98,22.0,6.0,2.0,4.0,7.0,2.0,2.0,GAJBOK_FSR
qmof-6b4b6aa,True,26.018,0.09637,23.79,2.0,1.0,0.0,1.0,0.0,0.0,0.0,QUMGIP_FSR
qmof-8e732a8,True,298.329,2.701390000000001,63.39,23.0,5.0,0.0,5.0,3.0,3.0,4.0,QUMGUC_FSR
qmof-321595e,True,276.152,2.1825000000000006,95.16,20.0,8.0,0.0,4.0,2.0,1.0,1.0,CUTDOM_FSR
qmof-480bd21,True,204.19199999999998,1.6261,95.16,16.0,4.0,0.0,4.0,2.0,1.0,1.0,CUTDUS01_FSR
qmof-874e961,True,204.19199999999998,1.6261,95.16,16.0,4.0,0.0,4.0,2.0,1.0,1.0,CUTDUS_FSR
qmof-77f477c,True,216.19199999999998,-0.7872000000000001,80.25999999999999,16.0,4.0,0.0,4.0,4.0,1.0,1.0,CUTKUY_FSR
qmof-cf35b6c,False,,,,,,,,,,,FUQHOP_FSR
qmof-3214fca,False,,,,,,,,,,,LAMTOL_FSR
qmof-2fbc4be,False,,,,,,,,,,,LAMTUR_FSR
qmof-eaa76fc,False,,,,,,,,,,,LAMVAZ_FSR
qmof-39b29a5,True,165.10399999999996,-2.1914,93.15,12.0,5.0,0.0,5.0,2.0,1.0,1.0,LALKEP_FSR
qmof-ed866db,False,,,,,,,,,,,XEJCUN_FSR
qmof-83d0f4f,True,163.16,0.09860000000000002,82.44000000000001,12.0,5.0,1.0,3.0,2.0,1.0,1.0,XEKHAY_FSR
qmof-bce77ec,True,238.29399999999998,2.1761999999999997,35.64,18.0,4.0,0.0,4.0,4.0,3.0,3.0,XEKNOS_FSR
qmof-6663119,False,,,,,,,,,,,LAMKUH_FSR
qmof-53f1fd7,True,556.5740000000001,4.061000000000003,124.5,42.0,8.0,0.0,8.0,8.0,6.0,6.0,FUZVAZ_FSR
qmof-21ceae6,True,286.286,3.2398000000000016,119.4,18.0,8.0,0.0,0.0,2.0,2.0,2.0,BUCTAV01_FSR
qmof-419320c,False,,,,,,,,,,,TUPSIG01_FSR
qmof-fd1f953,True,200.05799999999996,-5.237400000000001,148.54,14.0,8.0,0.0,8.0,0.0,0.0,1.0,TURTAB_FSR
qmof-827fbe8,True,208.22400000000002,1.62409,51.18,16.0,4.0,0.0,3.0,2.0,1.0,3.0,QUPZIM_FSR
qmof-e33dcbe,False,,,,,,,,,,,QULKUE_FSR
qmof-1c152b7,True,116.07199999999999,-2.733599999999999,80.25999999999999,8.0,4.0,0.0,4.0,3.0,0.0,0.0,KUPHUY01_FSR
qmof-83480f0,False,,,,,,,,,,,LAVFEW_FSR
qmof-ceef48c,True,250.11799999999994,-4.859400000000001,160.51999999999998,18.0,8.0,0.0,8.0,4.0,1.0,1.0,FUHPAB_FSR
qmof-006ae15,False,,,,,,,,,,,FUJMUU_FSR
qmof-a36c542,True,253.31,3.289880000000001,65.36,18.0,5.0,1.0,3.0,1.0,3.0,3.0,QUCVIU_FSR
qmof-fea0a99,True,346.34200000000004,1.0606,106.03999999999999,26.0,6.0,0.0,6.0,4.0,3.0,3.0,CUTNIP_FSR
qmof-897b9d2,True,194.09799999999996,-1.2988000000000002,120.06,14.0,6.0,0.0,4.0,2.0,1.0,1.0,CUVTUJ_FSR
qmof-bdde1f9,True,80.08999999999999,0.4765999999999999,25.78,6.0,2.0,0.0,2.0,0.0,1.0,1.0,CUWRAO_FSR
qmof-a0eb5fe,True,156.18799999999996,2.1435999999999993,25.78,12.0,2.0,0.0,2.0,1.0,2.0,2.0,CUWRIW_FSR
qmof-9545f03,True,311.26900000000006,-1.0499,120.38999999999999,23.0,6.0,0.0,6.0,4.0,2.0,2.0,CUXPAN_FSR
qmof-de8f90e,True,311.26900000000006,-1.0499,120.38999999999999,23.0,6.0,0.0,6.0,4.0,2.0,2.0,CUXPIV_FSR
qmof-32f04aa,True,311.26900000000006,-1.0499,120.38999999999999,23.0,6.0,0.0,6.0,4.0,2.0,2.0,CUXPOB_FSR
qmof-9ea1107,True,311.26900000000006,-1.0499,120.38999999999999,23.0,6.0,0.0,6.0,4.0,2.0,2.0,CUXPUH_FSR
qmof-fd26248,True,239.2309999999999,-1.894599999999999,132.06,17.0,7.0,1.0,7.0,5.0,1.0,1.0,TUYWIU_FSR
qmof-8d088c8,False,,,,,,,,,,,GACWIT_FSR
qmof-77cf3ff,True,448.43800000000016,3.222200000000001,100.54,34.0,8.0,0.0,6.0,4.0,4.0,6.0,LASSEF_FSR
qmof-dc4c416,True,404.3380000000002,-1.0053999999999992,168.38,30.0,10.0,0.0,8.0,4.0,3.0,3.0,LASTEG_FSR
qmof-366a2aa,True,438.20100000000014,2.703400000000002,272.94,31.0,19.0,0.0,12.0,8.0,2.0,2.0,LAWFAR_FSR
qmof-4c5a21f,True,170.164,-1.7073999999999987,80.25999999999999,12.0,4.0,0.0,4.0,2.0,0.0,1.0,LAWRUY_FSR
qmof-90abf4c,False,,,,,,,,,,,XEHXOY_FSR
qmof-d277af2,True,266.252,0.5839999999999999,80.25999999999999,20.0,4.0,0.0,4.0,4.0,2.0,2.0,CUXQIW_FSR
qmof-6ea4b0d,True,469.42900000000014,0.49970000000000003,155.39999999999998,35.0,9.0,0.0,9.0,7.0,4.0,4.0,CUXSUK_FSR
qmof-ad8814b,True,497.42700000000013,0.8368,184.82,37.0,13.0,0.0,12.0,6.0,5.0,5.0,CUXTOG_FSR
qmof-43f8428,True,157.065,0.7609999999999999,69.75999999999999,10.0,5.0,0.0,2.0,1.0,1.0,1.0,CUYJIQ_FSR
qmof-61fe6ed,True,320.40100000000007,3.7511800000000015,59.43,23.0,6.0,0.0,5.0,3.0,4.0,4.0,CUYSAR_FSR
qmof-a6c2dc0,True,109.09200000000001,-1.3379,85.16000000000001,8.0,5.0,0.0,1.0,0.0,0.0,1.0,QOXBUC_FSR
qmof-7d144b5,True,156.18799999999996,2.1435999999999993,25.78,12.0,2.0,0.0,2.0,1.0,2.0,2.0,QOXFAK02_FSR
qmof-9b4c654,True,170.14499999999995,-1.5249000000000001,80.25999999999999,11.0,5.0,0.0,5.0,2.0,1.0,1.0,QOZXUZ_FSR
qmof-c521538,True,392.264,1.1135999999999995,106.03999999999999,28.0,10.0,0.0,6.0,3.0,3.0,3.0,QUKREU_FSR
qmof-dca8305,False,,,,,,,,,,,LATJUO_FSR
qmof-d23c199,False,,,,,,,,,,,LATKAV_FSR
qmof-3d621ad,True,496.4750000000002,2.3378000000000005,152.57,37.0,9.0,1.0,8.0,8.0,4.0,4.0,LATQUV_FSR
qmof-6e6b22b,False,,,,,,,,,,,LAVFAS_FSR
qmof-223769d,True,453.3830000000001,-1.7836999999999956,173.86,33.0,11.0,0.0,11.0,10.0,3.0,3.0,LELMIZ_FSR
qmof-4389c27,True,216.19199999999998,-0.7872000000000001,80.25999999999999,16.0,4.0,0.0,4.0,4.0,1.0,1.0,FOWKEI_FSR
qmof-67389c3,True,503.5180000000002,2.2912,128.79000000000002,38.0,9.0,0.0,9.0,6.0,6.0,6.0,LEBYAU_FSR
qmof-b8ca403,True,194.09799999999996,-1.2988000000000002,120.06,14.0,6.0,0.0,4.0,2.0,1.0,1.0,LECQEQ_FSR
qmof-373fda4,True,162.196,0.7798,35.64,12.0,4.0,0.0,4.0,3.0,2.0,2.0,LEXXAP_FSR
qmof-d071ed8,True,334.428,4.141280000000003,59.43,24.0,6.0,0.0,5.0,4.0,4.0,4.0,CUYTEW_FSR
qmof-d55ec67,True,130.12999999999997,1.0496499999999997,60.47,10.0,3.0,0.0,3.0,0.0,1.0,1.0,CYPYCU10_FSR
qmof-d14d764,True,439.4270000000001,1.2115000000000002,128.04,33.0,8.0,0.0,8.0,5.0,4.0,4.0,DABWEL_FSR
qmof-f69d443,True,402.3700000000002,-0.47050000000000125,162.77,30.0,10.0,1.0,10.0,4.0,4.0,4.0,UDIRAB_FSR
qmof-b696fc8,True,165.10399999999996,-2.1914,93.15,12.0,5.0,0.0,5.0,2.0,1.0,1.0,BOXMEI_FSR
qmof-27e3cca,True,432.47200000000026,3.3252000000000015,98.72,32.0,6.0,0.0,6.0,10.0,3.0,3.0,UCADUA_FSR
qmof-7d4712b,True,207.11699999999993,-3.2229,120.38999999999999,15.0,6.0,0.0,6.0,3.0,1.0,1.0,UCAXIG_FSR
qmof-a5a6fa2,True,202.189,0.6068999999999998,62.25,15.0,4.0,0.0,4.0,2.0,2.0,2.0,LAYLEF_FSR
qmof-6880c1e,True,42.021,-1.4418000000000002,58.7,3.0,3.0,0.0,0.0,0.0,0.0,0.0,LAZDAS_FSR
qmof-38716ea,True,151.14499999999998,-0.7855000000000001,92.16999999999999,11.0,4.0,2.0,4.0,1.0,1.0,1.0,LAVYEN01_FSR
qmof-0c122db,True,438.20100000000014,2.703400000000002,272.94,31.0,19.0,0.0,12.0,8.0,2.0,2.0,LAWDUJ_FSR
qmof-881eff2,True,500.57100000000014,4.392670000000003,126.52999999999999,37.0,10.0,0.0,8.0,4.0,4.0,6.0,LESZEP_FSR
qmof-99861b8,True,276.2970000000001,2.5558000000000005,113.92000000000002,19.0,7.0,1.0,1.0,4.0,2.0,2.0,FOSQEK_FSR
qmof-16367a4,True,276.2970000000001,2.5558000000000005,113.92000000000002,19.0,7.0,1.0,1.0,4.0,2.0,2.0,FOSQIO_FSR
qmof-8442576,True,276.2970000000001,2.5558000000000005,113.92000000000002,19.0,7.0,1.0,1.0,4.0,2.0,2.0,FOSQUA_FSR
qmof-f1ab94c,False,,,,,,,,,,,FOTNEJ_FSR
qmof-53b3cdb,False,,,,,,,,,,,XASSAO_FSR
qmof-e4a5ede,True,164.11599999999996,-1.5864000000000003,80.25999999999999,12.0,4.0,0.0,4.0,2.0,1.0,1.0,XATRIU01_FSR
qmof-4d66a69,True,164.11599999999996,-1.5864000000000003,80.25999999999999,12.0,4.0,0.0,4.0,2.0,1.0,1.0,XATRIU_FSR
qmof-3d831dd,True,452.2000000000002,-3.570619999999999,286.96,32.0,18.0,0.0,14.0,6.0,0.0,2.0,QIXGEK_FSR
qmof-cc37fc3,True,160.09199999999998,-1.01764,106.44,12.0,6.0,0.0,4.0,0.0,0.0,1.0,QOPCED_FSR
qmof-efc86e6,True,58.085,0.66498,23.79,3.0,2.0,0.0,1.0,0.0,0.0,0.0,DAFGUN_FSR
qmof-17b2b67,False,,,,,,,,,,,QOCZUG_FSR
qmof-0e31ab4,False,,,,,,,,,,,QOHDEY_FSR
qmof-0cf7471,True,447.4070000000001,0.49799999999999844,159.03999999999996,33.0,11.0,0.0,10.0,7.0,4.0,4.0,QORREW_FSR
qmof-6707d22,True,108.14399999999999,1.09344,25.78,8.0,2.0,0.0,2.0,0.0,1.0,1.0,XANKED_FSR
qmof-602401f,False,,,,,,,,,,,LEJJIV01_FSR
qmof-f5fa47d,False,,,,,,,,,,,LIFTOL_FSR
qmof-b2bccba,True,194.14199999999997,-1.8211999999999997,89.49000000000001,14.0,5.0,0.0,5.0,4.0,1.0,1.0,FOGXEF_FSR
qmof-249932b,True,250.11799999999994,-4.859400000000001,160.51999999999998,18.0,8.0,0.0,8.0,4.0,1.0,1.0,XAGPUT_FSR
qmof-b14702d,True,80.08999999999999,0.4765999999999999,25.78,6.0,2.0,0.0,2.0,0.0,1.0,1.0,AWAWIF_FSR
qmof-cd3d266,True,430.4240000000001,5.014600000000004,34.14,30.0,4.0,0.0,2.0,7.0,4.0,4.0,LICDIL_FSR
qmof-e6d350b,True,610.5780000000002,1.625000000000001,186.29999999999995,46.0,10.0,0.0,10.0,9.0,5.0,5.0,LICHIR_FSR
qmof-c533c0e,True,392.34700000000004,2.3035000000000005,146.34999999999997,29.0,9.0,1.0,7.0,5.0,3.0,3.0,FOJZEL_FSR
qmof-17f519a,True,267.2169999999999,0.07200000000000012,121.6,19.0,8.0,1.0,6.0,6.0,1.0,1.0,FOMNOM_FSR
qmof-313a301,True,42.021,-1.4418000000000002,58.7,3.0,3.0,0.0,0.0,0.0,0.0,0.0,LEXNOT_FSR
qmof-5c28dc8,False,,,,,,,,,,,DANHIL_FSR
qmof-50b429d,False,,,,,,,,,,,QIYNOB03_FSR
qmof-11e1ff2,True,340.1120000000001,-5.042999999999999,246.79999999999995,24.0,14.0,0.0,12.0,6.0,1.0,1.0,DAHZAO_FSR
qmof-8491731,True,256.21299999999997,0.20589999999999975,89.49000000000001,19.0,5.0,0.0,5.0,4.0,2.0,2.0,DAKMIN_FSR
qmof-21409d2,True,447.4070000000001,0.49799999999999844,159.03999999999996,33.0,11.0,0.0,10.0,7.0,4.0,4.0,DALCAX_FSR
qmof-d9678a4,True,209.11299999999994,-1.6782000000000001,123.39999999999998,15.0,7.0,0.0,6.0,3.0,1.0,1.0,QIVTUL_FSR
qmof-afcfed2,True,322.32000000000005,0.2455999999999996,106.03999999999999,24.0,6.0,0.0,6.0,5.0,2.0,2.0,QIVYUR_FSR
qmof-0d1d4bd,True,211.10899999999995,-0.13350000000000017,126.41,15.0,8.0,0.0,6.0,3.0,1.0,1.0,LIYVOG_FSR
qmof-33414d4,True,144.126,-1.9533999999999987,80.25999999999999,10.0,4.0,0.0,4.0,5.0,0.0,0.0,FOBGEJ_FSR
qmof-60f2715,True,294.242,0.2467999999999998,153.92000000000002,22.0,12.0,0.0,10.0,2.0,2.0,4.0,LIRXUG_FSR
qmof-e8169c3,False,,,,,,,,,,,XACYUV_FSR
qmof-07fb9bf,False,,,,,,,,,,,AWOMEG_FSR
qmof-bafaf9d,True,108.14399999999999,1.09344,25.78,8.0,2.0,0.0,2.0,0.0,1.0,1.0,LINQOP_FSR
qmof-75a4330,True,313.2410000000001,-1.6438999999999993,129.62,23.0,7.0,0.0,7.0,6.0,2.0,2.0,FOCNIX_FSR
qmof-dd19832,True,165.10399999999996,-2.1914,93.15,12.0,5.0,0.0,5.0,2.0,1.0,1.0,FODHEM_FSR
qmof-cef46c3,True,268.22799999999995,-0.4994000000000003,108.46000000000001,20.0,6.0,0.0,4.0,5.0,2.0,2.0,UFOQEO_FSR
qmof-f0a7d0f,True,122.10299999999997,-0.5549000000000002,53.019999999999996,9.0,3.0,0.0,3.0,1.0,1.0,1.0,UFETEG01_FSR
qmof-91f487b,True,244.09499999999997,-0.4153100000000001,166.72,17.0,11.0,1.0,8.0,3.0,0.0,1.0,UDESIG01_FSR
qmof-8795f0c,False,,,,,,,,,,,QIXPET_FSR
qmof-74db68b,True,166.09199999999998,-2.7964,106.03999999999999,12.0,6.0,0.0,6.0,2.0,1.0,1.0,QITNEN_FSR
qmof-47df5b7,True,292.266,1.4567999999999997,128.14,22.0,10.0,0.0,8.0,2.0,2.0,4.0,QITZUP_FSR
qmof-cfc5ef6,True,185.996,1.0945999999999998,113.74000000000001,10.0,8.0,0.0,2.0,3.0,0.0,0.0,DALRAK_FSR
qmof-3f9c4e1,True,156.18799999999996,2.1435999999999993,25.78,12.0,2.0,0.0,2.0,1.0,2.0,2.0,LIGYUX_FSR
qmof-e125d99,False,,,,,,,,,,,FIVPIK_FSR
qmof-6810890,False,,,,,,,,,,,WUVBAR_FSR
qmof-08ed257,True,225.14000000000001,-4.392199999999998,165.9,16.0,9.0,0.0,5.0,1.0,1.0,1.0,WUVYOC_FSR
qmof-5a93d85,True,238.294,2.10058,53.980000000000004,18.0,4.0,0.0,2.0,5.0,2.0,2.0,AWOVUE_FSR
qmof-d0592e2,True,80.08999999999999,0.4765999999999999,25.78,6.0,2.0,0.0,2.0,0.0,1.0,1.0,QIBVED_FSR
qmof-d2b7ca9,False,,,,,,,,,,,QEZNOA_FSR
qmof-b2849dd,False,,,,,,,,,,,QEZQIX_FSR
qmof-9c01d33,False,,,,,,,,,,,QEZQOD_FSR
qmof-39c37e1,True,424.41600000000005,1.6441999999999992,134.24,32.0,8.0,0.0,6.0,6.0,4.0,4.0,UFOGEE_FSR
qmof-c0e5f08,True,348.4960000000001,5.663380000000003,25.78,24.0,4.0,0.0,4.0,4.0,2.0,4.0,UFONOS_FSR
qmof-915b8e1,True,348.4960000000001,5.663380000000003,25.78,24.0,4.0,0.0,4.0,4.0,2.0,4.0,UFONUY_FSR
qmof-2e883c9,True,348.4960000000001,5.663380000000003,25.78,24.0,4.0,0.0,4.0,4.0,2.0,4.0,UFOPAG_FSR
qmof-d309263,True,179.10699999999994,-1.4426000000000003,100.16,13.0,5.0,0.0,4.0,2.0,1.0,1.0,FODHIQ_FSR
qmof-a79f7a8,True,476.5320000000001,3.088800000000001,106.03999999999999,36.0,6.0,0.0,6.0,8.0,4.0,4.0,LIKPUS_FSR
qmof-cc6b28f,True,108.14399999999999,1.09344,25.78,8.0,2.0,0.0,2.0,0.0,1.0,1.0,LINPAA_FSR
qmof-2bd31fe,True,535.5130000000003,0.5185999999999995,207.38,39.0,13.0,2.0,10.0,12.0,3.0,3.0,LIYHAE_FSR
qmof-1b6c849,True,106.10799999999999,0.57297,49.57,8.0,3.0,0.0,3.0,0.0,1.0,1.0,AXAQAT02_FSR
qmof-4e4607a,True,241.00199999999995,2.1900000000000004,56.87,10.0,6.0,0.0,2.0,1.0,1.0,1.0,WUJFEN_FSR
qmof-cc574ac,True,397.19000000000005,4.333600000000002,82.64999999999999,22.0,8.0,0.0,4.0,2.0,3.0,3.0,WUJFIR_FSR
qmof-846b87e,True,250.285,1.81476,87.46,19.0,5.0,0.0,4.0,3.0,2.0,2.0,WUJLUI01_FSR
qmof-4577c03,True,600.6400000000002,-4.262309999999998,290.17999999999995,40.0,20.0,4.0,16.0,13.0,1.0,2.0,LOVQUI_FSR
qmof-a7ec253,True,58.085,0.66498,23.79,3.0,2.0,0.0,1.0,0.0,0.0,0.0,LOVTAR_FSR
qmof-102839a,True,156.18799999999996,2.1435999999999993,25.78,12.0,2.0,0.0,2.0,1.0,2.0,2.0,LONKUU01_FSR
qmof-3927138,True,241.00199999999995,2.1900000000000004,56.87,10.0,6.0,0.0,2.0,1.0,1.0,1.0,LONRAJ_FSR
qmof-c08af26,True,188.154,-0.7134000000000005,122.77000000000001,14.0,8.0,0.0,4.0,1.0,1.0,2.0,LOQFAA_FSR
qmof-49c91df,True,768.4749999999998,2.50239,119.56000000000002,38.0,14.0,3.0,7.0,13.0,2.0,3.0,DAXZOU_FSR
qmof-8fc0c9f,False,,,,,,,,,,,QIBBAH_FSR
qmof-6cb849a,True,518.4650000000001,0.4396999999999991,184.83999999999992,39.0,11.0,0.0,11.0,6.0,5.0,5.0,QEXKEM_FSR
qmof-b10652a,True,210.24000000000004,1.3203799999999997,53.980000000000004,16.0,4.0,0.0,2.0,5.0,2.0,2.0,QEQDEW_FSR
qmof-97a9a72,True,112.03999999999999,-1.7236000000000002,68.28,8.0,4.0,0.0,4.0,0.0,0.0,1.0,QEQSOV_FSR
qmof-52246fc,True,140.09399999999997,-2.4013999999999998,80.25999999999999,10.0,4.0,0.0,4.0,3.0,0.0,0.0,QETBOJ_FSR
qmof-0eafb2f,False,,,,,,,,,,,LOBBEJ_FSR
qmof-2622a28,True,266.20799999999997,-0.37500000000000044,97.33000000000001,20.0,5.0,0.0,5.0,2.0,2.0,3.0,AXOVIT_FSR
qmof-243bd48,True,347.2390000000001,-2.1312000000000006,206.65999999999997,25.0,11.0,3.0,9.0,4.0,2.0,2.0,LURDAE_FSR
qmof-2cc3702,True,259.217,-1.2663999999999986,107.19999999999999,19.0,6.0,0.0,5.0,2.0,2.0,2.0,LUSGUC_FSR
qmof-58640c4,True,114.05599999999998,-2.9576000000000002,80.25999999999999,8.0,4.0,0.0,4.0,2.0,0.0,0.0,LUWCEL01_FSR
qmof-7b87b88,False,,,,,,,,,,,FIJSAU_FSR
qmof-a498ebd,True,236.23800000000003,0.7223999999999998,78.7,18.0,6.0,0.0,4.0,2.0,2.0,3.0,FIMKEU_FSR
qmof-009e30a,False,,,,,,,,,,,LULFUT_FSR
qmof-0455cd5,True,240.222,0.581,88.12,18.0,6.0,0.0,4.0,2.0,2.0,2.0,LULGIJ_FSR
qmof-2a38a87,True,387.3950000000002,1.1989999999999994,132.06,29.0,7.0,1.0,7.0,5.0,3.0,3.0,LULXEX_FSR
qmof-4a2d090,False,,,,,,,,,,,LUGTOX_FSR
qmof-d776b6f,False,,,,,,,,,,,LOVGOU_FSR
qmof-18e13b8,False,,,,,,,,,,,DAZHAO_FSR
qmof-b575710,False,,,,,,,,,,,DAZPYC02_FSR
qmof-d6798a9,True,130.14999999999998,1.6297999999999995,25.78,10.0,2.0,0.0,2.0,0.0,2.0,2.0,QEJLUN01_FSR
qmof-99d6026,False,,,,,,,,,,,QENBAP_FSR
qmof-da90427,True,225.23100000000002,1.2552999999999999,69.31,17.0,5.0,0.0,4.0,3.0,2.0,2.0,DAXGER_FSR
qmof-83713ea,True,42.021,-1.4418000000000002,58.7,3.0,3.0,0.0,0.0,0.0,0.0,0.0,FILSAV01_FSR
qmof-e9201ea,False,,,,,,,,,,,FIMDAG_FSR
qmof-14990b5,True,108.14399999999999,1.09344,25.78,8.0,2.0,0.0,2.0,0.0,1.0,1.0,LUMPAL_FSR
qmof-ff5cabd,True,80.08999999999999,0.4765999999999999,25.78,6.0,2.0,0.0,2.0,0.0,1.0,1.0,LUMPOZ_FSR
qmof-00973d4,True,94.11699999999999,0.7850199999999998,25.78,7.0,2.0,0.0,2.0,0.0,1.0,1.0,LUMQEQ_FSR
qmof-530af98,True,215.16199999999995,0.3938999999999999,119.72999999999999,14.0,7.0,0.0,2.0,2.0,1.0,1.0,LUWZEJ_FSR
qmof-953f377,True,198.201,1.1120999999999999,53.019999999999996,15.0,3.0,0.0,3.0,2.0,2.0,2.0,LUXBAI_FSR
qmof-b30a68e,True,194.264,1.3793,39.35,12.0,5.0,0.0,4.0,1.0,1.0,2.0,FIHWOK_FSR
qmof-dbaf834,False,,,,,,,,,,,BOPCIT_FSR
qmof-1aa1ca3,True,214.273,2.80858,49.57,15.0,4.0,0.0,3.0,1.0,2.0,2.0,BOQSUW01_FSR
qmof-f3e9eb2,True,240.311,3.311980000000002,49.57,17.0,4.0,0.0,3.0,2.0,2.0,2.0,BOQTAD_FSR
qmof-411ae6c,True,252.27199999999996,0.20359999999999978,80.25999999999999,16.0,6.0,0.0,6.0,3.0,2.0,2.0,QEDMAQ_FSR
qmof-295200f,False,,,,,,,,,,,WUGLIU_FSR
qmof-b9019be,False,,,,,,,,,,,WUGLOA_FSR
qmof-64aeaba,True,324.47400000000005,5.061200000000003,25.78,22.0,4.0,0.0,4.0,6.0,3.0,3.0,AXOLOO_FSR
qmof-c31564c,True,266.20799999999997,-0.37500000000000044,97.33000000000001,20.0,5.0,0.0,5.0,2.0,2.0,3.0,AXOVEP_FSR
qmof-1cc7f79,True,182.226,2.6470000000000002,25.78,14.0,2.0,0.0,2.0,2.0,2.0,2.0,MAFZAW01_FSR
qmof-7787227,True,206.185,-0.8768,115.55999999999997,15.0,7.0,0.0,4.0,0.0,1.0,1.0,MAKRIA_FSR
qmof-4086205,True,299.333,3.128700000000001,54.88,23.0,4.0,1.0,3.0,2.0,3.0,3.0,FIJCAE_FSR
qmof-c8a0720,True,299.333,3.128700000000001,54.88,23.0,4.0,1.0,3.0,2.0,3.0,3.0,FIJCEI_FSR
qmof-caee757,True,288.25800000000004,1.3109999999999997,80.25999999999999,22.0,4.0,0.0,4.0,2.0,4.0,4.0,FIJFUA_FSR
qmof-5c15ba0,True,156.54799999999997,0.0984999999999997,53.019999999999996,10.0,4.0,0.0,3.0,1.0,1.0,1.0,FIDXIC_FSR
qmof-4def5e6,False,,,,,,,,,,,FIFZOJ10_FSR
qmof-11e62e0,False,,,,,,,,,,,QAWGUT_FSR
qmof-556d95b,True,331.21599999999995,-2.2330999999999985,176.41999999999996,24.0,10.0,0.0,9.0,4.0,2.0,2.0,QAWJOP01_FSR
qmof-9c7dfa6,True,156.18799999999996,2.1435999999999993,25.78,12.0,2.0,0.0,2.0,1.0,2.0,2.0,DAZYEI_FSR
qmof-190ac36,True,80.08999999999999,0.4765999999999999,25.78,6.0,2.0,0.0,2.0,0.0,1.0,1.0,DECBAQ_FSR
qmof-999a11d,False,,,,,,,,,,,DECVUE_FSR
qmof-d99607b,True,274.228,-0.9028000000000003,98.72,20.0,6.0,0.0,6.0,6.0,2.0,2.0,QAVDIC01_FSR
qmof-4d037f7,True,211.135,-2.3830999999999993,163.47,13.0,11.0,2.0,5.0,0.0,0.0,1.0,QAVDOG_FSR
qmof-56c641d,True,224.16799999999995,-2.055999999999999,98.72,16.0,6.0,0.0,6.0,6.0,1.0,1.0,UGAYAE_FSR
qmof-c246a61,True,165.10399999999996,-2.1914,93.15,12.0,5.0,0.0,5.0,2.0,1.0,1.0,FIKNAP_FSR
qmof-b1bca8e,True,158.16400000000002,0.9335999999999998,51.56,12.0,4.0,0.0,4.0,1.0,2.0,2.0,WOTZIQ_FSR
qmof-3355877,False,,,,,,,,,,,MACHII01_FSR
qmof-221d349,True,472.47600000000017,2.1129999999999995,156.03999999999996,36.0,12.0,0.0,10.0,4.0,5.0,6.0,FEVRED_FSR
qmof-d6e3fbd,True,320.26400000000007,-0.6724000000000003,131.82,24.0,8.0,0.0,8.0,4.0,3.0,3.0,FEWHAS_FSR
qmof-9e477b5,True,42.021,-1.4418000000000002,58.7,3.0,3.0,0.0,0.0,0.0,0.0,0.0,FEWRAB_FSR
qmof-c8c50e9,True,489.7350000000001,7.673760000000007,38.67,33.0,6.0,0.0,6.0,9.0,4.0,4.0,QARPUX_FSR
qmof-0908118,True,489.7350000000001,7.673760000000007,38.67,33.0,6.0,0.0,6.0,9.0,4.0,4.0,QARQAE_FSR
qmof-3422a7a,True,146.13299999999998,0.7283999999999999,64.07,11.0,5.0,0.0,4.0,1.0,1.0,2.0,DEGJEG_FSR
qmof-b3af55f,True,241.254,1.0255999999999998,80.13000000000001,18.0,6.0,1.0,5.0,3.0,2.0,2.0,QAJZEJ_FSR
qmof-044adae,True,224.239,1.6155,53.019999999999996,17.0,3.0,0.0,3.0,3.0,2.0,2.0,QAKDAH_FSR
qmof-e2276ee,True,66.043,-0.44704000000000005,61.68,5.0,3.0,0.0,2.0,0.0,0.0,0.0,QAKWUV_FSR
qmof-d7df6c4,True,58.085,0.66498,23.79,3.0,2.0,0.0,1.0,0.0,0.0,0.0,QANYIQ_FSR
qmof-48b0e97,True,206.28799999999998,4.413200000000003,0.0,16.0,0.0,0.0,0.0,3.0,2.0,2.0,QAFMAM_FSR
qmof-195c0ca,True,224.223,2.1936,64.7,17.0,5.0,0.0,5.0,2.0,3.0,3.0,FIGHAF_FSR
qmof-4f153a3,True,224.223,2.1936,64.7,17.0,5.0,0.0,5.0,2.0,3.0,3.0,FIGHEJ_FSR
qmof-e9e813b,True,213.204,0.44739999999999974,85.17,16.0,7.0,1.0,6.0,2.0,3.0,3.0,LUYRAA_FSR
qmof-0b46ca0,False,,,,,,,,,,,FELXAV_FSR
qmof-fec0e15,False,,,,,,,,,,,MEBLUD_FSR
qmof-de0077f,True,328.2440000000001,2.8832900000000006,112.08000000000001,23.0,8.0,0.0,4.0,2.0,2.0,3.0,PUTFER_FSR
qmof-fd9adfa,True,42.021,-1.4418000000000002,58.7,3.0,3.0,0.0,0.0,0.0,0.0,0.0,PUVQUT_FSR
qmof-14fbfb7,True,318.2010000000001,-3.4524999999999997,179.92,23.0,11.0,3.0,9.0,4.0,1.0,2.0,PUVWAG_FSR
qmof-e102d07,False,,,,,,,,,,,QAGZOP_FSR
qmof-8a65b8e,True,274.228,-0.9028000000000003,98.72,20.0,6.0,0.0,6.0,6.0,2.0,2.0,DEGLOS_FSR
qmof-fd09389,True,197.213,3.3099000000000016,36.97,15.0,2.0,0.0,1.0,2.0,2.0,2.0,DEHGAB_FSR
qmof-b243d26,True,303.18600000000004,-0.9270000000000003,117.22999999999999,21.0,7.0,0.0,5.0,4.0,2.0,2.0,DEHWOE_FSR
qmof-3998694,True,239.23,1.9445,72.39,18.0,4.0,0.0,3.0,3.0,2.0,2.0,QADHOT01_FSR
qmof-083a454,True,132.071,-3.7628,100.49,9.0,5.0,1.0,5.0,3.0,0.0,0.0,MALAMN01_FSR
qmof-97fc651,True,182.20600000000002,2.2399699999999996,49.57,14.0,3.0,0.0,3.0,1.0,2.0,2.0,MASMEY02_FSR
qmof-b788d3d,True,449.5340000000002,5.017840000000007,90.63,34.0,6.0,0.0,6.0,5.0,4.0,4.0,MATLUR_FSR
qmof-8fd706f,True,352.5280000000001,5.343400000000004,25.78,24.0,4.0,0.0,4.0,8.0,3.0,3.0,MAXLEC_FSR
qmof-9feb37c,True,624.7000000000003,7.722400000000008,155.04000000000002,44.0,12.0,0.0,4.0,6.0,7.0,7.0,FEPFIS_FSR
qmof-6f67857,False,,,,,,,,,,,MARFOC_FSR
qmof-6f05745,True,138.102,1.7386,63.04,10.0,4.0,0.0,2.0,1.0,1.0,1.0,FEDKAA_FSR
qmof-5ed9aed,True,139.10999999999999,1.3003999999999998,63.37,10.0,4.0,1.0,3.0,1.0,1.0,1.0,FEDMAC_FSR
qmof-c32a137,True,309.372,4.872600000000004,38.67,24.0,3.0,0.0,3.0,3.0,4.0,4.0,FEFTER_FSR
qmof-abe19f3,True,62.004000000000005,-0.3914000000000001,63.04,4.0,4.0,0.0,2.0,0.0,0.0,0.0,MAYBUK_FSR
qmof-198219a,True,240.29100000000003,2.6621000000000006,51.56,17.0,5.0,0.0,5.0,2.0,3.0,3.0,MEPFIX_FSR
qmof-354fde1,False,,,,,,,,,,,MEKDEM_FSR
qmof-879a6d6,True,240.21399999999997,0.08059999999999978,80.25999999999999,18.0,4.0,0.0,4.0,3.0,2.0,2.0,WOKVID_FSR
qmof-ff83ea3,True,234.262,2.6006,51.56,18.0,4.0,0.0,4.0,2.0,3.0,3.0,WOLMEQ_FSR
qmof-6c0ffdd,True,418.4640000000001,4.9962000000000035,83.82000000000001,32.0,8.0,0.0,8.0,6.0,5.0,5.0,BOKSOK_FSR
qmof-f5dbc93,True,156.18799999999996,2.1435999999999993,25.78,12.0,2.0,0.0,2.0,1.0,2.0,2.0,BOKWII_FSR
qmof-a6f4cc1,True,106.108,0.57297,49.57,8.0,3.0,0.0,3.0,0.0,1.0,1.0,PYAZCU10_FSR
qmof-8e85940,True,108.14399999999998,0.5403,38.91,8.0,2.0,1.0,2.0,1.0,1.0,1.0,AYELOH_FSR
qmof-054541d,True,108.14399999999998,0.5403,38.91,8.0,2.0,1.0,2.0,1.0,1.0,1.0,AYELUN_FSR
qmof-f5690c7,True,380.35600000000005,0.0875999999999999,124.5,28.0,8.0,0.0,8.0,7.0,3.0,3.0,AYIWOV01_FSR
qmof-4fc4a40,True,145.16500000000002,1.4716999999999998,41.57,11.0,3.0,1.0,2.0,1.0,2.0,2.0,AYODIC_FSR
qmof-b0186a3,False,,,,,,,,,,,MEKDUC_FSR
qmof-84292ef,True,156.18799999999996,2.1435999999999993,25.78,12.0,2.0,0.0,2.0,1.0,2.0,2.0,FAXGUH_FSR
qmof-1c86de8,True,388.4340000000001,4.724600000000004,77.34,30.0,6.0,0.0,6.0,4.0,5.0,5.0,FAXJUM_FSR
qmof-df6c211,False,,,,,,,,,,,FEHGUX_FSR
qmof-dfef5fe,False,,,,,,,,,,,MESWEM_FSR
qmof-dee632b,True,93.129,1.64228,23.79,7.0,1.0,0.0,1.0,1.0,0.0,0.0,FAZWOS_FSR
qmof-a74b442,True,396.40200000000004,2.2241999999999997,106.03999999999999,30.0,6.0,0.0,6.0,4.0,4.0,4.0,FAZYEL_FSR
qmof-6aa9860,True,164.11599999999996,-1.5864000000000003,80.25999999999999,12.0,4.0,0.0,4.0,2.0,1.0,1.0,PUPTOK_FSR
qmof-fbfab17,True,192.226,0.34999999999999987,61.42,14.0,6.0,0.0,6.0,5.0,2.0,2.0,DEPWUR_FSR
qmof-c14baa5,False,,,,,,,,,,,POTQEW_FSR
qmof-2084a97,False,,,,,,,,,,,POXKET_FSR
qmof-a09abf4,True,250.66099999999997,1.0234999999999999,67.07,17.0,5.0,0.0,3.0,1.0,2.0,2.0,POYQOK_FSR
qmof-9e9806d,True,26.018,0.09637,23.79,2.0,1.0,0.0,1.0,0.0,0.0,0.0,WOPJIW_FSR
qmof-b65a2da,True,328.19200000000006,-4.4024,186.3,24.0,10.0,0.0,10.0,5.0,2.0,2.0,WOCHUS_FSR
qmof-32457b4,True,618.5140000000001,-1.9077999999999948,230.3,46.0,14.0,0.0,14.0,8.0,5.0,6.0,MEXLAE_FSR
qmof-0db285c,True,138.10199999999998,1.7386,63.04,10.0,4.0,0.0,2.0,1.0,1.0,1.0,FECVEO_FSR
qmof-52a1760,True,138.102,1.7386,63.04,10.0,4.0,0.0,2.0,1.0,1.0,1.0,FEDFOJ_FSR
qmof-1c5a2db,True,80.08999999999999,0.4765999999999999,25.78,6.0,2.0,0.0,2.0,0.0,1.0,1.0,WIRGEM_FSR
qmof-17c0863,True,170.164,-1.7073999999999987,80.25999999999999,12.0,4.0,0.0,4.0,2.0,0.0,1.0,MIXFAC_FSR
qmof-c05a1d4,False,,,,,,,,,,,FASKUI_FSR
qmof-646df48,True,380.35600000000005,0.0875999999999999,124.5,28.0,8.0,0.0,8.0,7.0,3.0,3.0,MIRWIU_FSR
qmof-57bbdbb,True,85.082,-0.6876,40.129999999999995,6.0,2.0,0.0,2.0,1.0,0.0,0.0,WOFSUH_FSR
qmof-9fa77bd,True,310.317,1.1234999999999997,79.88000000000001,23.0,8.0,0.0,8.0,6.0,4.0,4.0,WIXGAN_FSR
qmof-4097e0e,True,302.29,-0.8867999999999983,112.07999999999998,22.0,8.0,2.0,4.0,5.0,2.0,2.0,FATJAN_FSR
qmof-9798592,True,58.085,0.66498,23.79,3.0,2.0,0.0,1.0,0.0,0.0,0.0,MIMZOX_FSR
qmof-98dce4c,True,486.59500000000014,5.266100000000004,80.25999999999999,33.0,7.0,0.0,7.0,6.0,5.0,5.0,MINJOK_FSR
qmof-b5e6f6b,True,137.118,0.1711499999999999,73.88,10.0,4.0,0.0,4.0,2.0,0.0,0.0,MIWBID_FSR
qmof-bac9b75,True,216.20000000000002,0.04039999999999999,82.08,16.0,6.0,0.0,2.0,3.0,2.0,2.0,PIZFIQ_FSR
qmof-b1e068b,True,216.20000000000002,0.04039999999999999,82.08,16.0,6.0,0.0,2.0,3.0,2.0,2.0,PIZGAJ_FSR
qmof-ea3e64b,True,228.09599999999998,-0.3010100000000001,146.48999999999998,16.0,10.0,0.0,7.0,3.0,0.0,1.0,POPICR01_FSR
qmof-1872d69,False,,,,,,,,,,,PORBUU_FSR
qmof-d2ed0fc,False,,,,,,,,,,,POMPIR_FSR
qmof-d6cb039,True,584.5880000000002,3.3472000000000017,164.24,44.0,10.0,2.0,8.0,8.0,5.0,5.0,MIBWEC_FSR
qmof-a543e01,True,156.18799999999996,2.1435999999999993,25.78,12.0,2.0,0.0,2.0,1.0,2.0,2.0,MOPNIQ_FSR
qmof-450aa23,True,166.22899999999998,1.75842,49.57,11.0,4.0,0.0,3.0,0.0,1.0,1.0,UKELEB_FSR
qmof-ac5fb8a,True,440.4110000000001,1.922399999999999,143.33999999999997,33.0,8.0,1.0,7.0,5.0,4.0,4.0,UJEROR_FSR
qmof-b8e4039,False,,,,,,,,,,,POFBOC_FSR
qmof-e5e5d05,True,122.10299999999997,-0.5549000000000004,53.019999999999996,9.0,3.0,0.0,3.0,1.0,1.0,1.0,POFFAT_FSR
qmof-08db645,True,216.20000000000002,0.04039999999999999,82.08,16.0,6.0,0.0,2.0,3.0,2.0,2.0,PIZDUA_FSR
qmof-275dcce,True,216.20000000000002,0.04039999999999999,82.08,16.0,6.0,0.0,2.0,3.0,2.0,2.0,PIZFAI_FSR
qmof-3c4efcd,True,216.20000000000002,0.04039999999999999,82.08,16.0,6.0,0.0,2.0,3.0,2.0,2.0,PIZFEM_FSR
qmof-f5de41a,True,314.30100000000004,-0.7798999999999983,134.24,23.0,8.0,0.0,6.0,7.0,2.0,2.0,MIXLAI_FSR
qmof-46c77c7,True,250.19,1.3249799999999998,117.52000000000001,18.0,8.0,0.0,4.0,5.0,2.0,2.0,MIXMOW_FSR
qmof-ee8c30a,True,210.121,-4.068699999999999,133.27999999999997,15.0,7.0,0.0,7.0,1.0,1.0,1.0,MIZKOW_FSR
qmof-6d5bf88,True,236.32500000000002,2.1084999999999994,51.56,15.0,6.0,0.0,6.0,4.0,2.0,2.0,MIZLIR01_FSR
qmof-a79068c,True,236.32500000000002,2.1084999999999994,51.56,15.0,6.0,0.0,6.0,4.0,2.0,2.0,MIZLIR_FSR
qmof-7661853,True,262.343,2.2048699999999997,75.35,17.0,7.0,0.0,7.0,4.0,2.0,2.0,MIZLOX_FSR
qmof-b0aae08,True,250.352,2.151,51.56,16.0,6.0,0.0,6.0,5.0,2.0,2.0,MIZLUD_FSR
qmof-ff83df9,True,580.6600000000001,4.081590000000002,121.83000000000001,44.0,12.0,0.0,11.0,8.0,7.0,8.0,WIQBEF_FSR
qmof-3ed54a7,False,,,,,,,,,,,MOSSUI_FSR
qmof-95dc237,True,305.33700000000005,3.708400000000002,77.24,23.0,5.0,2.0,4.0,4.0,3.0,3.0,FAJLUA_FSR
qmof-c8f6487,False,,,,,,,,,,,MOLDIB_FSR
qmof-f6d88fe,True,209.11299999999994,-1.6781999999999997,123.4,15.0,7.0,0.0,6.0,3.0,1.0,1.0,MOLRUC_FSR
qmof-dc694ac,False,,,,,,,,,,,PITMUB_FSR
qmof-0e9a127,True,188.186,0.6204000000000001,53.879999999999995,14.0,4.0,0.0,2.0,1.0,2.0,2.0,PIWZUR_FSR
qmof-fb7e966,False,,,,,,,,,,,PIYGEL_FSR
qmof-00aa9a9,True,667.7,0.8320000000000003,80.25999999999999,16.0,8.0,0.0,4.0,2.0,1.0,1.0,DICVOC_FSR
qmof-fc7ce55,True,234.349,3.318500000000002,25.78,15.0,4.0,0.0,4.0,4.0,2.0,2.0,UMUYIL_FSR
qmof-832a1ad,True,138.17499999999998,1.14158,49.57,9.0,4.0,0.0,3.0,0.0,1.0,1.0,UNARIK_FSR
qmof-9b4fafa,True,166.11199999999994,-0.04170000000000018,83.26999999999998,12.0,5.0,0.0,4.0,2.0,1.0,1.0,BOHLAM_FSR
qmof-14d9a90,True,277.28100000000006,4.007600000000002,104.65,19.0,7.0,1.0,3.0,3.0,2.0,2.0,BAHNEG_FSR
qmof-d346410,True,210.24000000000004,1.3203799999999997,53.980000000000004,16.0,4.0,0.0,2.0,5.0,2.0,2.0,BAHNOQ_FSR
qmof-a6ec3b8,True,240.148,-0.8996099999999996,148.44,16.0,11.0,2.0,9.0,3.0,0.0,1.0,WILHOO_FSR
qmof-a1de810,True,184.198,1.7076,42.85,14.0,3.0,0.0,3.0,2.0,2.0,2.0,MOMZEU_FSR
qmof-a2e5c9f,False,,,,,,,,,,,FALYIA_FSR
qmof-b5fc2ca,True,370.3640000000001,1.7103999999999997,106.03999999999999,28.0,6.0,0.0,6.0,3.0,4.0,4.0,MUBZEQ01_FSR
qmof-3e2c2de,True,311.25500000000005,0.020500000000000018,159.36,21.0,11.0,3.0,5.0,3.0,1.0,2.0,FACTOV_FSR
qmof-e5bc0b8,False,,,,,,,,,,,FADVUD_FSR
qmof-181fecb,False,,,,,,,,,,,WICXUE_FSR
qmof-67b2819,True,42.021,-1.4418000000000002,58.7,3.0,3.0,0.0,0.0,0.0,0.0,0.0,WIGDUL_FSR
qmof-4a650ba,True,156.18799999999996,2.1435999999999993,25.78,12.0,2.0,0.0,2.0,1.0,2.0,2.0,BALFAV03_FSR
qmof-64280ff,True,454.4060000000001,-0.6957099999999972,183.0,34.0,12.0,0.0,11.0,4.0,3.0,5.0,WETFEJ_FSR
qmof-3104826,True,360.369,0.989499999999999,106.03999999999999,27.0,6.0,0.0,6.0,5.0,3.0,3.0,MOVTUO_FSR
qmof-2f35f0d,False,,,,,,,,,,,FAFDEX_FSR
qmof-9747309,True,359.29100000000017,-1.3735000000000004,157.69,25.0,9.0,1.0,8.0,6.0,2.0,2.0,DIJZOM_FSR
qmof-c1f90f1,True,574.6360000000001,5.564600000000005,106.03999999999999,44.0,6.0,0.0,6.0,7.0,6.0,6.0,PIGSEG_FSR
qmof-57abf68,True,26.018,0.09637,23.79,2.0,1.0,0.0,1.0,0.0,0.0,0.0,DIDNOV_FSR
qmof-e7249e1,True,198.24800000000002,0.6688000000000001,48.24,12.0,5.0,0.0,3.0,0.0,1.0,2.0,DIFRIU01_FSR
qmof-1031d24,True,200.01099999999997,0.8125999999999995,40.129999999999995,10.0,3.0,0.0,2.0,1.0,1.0,1.0,DIHQAP_FSR
qmof-eb7c07e,True,150.165,-0.9015,97.61,11.0,5.0,1.0,2.0,1.0,1.0,1.0,PIZKUG_FSR
qmof-94699eb,False,,,,,,,,,,,POCWAH_FSR
qmof-c7cd5a3,True,170.164,-1.7073999999999987,80.25999999999999,12.0,4.0,0.0,4.0,2.0,0.0,1.0,MOXZAB_FSR
qmof-c5f786c,True,295.22599999999994,0.5237,111.57,22.0,6.0,1.0,5.0,2.0,2.0,3.0,MUQVEB01_FSR
qmof-867714c,False,,,,,,,,,,,MUMBON_FSR
qmof-af44312,True,156.18799999999996,2.1435999999999993,25.78,12.0,2.0,0.0,2.0,1.0,2.0,2.0,EYUVIE_FSR
qmof-700998f,True,352.302,-0.9659999999999986,134.14,26.0,8.0,0.0,6.0,3.0,3.0,3.0,EZEQEH_FSR
qmof-4208484,False,,,,,,,,,,,EZILEF_FSR
qmof-e03dbd5,True,156.18799999999996,2.1435999999999993,25.78,12.0,2.0,0.0,2.0,1.0,2.0,2.0,MUHLAC_FSR
qmof-b001a65,True,173.10799999999998,-1.2736200000000002,112.41,12.0,8.0,1.0,5.0,3.0,0.0,1.0,MURRIB_FSR
qmof-0467156,True,454.21600000000024,-0.9012199999999995,281.29999999999995,32.0,18.0,2.0,12.0,6.0,0.0,2.0,UNOGOU_FSR
qmof-8266b5a,False,,,,,,,,,,,UNULEW_FSR
qmof-1a9a06d,True,430.4550000000001,3.282800000000001,136.04000000000002,33.0,9.0,0.0,6.0,4.0,5.0,5.0,UMUSIG_FSR
qmof-6417424,True,234.349,3.318500000000002,25.78,15.0,4.0,0.0,4.0,4.0,2.0,2.0,UMUYEH_FSR
qmof-c41e374,True,298.214,-1.2209000000000005,136.91,22.0,9.0,0.0,9.0,1.0,2.0,3.0,PIJGAR_FSR
qmof-1115e4f,True,270.204,-0.7900000000000011,119.84,20.0,8.0,0.0,8.0,1.0,2.0,3.0,PIJGEV_FSR
qmof-63f404f,True,247.011,0.6546999999999998,40.129999999999995,10.0,3.0,0.0,2.0,1.0,1.0,1.0,DIHQET_FSR
qmof-5a6407d,True,194.16599999999994,-0.37660000000000027,81.95,14.0,5.0,1.0,5.0,4.0,1.0,1.0,MUKZAT_FSR
qmof-284c1aa,True,349.3160000000001,1.867789999999999,75.71000000000001,25.0,9.0,1.0,5.0,5.0,2.0,3.0,MUTBUA_FSR
qmof-d265887,True,195.12200000000004,-2.6433999999999997,125.65,14.0,10.0,1.0,5.0,3.0,1.0,2.0,MUVBAI_FSR
qmof-41bc44e,True,58.085,0.66498,23.79,3.0,2.0,0.0,1.0,0.0,0.0,0.0,MUSGUC_FSR
qmof-5592882,True,238.254,1.1159,82.51,18.0,6.0,1.0,6.0,2.0,3.0,3.0,MUPLEP_FSR
qmof-83bf23c,True,238.25400000000002,1.1159,82.51,18.0,6.0,1.0,6.0,2.0,3.0,3.0,MUPMAM01_FSR
qmof-3a1f7d3,True,238.25400000000002,1.1159,82.51,18.0,6.0,1.0,6.0,2.0,3.0,3.0,MUPMEQ_FSR
qmof-1b62c0a,True,224.16799999999995,-2.055999999999999,98.72,16.0,6.0,0.0,6.0,6.0,1.0,1.0,MUQTUO_FSR
qmof-1406ccc,True,332.47900000000004,3.9127000000000027,51.56,21.0,7.0,0.0,7.0,6.0,3.0,3.0,WEPWIA_FSR
qmof-56168eb,False,,,,,,,,,,,WERMEL_FSR
qmof-b4fd7d5,False,,,,,,,,,,,PIHJOG_FSR
qmof-a1efcf0,False,,,,,,,,,,,PIHJUM_FSR
qmof-1dacdd7,True,631.6000000000003,3.686200000000002,238.33,44.0,15.0,0.0,7.0,7.0,5.0,5.0,DILPAR_FSR
qmof-983687c,True,182.20600000000002,2.2399699999999996,49.57,14.0,3.0,0.0,3.0,1.0,2.0,2.0,DIMQOH_FSR
qmof-bac8e02,True,449.38300000000015,-0.7120000000000004,184.81999999999994,33.0,13.0,0.0,12.0,7.0,4.0,4.0,UQESUG_FSR
qmof-32a3837,True,497.4270000000003,0.6493799999999996,182.79999999999998,37.0,13.0,0.0,10.0,6.0,3.0,5.0,USAWOC_FSR
qmof-e08db99,True,211.109,-4.673699999999999,146.16999999999996,15.0,8.0,0.0,8.0,1.0,1.0,1.0,BIYYUE_FSR
qmof-2f1b443,False,,,,,,,,,,,WEJRIP_FSR
qmof-265b56c,True,42.021,-1.4418000000000002,58.7,3.0,3.0,0.0,0.0,0.0,0.0,0.0,WAYYUS_FSR
qmof-04353f7,True,234.349,3.318500000000002,25.78,15.0,4.0,0.0,4.0,4.0,2.0,2.0,DIWCES01_FSR
qmof-7e5c22f,True,317.25700000000006,-0.58476,149.17999999999998,23.0,9.0,0.0,8.0,3.0,2.0,2.0,DIWCUJ_FSR
qmof-dab2b61,True,62.004000000000005,-0.3914000000000001,63.04,4.0,4.0,0.0,2.0,0.0,0.0,0.0,PICVEE_FSR
qmof-ecf9ede,True,181.12699999999995,-0.45949999999999996,109.28999999999999,13.0,6.0,1.0,5.0,2.0,1.0,1.0,PICYAE_FSR
qmof-d6992f4,True,181.12699999999995,-0.45949999999999996,109.28999999999999,13.0,6.0,1.0,5.0,2.0,1.0,1.0,PICYIM_FSR
qmof-b0ddd80,True,94.117,0.7850199999999998,25.78,7.0,2.0,0.0,2.0,0.0,1.0,1.0,DIPKIW_FSR
qmof-f61c150,False,,,,,,,,,,,DIPROL_FSR
qmof-e8bce86,False,,,,,,,,,,,DIPRUR_FSR
qmof-925845d,False,,,,,,,,,,,PETXAO_FSR
qmof-b806efd,True,112.03999999999999,-1.7236000000000002,68.28,8.0,4.0,0.0,4.0,0.0,0.0,1.0,BAQXOG01_FSR
qmof-0f33589,False,,,,,,,,,,,WEGLAX_FSR
qmof-736e83b,False,,,,,,,,,,,MUZCEQ_FSR
qmof-22d90d1,True,181.10299999999998,-2.4858000000000002,113.38,13.0,6.0,1.0,6.0,2.0,1.0,1.0,MUZHOF_FSR
qmof-ba95831,True,242.18999999999997,-1.1294000000000002,106.03999999999999,18.0,6.0,0.0,6.0,3.0,2.0,2.0,EXUMOZ_FSR
qmof-1c4f825,False,,,,,,,,,,,WASFAY_FSR
qmof-ad44d4e,True,42.021,-1.4418000000000002,58.7,3.0,3.0,0.0,0.0,0.0,0.0,0.0,NAYHUQ_FSR
qmof-ab449b7,True,342.16800000000006,-5.742419999999999,201.14,24.0,12.0,0.0,12.0,2.0,0.0,1.0,NASZAK_FSR
qmof-906b305,False,,,,,,,,,,,UTIBAC_FSR
qmof-b3a70b2,False,,,,,,,,,,,UTIBIK_FSR
qmof-bcc71d2,True,222.29800000000003,2.0659999999999994,51.56,14.0,6.0,0.0,6.0,3.0,2.0,2.0,BIYKUR_FSR
qmof-675adb3,False,,,,,,,,,,,BIYLOM_FSR
qmof-9723edf,False,,,,,,,,,,,UQEFUS_FSR
qmof-9679def,True,198.227,0.2352200000000001,77.66999999999999,13.0,6.0,0.0,3.0,0.0,1.0,1.0,PEVZOG_FSR
qmof-00ed6b6,True,543.9680000000002,-0.6626000000000001,132.86,26.0,10.0,0.0,8.0,4.0,2.0,2.0,NAQFER_FSR
qmof-bc46dbc,True,392.34700000000004,2.3034999999999997,146.34999999999997,29.0,9.0,1.0,7.0,5.0,3.0,3.0,EXAVOP_FSR
qmof-0f7c76b,True,280.115,0.9681999999999998,85.80999999999999,16.0,6.0,1.0,3.0,1.0,2.0,2.0,EXERIJ_FSR
qmof-b8eb470,True,234.34900000000002,3.318500000000002,25.78,15.0,4.0,0.0,4.0,4.0,2.0,2.0,NAKNIY_FSR
qmof-dbee9b2,True,208.12499999999994,-1.8881999999999997,117.56,15.0,6.0,1.0,5.0,3.0,1.0,1.0,NAFGAE_FSR
qmof-fbd4fed,True,316.31200000000007,1.7475999999999994,80.25999999999999,24.0,4.0,0.0,4.0,4.0,3.0,3.0,NAGBII_FSR
qmof-69314a9,True,151.141,1.6515,46.2,11.0,3.0,0.0,2.0,2.0,1.0,1.0,NAGZIH_FSR
qmof-bf460d2,False,,,,,,,,,,,NAVRIO_FSR
qmof-5224f49,True,130.14999999999998,1.6297999999999995,25.78,10.0,2.0,0.0,2.0,0.0,2.0,2.0,PEPTUA_FSR
qmof-3506788,False,,,,,,,,,,,DIXPEH01_FSR
qmof-ba1d37d,False,,,,,,,,,,,DIXPIL01_FSR
qmof-8742974,True,268.224,-0.35540000000000016,97.33000000000001,20.0,5.0,0.0,5.0,4.0,2.0,2.0,DIZWEP_FSR
qmof-b0f5ecd,True,156.188,2.1435999999999993,25.78,12.0,2.0,0.0,2.0,1.0,2.0,2.0,DIZYOB_FSR
qmof-edbe499,True,514.4980000000003,0.9865999999999989,188.29999999999998,38.0,12.0,4.0,8.0,7.0,4.0,4.0,PEJVAD_FSR
qmof-1497a17,True,388.34000000000015,-2.0939999999999985,188.29999999999998,28.0,12.0,4.0,8.0,5.0,2.0,2.0,PEJVIL_FSR
qmof-dd74d6f,False,,,,,,,,,,,UWEBEF_FSR
qmof-156cc42,False,,,,,,,,,,,UWEBOP_FSR
qmof-d73f9b2,False,,,,,,,,,,,UTEZOK_FSR
qmof-e184986,True,243.08699999999996,-1.08382,163.55999999999997,17.0,11.0,0.0,8.0,3.0,0.0,1.0,WEBKAS_FSR
qmof-b7041f4,True,244.09499999999997,-0.4153100000000001,166.72,17.0,11.0,1.0,8.0,3.0,0.0,1.0,WEBKEW_FSR
qmof-6bd9402,True,58.085,0.66498,23.79,3.0,2.0,0.0,1.0,0.0,0.0,0.0,WEBVOO_FSR
qmof-b3649d4,True,42.021,-1.4418000000000002,58.7,3.0,3.0,0.0,0.0,0.0,0.0,0.0,BARPAO_FSR
qmof-1dca0c6,True,320.304,0.5571999999999998,106.03999999999999,24.0,6.0,0.0,6.0,3.0,3.0,3.0,BASMUE_FSR
qmof-25eb644,False,,,,,,,,,,,WATWIA_FSR
qmof-5c9a8d6,True,156.18799999999996,2.1435999999999993,25.78,12.0,2.0,0.0,2.0,1.0,2.0,2.0,DOHQIB_FSR
qmof-dd09d8f,True,317.2570000000001,-0.5847600000000004,149.18,23.0,9.0,0.0,8.0,3.0,2.0,2.0,PELBAM_FSR
qmof-b537f4f,True,317.25700000000006,-0.58476,149.17999999999998,23.0,9.0,0.0,8.0,3.0,2.0,2.0,PELBEQ_FSR
qmof-c27a91a,False,,,,,,,,,,,PEGZEI_FSR
qmof-17877f3,True,184.087,-0.4333100000000002,115.71000000000001,13.0,8.0,0.0,5.0,2.0,0.0,1.0,DOCHEJ_FSR
qmof-f38caad,True,165.10399999999996,-2.1914,93.15,12.0,5.0,0.0,5.0,2.0,1.0,1.0,DOCPOB_FSR
qmof-104309e,True,165.10399999999996,-2.1914,93.15,12.0,5.0,0.0,5.0,2.0,1.0,1.0,DOCQOC_FSR
qmof-6011be7,True,216.29,3.2199600000000004,47.58,14.0,4.0,0.0,4.0,1.0,2.0,2.0,DODNIU_FSR
qmof-e30a535,True,222.23100000000002,1.2029999999999998,64.6,17.0,5.0,0.0,4.0,2.0,2.0,3.0,PEFDEK01_FSR
qmof-d9809f0,True,315.237,-0.5137000000000003,152.81,23.0,8.0,2.0,7.0,5.0,2.0,2.0,EVURUJ_FSR
qmof-a915127,True,465.8540000000001,-2.3491999999999997,132.85999999999999,20.0,10.0,0.0,8.0,4.0,1.0,1.0,NAQFIV_FSR
qmof-394db35,True,42.021,-1.4418000000000002,58.7,3.0,3.0,0.0,0.0,0.0,0.0,0.0,NEFDIL_FSR
qmof-31f7337,True,376.372,-0.1650000000000007,134.24,28.0,8.0,0.0,6.0,7.0,3.0,3.0,NAZWIX_FSR
qmof-a170fdf,True,184.20200000000003,1.5635999999999999,53.980000000000004,14.0,4.0,0.0,2.0,3.0,2.0,2.0,ETUGUV_FSR
qmof-10aa8d9,True,225.13599999999997,0.1749199999999999,126.41,16.0,8.0,0.0,6.0,3.0,1.0,1.0,ETUKEK_FSR
qmof-fdc1db0,False,,,,,,,,,,,NEKTIJ_FSR
qmof-30e7776,False,,,,,,,,,,,NEKXAD_FSR
qmof-a69e224,True,384.5350000000001,4.516180000000003,75.35,25.0,8.0,0.0,7.0,6.0,3.0,3.0,NEKXEH_FSR
qmof-c12e218,False,,,,,,,,,,,NELKOE_FSR
qmof-5bcb068,False,,,,,,,,,,,ESUCIF01_FSR
qmof-8ffd817,False,,,,,,,,,,,ESUCUR01_FSR
qmof-a76ae33,True,165.11200000000002,-2.6016999999999992,124.61000000000001,12.0,7.0,0.0,4.0,1.0,1.0,1.0,UXUQIP_FSR
qmof-b4e619a,False,,,,,,,,,,,BINXOM_FSR
qmof-049a2ef,False,,,,,,,,,,,UWEBEF01_FSR
qmof-556d7b3,True,332.406,6.117000000000004,25.78,26.0,2.0,0.0,2.0,2.0,5.0,5.0,PEFYOR_FSR
qmof-656c2ee,True,431.42400000000004,-0.789199999999997,146.16999999999996,32.0,8.0,0.0,8.0,8.0,3.0,3.0,DOGZUV_FSR
qmof-a583a54,True,122.91899999999998,-0.7372000000000001,59.699999999999996,4.0,4.0,0.0,0.0,0.0,0.0,0.0,NAVYIU_FSR
qmof-3ad0212,True,335.872,-5.864599999999999,200.32,14.0,12.0,2.0,6.0,0.0,0.0,0.0,NAVYOA_FSR
qmof-92814dc,True,470.5240000000001,5.089580000000004,68.28,36.0,4.0,0.0,4.0,6.0,4.0,5.0,NEFNAQ_FSR
qmof-a6ae0f1,False,,,,,,,,,,,NEGLUJ_FSR
qmof-c870313,True,566.5730000000002,4.570300000000003,125.13000000000001,43.0,9.0,0.0,9.0,6.0,7.0,7.0,NEBTOF_FSR
qmof-056750f,True,156.18799999999996,2.1435999999999993,25.78,12.0,2.0,0.0,2.0,1.0,2.0,2.0,ESATAU_FSR
qmof-00e611b,True,275.244,-0.3682600000000009,128.99,20.0,8.0,1.0,7.0,2.0,2.0,2.0,NEMZIQ_FSR
qmof-6005a80,True,137.118,-0.8514800000000005,65.91,10.0,4.0,0.0,4.0,1.0,1.0,1.0,NEMZOW_FSR
qmof-8e8295c,True,718.4010000000002,8.803100000000002,78.38000000000001,45.0,8.0,0.0,6.0,6.0,6.0,7.0,NETHIE_FSR
qmof-efcd351,True,347.338,2.3424000000000023,127.93,21.0,11.0,2.0,7.0,3.0,2.0,2.0,NETQEJ_FSR
qmof-e568186,True,66.043,-0.44704000000000005,61.68,5.0,3.0,0.0,2.0,0.0,0.0,0.0,PAXWIV_FSR
qmof-18c691a,True,123.09099999999998,-1.1599000000000004,65.91,9.0,4.0,0.0,4.0,1.0,1.0,1.0,PAYZEX_FSR
qmof-9d5a46c,True,497.38500000000033,-1.3247099999999965,184.1,35.0,14.0,0.0,14.0,7.0,0.0,1.0,DOKPAV_FSR
qmof-efbec56,False,,,,,,,,,,,DOMYUA_FSR
qmof-338291d,True,220.32200000000003,3.2760000000000016,25.78,14.0,4.0,0.0,4.0,3.0,2.0,2.0,DOPQEE01_FSR
qmof-177ecfa,True,220.168,0.5421999999999997,114.60000000000001,16.0,8.0,0.0,6.0,1.0,2.0,2.0,UWIMET_FSR
qmof-a7901c6,True,390.2440000000001,-5.2867999999999995,251.29999999999993,28.0,20.0,2.0,10.0,6.0,2.0,4.0,UXEWEB_FSR
qmof-7ffb302,False,,,,,,,,,,,BBZONC01_FSR
qmof-d43a3be,True,508.1740000000001,-0.4857,86.74,21.0,9.0,0.0,6.0,2.0,0.0,3.0,BEBDUK_FSR
qmof-1547839,True,532.6000000000003,4.050040000000003,115.9,40.0,8.0,0.0,8.0,7.0,6.0,6.0,WAGKEX_FSR
qmof-ddef0e3,True,164.17200000000003,-0.43020000000000036,61.42,12.0,6.0,0.0,6.0,3.0,2.0,2.0,WAHMID_FSR
qmof-28f0c4f,True,264.236,0.72,80.25999999999999,20.0,4.0,0.0,4.0,2.0,3.0,3.0,NETYAP_FSR
qmof-875b2e9,True,62.004000000000005,-0.3914000000000001,63.04,4.0,4.0,0.0,2.0,0.0,0.0,0.0,ERAREU_FSR
qmof-657a971,False,,,,,,,,,,,NERDIX_FSR
qmof-ae97b2b,True,432.3520000000001,-0.7946099999999989,187.66999999999996,32.0,12.0,1.0,10.0,5.0,3.0,4.0,NENJIB01_FSR
qmof-cc4910d,True,296.3299999999999,1.0748000000000002,66.4,22.0,6.0,0.0,4.0,2.0,2.0,3.0,VUYTAL_FSR
qmof-bb2839a,False,,,,,,,,,,,WACQAT_FSR
qmof-bdb54d3,True,116.11999999999999,0.012199999999999989,46.28,8.0,4.0,0.0,2.0,2.0,0.0,0.0,UYENOC_FSR
qmof-74b7695,True,146.13299999999998,0.7283999999999999,64.07,11.0,5.0,0.0,4.0,1.0,1.0,2.0,PASGAU_FSR
qmof-b792eba,True,576.6560000000002,6.940600000000006,169.24,40.0,12.0,2.0,4.0,8.0,5.0,5.0,PANROO_FSR
qmof-3fe07f6,False,,,,,,,,,,,DOQBAN_FSR
qmof-9f3f1aa,True,270.244,-0.8139999999999992,106.03999999999999,20.0,6.0,0.0,6.0,3.0,2.0,2.0,DOQROQ_FSR
qmof-a3d0c86,True,224.16799999999995,-2.055999999999999,98.72,16.0,6.0,0.0,6.0,6.0,1.0,1.0,PALHOA_FSR
qmof-41a421b,True,310.36,4.3644000000000025,35.64,24.0,4.0,0.0,4.0,2.0,5.0,5.0,ETAWOM_FSR
qmof-94c1285,True,254.14999999999995,-2.8948099999999988,126.87,18.0,8.0,0.0,8.0,3.0,0.0,1.0,NEFJAM_FSR
qmof-d21be4e,True,180.12299999999996,-2.7582999999999993,125.77000000000001,13.0,7.0,0.0,3.0,1.0,1.0,1.0,NENXOU_FSR
qmof-f191a19,True,618.5590000000003,-1.3734599999999957,242.44,45.0,16.0,0.0,14.0,13.0,4.0,4.0,ESARAT_FSR
qmof-2030d07,True,331.28400000000005,-0.3307800000000001,149.17999999999998,24.0,9.0,0.0,8.0,4.0,2.0,2.0,VOYVIQ_FSR
qmof-13eb8e0,False,,,,,,,,,,,VOZQEI03_FSR
qmof-480dd0a,True,93.489,-1.0249000000000001,40.129999999999995,5.0,3.0,0.0,2.0,1.0,0.0,0.0,BEHHUR_FSR
qmof-d8112f8,False,,,,,,,,,,,BEHLOR_FSR
qmof-c49f101,True,335.38800000000003,1.92579,78.27,24.0,6.0,0.0,5.0,3.0,2.0,3.0,NEWZIA_FSR
qmof-969bb72,False,,,,,,,,,,,NEYHOO_FSR
qmof-bca8d34,True,341.77400000000006,2.6123000000000003,75.14,24.0,6.0,0.0,5.0,4.0,3.0,3.0,NEYNUC_FSR
qmof-178416a,True,42.021,-1.4418000000000002,58.7,3.0,3.0,0.0,0.0,0.0,0.0,0.0,PAFMOB_FSR
qmof-918c8d1,True,180.13899999999998,-0.6695,103.45000000000002,13.0,5.0,2.0,4.0,2.0,1.0,1.0,PAHVAW_FSR
qmof-2774aad,True,66.043,-0.44704000000000005,61.68,5.0,3.0,0.0,2.0,0.0,0.0,0.0,PAHWAX_FSR
qmof-eea62f6,True,380.35600000000005,0.0875999999999999,124.5,28.0,8.0,0.0,8.0,7.0,3.0,3.0,PAHXIG_FSR
qmof-0e116bf,True,42.021,-1.4418000000000002,58.7,3.0,3.0,0.0,0.0,0.0,0.0,0.0,DORVUD01_FSR
qmof-6c12fd7,True,42.021,-1.4418000000000002,58.7,3.0,3.0,0.0,0.0,0.0,0.0,0.0,DORWEO_FSR
qmof-e0a9631,False,,,,,,,,,,,UZEPEV_FSR
qmof-15d237d,True,532.2900000000001,1.1956,124.5,31.0,9.0,0.0,8.0,8.0,3.0,3.0,BIKXIE_FSR
qmof-de728cd,True,264.236,0.72,80.25999999999999,20.0,4.0,0.0,4.0,2.0,3.0,3.0,NETXUI_FSR
qmof-3787d32,True,228.09599999999998,-0.3010100000000001,146.48999999999998,16.0,10.0,0.0,7.0,3.0,0.0,1.0,VOLJAH01_FSR
qmof-3ce92c0,True,108.14399999999999,1.09344,25.78,8.0,2.0,0.0,2.0,0.0,1.0,1.0,VOLKEM_FSR
qmof-5cbf12d,True,90.065,0.13163,71.37,7.0,3.0,0.0,3.0,0.0,0.0,0.0,VIZCEN_FSR
qmof-d72a836,False,,,,,,,,,,,NIKREG_FSR
qmof-d976696,True,58.085,0.66498,23.79,3.0,2.0,0.0,1.0,0.0,0.0,0.0,NILLEA_FSR
qmof-e5376d7,True,210.121,-4.068699999999999,133.27999999999997,15.0,7.0,0.0,7.0,1.0,1.0,1.0,NIMVEL_FSR
qmof-e8122f2,True,210.121,-4.068699999999999,133.27999999999997,15.0,7.0,0.0,7.0,1.0,1.0,1.0,NIMVIP_FSR
qmof-88dbbc6,True,355.2380000000001,-2.4376999999999986,185.89000000000001,26.0,10.0,1.0,7.0,7.0,2.0,2.0,ENOSEH_FSR
qmof-647f2f7,True,376.36800000000005,1.0692,115.27000000000001,28.0,7.0,0.0,7.0,5.0,3.0,3.0,PADCEE_FSR
qmof-d7d4799,False,,,,,,,,,,,OYEKOT_FSR
qmof-debe154,True,196.29999999999998,0.9550000000000001,52.04,12.0,4.0,2.0,2.0,2.0,1.0,1.0,OYOHUG_FSR
qmof-def2f62,True,497.4270000000003,0.6493799999999996,182.79999999999998,37.0,13.0,0.0,10.0,6.0,3.0,5.0,OYUDOD_FSR
qmof-c4e0f79,True,211.2,1.2428000000000001,60.27,16.0,4.0,1.0,2.0,0.0,2.0,3.0,NIJYEM_FSR
qmof-09e67ae,True,182.226,2.6470000000000002,25.78,14.0,2.0,0.0,2.0,2.0,2.0,2.0,EPEYAA_FSR
qmof-2369672,True,318.336,2.9812000000000003,83.98,24.0,6.0,2.0,4.0,4.0,3.0,3.0,NIBXON_FSR
qmof-3a33f7e,True,208.13599999999997,-2.3216799999999993,129.29999999999998,16.0,6.0,0.0,6.0,0.0,1.0,1.0,NICVAW_FSR
qmof-2677300,True,150.165,-0.34836,84.48,11.0,5.0,0.0,2.0,0.0,1.0,1.0,NODDAM_FSR
qmof-d270b21,True,84.082,-0.6131000000000004,67.59,6.0,4.0,2.0,3.0,0.0,1.0,1.0,NODYOW_FSR
qmof-5243a2c,True,355.2380000000001,-2.4376999999999986,185.89000000000001,26.0,10.0,1.0,7.0,7.0,2.0,2.0,ENOSIL_FSR
qmof-d8b8533,False,,,,,,,,,,,ENUZEU_FSR
qmof-ece521b,True,114.05599999999998,-2.9576000000000002,80.25999999999999,8.0,4.0,0.0,4.0,2.0,0.0,0.0,NIGKAS_FSR
qmof-8529691,False,,,,,,,,,,,NIRROX_FSR
qmof-3e96a80,False,,,,,,,,,,,NISZEU_FSR
qmof-8397f53,True,109.17299999999997,2.2429999999999994,0.0,7.0,1.0,0.0,0.0,0.0,1.0,1.0,NIVXAU_FSR
qmof-c05888d,True,378.4090000000001,1.6782999999999997,106.03999999999999,27.0,7.0,0.0,7.0,5.0,3.0,3.0,EMUWOA_FSR
qmof-8e4a100,True,346.4780000000001,5.100080000000005,35.64,26.0,4.0,0.0,4.0,5.0,4.0,4.0,ENANUD_FSR
qmof-b538420,False,,,,,,,,,,,UZAVOH_FSR
qmof-aecacb7,True,250.142,-3.040099999999999,135.35,18.0,8.0,0.0,7.0,1.0,1.0,2.0,OXOROK_FSR
qmof-3d6fcc8,True,336.398,5.131000000000005,50.5,26.0,4.0,0.0,4.0,4.0,4.0,4.0,OXUVOU02_FSR
qmof-9d06776,True,336.398,5.131000000000005,50.5,26.0,4.0,0.0,4.0,4.0,4.0,4.0,OXUXEM02_FSR
qmof-9024308,True,88.01799999999999,-3.5138000000000003,80.25999999999999,6.0,4.0,0.0,4.0,0.0,0.0,0.0,OXALFE07_FSR
qmof-d587666,False,,,,,,,,,,,VOKNEO_FSR
qmof-5948a73,True,540.4280000000003,-0.8934099999999996,223.93999999999997,40.0,15.0,0.0,13.0,7.0,4.0,5.0,NUGHEE_FSR
qmof-6068c8d,True,417.3770000000002,1.5249999999999997,149.18,31.0,9.0,0.0,8.0,6.0,3.0,3.0,NIXSOE_FSR
qmof-d1216ba,True,252.27199999999996,0.20359999999999978,80.25999999999999,16.0,6.0,0.0,6.0,3.0,2.0,2.0,NIXWAV_FSR
qmof-6bd302b,True,164.11599999999996,-1.5864000000000003,80.25999999999999,12.0,4.0,0.0,4.0,2.0,1.0,1.0,NIYCEF01_FSR
qmof-803f80f,True,194.09799999999996,-1.2988000000000002,120.06,14.0,6.0,0.0,4.0,2.0,1.0,1.0,NOKLIJ_FSR
qmof-e77916f,True,144.126,-1.9533999999999987,80.25999999999999,10.0,4.0,0.0,4.0,5.0,0.0,0.0,NOJGAV_FSR
qmof-3f2cc61,True,366.3970000000001,4.015870000000003,106.77000000000001,27.0,7.0,0.0,5.0,8.0,2.0,2.0,VOBLOO_FSR
qmof-d6e31ae,False,,,,,,,,,,,OXELEK_FSR
qmof-754a74e,True,188.23399999999998,1.3239999999999998,35.64,14.0,4.0,0.0,4.0,2.0,2.0,2.0,OXOKES_FSR
qmof-dce5b26,True,238.29399999999998,2.1761999999999997,35.64,18.0,4.0,0.0,4.0,4.0,3.0,3.0,OXOQIC_FSR
qmof-fef756d,True,58.085,0.66498,23.79,3.0,2.0,0.0,1.0,0.0,0.0,0.0,DUHDOA_FSR
qmof-7e9d037,True,652.5440000000001,6.643000000000007,191.73999999999995,46.0,14.0,2.0,8.0,8.0,6.0,6.0,BIFZAT_FSR
qmof-c429dbc,True,194.09799999999996,-1.2988000000000002,120.06,14.0,6.0,0.0,4.0,2.0,1.0,1.0,VAMQUY_FSR
qmof-9b147f7,True,276.2970000000001,2.5558000000000005,113.92000000000002,19.0,7.0,1.0,1.0,4.0,2.0,2.0,BIHMAH_FSR
qmof-8dc568d,False,,,,,,,,,,,ENEDAE_FSR
qmof-b33b31e,True,392.4820000000001,5.492600000000004,71.7,30.0,4.0,1.0,3.0,3.0,5.0,5.0,NOCJEV_FSR
qmof-30fdc38,True,384.4520000000001,0.39088999999999974,121.83000000000001,28.0,12.0,0.0,11.0,10.0,3.0,4.0,NUCDAR_FSR
qmof-621f980,True,444.48600000000016,3.9772000000000034,80.25999999999999,34.0,4.0,0.0,4.0,7.0,4.0,4.0,NUXYUC_FSR
qmof-d572147,True,244.16599999999997,-1.5074,120.53999999999999,18.0,8.0,2.0,4.0,0.0,1.0,3.0,EKOMAT_FSR
qmof-63270e1,True,244.16599999999997,-1.5074,120.53999999999999,18.0,8.0,2.0,4.0,0.0,1.0,3.0,EKOMEX_FSR
qmof-bc15af2,False,,,,,,,,,,,NUVBIR_FSR
qmof-3195183,True,530.5220000000003,0.6632999999999996,190.01999999999998,38.0,13.0,2.0,11.0,8.0,4.0,4.0,NOQDEE_FSR
qmof-9f56ed6,True,194.14199999999997,-1.8211999999999997,89.49000000000001,14.0,5.0,0.0,5.0,4.0,1.0,1.0,NUKNEN_FSR
qmof-ada4a4b,True,156.18799999999996,2.1435999999999993,25.78,12.0,2.0,0.0,2.0,1.0,2.0,2.0,ELIMUI_FSR
qmof-4857358,True,451.4380000000001,2.830800000000001,131.06,34.0,8.0,1.0,7.0,5.0,5.0,5.0,OWAYER_FSR
qmof-d4624eb,True,156.18799999999996,2.1435999999999993,25.78,12.0,2.0,0.0,2.0,1.0,2.0,2.0,DUKSAE_FSR
qmof-ec7bd74,True,375.33600000000007,1.5815999999999997,120.80000000000001,28.0,7.0,1.0,6.0,6.0,3.0,3.0,OVIBUS_FSR
qmof-aa48b68,True,151.19400000000002,1.2735,51.8,10.0,4.0,1.0,4.0,0.0,2.0,2.0,OXAZIY_FSR
qmof-47eb3b5,True,154.07699999999997,-1.9933999999999996,93.4,11.0,5.0,0.0,5.0,2.0,1.0,1.0,BENJAH_FSR
qmof-8a01ddb,True,283.285,1.8324999999999998,118.22999999999999,19.0,8.0,1.0,4.0,5.0,1.0,1.0,VIXFAL_FSR
qmof-5c4a211,True,181.59799999999998,1.1031,40.129999999999995,12.0,3.0,0.0,2.0,2.0,1.0,1.0,VIXZEJ_FSR
qmof-993d367,True,962.9680000000002,11.269599999999992,69.52,68.0,10.0,0.0,4.0,18.0,9.0,9.0,NUFFAX01_FSR
qmof-55409e0,True,361.357,0.6427999999999996,132.06,27.0,7.0,1.0,7.0,4.0,3.0,3.0,OCEYIF_FSR
qmof-c8df599,True,26.018,0.09637,23.79,2.0,1.0,0.0,1.0,0.0,0.0,0.0,OCIVAA01_FSR
qmof-3db4dff,True,339.33400000000006,2.6898,94.59,26.0,6.0,1.0,5.0,2.0,5.0,5.0,EJINOB_FSR
qmof-5c369eb,True,512.7500000000002,9.124399999999998,25.78,34.0,6.0,0.0,6.0,7.0,6.0,6.0,ODISOL_FSR
qmof-99ecd48,True,179.10699999999994,-1.4426000000000003,100.16,13.0,5.0,0.0,4.0,2.0,1.0,1.0,NUNGEK_FSR
qmof-aa314f7,True,236.232,1.7385999999999995,98.37,16.0,7.0,0.0,3.0,2.0,2.0,2.0,NUNWAV_FSR
qmof-64a2be7,False,,,,,,,,,,,OBORIH_FSR
qmof-ea27d90,True,242.238,1.0537999999999998,83.98,18.0,6.0,2.0,4.0,2.0,2.0,2.0,NUZJEZ01_FSR
qmof-2253402,True,138.10199999999998,-1.3165,67.07,10.0,4.0,0.0,3.0,1.0,1.0,1.0,OROZOL_FSR
qmof-1db968d,False,,,,,,,,,,,OQIJOO_FSR
qmof-ba7d63d,True,144.126,-1.9533999999999987,80.25999999999999,10.0,4.0,0.0,4.0,5.0,0.0,0.0,OQOGAD_FSR
qmof-8a2fa8a,True,206.228,1.9727700000000001,49.57,16.0,3.0,0.0,3.0,0.0,2.0,2.0,OTOXEB_FSR
qmof-0888573,True,380.31600000000003,0.5419999999999991,161.20999999999998,28.0,10.0,1.0,9.0,5.0,3.0,3.0,OVAFUN_FSR
qmof-8ce647a,True,336.3980000000001,5.131000000000005,50.5,26.0,4.0,0.0,4.0,4.0,4.0,4.0,OSOGIO_FSR
qmof-46e5a60,False,,,,,,,,,,,OSOGOU_FSR
qmof-a374762,True,350.1430000000001,-7.918809999999997,295.12,25.0,17.0,0.0,13.0,4.0,0.0,2.0,DUNLIJ_FSR
qmof-20e5849,True,462.36600000000027,-1.7013999999999985,178.98,34.0,10.0,0.0,10.0,10.0,3.0,3.0,VIDNII_FSR
qmof-b5db4ad,False,,,,,,,,,,,VIGZES_FSR
qmof-f5b3fd7,True,264.292,1.8761999999999996,61.42,20.0,6.0,0.0,6.0,3.0,4.0,4.0,OPUYAA_FSR
qmof-a6977a3,False,,,,,,,,,,,DUWSOE_FSR
qmof-68c173d,True,238.294,2.10058,53.980000000000004,18.0,4.0,0.0,2.0,5.0,2.0,2.0,DUWSUK_FSR
qmof-fb69b28,True,88.01799999999999,-3.5138000000000003,80.25999999999999,6.0,4.0,0.0,4.0,0.0,0.0,0.0,DUWXID01_FSR
qmof-042f5d3,True,249.25300000000004,1.5385900000000001,49.97,19.0,5.0,0.0,4.0,1.0,2.0,4.0,OSEMUV_FSR
qmof-a7ea515,True,289.29400000000004,2.3336000000000006,72.81,22.0,5.0,0.0,5.0,4.0,3.0,3.0,OSEWOZ_FSR
qmof-4269ab3,True,164.15999999999997,1.88182,56.87,12.0,3.0,0.0,1.0,2.0,1.0,1.0,OSIBOI01_FSR
qmof-48504ab,True,165.11200000000002,-2.6016999999999992,124.61000000000001,12.0,7.0,0.0,4.0,1.0,1.0,1.0,DURKIL_FSR
qmof-2ca6d90,True,179.17999999999998,0.05479999999999985,65.91,12.0,5.0,0.0,5.0,1.0,2.0,2.0,DURKOR_FSR
qmof-75577f5,True,762.5880000000005,5.089280000000005,379.96,52.0,22.0,10.0,12.0,4.0,2.0,6.0,DURTEQ_FSR
qmof-f108d47,True,156.18799999999996,2.1435999999999993,25.78,12.0,2.0,0.0,2.0,1.0,2.0,2.0,OQUWAZ_FSR
qmof-0fbfb10,True,444.48600000000016,3.9772000000000034,80.25999999999999,34.0,4.0,0.0,4.0,7.0,4.0,4.0,NUXYOW_FSR
qmof-6a17ede,True,512.4740000000003,-1.5650199999999943,166.99999999999997,38.0,10.0,0.0,10.0,7.0,2.0,4.0,OCEJAK01_FSR
qmof-f284c0f,True,209.11299999999994,-1.6782000000000001,123.39999999999998,15.0,7.0,0.0,6.0,3.0,1.0,1.0,OCEROE_FSR
qmof-683545f,True,110.16099999999999,1.638,12.89,7.0,2.0,0.0,1.0,0.0,1.0,1.0,OFIZAF_FSR
qmof-2c408e6,True,122.10299999999997,-0.5549000000000004,53.019999999999996,9.0,3.0,0.0,3.0,1.0,1.0,1.0,OFOCIY_FSR
qmof-2869025,True,209.11299999999994,-1.6782000000000001,123.39999999999998,15.0,7.0,0.0,6.0,3.0,1.0,1.0,VIMMUA_FSR
qmof-c2b42fd,True,188.186,0.6204000000000001,53.879999999999995,14.0,4.0,0.0,2.0,1.0,2.0,2.0,OFEJIS_FSR
qmof-07ff184,True,333.19200000000006,-4.258099999999999,209.25,24.0,12.0,1.0,11.0,4.0,2.0,2.0,EHAHIF_FSR
qmof-d29bd71,False,,,,,,,,,,,DUZVEB_FSR
qmof-5c8908e,True,80.08999999999999,0.47659999999999986,25.78,6.0,2.0,0.0,2.0,0.0,1.0,1.0,ONOVET_FSR
qmof-70585b5,True,69.067,-0.19530000000000008,41.57,5.0,3.0,1.0,2.0,0.0,1.0,1.0,OPITOY_FSR
qmof-c0a61f9,True,242.286,0.5931999999999995,58.040000000000006,18.0,6.0,0.0,6.0,2.0,2.0,3.0,OPIZET_FSR
qmof-a02c95b,True,492.4040000000002,-4.266199999999998,218.55999999999995,36.0,14.0,0.0,14.0,6.0,3.0,4.0,OPIZUJ_FSR
qmof-3e6ec79,True,434.5080000000001,4.554300000000002,110.26,32.0,8.0,0.0,5.0,4.0,5.0,5.0,OPOGAC_FSR
qmof-8a3ffa2,True,95.06500000000001,0.011269999999999919,74.97,7.0,5.0,0.0,4.0,0.0,0.0,1.0,OPOHIL_FSR
qmof-26c54ef,True,148.141,-0.1553000000000001,53.019999999999996,11.0,3.0,0.0,3.0,2.0,1.0,1.0,ODIZOQ01_FSR
qmof-fc8917e,False,,,,,,,,,,,EHIYUQ_FSR
qmof-95ecaaa,True,96.06299999999999,-0.9077999999999999,73.94,5.0,5.0,0.0,2.0,0.0,0.0,0.0,EJAWUH_FSR
qmof-03bce06,False,,,,,,,,,,,VICJUM_FSR
qmof-53f3394,True,114.193,1.6097700000000001,23.79,7.0,2.0,0.0,2.0,0.0,0.0,1.0,EDURUT_FSR
qmof-1a901aa,True,303.2300000000001,-1.0144000000000009,162.31,22.0,9.0,1.0,8.0,3.0,2.0,2.0,EFEYIZ_FSR
qmof-4a15926,True,506.5180000000003,2.31944,132.97,38.0,9.0,0.0,9.0,6.0,5.0,5.0,EFOZAC_FSR
qmof-28d5f98,False,,,,,,,,,,,EFUKUM_FSR
qmof-5811114,True,223.12800000000001,0.9466999999999998,87.58000000000001,15.0,7.0,0.0,4.0,2.0,2.0,2.0,ONIPEI_FSR
qmof-6238cac,True,350.23800000000006,-3.4595999999999982,160.51999999999998,26.0,8.0,0.0,8.0,4.0,2.0,2.0,ONIWAK_FSR
qmof-99cdb42,True,156.18799999999996,2.1435999999999993,25.78,12.0,2.0,0.0,2.0,1.0,2.0,2.0,EBASUX01_FSR
qmof-9a3d32f,True,350.29400000000004,-1.232799999999999,160.01999999999998,26.0,10.0,0.0,8.0,5.0,3.0,3.0,EBEMEE_FSR
qmof-20e5839,True,136.15399999999997,1.2797999999999998,45.480000000000004,10.0,3.0,1.0,3.0,1.0,1.0,1.0,OMOFUR_FSR
qmof-18925a4,False,,,,,,,,,,,DUXKIR_FSR
qmof-402d546,False,,,,,,,,,,,DUXZEC_FSR
qmof-e5ef618,True,213.204,0.24299999999999977,74.31,16.0,7.0,0.0,7.0,2.0,3.0,3.0,ODUSOX_FSR
qmof-e057c66,True,168.219,2.7952900000000014,12.89,13.0,1.0,0.0,1.0,2.0,1.0,2.0,EGETAN_FSR
qmof-8ce7f32,True,165.11200000000002,-2.6016999999999992,124.61000000000001,12.0,7.0,0.0,4.0,1.0,1.0,1.0,EGOFAI_FSR
qmof-f0dfa44,True,136.118,1.0425900000000001,75.9,10.0,6.0,0.0,5.0,0.0,0.0,2.0,OFUZUL_FSR
qmof-09f467e,True,110.16099999999999,1.638,12.89,7.0,2.0,0.0,1.0,0.0,1.0,1.0,OFIYUY_FSR
qmof-f6afc69,True,67.071,0.26089000000000007,24.72,5.0,2.0,0.0,2.0,0.0,0.0,1.0,BETJAM_FSR
qmof-fb99880,True,42.021,-1.4418000000000002,58.7,3.0,3.0,0.0,0.0,0.0,0.0,0.0,VAQHAW_FSR
qmof-5c5f15c,False,,,,,,,,,,,VAQKIH_FSR
qmof-8ef3f6d,True,164.11599999999996,-1.5864000000000003,80.25999999999999,12.0,4.0,0.0,4.0,2.0,1.0,1.0,VASKOR_FSR
qmof-42d7698,True,202.282,2.7689000000000004,25.78,14.0,3.0,0.0,3.0,3.0,2.0,2.0,BEZTUX_FSR
qmof-b8dd1c7,True,269.16499999999996,-2.1477999999999993,141.86,19.0,9.0,0.0,8.0,7.0,1.0,1.0,BIBFOJ_FSR
qmof-be1b28a,False,,,,,,,,,,,BIFHEF_FSR
qmof-3ae8344,True,264.10999999999996,1.9184,114.39999999999999,16.0,8.0,2.0,2.0,4.0,1.0,1.0,BIFWEU_FSR
qmof-76aed81,True,473.3570000000001,-3.9758099999999974,224.78999999999996,35.0,13.0,1.0,12.0,6.0,3.0,4.0,OPENON_FSR
qmof-861877e,False,,,,,,,,,,,ONIHUQ_FSR
qmof-5df454d,False,,,,,,,,,,,ONINOQ_FSR
qmof-b42feba,True,224.13600000000002,0.5084999999999997,87.91000000000001,15.0,7.0,1.0,4.0,2.0,2.0,2.0,ONIPAE_FSR
qmof-a18c01f,False,,,,,,,,,,,OFOSOS_FSR
qmof-58b9289,True,278.289,1.7392,99.72,19.0,7.0,0.0,4.0,2.0,2.0,2.0,OHEQAT_FSR
qmof-7b915ca,False,,,,,,,,,,,OHIFOA_FSR
qmof-0f8af41,True,26.018,0.09637,23.79,2.0,1.0,0.0,1.0,0.0,0.0,0.0,EDURED_FSR
qmof-a001d0d,True,138.10199999999998,1.7386,63.04,10.0,4.0,0.0,2.0,1.0,1.0,1.0,BETWAZ_FSR
qmof-d3b25c3,True,241.23600000000002,0.8609899999999999,119.03999999999999,16.0,10.0,0.0,8.0,1.0,0.0,2.0,VEPCIF_FSR
qmof-b477ed1,False,,,,,,,,,,,OJOLEG_FSR
qmof-d280801,True,179.10699999999997,-1.4426,100.16,13.0,5.0,0.0,4.0,2.0,1.0,1.0,OKAZOR_FSR
qmof-202a1af,True,179.10699999999997,-1.4426,100.16,13.0,5.0,0.0,4.0,2.0,1.0,1.0,OKAZUX_FSR
qmof-a6894e8,True,304.317,0.8451899999999998,86.19000000000001,23.0,8.0,0.0,7.0,4.0,3.0,4.0,ECOYIG_FSR
qmof-77a1ed6,True,150.142,2.4694000000000003,0.0,8.0,2.0,0.0,0.0,3.0,0.0,0.0,VERHAB_FSR
qmof-3e210ac,False,,,,,,,,,,,EBOFAD_FSR
qmof-5d155f8,True,214.17599999999996,-0.43320000000000025,80.25999999999999,16.0,4.0,0.0,4.0,2.0,2.0,2.0,OMURUK_FSR
qmof-b0fd440,True,214.17599999999996,-0.43320000000000025,80.25999999999999,16.0,4.0,0.0,4.0,2.0,2.0,2.0,ONAMAT_FSR
qmof-d589613,True,395.6290000000001,4.2977000000000025,85.80999999999999,25.0,8.0,0.0,4.0,2.0,3.0,3.0,EBITAM_FSR
qmof-249c513,False,,,,,,,,,,,EBOBOO_FSR
qmof-ff989c9,False,,,,,,,,,,,VEFTEF_FSR
qmof-7847c76,True,80.08999999999999,0.4765999999999999,25.78,6.0,2.0,0.0,2.0,0.0,1.0,1.0,VEVJEL_FSR
qmof-68bb3f2,True,200.18500000000003,-0.5082000000000009,110.26,15.0,7.0,0.0,4.0,1.0,2.0,2.0,VEYTID_FSR
qmof-7885ed1,False,,,,,,,,,,,VEZZOR_FSR
qmof-76d822e,False,,,,,,,,,,,HUSFUX_FSR
qmof-dc328b4,False,,,,,,,,,,,HUVJIT_FSR
qmof-a4541ac,False,,,,,,,,,,,HOXFEG_FSR
qmof-ecfd269,True,197.241,2.4144000000000005,51.269999999999996,15.0,3.0,1.0,3.0,2.0,2.0,2.0,HIXMEJ_FSR
qmof-6a96bb3,True,197.241,2.4144000000000005,51.269999999999996,15.0,3.0,1.0,3.0,2.0,2.0,2.0,HIXMIN_FSR
qmof-7415286,False,,,,,,,,,,,HIYMEI_FSR
qmof-71d9329,True,42.021,-1.4418000000000002,58.7,3.0,3.0,0.0,0.0,0.0,0.0,0.0,HUFJUN_FSR
qmof-c8854ce,True,170.14499999999995,-1.5249000000000001,80.25999999999999,11.0,5.0,0.0,5.0,2.0,1.0,1.0,HOXKOV_FSR
qmof-e992e64,False,,,,,,,,,,,HOYLIS_FSR
qmof-1329145,False,,,,,,,,,,,HOYMAL_FSR
qmof-a3b763d,True,454.21600000000024,-0.9012199999999995,281.29999999999995,32.0,18.0,2.0,12.0,6.0,0.0,2.0,TARPUY_FSR
qmof-65d1b27,True,366.1980000000001,0.1891799999999998,206.69999999999996,26.0,14.0,0.0,10.0,4.0,0.0,2.0,TARQEJ_FSR
qmof-cc4c6c7,False,,,,,,,,,,,CAPTEV_FSR
qmof-2449d69,True,59.044,-1.2438,40.129999999999995,4.0,2.0,0.0,2.0,0.0,0.0,0.0,CAQSUK_FSR
qmof-22d43db,True,240.27,0.9661999999999998,61.42,18.0,6.0,0.0,6.0,4.0,3.0,3.0,TAPTOU_FSR
qmof-9e9c33f,True,352.302,-0.9659999999999986,134.14,26.0,8.0,0.0,6.0,3.0,3.0,3.0,HOQMIL01_FSR
qmof-9a10dde,False,,,,,,,,,,,VERHEF_FSR
qmof-45da32e,True,123.09099999999998,-1.1599000000000004,65.91,9.0,4.0,0.0,4.0,1.0,1.0,1.0,YOSLIB01_FSR
qmof-9c5c154,False,,,,,,,,,,,ACISEM_FSR
qmof-d33c8e0,True,484.8990000000002,4.239020000000004,176.46000000000004,31.0,14.0,1.0,4.0,5.0,2.0,3.0,HOMMIG_FSR
qmof-b21c6f8,False,,,,,,,,,,,HOGJIY_FSR
qmof-29e0c99,True,156.18799999999996,2.1435999999999993,25.78,12.0,2.0,0.0,2.0,1.0,2.0,2.0,HOCPUM_FSR
qmof-e2faba1,True,150.165,-0.34836,84.48,11.0,5.0,0.0,2.0,0.0,1.0,1.0,HOQKOO_FSR
qmof-afc3059,True,214.17599999999996,-0.43320000000000003,80.25999999999999,16.0,4.0,0.0,4.0,2.0,2.0,2.0,AGOXAX_FSR
qmof-4140970,True,80.08999999999999,0.4765999999999999,25.78,6.0,2.0,0.0,2.0,0.0,1.0,1.0,YITDUC_FSR
qmof-7867d26,True,280.38300000000004,2.7309800000000015,75.35,17.0,8.0,0.0,7.0,3.0,2.0,2.0,YIYYIP_FSR
qmof-f4eeaf7,True,209.11299999999994,-1.6782000000000001,123.4,15.0,7.0,0.0,6.0,3.0,1.0,1.0,YISJAM_FSR
qmof-9d2a214,True,376.5000000000001,6.165200000000007,44.24,28.0,4.0,0.0,4.0,8.0,3.0,3.0,YIWKUN_FSR
qmof-4973626,True,404.5540000000002,6.660400000000006,44.24000000000001,30.0,4.0,0.0,4.0,10.0,3.0,3.0,YIWLEY_FSR
qmof-f87c9d1,True,182.226,2.6470000000000002,25.78,14.0,2.0,0.0,2.0,2.0,2.0,2.0,YIWRAZ_FSR
qmof-4472105,False,,,,,,,,,,,YIXKEV_FSR
qmof-8f721fc,True,164.11599999999996,-1.5864000000000003,80.25999999999999,12.0,4.0,0.0,4.0,2.0,1.0,1.0,AFUQIB_FSR
qmof-37d508d,False,,,,,,,,,,,AFUXAC_FSR
qmof-b9a1228,True,339.17600000000004,3.4994000000000014,141.71,23.0,11.0,0.0,7.0,6.0,2.0,2.0,AGACIW01_FSR
qmof-1b80432,False,,,,,,,,,,,AGEZUJ_FSR
qmof-c6e619f,True,165.10399999999996,-2.1914,93.15,12.0,5.0,0.0,5.0,2.0,1.0,1.0,YIMNUF_FSR
qmof-52917da,False,,,,,,,,,,,HIYMIM_FSR
qmof-0d463af,True,164.11599999999996,-1.5864000000000003,80.25999999999999,12.0,4.0,0.0,4.0,2.0,1.0,1.0,HIYZEV01_FSR
qmof-7bf003d,True,268.22799999999995,-0.49940000000000007,108.46000000000001,20.0,6.0,0.0,4.0,5.0,2.0,2.0,HOQGAX_FSR
qmof-6a27bf1,False,,,,,,,,,,,YOFLIP_FSR
qmof-75c9ad5,True,156.18799999999996,2.1435999999999993,25.78,12.0,2.0,0.0,2.0,1.0,2.0,2.0,HODNOF_FSR
qmof-2da2c80,True,403.3220000000001,-0.1907000000000006,157.69,30.0,8.0,1.0,7.0,6.0,3.0,3.0,HOGQIF_FSR
qmof-3e982c9,True,338.297,0.13619999999999977,176.04000000000002,23.0,10.0,2.0,5.0,3.0,2.0,2.0,HOJJEX_FSR
qmof-f80de30,True,324.3140000000001,1.0491399999999995,145.84,22.0,9.0,1.0,5.0,2.0,2.0,2.0,HOJJIB_FSR
qmof-a144bb5,True,398.4630000000002,-0.5490999999999957,112.51999999999998,29.0,8.0,0.0,8.0,8.0,2.0,3.0,HOJLEY_FSR
qmof-61a8e50,True,164.11599999999996,-1.5864000000000003,80.25999999999999,12.0,4.0,0.0,4.0,2.0,1.0,1.0,HOMTAE_FSR
qmof-4a90838,True,156.18799999999996,2.1435999999999993,25.78,12.0,2.0,0.0,2.0,1.0,2.0,2.0,ACIJAX_FSR
qmof-04ef21f,True,294.24300000000005,-4.648699999999998,157.34,21.0,9.0,2.0,9.0,3.0,1.0,2.0,YORYEK_FSR
qmof-b8cc0aa,True,214.17599999999996,-0.43320000000000025,80.25999999999999,16.0,4.0,0.0,4.0,2.0,2.0,2.0,YOSDOA_FSR
qmof-d55dd9b,False,,,,,,,,,,,YISHOA_FSR
qmof-c7fbe0d,True,166.09199999999998,-2.7964,106.03999999999999,12.0,6.0,0.0,6.0,2.0,1.0,1.0,VELFOI_FSR
qmof-11b9e62,False,,,,,,,,,,,VEDRAY_FSR
qmof-8e66c1e,True,308.384,5.477600000000004,25.78,24.0,2.0,0.0,2.0,3.0,4.0,4.0,OKONOT_FSR
qmof-8ccd876,False,,,,,,,,,,,EBUFIS_FSR
qmof-8c3a7df,True,244.206,-1.1098,106.03999999999999,18.0,6.0,0.0,6.0,2.0,2.0,2.0,OKEWUX_FSR
qmof-00052d0,True,123.09099999999998,-1.1599000000000004,65.91,9.0,4.0,0.0,4.0,1.0,1.0,1.0,OKIHAR_FSR
qmof-21356e5,True,551.4710000000002,0.36058999999999997,219.13,41.0,13.0,3.0,10.0,7.0,4.0,5.0,OKIMEC_FSR
qmof-9cdf88c,True,211.109,-4.673699999999999,146.16999999999996,15.0,8.0,0.0,8.0,1.0,1.0,1.0,OMODIE_FSR
qmof-a5b4f8a,False,,,,,,,,,,,OLEXOS_FSR
qmof-3b7796c,True,186.20699999999997,-0.7830999999999997,80.25999999999999,13.0,4.0,0.0,4.0,8.0,0.0,0.0,OLIGOH_FSR
qmof-6c51382,True,699.0000000000001,5.271800000000004,154.85999999999999,40.0,16.0,2.0,14.0,12.0,2.0,2.0,OLIHIB_FSR
qmof-9570dfb,True,104.978,-0.36402000000000007,23.79,3.0,2.0,0.0,1.0,0.0,0.0,0.0,OLOZAQ_FSR
qmof-2941470,True,133.12599999999998,1.10689,36.97,10.0,2.0,0.0,1.0,1.0,1.0,1.0,OLUGOR_FSR
qmof-9c6ea2c,True,42.021,-1.4418000000000002,58.7,3.0,3.0,0.0,0.0,0.0,0.0,0.0,EBODEF_FSR
qmof-1580a8b,False,,,,,,,,,,,OKIYEO_FSR
qmof-b7b79de,True,115.22100000000002,2.5166000000000004,0.0,7.0,1.0,0.0,0.0,0.0,0.0,1.0,OJEPIE_FSR
qmof-638e1d5,True,100.12100000000001,-0.31070000000000014,41.13,7.0,3.0,2.0,1.0,0.0,0.0,1.0,OJIWIP_FSR
qmof-74470b6,True,305.32500000000005,0.9422799999999998,85.33000000000001,23.0,8.0,1.0,7.0,4.0,2.0,4.0,ECOZIH_FSR
qmof-56bffcf,True,148.169,0.5853999999999999,35.64,11.0,4.0,0.0,4.0,2.0,2.0,2.0,ECULEU_FSR
qmof-7f6d5c2,True,447.40700000000015,0.49799999999999933,159.04000000000002,33.0,11.0,0.0,10.0,7.0,4.0,4.0,ECUVAB_FSR
qmof-89d52dd,False,,,,,,,,,,,ECUWAC_FSR
qmof-de78dd0,True,661.6600000000003,4.783580000000005,77.53999999999999,42.0,10.0,0.0,8.0,4.0,2.0,8.0,VEPFAX11_FSR
qmof-39e2c38,False,,,,,,,,,,,VEQZAV_FSR
qmof-424203f,True,42.021,-1.4418000000000002,58.7,3.0,3.0,0.0,0.0,0.0,0.0,0.0,EBODOP01_FSR
qmof-dca4e37,True,80.08999999999999,0.4765999999999999,25.78,6.0,2.0,0.0,2.0,0.0,1.0,1.0,EBOKUB_FSR
qmof-bf55af2,True,165.10399999999996,-2.1914,93.15,12.0,5.0,0.0,5.0,2.0,1.0,1.0,OMUREU_FSR
qmof-cd31982,False,,,,,,,,,,,ONABUB_FSR
qmof-5d36d6c,False,,,,,,,,,,,EBIKIK_FSR
qmof-1a49402,False,,,,,,,,,,,OMAYOS_FSR
qmof-cd21dc4,True,204.14099999999996,-1.7101000000000002,108.94,15.0,6.0,1.0,5.0,2.0,2.0,2.0,OMEXEK_FSR
qmof-5bdd458,True,88.01799999999999,-3.5138000000000003,80.25999999999999,6.0,4.0,0.0,4.0,0.0,0.0,0.0,VAXCED_FSR
qmof-b6c2ee4,True,135.13,-0.06490000000000012,80.47999999999999,10.0,5.0,2.0,4.0,0.0,2.0,2.0,VAYREV_FSR
qmof-844af13,True,214.17599999999996,-0.43320000000000025,80.25999999999999,16.0,4.0,0.0,4.0,2.0,2.0,2.0,VANGIB_FSR
qmof-69c3651,True,138.10599999999997,-1.5777,91.92999999999999,10.0,5.0,1.0,5.0,1.0,1.0,1.0,OHUXAS_FSR
qmof-d83a3a6,True,182.226,2.6470000000000002,25.78,14.0,2.0,0.0,2.0,2.0,2.0,2.0,OJABUY_FSR
qmof-9047456,True,326.30000000000007,3.6158,91.83,23.0,8.0,3.0,4.0,6.0,3.0,3.0,EDATOV_FSR
qmof-7f7d8dd,False,,,,,,,,,,,EDICUQ_FSR
qmof-43048f4,True,156.18799999999996,2.1435999999999993,25.78,12.0,2.0,0.0,2.0,1.0,2.0,2.0,EDOREU01_FSR
qmof-6c4ca0b,False,,,,,,,,,,,OGUVOC_FSR
qmof-bf937bb,True,256.21299999999997,0.20589999999999975,89.49000000000001,19.0,5.0,0.0,5.0,4.0,2.0,2.0,BEQPUK_FSR
qmof-c00d6a1,True,285.211,-0.8262,130.45,21.0,7.0,1.0,6.0,4.0,2.0,2.0,VETBAA_FSR
qmof-1ef23f7,True,520.1880000000003,-1.0592199999999994,373.8999999999999,36.0,24.0,4.0,18.0,6.0,0.0,2.0,VEXLEQ_FSR
qmof-7a0465a,True,333.1920000000001,-5.996999999999999,225.35999999999999,24.0,12.0,1.0,11.0,4.0,1.0,2.0,BERFIP_FSR
qmof-40ab8ad,True,96.06299999999999,-0.9077999999999999,73.94,5.0,5.0,0.0,2.0,0.0,0.0,0.0,BERKOB_FSR
qmof-03e1732,True,145.08999999999997,-2.934499999999999,100.16,10.0,5.0,0.0,4.0,3.0,0.0,0.0,BETHAM_FSR
qmof-750f9b8,True,58.085,0.66498,23.79,3.0,2.0,0.0,1.0,0.0,0.0,0.0,VAWHOQ_FSR
qmof-817fdc2,True,264.10999999999996,1.9184,114.39999999999999,16.0,8.0,2.0,2.0,4.0,1.0,1.0,BIFYEW_FSR
qmof-e986fdb,True,264.10999999999996,1.9184,114.39999999999999,16.0,8.0,2.0,2.0,4.0,1.0,1.0,BIFYIA_FSR
qmof-d9a0694,True,473.3570000000001,-3.9758099999999974,224.78999999999996,35.0,13.0,1.0,12.0,6.0,3.0,4.0,OPENIH_FSR
qmof-8d86a35,False,,,,,,,,,,,ONIJOL_FSR
qmof-2f4a13b,True,238.29399999999998,2.7098000000000004,50.5,18.0,4.0,0.0,4.0,3.0,2.0,2.0,OHAJEN_FSR
qmof-d4efb4b,False,,,,,,,,,,,OHAPOD01_FSR
qmof-77fbc29,True,116.07199999999999,-2.733599999999999,80.25999999999999,8.0,4.0,0.0,4.0,3.0,0.0,0.0,OHETOL_FSR
qmof-38de43e,True,114.193,1.6097700000000001,23.79,7.0,2.0,0.0,2.0,0.0,0.0,1.0,EDURON_FSR
qmof-cf999a5,True,188.186,0.6204000000000001,53.879999999999995,14.0,4.0,0.0,2.0,1.0,2.0,2.0,EFOLAM_FSR
qmof-3af1f54,True,406.30600000000004,-2.715799999999998,186.29999999999995,30.0,10.0,0.0,10.0,5.0,3.0,3.0,OGIHAO_FSR
qmof-d429569,True,80.08999999999999,0.4765999999999999,25.78,6.0,2.0,0.0,2.0,0.0,1.0,1.0,OHIRED02_FSR
qmof-e374ad7,True,225.22699999999998,1.1956999999999998,65.38,17.0,4.0,0.0,4.0,3.0,2.0,2.0,OHOSEJ_FSR
qmof-f563388,True,595.5130000000004,-2.563199999999993,228.74999999999994,43.0,14.0,1.0,13.0,15.0,3.0,3.0,EBAMUQ_FSR
qmof-f1bc215,False,,,,,,,,,,,EBAQOP01_FSR
qmof-4324443,False,,,,,,,,,,,OMOGAY01_FSR
qmof-741b28f,True,157.065,-0.5303100000000002,111.0,11.0,8.0,0.0,6.0,1.0,0.0,1.0,DUXBEE_FSR
qmof-b2685e8,False,,,,,,,,,,,DUXBII_FSR
qmof-c0d0be0,True,284.22700000000003,-0.9391000000000005,122.25,21.0,7.0,1.0,6.0,4.0,2.0,2.0,DUXMIT_FSR
qmof-6852054,True,290.266,1.7465599999999997,126.38,22.0,8.0,0.0,7.0,2.0,3.0,3.0,DUXSOF_FSR
qmof-8bcd749,True,290.266,1.7465599999999997,126.38,22.0,8.0,0.0,7.0,2.0,3.0,3.0,DUXTAS_FSR
qmof-ba20815,False,,,,,,,,,,,DUYHOW_FSR
qmof-5d9fab0,True,416.4880000000001,6.206200000000005,58.040000000000006,32.0,6.0,0.0,6.0,6.0,5.0,5.0,OFADAC_FSR
qmof-b53096c,True,182.226,2.6470000000000002,25.78,14.0,2.0,0.0,2.0,2.0,2.0,2.0,ODIQAU_FSR
qmof-ff5eefd,True,157.176,1.5385999999999995,38.67,12.0,3.0,0.0,3.0,1.0,2.0,2.0,OGOLOL_FSR
qmof-79403ea,True,280.279,0.7198999999999998,80.25999999999999,21.0,4.0,0.0,4.0,2.0,2.0,3.0,OGOVUC_FSR
qmof-2576b34,True,295.25100000000003,-2.498999999999998,147.45999999999998,21.0,9.0,2.0,8.0,3.0,1.0,2.0,EFULIB_FSR
qmof-64900af,True,66.043,-0.44704000000000005,61.68,5.0,3.0,0.0,2.0,0.0,0.0,0.0,EFUWOR_FSR
qmof-f41b6c6,True,156.18799999999996,2.1435999999999993,25.78,12.0,2.0,0.0,2.0,1.0,2.0,2.0,EGEDOL_FSR
qmof-d689f74,False,,,,,,,,,,,EGEMIO_FSR
qmof-e5e12e2,True,26.018,0.09637,23.79,2.0,1.0,0.0,1.0,0.0,0.0,0.0,OFIWEG_FSR
qmof-0ea1d91,False,,,,,,,,,,,VIHTEL01_FSR
qmof-42a3e7f,True,182.226,2.6470000000000002,25.78,14.0,2.0,0.0,2.0,2.0,2.0,2.0,VIHYIW_FSR
qmof-f7c5ef4,True,114.05599999999998,-2.9576000000000002,80.25999999999999,8.0,4.0,0.0,4.0,2.0,0.0,0.0,BEPDUW_FSR
qmof-c8783dd,True,122.10299999999997,-0.5549000000000002,53.019999999999996,9.0,3.0,0.0,3.0,1.0,1.0,1.0,BEPTUM01_FSR
qmof-5b523bb,True,122.10299999999997,-0.5549000000000002,53.019999999999996,9.0,3.0,0.0,3.0,1.0,1.0,1.0,BEPVAU_FSR
qmof-15ff44b,False,,,,,,,,,,,BEPYIH_FSR
qmof-8104eb0,True,616.372,-4.0008199999999965,348.37999999999994,44.0,24.0,0.0,20.0,9.0,2.0,4.0,BEQHIQ_FSR
qmof-da84265,False,,,,,,,,,,,OFALIS_FSR
qmof-ac1edc6,False,,,,,,,,,,,OFAPES_FSR
qmof-26d80f2,True,165.10399999999996,-2.1914,93.15,12.0,5.0,0.0,5.0,2.0,1.0,1.0,OFICOW_FSR
qmof-c1d4910,True,219.24,1.0237999999999994,72.38999999999999,16.0,4.0,0.0,3.0,4.0,1.0,1.0,OFIKAQ_FSR
qmof-467a98a,True,214.17599999999996,-0.43320000000000025,80.25999999999999,16.0,4.0,0.0,4.0,2.0,2.0,2.0,EGUHOD02_FSR
qmof-92f0814,True,164.11599999999996,-1.5864000000000003,80.25999999999999,12.0,4.0,0.0,4.0,2.0,1.0,1.0,ODOJEZ_FSR
qmof-bb736bf,False,,,,,,,,,,,DUYJOY_FSR
qmof-aa83aa8,True,352.302,-0.9659999999999986,134.14,26.0,8.0,0.0,6.0,3.0,3.0,3.0,DUZJAK01_FSR
qmof-cdb5ed9,True,429.3600000000002,0.4682999999999999,157.69,32.0,8.0,1.0,7.0,4.0,4.0,4.0,DUZSIC_FSR
qmof-e732e6c,True,429.3600000000002,0.4682999999999999,157.69,32.0,8.0,1.0,7.0,4.0,4.0,4.0,DUZTAV_FSR
qmof-faf6244,True,280.369,3.9033000000000024,16.380000000000003,18.0,5.0,0.0,2.0,4.0,2.0,2.0,OQOMEO_FSR
qmof-add50d6,True,316.42700000000013,3.8999000000000024,21.700000000000003,21.0,5.0,0.0,3.0,4.0,2.0,3.0,OQOYIE_FSR
qmof-2016868,True,242.286,0.5931999999999995,58.040000000000006,18.0,6.0,0.0,6.0,2.0,2.0,3.0,OPIZIX_FSR
qmof-f38d274,True,360.369,0.989499999999999,106.03999999999999,27.0,6.0,0.0,6.0,5.0,3.0,3.0,OPOBAX_FSR
qmof-85aea29,True,150.206,2.2254899999999997,31.58,10.0,3.0,2.0,1.0,0.0,2.0,2.0,OPOGUW_FSR
qmof-e7477a4,True,384.4030000000001,2.6832000000000003,100.34,29.0,9.0,0.0,9.0,6.0,5.0,5.0,ODIVED_FSR
qmof-e0cfb23,True,106.108,0.57297,49.57,8.0,3.0,0.0,3.0,0.0,1.0,1.0,EHOQOH01_FSR
qmof-255cbe5,True,256.308,3.543400000000002,25.78,20.0,2.0,0.0,2.0,1.0,3.0,3.0,EHUHIY_FSR
qmof-2d1b778,True,528.5680000000002,3.128800000000002,131.82,40.0,8.0,0.0,8.0,6.0,5.0,6.0,EJANOU_FSR
qmof-4fc3049,True,276.273,0.9685999999999999,99.72,19.0,7.0,0.0,4.0,0.0,2.0,2.0,EJAXAO_FSR
qmof-d03a775,True,122.10299999999997,-0.5549000000000004,53.019999999999996,9.0,3.0,0.0,3.0,1.0,1.0,1.0,ODEJAI_FSR
qmof-8e34fd9,False,,,,,,,,,,,ODEQOD_FSR
qmof-01be788,False,,,,,,,,,,,ODEQUJ_FSR
qmof-580676b,True,165.10399999999996,-2.1914,93.15,12.0,5.0,0.0,5.0,2.0,1.0,1.0,VIVRUQ_FSR
qmof-cd363bf,True,158.053,0.15599999999999986,82.65,10.0,6.0,0.0,3.0,1.0,1.0,1.0,VIGCAR_FSR
qmof-8958149,True,316.31200000000007,1.7475999999999994,80.25999999999999,24.0,4.0,0.0,4.0,4.0,3.0,3.0,OPUJUG_FSR
qmof-c1aa50a,True,157.065,-0.5303100000000002,111.0,11.0,8.0,0.0,6.0,1.0,0.0,1.0,DUXBAA_FSR
qmof-d9d6cca,True,196.11399999999995,-2.1752,120.72,14.0,6.0,2.0,6.0,2.0,1.0,1.0,OSAWEL_FSR
qmof-274593f,True,236.61199999999997,2.4482,102.84,14.0,8.0,0.0,2.0,2.0,1.0,1.0,DUWBAA_FSR
qmof-1106f49,False,,,,,,,,,,,OQUJUG_FSR
qmof-6438955,False,,,,,,,,,,,OCECUX_FSR
qmof-2bce3f1,True,342.2150000000001,-3.0671,169.75,25.0,9.0,0.0,9.0,6.0,2.0,2.0,OCESOF_FSR
qmof-6d69c36,True,168.10799999999998,-2.55488,108.94,12.0,6.0,1.0,5.0,2.0,1.0,1.0,EJEBOL01_FSR
qmof-b8e1ccb,True,331.3110000000001,2.39991,138.53,25.0,7.0,0.0,7.0,5.0,1.0,1.0,EJODIS_FSR
qmof-9d1ad9e,True,408.3890000000001,2.6849,172.42000000000002,27.0,11.0,0.0,3.0,3.0,3.0,3.0,EJOMEW_FSR
qmof-36c0426,True,408.3890000000001,2.6849,172.42000000000002,27.0,11.0,0.0,3.0,3.0,3.0,3.0,EJOMUM_FSR
qmof-eb6d7e8,True,408.3890000000001,2.6849,172.42000000000002,27.0,11.0,0.0,3.0,3.0,3.0,3.0,EJONAT_FSR
qmof-cf362bb,True,408.3890000000001,2.6849,172.42000000000002,27.0,11.0,0.0,3.0,3.0,3.0,3.0,EJONEX_FSR
qmof-893a85d,True,95.10499999999999,0.05880000000000002,51.8,7.0,3.0,1.0,3.0,0.0,1.0,1.0,OBOQII_FSR
qmof-5bbacb7,True,404.3100000000002,-2.778809999999999,172.54999999999998,30.0,9.0,1.0,9.0,6.0,2.0,3.0,NURCUA_FSR
qmof-033ade9,False,,,,,,,,,,,OBOXIM_FSR
qmof-c0b86a6,True,610.6990000000002,0.5587000000000004,190.01999999999998,41.0,15.0,2.0,13.0,12.0,4.0,4.0,OBUJON_FSR
qmof-890c483,True,555.5030000000004,0.6583999999999997,207.38,41.0,13.0,2.0,10.0,9.0,4.0,4.0,OBUKAA_FSR
qmof-6357683,True,320.304,0.5571999999999996,106.03999999999999,24.0,6.0,0.0,6.0,3.0,3.0,3.0,OCAKOV_FSR
qmof-48f26c5,True,147.121,0.12339999999999998,76.96000000000001,11.0,6.0,0.0,5.0,1.0,1.0,2.0,EJOQAW_FSR
qmof-db57196,False,,,,,,,,,,,EJOXUY_FSR
qmof-8b06d36,True,88.01799999999999,-3.5138000000000003,80.25999999999999,6.0,4.0,0.0,4.0,0.0,0.0,0.0,EKEHAE_FSR
qmof-580d3d5,True,196.11399999999995,-2.1752,120.72,14.0,6.0,2.0,6.0,2.0,1.0,1.0,NUZHUN_FSR
qmof-2d80bfd,False,,,,,,,,,,,NUZZEN_FSR
qmof-baceef3,False,,,,,,,,,,,OBECIH_FSR
qmof-d3d1953,False,,,,,,,,,,,OBEHAF_FSR
qmof-e378426,True,276.283,1.1779499999999998,113.91999999999999,21.0,7.0,0.0,5.0,4.0,2.0,2.0,OQIMUY_FSR
qmof-fdac092,True,184.242,2.760440000000001,25.78,14.0,2.0,0.0,2.0,1.0,2.0,2.0,OVAKIH_FSR
qmof-27ec0f6,False,,,,,,,,,,,OTABAO_FSR
qmof-20f395f,True,350.1430000000001,-7.918809999999997,295.12,25.0,17.0,0.0,13.0,4.0,0.0,2.0,DUNLAB_FSR
qmof-97d33bf,True,350.1430000000001,-7.918809999999997,295.12,25.0,17.0,0.0,13.0,4.0,0.0,2.0,DUNLOP_FSR
qmof-28b240f,True,376.47,4.190000000000003,77.34,26.0,8.0,0.0,8.0,5.0,4.0,4.0,DUPMAD_FSR
qmof-ced1629,True,58.085,0.66498,23.79,3.0,2.0,0.0,1.0,0.0,0.0,0.0,DUQSUE01_FSR
qmof-ec0241b,False,,,,,,,,,,,DUQVAN01_FSR
qmof-22b8050,True,190.25,1.56,35.64,14.0,4.0,0.0,4.0,5.0,2.0,2.0,NOTVOJ_FSR
qmof-3f1fb36,False,,,,,,,,,,,NOTWAW_FSR
qmof-bfe8f46,True,192.226,0.34999999999999987,61.42,14.0,6.0,0.0,6.0,5.0,2.0,2.0,NUCCUK_FSR
qmof-f839aa6,True,342.33600000000007,-0.4615999999999998,131.82,24.0,9.0,0.0,9.0,4.0,3.0,3.0,NUXYUB_FSR
qmof-78bdc8c,True,370.3900000000001,0.3186,131.82,26.0,9.0,0.0,9.0,6.0,3.0,3.0,NUYBAL_FSR
qmof-ef538ec,True,114.05599999999998,-2.9576000000000002,80.25999999999999,8.0,4.0,0.0,4.0,2.0,0.0,0.0,NUYBIT_FSR
qmof-e20ca81,True,610.5940000000003,2.03097,172.60000000000002,46.0,14.0,0.0,11.0,8.0,4.0,7.0,EKOLUN_FSR
qmof-43d60ca,True,240.28199999999995,2.41054,52.16,18.0,3.0,1.0,3.0,3.0,2.0,2.0,NUSTEB_FSR
qmof-6d3d4f5,False,,,,,,,,,,,NUSYUW_FSR
qmof-acc11bc,True,365.30100000000004,0.4653999999999999,149.17999999999995,27.0,9.0,0.0,8.0,4.0,3.0,3.0,NUSZAD_FSR
qmof-23e86cd,True,88.01799999999999,-3.5138000000000003,80.25999999999999,6.0,4.0,0.0,4.0,0.0,0.0,0.0,NULCAZ01_FSR
qmof-ea44590,True,224.287,2.7482700000000015,49.57,17.0,3.0,0.0,3.0,4.0,2.0,2.0,EMAHAC01_FSR
qmof-9bb480f,True,42.021,-1.4418000000000002,58.7,3.0,3.0,0.0,0.0,0.0,0.0,0.0,EMASOA_FSR
qmof-df493b0,True,42.021,-1.4418000000000002,58.7,3.0,3.0,0.0,0.0,0.0,0.0,0.0,EMASUG_FSR
qmof-3bda7fc,False,,,,,,,,,,,NOPCUR_FSR
qmof-9914ceb,False,,,,,,,,,,,NOPQEP_FSR
qmof-eae2192,True,530.5220000000003,0.6632999999999996,190.01999999999998,38.0,13.0,2.0,11.0,8.0,4.0,4.0,NOQDII_FSR
qmof-f16edf9,True,26.018,0.09637,23.79,2.0,1.0,0.0,1.0,0.0,0.0,0.0,NUHSUG_FSR
qmof-439bd40,True,26.018,0.09637,23.79,2.0,1.0,0.0,1.0,0.0,0.0,0.0,NUHTER01_FSR
qmof-06c8264,True,260.229,0.08349999999999919,118.14,19.0,7.0,3.0,5.0,5.0,2.0,2.0,NUKGAC_FSR
qmof-58042a0,True,80.08999999999999,0.4765999999999999,25.78,6.0,2.0,0.0,2.0,0.0,1.0,1.0,ELESEU_FSR
qmof-e8a0b3c,True,80.08999999999999,0.47659999999999986,25.78,6.0,2.0,0.0,2.0,0.0,1.0,1.0,ELESOE_FSR
qmof-6259683,True,191.23900000000003,0.5779,42.59,13.0,5.0,0.0,3.0,1.0,1.0,2.0,ELEXEA_FSR
qmof-8ceaacf,True,164.11599999999996,-1.5864000000000003,80.25999999999999,12.0,4.0,0.0,4.0,2.0,1.0,1.0,ELIGEM_FSR
qmof-c92d2ff,True,196.11399999999995,-2.1752,120.72,14.0,6.0,2.0,6.0,2.0,1.0,1.0,OSAVUA_FSR
qmof-0bf120c,True,240.21399999999997,0.08059999999999978,80.25999999999999,18.0,4.0,0.0,4.0,3.0,2.0,2.0,OWAXIU_FSR
qmof-63c5997,True,256.21299999999997,0.20589999999999975,89.49000000000001,19.0,5.0,0.0,5.0,4.0,2.0,2.0,OWAZAO_FSR
qmof-c22f0dd,False,,,,,,,,,,,OWELIN_FSR
qmof-7fb5692,False,,,,,,,,,,,OWOKOC_FSR
qmof-4f5a813,True,371.3780000000001,-0.3367999999999993,139.93,26.0,10.0,0.0,8.0,5.0,3.0,3.0,OWOKUI_FSR
qmof-905ce17,True,334.05800000000005,-1.0120200000000001,80.25999999999999,18.0,6.0,0.0,4.0,2.0,0.0,2.0,DULDOF_FSR
qmof-c89a0d4,True,254.227,0.025800000000000045,125.5,17.0,9.0,0.0,6.0,1.0,2.0,2.0,DUMHUP_FSR
qmof-4f1b040,True,207.11699999999993,-3.2229,120.38999999999999,15.0,6.0,0.0,6.0,3.0,1.0,1.0,OVEJEF_FSR
qmof-1ba69f6,True,418.3020000000001,1.617,106.03999999999999,30.0,10.0,0.0,6.0,4.0,3.0,3.0,OVEJOQ_FSR
qmof-f7ad9cd,True,192.226,-0.2682199999999997,59.400000000000006,14.0,6.0,0.0,4.0,5.0,0.0,2.0,OVELEH01_FSR
qmof-92f3405,True,410.4740000000002,0.4482400000000002,115.9,30.0,8.0,0.0,8.0,9.0,3.0,3.0,OTIPOX_FSR
qmof-1f0ad0a,True,188.16199999999995,0.3513899999999999,63.24,14.0,4.0,1.0,4.0,2.0,1.0,2.0,BEMWAS_FSR
qmof-90b97bc,False,,,,,,,,,,,BENFUX_FSR
qmof-b57a861,True,197.13000000000002,0.11920000000000003,111.84,14.0,8.0,1.0,5.0,3.0,1.0,1.0,BENHUA_FSR
qmof-85b5866,True,54.071999999999996,0.73417,23.79,4.0,1.0,0.0,1.0,0.0,0.0,0.0,BENNEO_FSR
qmof-2d358d1,True,455.4020000000001,0.712999999999999,155.39999999999998,34.0,9.0,0.0,9.0,6.0,4.0,4.0,VIWHOA_FSR
qmof-54e3d77,True,450.45400000000006,2.1475999999999997,134.24,34.0,8.0,0.0,6.0,7.0,4.0,4.0,VIWXOQ_FSR
qmof-ce41736,True,342.2400000000001,-6.408299999999997,186.39,24.0,12.0,0.0,12.0,9.0,1.0,1.0,VIRCEF_FSR
qmof-b1bdd96,True,45.016999999999996,-1.6339000000000001,40.129999999999995,3.0,2.0,0.0,2.0,0.0,0.0,0.0,NUFQOV_FSR
qmof-cea32da,False,,,,,,,,,,,NUFRAI_FSR
qmof-5c99aeb,True,245.30100000000002,5.164400000000003,19.9,19.0,1.0,0.0,0.0,2.0,3.0,3.0,ELOKIZ_FSR
qmof-f66d709,True,361.24700000000007,1.3594899999999999,95.86000000000001,25.0,10.0,0.0,6.0,8.0,1.0,1.0,ELUGUO_FSR
qmof-5e57dd5,True,156.18799999999996,2.1435999999999993,25.78,12.0,2.0,0.0,2.0,1.0,2.0,2.0,NOQQUH_FSR
qmof-52e8f8a,True,181.10299999999995,-2.9529999999999994,107.19999999999999,13.0,6.0,0.0,5.0,2.0,1.0,1.0,NONXAQ_FSR
qmof-80d4a16,False,,,,,,,,,,,EMATOB_FSR
qmof-461e88d,True,217.07299999999995,-0.1689000000000005,129.79,14.0,8.0,0.0,4.0,1.0,1.0,1.0,EMEFAD_FSR
qmof-3a50fd2,True,283.224,-4.495209999999999,172.21,20.0,11.0,3.0,8.0,5.0,0.0,1.0,EMIQOG_FSR
qmof-0e0cf73,True,182.226,2.6470000000000002,25.78,14.0,2.0,0.0,2.0,2.0,2.0,2.0,NOFQUW_FSR
qmof-896e1e1,True,247.85399999999998,-2.3508,120.05999999999999,8.0,8.0,2.0,2.0,0.0,0.0,0.0,NOFREG_FSR
qmof-cd9bc22,False,,,,,,,,,,,NOBZIP_FSR
qmof-4ee9dbb,True,432.3120000000001,-3.8348999999999966,223.66000000000003,32.0,14.0,0.0,13.0,5.0,3.0,4.0,VOFVIW_FSR
qmof-7b1303e,True,196.11399999999995,-2.1752,120.72,14.0,6.0,2.0,6.0,2.0,1.0,1.0,VOGTER_FSR
qmof-01429b0,True,380.22000000000014,-4.084,194.66,28.0,10.0,0.0,10.0,4.0,2.0,3.0,OXITEV_FSR
qmof-d93d3b5,True,326.3330000000001,0.5821999999999996,108.94,23.0,7.0,1.0,6.0,5.0,3.0,3.0,DUGFIW_FSR
qmof-55e44c5,False,,,,,,,,,,,DUHPUS_FSR
qmof-d5a245c,True,116.07199999999999,-2.733599999999999,80.25999999999999,8.0,4.0,0.0,4.0,3.0,0.0,0.0,DUJVOV_FSR
qmof-f54e59c,True,504.5460000000003,3.258840000000001,115.9,38.0,8.0,0.0,8.0,6.0,5.0,5.0,DUJVUB_FSR
qmof-5fdef1b,True,354.30600000000004,-2.4427999999999965,174.60000000000002,26.0,11.0,0.0,8.0,4.0,3.0,3.0,OWAWIT_FSR
qmof-e203bf0,True,153.16199999999998,-0.7212099999999999,52.489999999999995,10.0,4.0,0.0,3.0,1.0,0.0,1.0,VAJVAF_FSR
qmof-8a9774d,False,,,,,,,,,,,VAMWIP_FSR
qmof-1fa8bff,False,,,,,,,,,,,BIHLUB_FSR
qmof-d77af39,False,,,,,,,,,,,ENISIE01_FSR
qmof-90df4ad,False,,,,,,,,,,,NINHIE_FSR
qmof-fe66204,True,188.255,2.6278000000000006,25.78,13.0,3.0,0.0,3.0,2.0,2.0,2.0,NIPWEP_FSR
qmof-5a5d07c,True,114.05599999999998,-2.9576000000000002,80.25999999999999,8.0,4.0,0.0,4.0,2.0,0.0,0.0,NIQKEE_FSR
qmof-8663e62,False,,,,,,,,,,,EMIQUM_FSR
qmof-00089fc,True,164.11599999999996,-1.5864000000000003,80.25999999999999,12.0,4.0,0.0,4.0,2.0,1.0,1.0,EMOVEI_FSR
qmof-6f14ab0,True,122.12699999999997,0.18049999999999994,55.980000000000004,9.0,3.0,1.0,2.0,1.0,1.0,1.0,EMOVIM_FSR
qmof-dd66937,True,340.3390000000002,-1.0231199999999987,134.24,25.0,8.0,0.0,6.0,9.0,2.0,2.0,NIYNOA_FSR
qmof-71a7346,True,368.39300000000026,-0.24291999999999958,134.24,27.0,8.0,0.0,6.0,9.0,2.0,2.0,NIYNUG_FSR
qmof-0495d74,True,211.109,-4.673699999999999,146.16999999999996,15.0,8.0,0.0,8.0,1.0,1.0,1.0,NIYPAP_FSR
qmof-869daab,True,460.5340000000005,1.1733799999999994,134.24,34.0,8.0,0.0,6.0,9.0,2.0,6.0,NIXJIP_FSR
qmof-c5dc59c,True,460.5340000000005,1.1733799999999994,134.24,34.0,8.0,0.0,6.0,9.0,2.0,6.0,NIXJOV_FSR
qmof-a2987bf,False,,,,,,,,,,,ENOSOQ_FSR
qmof-bf5fc78,False,,,,,,,,,,,ENUZIY_FSR
qmof-e6aabf7,True,136.19799999999998,1.6014,25.78,10.0,2.0,0.0,2.0,2.0,1.0,1.0,EPEGAI_FSR
qmof-0f6c4d4,True,211.109,-4.673699999999999,146.16999999999996,15.0,8.0,0.0,8.0,1.0,1.0,1.0,NIYNAN_FSR
qmof-ffe5987,False,,,,,,,,,,,NISZAQ_FSR
qmof-0ad11a9,True,164.11599999999996,-1.5864000000000003,80.25999999999999,12.0,4.0,0.0,4.0,2.0,1.0,1.0,NIWQIV_FSR
qmof-5a0bd7c,True,245.30100000000002,5.164400000000003,19.9,19.0,1.0,0.0,0.0,2.0,3.0,3.0,EMUHAW_FSR
qmof-d4fdde7,False,,,,,,,,,,,ENAPIT_FSR
qmof-74bea3f,False,,,,,,,,,,,BIJYIE_FSR
qmof-3769d75,True,166.09199999999998,-2.7964,106.03999999999999,12.0,6.0,0.0,6.0,2.0,1.0,1.0,UZAGUY_FSR
qmof-468c3a6,False,,,,,,,,,,,OZAYIZ_FSR
qmof-599e3b3,True,390.23500000000007,1.8242999999999996,80.25999999999999,27.0,10.0,0.0,4.0,4.0,2.0,2.0,OZEPIT_FSR
qmof-6db4857,False,,,,,,,,,,,OXUPEE02_FSR
qmof-7aef2c2,True,270.292,0.6363999999999996,83.98,20.0,6.0,2.0,4.0,5.0,2.0,2.0,OXUZAK_FSR
qmof-b7e8393,True,318.28800000000007,0.5375999999999999,106.03999999999999,24.0,6.0,0.0,6.0,4.0,3.0,3.0,OYAPUB_FSR
qmof-8d7eb31,True,211.109,-4.673699999999999,146.16999999999996,15.0,8.0,0.0,8.0,1.0,1.0,1.0,DUBZUW_FSR
qmof-855f474,True,416.43700000000024,1.396859999999999,115.9,31.0,8.0,0.0,8.0,4.0,4.0,4.0,DUFMIC_FSR
qmof-bae3569,True,164.11599999999996,-1.5864000000000003,80.25999999999999,12.0,4.0,0.0,4.0,2.0,1.0,1.0,OWUDOA_FSR
qmof-653a443,False,,,,,,,,,,,OWUGEU_FSR
qmof-643cc44,False,,,,,,,,,,,VOPMEU_FSR
qmof-a5ebf1c,False,,,,,,,,,,,VOPVIH_FSR
qmof-0f76e09,True,454.4450000000002,4.726300000000004,173.86,31.0,12.0,1.0,3.0,3.0,5.0,5.0,VOQDAI_FSR
qmof-8dc527b,True,588.5720000000002,0.3623800000000008,166.99999999999997,44.0,10.0,0.0,10.0,9.0,3.0,5.0,VIYQAY_FSR
qmof-ae67161,True,190.25,1.56,35.64,14.0,4.0,0.0,4.0,5.0,2.0,2.0,NIRCOH_FSR
qmof-098256e,True,488.5210000000002,2.2378,146.5,35.0,9.0,2.0,9.0,7.0,4.0,4.0,NILDOD_FSR
qmof-b7ec66e,False,,,,,,,,,,,ENOBUE_FSR
qmof-e79e847,True,206.60599999999997,2.6838000000000015,79.6,12.0,6.0,0.0,0.0,1.0,1.0,1.0,OZIMUG_FSR
qmof-5cb65f0,True,463.5220000000002,-0.0490000000000006,160.92,30.0,13.0,1.0,12.0,8.0,3.0,3.0,PADLEO_FSR
qmof-6798637,True,164.11599999999996,-1.5864000000000003,80.25999999999999,12.0,4.0,0.0,4.0,2.0,1.0,1.0,PADPEQ_FSR
qmof-5e115f0,True,294.26599999999996,0.04339999999999988,106.03999999999999,22.0,6.0,0.0,6.0,2.0,3.0,3.0,DOYZUO_FSR
qmof-d33280e,True,294.26599999999996,0.04339999999999988,106.03999999999999,22.0,6.0,0.0,6.0,2.0,3.0,3.0,DOZBAX_FSR
qmof-3abee2d,True,294.26599999999996,0.04339999999999988,106.03999999999999,22.0,6.0,0.0,6.0,2.0,3.0,3.0,DOZBEB_FSR
qmof-180ad30,True,166.11199999999997,-0.8567000000000002,90.32000000000001,12.0,5.0,1.0,4.0,2.0,1.0,1.0,DOZNUC_FSR
qmof-796fd5c,False,,,,,,,,,,,OYEKIN_FSR
qmof-53443b2,True,372.2540000000001,3.011840000000001,140.18,24.0,10.0,2.0,4.0,4.0,2.0,2.0,OYIHIP_FSR
qmof-a5b4034,True,196.29999999999998,0.9550000000000001,52.04,12.0,4.0,2.0,2.0,2.0,1.0,1.0,OYOHOA_FSR
qmof-88b90c9,False,,,,,,,,,,,OYUCAN_FSR
qmof-76d8db1,True,58.085,0.66498,23.79,3.0,2.0,0.0,1.0,0.0,0.0,0.0,PALROM_FSR
qmof-cc16b60,True,718.4010000000002,8.803100000000002,78.38000000000001,45.0,8.0,0.0,6.0,6.0,6.0,7.0,NETGEZ_FSR
qmof-c149be5,False,,,,,,,,,,,NETGOJ_FSR
qmof-5c218b6,True,234.03999999999996,1.0453999999999997,113.74000000000001,14.0,8.0,0.0,2.0,2.0,1.0,1.0,NIGPOL01_FSR
qmof-976bca8,True,308.12200000000007,-6.477009999999998,236.42000000000002,22.0,14.0,0.0,13.0,4.0,0.0,2.0,NIGROM_FSR
qmof-e98dec3,True,74.059,-2.3049999999999997,66.14999999999999,5.0,3.0,1.0,3.0,1.0,0.0,0.0,NIHNAV_FSR
qmof-4dd7878,False,,,,,,,,,,,NIKBUF_FSR
qmof-15fd7ce,True,326.35200000000003,0.4361999999999999,106.03999999999999,24.0,6.0,0.0,6.0,3.0,2.0,3.0,EPEXUT_FSR
qmof-3486c54,True,220.18399999999994,-0.8426000000000002,100.4,16.0,6.0,1.0,4.0,0.0,1.0,2.0,EPOVUB_FSR
qmof-3e14d6e,False,,,,,,,,,,,NICROI_FSR
qmof-3465f36,True,152.12899999999996,-0.7897000000000007,62.25,11.0,4.0,0.0,4.0,3.0,1.0,1.0,VOJSUJ_FSR
qmof-8d254b7,True,167.1,-1.4617,103.21000000000001,12.0,6.0,1.0,5.0,2.0,1.0,1.0,BEHBIZ_FSR
qmof-64eca6f,True,156.07699999999997,1.3659999999999999,56.87,10.0,4.0,0.0,1.0,1.0,1.0,1.0,VUKMUJ05_FSR
qmof-2b4dbfa,True,228.11199999999997,-6.535599999999999,160.51999999999998,16.0,8.0,0.0,8.0,4.0,0.0,1.0,VUNMOI_FSR
qmof-cccb3cf,True,112.03999999999999,-1.7236000000000002,68.28,8.0,4.0,0.0,4.0,0.0,0.0,1.0,VUQHOF_FSR
qmof-9e0da10,True,216.17199999999997,0.29649999999999993,90.32000000000001,16.0,5.0,1.0,4.0,2.0,2.0,2.0,VORTIH_FSR
qmof-d8aea9a,True,280.239,-0.043099999999999916,108.94,21.0,6.0,1.0,5.0,3.0,3.0,3.0,NIFTON_FSR
qmof-9943ad5,True,472.5000000000001,3.891200000000002,106.03999999999999,36.0,6.0,0.0,6.0,5.0,5.0,5.0,NIFXEI_FSR
qmof-43de2f1,True,143.14700000000002,-1.2784100000000003,58.2,9.0,5.0,2.0,3.0,0.0,0.0,1.0,NEYYOH01_FSR
qmof-466d3a2,True,720.8740000000001,6.629000000000006,139.96,54.0,10.0,2.0,10.0,15.0,7.0,7.0,EQEKAN_FSR
qmof-5f22410,True,434.4080000000001,-1.210399999999997,164.24,32.0,10.0,2.0,8.0,7.0,3.0,3.0,EQIRIG_FSR
qmof-57b3cba,True,240.21399999999997,0.08059999999999978,80.25999999999999,18.0,4.0,0.0,4.0,3.0,2.0,2.0,EQOZAN_FSR
qmof-7b7a359,True,156.18799999999996,2.1435999999999993,25.78,12.0,2.0,0.0,2.0,1.0,2.0,2.0,PADXAV_FSR
qmof-434aece,True,558.5020000000002,0.6181999999999994,186.29999999999995,42.0,10.0,0.0,10.0,7.0,5.0,5.0,DORFUN_FSR
qmof-485ff50,True,166.11199999999997,-0.04170000000000007,83.27,12.0,5.0,0.0,4.0,2.0,1.0,1.0,DORQAD_FSR
qmof-bbb2769,True,166.11199999999997,-0.04170000000000007,83.27,12.0,5.0,0.0,4.0,2.0,1.0,1.0,DOTCOF_FSR
qmof-f2d872e,True,144.126,-1.9533999999999987,80.25999999999999,10.0,4.0,0.0,4.0,5.0,0.0,0.0,UZEBOS01_FSR
qmof-40c7632,True,196.11399999999995,-2.1752,120.72,14.0,6.0,2.0,6.0,2.0,1.0,1.0,VAGTAA02_FSR
qmof-75dfe5f,True,506.25200000000007,0.6921999999999995,124.5,29.0,9.0,0.0,8.0,7.0,3.0,3.0,BIKXOK_FSR
qmof-23163b9,True,156.18799999999996,2.1435999999999993,25.78,12.0,2.0,0.0,2.0,1.0,2.0,2.0,BILCEF_FSR
qmof-600b915,True,558.5020000000003,0.6181999999999999,186.29999999999995,42.0,10.0,0.0,10.0,7.0,5.0,5.0,NEVBOH_FSR
qmof-eb2e363,True,417.42500000000024,0.40099000000000007,158.52,31.0,9.0,1.0,8.0,6.0,3.0,3.0,NEVBOI_FSR
qmof-3524ba0,True,300.314,-0.8986199999999986,86.74,22.0,6.0,0.0,6.0,7.0,0.0,2.0,EREYOQ_FSR
qmof-e266e2c,False,,,,,,,,,,,EREZOR_FSR
qmof-a2f692c,False,,,,,,,,,,,ERIJAR_FSR
qmof-71f9121,False,,,,,,,,,,,NEPKUP_FSR
qmof-2a3833a,True,225.13599999999997,0.1749199999999999,126.41,16.0,8.0,0.0,6.0,3.0,1.0,1.0,VUYCAU_FSR
qmof-09d5a30,True,156.18799999999996,2.1435999999999993,25.78,12.0,2.0,0.0,2.0,1.0,2.0,2.0,WACHIU_FSR
qmof-254f0bb,True,283.145,1.4063999999999999,94.08,16.0,6.0,0.0,2.0,1.0,2.0,2.0,BEGFEZ_FSR
qmof-6868cb6,True,176.15499999999997,-0.32820000000000005,86.29,13.0,5.0,2.0,3.0,0.0,1.0,2.0,BINFUB_FSR
qmof-2ba0cce,True,109.17299999999997,2.2429999999999994,0.0,7.0,1.0,0.0,0.0,0.0,1.0,1.0,UYIGAM02_FSR
qmof-e0f33e8,True,183.14299999999997,-0.9662,106.11,13.0,6.0,2.0,4.0,3.0,1.0,1.0,UWIHEO_FSR
qmof-2cc2ecf,True,239.23,1.9445,72.39,18.0,4.0,0.0,3.0,3.0,2.0,2.0,PANREC_FSR
qmof-c5c5ac9,True,471.51600000000013,5.3285000000000045,157.21000000000004,32.0,11.0,1.0,3.0,5.0,4.0,4.0,PANREE_FSR
qmof-c1292a3,False,,,,,,,,,,,PANYAG_FSR
qmof-79684a4,True,186.20699999999997,-0.7830999999999997,80.25999999999999,13.0,4.0,0.0,4.0,8.0,0.0,0.0,PAPQII_FSR
qmof-1aa6c4c,True,366.468,4.641600000000004,35.64,28.0,4.0,0.0,4.0,4.0,5.0,5.0,PAQDAO_FSR
qmof-c34d529,True,366.468,4.641600000000004,35.64,28.0,4.0,0.0,4.0,4.0,5.0,5.0,PAQDIW_FSR
qmof-1bbc4ba,True,108.14399999999999,1.09344,25.78,8.0,2.0,0.0,2.0,0.0,1.0,1.0,DOPZAK_FSR
qmof-4917b6a,True,370.54100000000005,-6.683399999999997,228.28,22.0,13.0,0.0,9.0,5.0,1.0,1.0,ESUZEY_FSR
qmof-c5d2cf9,True,196.11399999999995,-2.1752,120.72,14.0,6.0,2.0,6.0,2.0,1.0,1.0,ETEJUJ_FSR
qmof-c060980,True,180.12299999999996,-2.7582999999999993,125.77000000000001,13.0,7.0,0.0,3.0,1.0,1.0,1.0,NENXIO_FSR
qmof-ab576dc,False,,,,,,,,,,,NEPFAQ_FSR
qmof-7c5af7f,False,,,,,,,,,,,NEPGIZ_FSR
qmof-e113aa0,True,197.17499999999998,-1.2565199999999996,103.75,13.0,7.0,0.0,5.0,1.0,1.0,1.0,NENDEQ_FSR
qmof-47b17d9,True,294.218,-0.8109999999999999,114.4,22.0,6.0,0.0,6.0,2.0,2.0,3.0,NEJZEK_FSR
qmof-ad80379,True,187.17799999999997,0.2358,57.949999999999996,14.0,4.0,0.0,4.0,2.0,2.0,2.0,PALHOC_FSR
qmof-20f3edb,True,158.153,-1.563299999999999,80.25999999999999,11.0,4.0,0.0,4.0,6.0,0.0,0.0,PAZBEY01_FSR
qmof-63a8ad5,True,346.39,2.8390000000000004,83.98,26.0,6.0,2.0,4.0,6.0,3.0,3.0,PAZHOQ_FSR
qmof-35f10de,True,627.5280000000002,5.436680000000004,115.9,44.0,10.0,0.0,8.0,6.0,6.0,6.0,PASMII_FSR
qmof-7ba728e,True,521.4180000000002,-0.590109999999999,226.72,38.0,14.0,3.0,11.0,8.0,3.0,4.0,PASROS_FSR
qmof-b0b1d6e,True,421.33199999999994,4.139600000000003,40.129999999999995,29.0,9.0,0.0,2.0,2.0,2.0,6.0,PARYAJ_FSR
qmof-3048b12,True,140.09399999999997,-2.4013999999999998,80.25999999999999,10.0,4.0,0.0,4.0,3.0,0.0,0.0,UXACEC_FSR
qmof-d701b9b,True,542.4630000000002,1.2125000000000001,254.12000000000003,37.0,16.0,1.0,7.0,3.0,5.0,5.0,UXANIS_FSR
qmof-9bd8c04,True,542.4630000000002,1.2125000000000001,254.12000000000003,37.0,16.0,1.0,7.0,3.0,5.0,5.0,UXAPAM_FSR
qmof-324fde1,True,252.13399999999996,-2.1899999999999995,154.86,18.0,8.0,2.0,6.0,4.0,1.0,1.0,BEBCOB_FSR
qmof-d80e631,False,,,,,,,,,,,BEDQUZ_FSR
qmof-32c9222,True,112.03999999999999,-1.7236000000000002,68.28,8.0,4.0,0.0,4.0,0.0,0.0,1.0,VUQHUL_FSR
qmof-9df0051,False,,,,,,,,,,,NEKLOE_FSR
qmof-be50f36,True,338.29400000000004,0.6962999999999997,106.03999999999999,25.0,7.0,0.0,6.0,3.0,3.0,3.0,NEKPOK_FSR
qmof-8f2f198,False,,,,,,,,,,,NELKAQ01_FSR
qmof-2d58bb8,True,148.27599999999998,1.8106,3.24,8.0,3.0,0.0,1.0,2.0,0.0,0.0,BIPLAN01_FSR
qmof-461e21e,True,231.13299999999995,-0.37289999999999945,98.83000000000001,16.0,8.0,0.0,2.0,1.0,1.0,1.0,BIPZIM_FSR
qmof-0eef54d,True,88.01799999999999,-3.5138000000000003,80.25999999999999,6.0,4.0,0.0,4.0,0.0,0.0,0.0,BISWOP01_FSR
qmof-d950595,True,208.224,1.67218,49.44,16.0,4.0,0.0,4.0,2.0,1.0,3.0,UVINIX_FSR
qmof-c48387a,True,540.4880000000003,-0.9929999999999988,196.15999999999997,40.0,12.0,0.0,12.0,9.0,5.0,5.0,PEGJET_FSR
qmof-639db33,True,538.5590000000002,5.169700000000004,115.27,41.0,7.0,0.0,7.0,6.0,6.0,6.0,PECFAH01_FSR
qmof-38220b3,True,258.261,-0.19820000000000015,124.94000000000001,19.0,7.0,2.0,4.0,3.0,2.0,2.0,PECKUE_FSR
qmof-58a1dbe,True,318.2010000000001,-3.4524999999999997,179.92,23.0,11.0,3.0,9.0,4.0,1.0,2.0,PEDBOS_FSR
qmof-ef7ab80,True,318.2010000000001,-3.4524999999999997,179.92,23.0,11.0,3.0,9.0,4.0,1.0,2.0,PEDBUY_FSR
qmof-774c51c,True,318.2010000000001,-3.4524999999999997,179.92,23.0,11.0,3.0,9.0,4.0,1.0,2.0,PEDCAF_FSR
qmof-377ea80,True,458.51800000000026,1.8234799999999998,115.9,34.0,8.0,0.0,8.0,6.0,4.0,4.0,DOGZIJ_FSR
qmof-fa0c5a7,True,214.176,-0.43320000000000025,80.25999999999999,16.0,4.0,0.0,4.0,2.0,2.0,2.0,NAXTAI_FSR
qmof-f05d7d8,True,272.25999999999993,1.4904,78.38000000000001,20.0,6.0,0.0,6.0,5.0,2.0,2.0,NEGDOT_FSR
qmof-fbb4304,True,196.11399999999995,-2.1752,120.72,14.0,6.0,2.0,6.0,2.0,1.0,1.0,ETEKAQ_FSR
qmof-5c6b152,True,196.11399999999995,-2.1752,120.72,14.0,6.0,2.0,6.0,2.0,1.0,1.0,ETEKEU_FSR
qmof-deb5a1f,True,26.018,0.09637,23.79,2.0,1.0,0.0,1.0,0.0,0.0,0.0,NECBON_FSR
qmof-c304df9,False,,,,,,,,,,,WAJHOH_FSR
qmof-e2b9aa4,True,241.20199999999997,-0.5244000000000002,93.15,18.0,5.0,0.0,5.0,3.0,2.0,2.0,WALWIS_FSR
qmof-df01160,False,,,,,,,,,,,WALZUG_FSR
qmof-b3afc61,True,176.155,-0.2069800000000001,73.16,13.0,5.0,1.0,3.0,0.0,1.0,2.0,WAMZIV_FSR
qmof-f07eae0,False,,,,,,,,,,,WANXIU_FSR
qmof-a42d965,True,405.386,-1.292599999999997,146.16999999999996,30.0,8.0,0.0,8.0,7.0,3.0,3.0,DOHBOS_FSR
qmof-22f5c5c,True,504.54600000000016,2.3393800000000002,112.51999999999998,38.0,8.0,0.0,8.0,7.0,3.0,5.0,DOHGEO_FSR
qmof-c51a724,True,514.3040000000002,3.7397000000000027,197.70999999999992,33.0,14.0,4.0,5.0,7.0,3.0,3.0,PEGTUS01_FSR
qmof-b11bf9e,True,514.3040000000002,3.7397000000000027,197.70999999999992,33.0,14.0,4.0,5.0,7.0,3.0,3.0,PEGTUS_FSR
qmof-ed10ad3,True,184.087,-0.4333100000000002,115.71000000000001,13.0,8.0,0.0,6.0,2.0,0.0,1.0,DOCHOT_FSR
qmof-65e6cf9,True,184.087,-0.4333100000000002,115.71000000000001,13.0,8.0,0.0,6.0,2.0,0.0,1.0,DOCHUZ_FSR
qmof-92bf34f,True,262.272,3.0739600000000005,88.71000000000001,20.0,5.0,2.0,3.0,2.0,2.0,2.0,PEFHUE_FSR
qmof-d1453d9,True,84.062,-0.7987000000000002,77.19999999999999,6.0,5.0,1.0,4.0,0.0,0.0,1.0,EWAWEG01_FSR
qmof-cdf0dd2,True,164.11599999999996,-1.5864000000000003,80.25999999999999,12.0,4.0,0.0,4.0,2.0,1.0,1.0,EWEBUD_FSR
qmof-9453071,True,270.11799999999994,0.6271999999999998,120.22,16.0,10.0,0.0,4.0,4.0,0.0,1.0,EWISEI_FSR
qmof-0db880c,True,58.085,0.66498,23.79,3.0,2.0,0.0,1.0,0.0,0.0,0.0,NAQWOT_FSR
qmof-2eb30ad,True,104.978,-0.36402000000000007,23.79,3.0,2.0,0.0,1.0,0.0,0.0,0.0,NAQXEK_FSR
qmof-483d39b,True,276.24399999999997,-0.4568000000000003,98.72000000000001,20.0,6.0,0.0,6.0,8.0,1.0,1.0,ETUJUZ_FSR
qmof-ac06c00,True,80.08999999999999,0.47659999999999986,25.78,6.0,2.0,0.0,2.0,0.0,1.0,1.0,ETULUB_FSR
qmof-bb18fa6,True,211.10899999999995,-0.13350000000000017,126.41,15.0,8.0,0.0,6.0,3.0,1.0,1.0,ETUTIX_FSR
qmof-8469bbb,False,,,,,,,,,,,EVINAA_FSR
qmof-26b1f32,True,338.136,-5.462999999999999,235.11999999999998,24.0,12.0,2.0,10.0,6.0,1.0,1.0,PERSEM_FSR
qmof-55ca6c9,True,146.133,0.7283999999999999,64.07,11.0,5.0,0.0,4.0,1.0,1.0,2.0,PENLEB_FSR
qmof-6973720,False,,,,,,,,,,,PENNED_FSR
qmof-44dcbfb,True,346.34200000000004,0.9567999999999999,106.03999999999999,26.0,6.0,0.0,6.0,4.0,3.0,3.0,DIXJIF_FSR
qmof-5be20e9,True,574.5230000000003,1.2898,214.77999999999997,41.0,13.0,2.0,10.0,8.0,4.0,4.0,DIZZUI_FSR
qmof-004e466,True,264.10999999999996,1.9184,114.39999999999999,16.0,8.0,2.0,2.0,4.0,1.0,1.0,PEJXAF01_FSR
qmof-e53ae74,True,182.98799999999997,-3.1277999999999992,157.03,11.0,9.0,0.0,5.0,0.0,0.0,0.0,WECHUH01_FSR
qmof-44fe25a,True,42.021,-1.4418000000000002,58.7,3.0,3.0,0.0,0.0,0.0,0.0,0.0,BARJIN_FSR
qmof-402926d,True,320.304,0.5571999999999998,106.03999999999999,24.0,6.0,0.0,6.0,3.0,3.0,3.0,BASMIS02_FSR
qmof-8030fac,False,,,,,,,,,,,BATVAW_FSR
qmof-3bdfb25,False,,,,,,,,,,,NASMAW_FSR
qmof-163215a,True,111.16899999999998,1.34649,12.03,7.0,2.0,1.0,1.0,0.0,0.0,1.0,EVOLAC_FSR
qmof-1985e04,True,155.089,-1.5286,106.11,11.0,6.0,2.0,4.0,2.0,1.0,1.0,EVONOS_FSR
qmof-44ae5b4,True,314.22900000000004,-1.8483999999999994,155.64,23.0,8.0,1.0,8.0,5.0,2.0,2.0,EVUQOC_FSR
qmof-b59eb8f,True,420.49700000000007,0.365699999999999,131.82,27.0,11.0,0.0,11.0,7.0,3.0,3.0,BIYHUN01_FSR
qmof-09b92f5,True,420.49700000000007,0.365699999999999,131.82,27.0,11.0,0.0,11.0,7.0,3.0,3.0,BIYJAV01_FSR
qmof-8626bd6,True,390.40400000000017,3.338180000000002,178.48,28.0,12.0,4.0,10.0,5.0,0.0,2.0,UQAZAO_FSR
qmof-0b15fc2,True,164.11599999999996,-1.5864000000000003,80.25999999999999,12.0,4.0,0.0,4.0,2.0,1.0,1.0,PESGEA_FSR
qmof-9fdfadb,True,58.085,0.66498,23.79,3.0,2.0,0.0,1.0,0.0,0.0,0.0,PESJOP_FSR
qmof-27f7861,True,360.369,0.9894999999999999,106.03999999999999,27.0,6.0,0.0,6.0,5.0,3.0,3.0,PETVOB_FSR
qmof-70f6af7,True,204.161,-0.9675000000000002,77.50999999999999,15.0,5.0,0.0,4.0,2.0,1.0,2.0,DISPON_FSR
qmof-bf8dd4c,True,218.18800000000002,-0.5773999999999997,77.50999999999999,16.0,5.0,0.0,4.0,3.0,1.0,2.0,DISPUT_FSR
qmof-6199c6e,True,95.10099999999998,0.3200000000000002,26.939999999999998,7.0,2.0,0.0,1.0,0.0,1.0,1.0,DISROO_FSR
qmof-36ade61,True,80.08999999999999,0.47659999999999986,25.78,6.0,2.0,0.0,2.0,0.0,1.0,1.0,DITTAC_FSR
qmof-ffc1922,True,177.18099999999998,-3.4532999999999996,106.27999999999999,11.0,6.0,1.0,6.0,5.0,0.0,0.0,NAMCOU_FSR
qmof-146d007,False,,,,,,,,,,,EXAHUI02_FSR
qmof-6b5f1a5,True,128.17499999999998,0.37370000000000014,23.550000000000004,9.0,3.0,0.0,1.0,0.0,0.0,1.0,NAHXEZ_FSR
qmof-2aa6596,True,456.4540000000002,2.0481999999999987,124.5,34.0,8.0,0.0,8.0,8.0,4.0,4.0,NAKFEN_FSR
qmof-b0c9185,False,,,,,,,,,,,NAFJOV_FSR
qmof-7a9db19,True,362.3850000000001,1.4824599999999999,106.03999999999999,27.0,6.0,0.0,6.0,3.0,3.0,3.0,NAGDIL_FSR
qmof-1ff9412,True,498.8030000000001,1.8639000000000001,40.129999999999995,12.0,5.0,0.0,2.0,1.0,1.0,1.0,WEBGIT_FSR
qmof-923ce21,False,,,,,,,,,,,DIVFIZ_FSR
qmof-06ba8af,True,322.32000000000005,0.6602399999999995,106.03999999999999,24.0,6.0,0.0,6.0,2.0,3.0,3.0,DIWDIY_FSR
qmof-62bce71,False,,,,,,,,,,,PEQVIR_FSR
qmof-929b067,False,,,,,,,,,,,PEXHEG_FSR
qmof-09eb351,True,355.3540000000001,-0.6313999999999993,128.79000000000002,26.0,9.0,0.0,9.0,7.0,3.0,3.0,PEYHAF_FSR
qmof-e9695d9,False,,,,,,,,,,,PIHJAS_FSR
qmof-516b44e,True,210.24000000000004,1.3203799999999999,53.980000000000004,16.0,4.0,0.0,2.0,5.0,2.0,2.0,PIHJIA_FSR
qmof-48b04d8,False,,,,,,,,,,,WEMBEX_FSR
qmof-ad5daef,True,214.19200000000004,-0.9983100000000003,105.84,16.0,8.0,2.0,6.0,2.0,2.0,3.0,WEFQUW_FSR
qmof-82179f8,False,,,,,,,,,,,NABVUJ_FSR
qmof-688ca67,True,185.166,0.62071,112.22999999999999,14.0,5.0,0.0,5.0,3.0,0.0,0.0,NACVUI_FSR
qmof-542bb58,True,203.246,2.13818,50.73,14.0,4.0,0.0,2.0,0.0,2.0,2.0,MUWVAD_FSR
qmof-b22f748,False,,,,,,,,,,,MUXNUO02_FSR
qmof-e2aa664,True,59.044,-1.2438,40.129999999999995,4.0,2.0,0.0,2.0,0.0,0.0,0.0,MUYKEY_FSR
qmof-0944bb7,False,,,,,,,,,,,EXOBOJ_FSR
qmof-eee08bb,False,,,,,,,,,,,MUVTEC01_FSR
qmof-cc095cc,True,470.4370000000001,1.8343999999999998,152.57,35.0,9.0,1.0,8.0,7.0,4.0,4.0,EYEYIR_FSR
qmof-d203083,True,607.6300000000001,4.127100000000003,136.95999999999998,46.0,11.0,0.0,11.0,8.0,7.0,7.0,EYONIQ_FSR
qmof-2e50f50,True,344.2,2.49118,137.8,22.0,10.0,2.0,4.0,4.0,0.0,2.0,EYUCEH_FSR
qmof-6d2b4bc,True,214.17599999999996,-0.43320000000000025,80.25999999999999,16.0,4.0,0.0,4.0,2.0,2.0,2.0,WEWLOB_FSR
qmof-b9a0bc9,True,329.2200000000001,-0.31300000000000017,160.7,24.0,9.0,1.0,7.0,5.0,2.0,2.0,WEXHAL_FSR
qmof-9a1ecbc,True,332.47900000000004,3.9127000000000027,51.56,21.0,7.0,0.0,7.0,6.0,3.0,3.0,WEPWEW_FSR
qmof-3fac439,False,,,,,,,,,,,WESRIW_FSR
qmof-cea07ef,True,255.217,-0.9759200000000001,99.53,19.0,8.0,0.0,6.0,3.0,1.0,3.0,BAPJAG_FSR
qmof-b7dbb38,False,,,,,,,,,,,BAQPEQ_FSR
qmof-59b7a9f,True,171.08399999999997,-4.447399999999999,120.38999999999999,12.0,6.0,0.0,6.0,4.0,0.0,0.0,DIKZED_FSR
qmof-0f3bfc7,True,149.245,0.412,26.130000000000003,7.0,5.0,1.0,3.0,0.0,0.0,1.0,DILFIO_FSR
qmof-c0b8aad,False,,,,,,,,,,,DINDAH_FSR
qmof-b532d2c,True,562.4500000000002,-0.40779999999999994,224.20999999999998,42.0,13.0,1.0,12.0,6.0,6.0,6.0,DINDIP_FSR
qmof-17a2f2b,True,66.043,-0.44704000000000005,61.68,5.0,3.0,0.0,2.0,0.0,0.0,0.0,DINMUK_FSR
qmof-3fbde32,True,231.16700000000003,-1.3507099999999994,115.04,17.0,7.0,1.0,6.0,3.0,1.0,2.0,PEZRUJ01_FSR
qmof-6848f68,False,,,,,,,,,,,PICVAA_FSR
qmof-831eab7,False,,,,,,,,,,,USASEO_FSR
qmof-bf6a861,True,178.14299999999997,-1.27798,80.25999999999999,13.0,4.0,0.0,4.0,2.0,1.0,1.0,USAXUJ_FSR
qmof-a7dd0ac,True,294.274,0.08839999999999981,108.04,22.0,8.0,4.0,4.0,0.0,2.0,5.0,FADXUF_FSR
qmof-5ea8960,True,164.11599999999996,-1.5864000000000003,80.25999999999999,12.0,4.0,0.0,4.0,2.0,1.0,1.0,MOXZIJ_FSR
qmof-073a0d6,True,294.218,-0.8109999999999999,114.4,22.0,6.0,0.0,6.0,2.0,2.0,3.0,MUQVAX_FSR
qmof-19a5867,True,240.21399999999997,0.08059999999999978,80.25999999999999,18.0,4.0,0.0,4.0,3.0,2.0,2.0,MUPBUW_FSR
qmof-55091f7,True,156.18799999999996,2.1435999999999993,25.78,12.0,2.0,0.0,2.0,1.0,2.0,2.0,EYUVOK_FSR
qmof-71d1118,False,,,,,,,,,,,EZUREW_FSR
qmof-f67379e,True,136.118,1.0425900000000001,75.9,10.0,6.0,0.0,5.0,0.0,0.0,2.0,MUJSIT_FSR
qmof-091c04b,True,250.11799999999994,-4.859400000000001,160.51999999999998,18.0,8.0,0.0,8.0,4.0,1.0,1.0,MURCEH_FSR
qmof-fc77380,True,58.085,0.66498,23.79,3.0,2.0,0.0,1.0,0.0,0.0,0.0,BIZHID01_FSR
qmof-308fde1,False,,,,,,,,,,,UNUQAX_FSR
qmof-c3c40c6,False,,,,,,,,,,,UPEWIW_FSR
qmof-1eeeeb7,True,406.35400000000016,-0.5325999999999997,164.24,30.0,10.0,2.0,8.0,4.0,3.0,3.0,UPOQUM_FSR
qmof-c154af6,True,156.18799999999996,2.1435999999999993,25.78,12.0,2.0,0.0,2.0,1.0,2.0,2.0,PIHNUR_FSR
qmof-b95f9af,True,453.49800000000016,1.9625999999999986,120.38999999999999,30.0,9.0,0.0,9.0,6.0,4.0,4.0,PIHWAG_FSR
qmof-a52b53c,False,,,,,,,,,,,PIJZAK_FSR
qmof-37e0784,True,88.01799999999999,-3.5138000000000003,80.25999999999999,6.0,4.0,0.0,4.0,0.0,0.0,0.0,DIJCAB_FSR
qmof-e7c11cf,True,88.01799999999999,-3.5138000000000003,80.25999999999999,6.0,4.0,0.0,4.0,0.0,0.0,0.0,DIJCEF_FSR
qmof-01ebcd2,True,646.4880000000002,-0.29460000000000086,281.34,48.0,18.0,0.0,16.0,10.0,4.0,6.0,FAGXET_FSR
qmof-eb10122,True,155.08899999999997,-2.5732999999999997,105.85,11.0,6.0,2.0,4.0,1.0,1.0,1.0,FAHDIC_FSR
qmof-ee49b1f,True,456.4540000000002,2.0481999999999996,124.5,34.0,8.0,0.0,8.0,8.0,4.0,4.0,FAHHUT_FSR
qmof-96a5399,True,456.4540000000002,2.0481999999999996,124.5,34.0,8.0,0.0,8.0,8.0,4.0,4.0,FAHJAB_FSR
qmof-60a16fa,True,118.20600000000002,0.6224999999999999,14.100000000000001,6.0,3.0,0.0,2.0,0.0,0.0,1.0,MOPFEC_FSR
qmof-1929d06,True,325.256,-1.6599999999999988,149.06999999999996,24.0,8.0,1.0,7.0,3.0,3.0,3.0,MOPFII_FSR
qmof-b36de89,True,424.4120000000001,1.7881999999999993,123.11000000000001,32.0,7.0,0.0,7.0,5.0,4.0,4.0,MOZCEL_FSR
qmof-70883fe,True,292.338,3.8278000000000016,44.24,22.0,4.0,0.0,4.0,4.0,3.0,3.0,MOZDIQ_FSR
qmof-0166056,True,191.16199999999995,0.1783999999999999,58.59,14.0,4.0,0.0,4.0,2.0,1.0,2.0,MOZJOB_FSR
qmof-442efa0,True,62.004000000000005,-0.3914000000000001,63.04,4.0,4.0,0.0,2.0,0.0,0.0,0.0,MUDBIY_FSR
qmof-e9eab2e,True,239.29499999999996,-0.019200000000000328,84.75,17.0,5.0,2.0,5.0,3.0,0.0,2.0,FACRAF_FSR
qmof-074d5dc,True,209.13699999999994,-0.9427999999999999,126.36000000000001,15.0,7.0,1.0,5.0,3.0,1.0,1.0,FADTEL_FSR
qmof-e9595ba,True,541.5670000000001,3.9414000000000025,119.14,41.0,9.0,0.0,9.0,7.0,6.0,6.0,BAKMOS_FSR
qmof-986eab9,True,474.5170000000002,2.38274,125.13000000000002,35.0,9.0,0.0,9.0,9.0,4.0,4.0,BAKWAN_FSR
qmof-6fbe47e,True,326.21600000000007,-3.1924,160.51999999999998,24.0,8.0,0.0,8.0,5.0,2.0,2.0,BAKYET_FSR
qmof-4cc90a1,False,,,,,,,,,,,MOXZOP_FSR
qmof-dd3d308,True,336.3870000000001,2.2803000000000004,80.25999999999999,25.0,4.0,0.0,4.0,6.0,2.0,3.0,MOYPIA_FSR
qmof-cb6d9e0,False,,,,,,,,,,,MOTSET_FSR
qmof-07c91b5,True,179.10699999999994,-1.4426000000000003,100.16,13.0,5.0,0.0,4.0,2.0,1.0,1.0,MOVGAH_FSR
qmof-92b3873,False,,,,,,,,,,,MOWGEL_FSR
qmof-8a9ad79,True,116.07199999999999,-2.733599999999999,80.25999999999999,8.0,4.0,0.0,4.0,3.0,0.0,0.0,MOWSUO_FSR
qmof-f391693,True,164.172,-0.43020000000000014,61.42,12.0,6.0,0.0,6.0,3.0,2.0,2.0,FAFMEG_FSR
qmof-de95770,True,239.23,1.9445,72.39,18.0,4.0,0.0,3.0,3.0,2.0,2.0,DIKRAR_FSR
qmof-b8f9fb5,True,326.45000000000005,3.851200000000003,51.56,22.0,6.0,0.0,6.0,6.0,3.0,3.0,DIKXIF_FSR
qmof-0d4a2d9,False,,,,,,,,,,,PIGBOZ_FSR
qmof-c6fa1c1,False,,,,,,,,,,,PIHCEP_FSR
qmof-b156e7f,True,432.43600000000015,0.5984,125.13000000000001,32.0,9.0,0.0,9.0,7.0,4.0,4.0,PIQBAU_FSR
qmof-d22e1ac,False,,,,,,,,,,,PIQYAS_FSR
qmof-2157a06,False,,,,,,,,,,,DIDSEP_FSR
qmof-cadb719,False,,,,,,,,,,,DIFXAT_FSR
qmof-b78b0ad,False,,,,,,,,,,,DIFXUN_FSR
qmof-e42499c,False,,,,,,,,,,,MOQGEF_FSR
qmof-2409b7a,True,130.14999999999998,1.6297999999999995,25.78,10.0,2.0,0.0,2.0,0.0,2.0,2.0,MORHAD_FSR
qmof-8090fd0,True,328.232,-0.5230000000000001,154.85999999999999,24.0,8.0,2.0,6.0,5.0,2.0,2.0,FAHKIK_FSR
qmof-d111cc6,True,240.21399999999997,0.08059999999999978,80.25999999999999,18.0,4.0,0.0,4.0,3.0,2.0,2.0,FALGEG_FSR
qmof-9f49103,True,578.5340000000003,0.006800000000000472,238.83999999999997,42.0,14.0,4.0,10.0,13.0,3.0,3.0,FALJUA_FSR
qmof-b1309d1,True,182.226,2.6470000000000002,25.78,14.0,2.0,0.0,2.0,2.0,2.0,2.0,FALLEL_FSR
qmof-a9d0bad,True,434.3600000000001,-2.5975999999999964,186.29999999999995,32.0,10.0,0.0,10.0,7.0,3.0,3.0,MOLCEW_FSR
qmof-5fa42a7,True,282.257,1.3510799999999998,134.17999999999998,19.0,9.0,1.0,5.0,4.0,1.0,1.0,MOLCUN_FSR
qmof-8746932,True,209.11299999999994,-1.6781999999999997,123.4,15.0,7.0,0.0,6.0,3.0,1.0,1.0,MOLROW_FSR
qmof-89ba43a,True,164.17200000000003,-0.43020000000000036,61.42,12.0,6.0,0.0,6.0,3.0,2.0,2.0,WEYXOO_FSR
qmof-15b3a70,True,210.12099999999998,-1.1585,127.62,15.0,7.0,2.0,5.0,3.0,1.0,1.0,WEZHEP_FSR
qmof-f69721b,True,354.23000000000013,-3.7723999999999993,188.72,26.0,10.0,0.0,8.0,7.0,2.0,2.0,WICLEC_FSR
qmof-12ba7bc,True,506.52100000000013,1.9598000000000004,153.2,35.0,12.0,1.0,11.0,6.0,5.0,5.0,PITMAI_FSR
qmof-c78d46a,True,414.28200000000015,-1.6127999999999993,213.05999999999997,30.0,12.0,4.0,8.0,6.0,2.0,2.0,PIVHEK_FSR
qmof-f42d855,True,348.14400000000006,-0.8776000000000006,168.27999999999997,22.0,12.0,2.0,4.0,2.0,2.0,2.0,PIVJUA_FSR
qmof-4597bbd,True,348.14400000000006,-0.8776000000000006,168.27999999999997,22.0,12.0,2.0,4.0,2.0,2.0,2.0,PIVKAH_FSR
qmof-5f85fca,True,208.12499999999994,-1.8881999999999994,117.56,15.0,6.0,1.0,5.0,3.0,1.0,1.0,PIYWAY_FSR
qmof-0b54781,False,,,,,,,,,,,PIZDEH_FSR
qmof-e05c142,False,,,,,,,,,,,DICVEQ_FSR
qmof-87eb0e6,True,214.17599999999996,-0.43320000000000003,80.25999999999999,16.0,4.0,0.0,4.0,2.0,2.0,2.0,UNINEL_FSR
qmof-e7a2bb1,True,370.36400000000003,1.7103999999999997,106.03999999999999,28.0,6.0,0.0,6.0,3.0,4.0,4.0,UNINUB_FSR
qmof-0cfad40,True,66.043,-0.44704000000000005,61.68,5.0,3.0,0.0,2.0,0.0,0.0,0.0,BAGPOP01_FSR
qmof-f343390,True,165.10399999999996,-2.1914,93.15,12.0,5.0,0.0,5.0,2.0,1.0,1.0,WIGSAH_FSR
qmof-0a12f7f,True,508.4420000000002,-0.5453999999999972,186.29999999999995,38.0,10.0,0.0,10.0,7.0,4.0,4.0,MOHRAD_FSR
qmof-cbe0ac3,True,58.085,0.66498,23.79,3.0,2.0,0.0,1.0,0.0,0.0,0.0,MOJFIA_FSR
qmof-df02179,True,407.3420000000002,-1.1375999999999995,177.13,30.0,11.0,2.0,9.0,4.0,3.0,3.0,MOLBAS_FSR
qmof-a314f18,True,303.341,2.6971000000000007,65.91,23.0,4.0,0.0,4.0,3.0,3.0,3.0,FALMAI_FSR
qmof-10bab48,True,80.08999999999999,0.47659999999999986,25.78,6.0,2.0,0.0,2.0,0.0,1.0,1.0,FAPFOT_FSR
qmof-8efa557,True,185.068,0.11257999999999985,49.57,9.0,4.0,0.0,3.0,0.0,1.0,1.0,FAPFUZ_FSR
qmof-357d3b0,True,250.146,-4.0291999999999994,153.42,18.0,9.0,1.0,7.0,0.0,1.0,2.0,MOFDOC_FSR
qmof-29a7d04,False,,,,,,,,,,,MOFQIK_FSR
qmof-79f0fab,True,223.15999999999997,-2.8301999999999987,120.38999999999999,16.0,6.0,0.0,6.0,2.0,1.0,1.0,BOJHAM_FSR
qmof-a0db6b2,True,152.10100000000003,-1.1322000000000003,117.66999999999999,11.0,9.0,2.0,7.0,1.0,1.0,2.0,BOJLIW_FSR
qmof-6fb6dea,False,,,,,,,,,,,ULINOU_FSR
qmof-c312b02,True,464.53200000000015,6.391600000000006,77.34,36.0,6.0,0.0,6.0,5.0,6.0,6.0,UJUFEK_FSR
qmof-19e8f60,True,500.16600000000017,0.9548399999999995,228.79999999999998,30.0,16.0,4.0,4.0,4.0,2.0,2.0,UJUMET_FSR
qmof-1ff90d0,True,122.10299999999997,-0.5549000000000004,53.019999999999996,9.0,3.0,0.0,3.0,1.0,1.0,1.0,POFDUL_FSR
qmof-31506de,False,,,,,,,,,,,DEYTAD_FSR
qmof-299fe2a,True,198.227,0.2352200000000001,77.66999999999999,13.0,6.0,0.0,3.0,0.0,1.0,1.0,DEZMUR_FSR
qmof-8b3b2f2,True,296.28200000000004,-0.3106,106.03999999999999,22.0,6.0,0.0,6.0,4.0,2.0,2.0,DIBBAS_FSR
qmof-16eada2,False,,,,,,,,,,,MOBQUR_FSR
qmof-363e93c,True,114.05599999999998,-2.9576000000000002,80.25999999999999,8.0,4.0,0.0,4.0,2.0,0.0,0.0,MODWUX_FSR
qmof-9324158,True,140.19,-1.0197999999999992,12.96,10.0,4.0,0.0,4.0,0.0,0.0,4.0,MIXZIC_FSR
qmof-5874237,True,404.52400000000006,4.275000000000003,77.34,28.0,8.0,0.0,8.0,7.0,4.0,4.0,MIYSIX_FSR
qmof-44a4cb1,False,,,,,,,,,,,MIZLAJ_FSR
qmof-8c5c19b,False,,,,,,,,,,,WIMWIB_FSR
qmof-6f72687,True,324.336,0.21220000000000017,106.03999999999999,24.0,6.0,0.0,6.0,3.0,2.0,3.0,WITBIM01_FSR
qmof-02407df,True,505.4430000000002,-0.6033999999999988,189.79999999999998,37.0,13.0,0.0,10.0,5.0,3.0,4.0,FARNAP_FSR
qmof-9c76f5e,False,,,,,,,,,,,FARPUJ_FSR
qmof-26483dd,True,58.085,0.66498,23.79,3.0,2.0,0.0,1.0,0.0,0.0,0.0,FASCUZ01_FSR
qmof-916f903,True,478.4680000000001,1.558599999999999,144.09999999999997,36.0,10.0,0.0,8.0,7.0,5.0,5.0,FASDEL_FSR
qmof-4c1a060,False,,,,,,,,,,,WODRIS_FSR
qmof-9a970ac,False,,,,,,,,,,,AZOBIB_FSR
qmof-35c8474,False,,,,,,,,,,,BABRED_FSR
qmof-4ddf58e,True,207.11699999999993,-3.2229,120.38999999999999,15.0,6.0,0.0,6.0,3.0,1.0,1.0,WIWHOA_FSR
qmof-e078e09,True,199.21300000000002,1.7288999999999999,54.88,15.0,4.0,1.0,3.0,2.0,2.0,2.0,WIZMUP_FSR
qmof-d8336ab,True,194.09799999999996,-1.2988000000000002,120.06,14.0,6.0,0.0,4.0,2.0,1.0,1.0,WOBHEB_FSR
qmof-1e81b2d,True,194.09799999999996,-1.2988000000000002,120.06,14.0,6.0,0.0,4.0,2.0,1.0,1.0,WOBHIF01_FSR
qmof-25c9c0b,False,,,,,,,,,,,MITPAJ_FSR
qmof-533823c,False,,,,,,,,,,,MIPNIK_FSR
qmof-27acf12,True,256.21299999999997,0.20589999999999975,89.49000000000001,19.0,5.0,0.0,5.0,4.0,2.0,2.0,MIQDEW_FSR
qmof-01a84ba,False,,,,,,,,,,,FATQIA_FSR
qmof-eed4bda,True,214.17599999999996,-0.43320000000000025,80.25999999999999,16.0,4.0,0.0,4.0,2.0,2.0,2.0,MIMRAB_FSR
qmof-bfb991a,True,122.10299999999997,-0.5549000000000002,53.019999999999996,9.0,3.0,0.0,3.0,1.0,1.0,1.0,MIMVIN_FSR
qmof-6d61160,False,,,,,,,,,,,MINCAN_FSR
qmof-c9e3c56,False,,,,,,,,,,,MINCER_FSR
qmof-76ed8fc,False,,,,,,,,,,,MINCUH01_FSR
qmof-4809ee4,True,268.248,0.5742,77.51,20.0,5.0,0.0,4.0,2.0,2.0,3.0,MINKAX01_FSR
qmof-3e37e5a,False,,,,,,,,,,,MINLIG_FSR
qmof-b75fff3,True,166.09199999999998,-2.7964,106.03999999999999,12.0,6.0,0.0,6.0,2.0,1.0,1.0,MIVNAH_FSR
qmof-71edbc1,True,430.4240000000001,5.014600000000004,34.14,30.0,4.0,0.0,2.0,7.0,4.0,4.0,PPOECU10_FSR
qmof-7e2d241,True,229.199,0.5511999999999999,124.61,17.0,7.0,1.0,3.0,1.0,2.0,2.0,POPLOW_FSR
qmof-b78a98a,True,320.304,0.5571999999999996,106.03999999999999,24.0,6.0,0.0,6.0,3.0,3.0,3.0,POSZED_FSR
qmof-faed9c6,True,380.35600000000005,0.0875999999999999,124.5,28.0,8.0,0.0,8.0,7.0,3.0,3.0,DEQVEB_FSR
qmof-21e2f42,False,,,,,,,,,,,DEXXAF_FSR
qmof-62c9574,True,182.226,2.6470000000000002,25.78,14.0,2.0,0.0,2.0,2.0,2.0,2.0,DEYJIC_FSR
qmof-75bc730,True,211.109,-4.673699999999999,146.16999999999996,15.0,8.0,0.0,8.0,1.0,1.0,1.0,POLQEN_FSR
qmof-f4da9da,True,268.224,-0.35540000000000016,97.33000000000001,20.0,5.0,0.0,5.0,4.0,2.0,2.0,PONTET_FSR
qmof-8a8bf9b,False,,,,,,,,,,,POLBUP_FSR
qmof-1e1bf28,True,156.18799999999996,2.1435999999999993,25.78,12.0,2.0,0.0,2.0,1.0,2.0,2.0,POLJEG_FSR
qmof-b46759a,True,298.258,-1.0469999999999995,137.62,22.0,8.0,2.0,6.0,2.0,3.0,3.0,PUPMET_FSR
qmof-f12edcf,True,60.09999999999999,-1.0962,52.04,4.0,2.0,2.0,2.0,1.0,0.0,0.0,MICDIL_FSR
qmof-d2bf9c3,False,,,,,,,,,,,MEWSUF_FSR
qmof-4031fa5,True,268.248,0.5742,77.51,20.0,5.0,0.0,4.0,2.0,2.0,3.0,MINLOM_FSR
qmof-cafe978,True,482.40400000000017,-1.0487999999999973,186.29999999999995,36.0,10.0,0.0,10.0,6.0,4.0,4.0,MIHNOH_FSR
qmof-636fe16,True,425.3290000000002,-3.4376999999999978,186.86999999999998,31.0,11.0,1.0,9.0,6.0,2.0,3.0,MIJHET_FSR
qmof-9f7ce23,True,406.30600000000004,-2.715799999999998,186.29999999999995,30.0,10.0,0.0,10.0,5.0,3.0,3.0,MIJNAU_FSR
qmof-a775660,False,,,,,,,,,,,MIKJUM_FSR
qmof-7886b6c,True,356.34300000000013,-1.7645999999999984,148.87,25.0,10.0,1.0,8.0,3.0,2.0,3.0,MIKJUO_FSR
qmof-5ee1a56,False,,,,,,,,,,,FAXKAT_FSR
qmof-31027ae,True,156.18799999999996,2.1435999999999993,25.78,12.0,2.0,0.0,2.0,1.0,2.0,2.0,FAXMOH_FSR
qmof-ba17068,True,418.3400000000001,5.646000000000003,25.78,30.0,8.0,0.0,2.0,4.0,4.0,4.0,MICREW_FSR
qmof-165fbc5,True,164.11599999999996,-1.5864000000000003,80.25999999999999,12.0,4.0,0.0,4.0,2.0,1.0,1.0,MIDHIS_FSR
qmof-51e54c4,True,164.11599999999996,-1.5864000000000003,80.25999999999999,12.0,4.0,0.0,4.0,2.0,1.0,1.0,MIDHOY_FSR
qmof-1e1a97a,True,188.23399999999998,1.3239999999999998,35.64,14.0,4.0,0.0,4.0,2.0,2.0,2.0,MESDOG_FSR
qmof-faf4b45,True,199.189,0.5070999999999999,65.91,15.0,4.0,0.0,4.0,2.0,2.0,2.0,MESZEQ_FSR
qmof-9f661a9,True,156.18799999999996,2.1435999999999993,25.78,12.0,2.0,0.0,2.0,1.0,2.0,2.0,METMUT_FSR
qmof-2f75408,True,274.23599999999993,-1.6543999999999994,137.62,20.0,8.0,2.0,6.0,4.0,2.0,2.0,MEVBIZ_FSR
qmof-cbd47e6,True,108.14399999999999,1.09344,25.78,8.0,2.0,0.0,2.0,0.0,1.0,1.0,MEVRAG_FSR
qmof-a46669a,True,105.13999999999999,1.7246000000000001,12.89,8.0,1.0,0.0,1.0,1.0,1.0,1.0,MIDPUK_FSR
qmof-cc5aaaf,True,449.4230000000001,-1.3677999999999964,190.26,33.0,11.0,3.0,9.0,7.0,3.0,3.0,MIHLIA_FSR
qmof-3c16fb7,True,164.11599999999996,-1.5864000000000003,80.25999999999999,12.0,4.0,0.0,4.0,2.0,1.0,1.0,FAYNAV_FSR
qmof-8db7ba0,True,42.021,-1.4418000000000002,58.7,3.0,3.0,0.0,0.0,0.0,0.0,0.0,FEBKED01_FSR
qmof-70d7b7f,True,292.347,3.2655800000000017,75.35,21.0,6.0,0.0,5.0,2.0,3.0,3.0,MEYKEI_FSR
qmof-c330eaf,True,164.11599999999996,-1.5864000000000003,80.25999999999999,12.0,4.0,0.0,4.0,2.0,1.0,1.0,MEZGAZ_FSR
qmof-683ccdc,True,164.11599999999996,-1.5864000000000003,80.25999999999999,12.0,4.0,0.0,4.0,2.0,1.0,1.0,MGPHCU_FSR
qmof-1a22cb7,True,160.152,0.5313999999999999,55.919999999999995,12.0,3.0,1.0,2.0,1.0,2.0,2.0,PUBGID_FSR
qmof-31b43f4,True,304.34800000000007,1.2129999999999996,80.25999999999999,20.0,6.0,0.0,6.0,5.0,2.0,2.0,PUFTUG_FSR
qmof-ce154fe,False,,,,,,,,,,,PUGNUC_FSR
qmof-0d4641a,True,432.48000000000025,0.20800000000000063,112.51999999999998,32.0,8.0,0.0,8.0,6.0,3.0,4.0,PUHRUG_FSR
qmof-f7be768,True,182.226,2.6470000000000002,25.78,14.0,2.0,0.0,2.0,2.0,2.0,2.0,PUKCUV_FSR
qmof-1a2d0f1,True,266.28000000000003,1.2969799999999996,89.7,20.0,5.0,0.0,5.0,3.0,2.0,2.0,PUKDAC_FSR
qmof-98009e1,True,266.28000000000003,1.2969799999999996,89.7,20.0,5.0,0.0,5.0,3.0,2.0,2.0,PUKDEG_FSR
qmof-ea731b8,True,184.20200000000003,1.5635999999999999,53.980000000000004,14.0,4.0,0.0,2.0,3.0,2.0,2.0,PUKSEV_FSR
qmof-79ff2bd,True,440.4110000000001,1.922399999999999,143.33999999999997,33.0,8.0,1.0,7.0,5.0,4.0,4.0,UJERUX_FSR
qmof-74a1ef7,False,,,,,,,,,,,UJINAE_FSR
qmof-ed90b66,True,560.5950000000001,5.483800000000005,151.27999999999997,41.0,11.0,0.0,8.0,5.0,6.0,6.0,UJUDUY_FSR
qmof-09f8fe4,True,362.3850000000001,0.9838199999999997,106.03999999999999,27.0,6.0,0.0,6.0,5.0,3.0,3.0,WOPDOV_FSR
qmof-a730e22,True,137.118,-0.9727000000000001,79.03999999999999,10.0,4.0,1.0,4.0,1.0,1.0,1.0,AZAQID_FSR
qmof-e39683b,True,368.1120000000001,1.20956,102.04000000000003,28.0,12.0,0.0,8.0,0.0,2.0,13.0,AZAYEH_FSR
qmof-40c1e03,False,,,,,,,,,,,AZITEJ_FSR
qmof-8e3bc8d,False,,,,,,,,,,,AZIXIR_FSR
qmof-6b33db5,True,194.09799999999996,-1.2988000000000002,120.06,14.0,6.0,0.0,4.0,2.0,1.0,1.0,MEXHII_FSR
qmof-229d67d,True,194.09799999999996,-1.2988000000000002,120.06,14.0,6.0,0.0,4.0,2.0,1.0,1.0,MEXHOO_FSR
qmof-12fff70,False,,,,,,,,,,,MEXTIV_FSR
qmof-f5e3913,True,268.22799999999995,-0.49940000000000007,108.46000000000001,20.0,6.0,0.0,4.0,5.0,2.0,2.0,MAXTUD_FSR
qmof-232d4ab,True,640.6040000000002,5.632300000000004,171.02999999999997,48.0,11.0,1.0,10.0,10.0,6.0,6.0,MAYRIQ_FSR
qmof-30d0748,True,446.41900000000027,0.7866399999999996,153.20000000000002,33.0,10.0,1.0,9.0,5.0,4.0,4.0,MAYXOC_FSR
qmof-8ebe03b,True,156.18799999999996,2.1435999999999993,25.78,12.0,2.0,0.0,2.0,1.0,2.0,2.0,MEWFAY_FSR
qmof-30e9498,False,,,,,,,,,,,MEWFIG_FSR
qmof-bde105e,True,350.33000000000004,0.5657999999999994,115.27000000000001,26.0,7.0,0.0,7.0,4.0,3.0,3.0,MEPWUC_FSR
qmof-2f0e858,True,458.43000000000023,-0.39079999999999826,159.91999999999996,34.0,10.0,0.0,8.0,6.0,4.0,4.0,MEQTIO_FSR
qmof-f92e9aa,True,156.18799999999996,2.1435999999999993,25.78,12.0,2.0,0.0,2.0,1.0,2.0,2.0,FEJGAD01_FSR
qmof-111f17e,True,62.004000000000005,-0.3914000000000001,63.04,4.0,4.0,0.0,2.0,0.0,0.0,0.0,FELFUY_FSR
qmof-cb0ed13,False,,,,,,,,,,,MEJQID_FSR
qmof-1eb514c,True,42.021,-1.4418000000000002,58.7,3.0,3.0,0.0,0.0,0.0,0.0,0.0,WOHZOI_FSR
qmof-e5b1de8,True,636.6930000000001,7.1508000000000065,151.27999999999997,47.0,11.0,0.0,8.0,6.0,7.0,7.0,UJUFAG_FSR
qmof-0f66924,True,138.10199999999998,-1.3165,67.07,10.0,4.0,0.0,3.0,1.0,1.0,1.0,UGUKIR_FSR
qmof-c624998,True,182.08699999999996,-2.6331999999999995,110.47,13.0,6.0,0.0,6.0,2.0,1.0,1.0,UHATAA_FSR
qmof-8b6fd08,False,,,,,,,,,,,UHOMOV_FSR
qmof-7accad1,True,74.127,-0.7060999999999997,52.04,5.0,2.0,2.0,2.0,2.0,0.0,0.0,UHOYIZ_FSR
qmof-4269a79,False,,,,,,,,,,,PUZSEK_FSR
qmof-b052d63,True,159.192,1.3263999999999998,30.71,12.0,3.0,0.0,3.0,2.0,2.0,2.0,PYMICU_FSR
qmof-c42d864,True,335.336,0.033979999999999566,141.29,24.0,8.0,4.0,5.0,4.0,0.0,2.0,PYXCDC_FSR
qmof-8ee15b0,True,240.357,1.9313799999999997,19.72,15.0,6.0,0.0,6.0,2.0,2.0,2.0,DEJDAA_FSR
qmof-4fe57e9,False,,,,,,,,,,,DEKZAX_FSR
qmof-d08dcb5,True,300.266,0.09779999999999989,98.72,22.0,6.0,0.0,6.0,5.0,2.0,2.0,PURROK_FSR
qmof-b03607d,True,300.266,0.09779999999999989,98.72,22.0,6.0,0.0,6.0,5.0,2.0,2.0,PURSAX_FSR
qmof-768b4df,True,228.38599999999997,1.8328000000000002,6.48,14.0,4.0,0.0,2.0,3.0,0.0,2.0,PURVIH_FSR
qmof-90710c8,True,108.14399999999998,0.5403,38.91,8.0,2.0,1.0,2.0,1.0,1.0,1.0,AYEMAU_FSR
qmof-8de943d,True,472.2500000000001,4.956100000000004,94.16999999999999,30.0,9.0,1.0,3.0,1.0,4.0,6.0,AYERAX_FSR
qmof-e1aeb8c,False,,,,,,,,,,,MEKDIQ_FSR
qmof-9383360,False,,,,,,,,,,,MEKDOW_FSR
qmof-3a36b27,False,,,,,,,,,,,MEGZII02_FSR
qmof-c9439fc,True,268.22799999999995,-0.49940000000000007,108.46000000000001,20.0,6.0,0.0,4.0,5.0,2.0,2.0,MEHCOU_FSR
qmof-589dd74,True,210.216,1.6478,53.4,16.0,4.0,0.0,2.0,1.0,2.0,3.0,MEHVAZ01_FSR
qmof-2171eed,True,210.216,1.6478,53.4,16.0,4.0,0.0,2.0,1.0,2.0,3.0,MEHVIH_FSR
qmof-5195997,True,170.14499999999995,-1.5249000000000001,80.25999999999999,11.0,5.0,0.0,5.0,2.0,1.0,1.0,MECJUC_FSR
qmof-bdb9583,True,477.4770000000003,0.11620000000000141,155.66000000000003,35.0,11.0,0.0,10.0,7.0,3.0,4.0,PUTTUV_FSR
qmof-687e4d6,True,66.043,-0.44704000000000005,61.68,5.0,3.0,0.0,2.0,0.0,0.0,0.0,QAFNES_FSR
qmof-abca3a8,True,318.336,2.9812000000000003,83.98,24.0,6.0,2.0,4.0,4.0,3.0,3.0,QAGSIC_FSR
qmof-75e182b,True,336.12000000000006,-8.1324,240.77999999999997,24.0,12.0,0.0,12.0,6.0,1.0,1.0,QAGXUT_FSR
qmof-85bae44,True,112.03999999999999,-1.7236000000000002,68.28,8.0,4.0,0.0,4.0,0.0,0.0,1.0,QAGZUV_FSR
qmof-2f9261f,True,112.03999999999999,-1.7236000000000002,68.28,8.0,4.0,0.0,4.0,0.0,0.0,1.0,QAHBAE_FSR
qmof-f545609,False,,,,,,,,,,,DEGTOB_FSR
qmof-486f508,False,,,,,,,,,,,QACGOT_FSR
qmof-e827bde,False,,,,,,,,,,,MAVCOD_FSR
qmof-3afdaa9,True,292.29200000000003,3.0484000000000018,112.52000000000001,20.0,7.0,2.0,3.0,3.0,2.0,2.0,MAVNEE_FSR
qmof-73a1010,False,,,,,,,,,,,MAVSOS_FSR
qmof-35b83fb,True,154.081,-2.8633000000000006,108.94,11.0,6.0,1.0,5.0,2.0,1.0,1.0,FENSUN01_FSR
qmof-259c3ab,True,199.213,1.7031999999999998,58.370000000000005,15.0,4.0,1.0,4.0,2.0,2.0,2.0,FEPCEK_FSR
qmof-2596182,True,244.11099999999993,-7.014199999999999,169.75,17.0,9.0,0.0,9.0,4.0,0.0,1.0,AYAVED_FSR
qmof-ca5a1e7,True,66.043,-0.44704000000000005,61.68,5.0,3.0,0.0,2.0,0.0,0.0,0.0,WOQLEU_FSR
qmof-81c74fb,False,,,,,,,,,,,WOSDEN_FSR
qmof-c430d7c,True,404.3860000000001,-0.4712099999999986,157.21999999999997,30.0,10.0,0.0,9.0,3.0,2.0,4.0,AYAYEG_FSR
qmof-c7c1ae9,True,100.14599999999999,0.8465199999999999,25.78,6.0,3.0,0.0,3.0,0.0,1.0,1.0,MABSIS_FSR
qmof-3e09887,True,42.021,-1.4418000000000002,58.7,3.0,3.0,0.0,0.0,0.0,0.0,0.0,MABSUF_FSR
qmof-7563546,True,116.07199999999999,-2.733599999999999,80.25999999999999,8.0,4.0,0.0,4.0,3.0,0.0,0.0,MADPOY_FSR
qmof-2fe9d9b,True,397.39000000000004,1.6191999999999995,118.93,30.0,7.0,0.0,7.0,4.0,4.0,4.0,MARNIE_FSR
qmof-684c5fa,True,399.36300000000017,-0.11820000000000075,159.04000000000002,29.0,11.0,0.0,10.0,8.0,3.0,3.0,MASDAM_FSR
qmof-e5b5d92,True,250.11799999999994,-4.859400000000001,160.51999999999998,18.0,8.0,0.0,8.0,4.0,1.0,1.0,FETJOE_FSR
qmof-6956373,False,,,,,,,,,,,FEVGIZ_FSR
qmof-6cb1694,True,211.198,-1.7129,93.15,14.0,6.0,0.0,6.0,4.0,1.0,1.0,FEWTOS_FSR
qmof-dcfb961,True,284.179,-1.1226000000000003,123.63,21.0,7.0,0.0,7.0,2.0,2.0,3.0,MAQDUE_FSR
qmof-a27d77a,True,440.3670000000001,1.0209999999999995,149.40999999999997,33.0,9.0,0.0,9.0,3.0,4.0,5.0,MAQFAM_FSR
qmof-a7de9ff,True,200.23399999999995,-0.39300000000000024,80.25999999999999,14.0,4.0,0.0,4.0,9.0,0.0,0.0,MAQJOD_FSR
qmof-debef81,True,170.14499999999995,-1.5249000000000001,80.25999999999999,11.0,5.0,0.0,5.0,2.0,1.0,1.0,MAQRAA01_FSR
qmof-2ea6610,True,122.91899999999998,-0.7372000000000001,59.699999999999996,4.0,4.0,0.0,0.0,0.0,0.0,0.0,QADSEV_FSR
qmof-46ebf41,False,,,,,,,,,,,PUZPUX_FSR
qmof-48262eb,True,210.24000000000004,1.3203799999999999,53.980000000000004,16.0,4.0,0.0,2.0,5.0,2.0,2.0,QAQBOA_FSR
qmof-bceb11a,False,,,,,,,,,,,QASZOB_FSR
qmof-04b7d1b,False,,,,,,,,,,,DEGGON_FSR
qmof-dc8c200,True,541.5670000000001,3.9414000000000025,119.13999999999997,41.0,9.0,0.0,9.0,7.0,6.0,6.0,QAMHOE_FSR
qmof-bcebc11,True,188.122,-0.039020000000000055,88.82,14.0,6.0,0.0,4.0,0.0,1.0,1.0,QANDOB_FSR
qmof-c706859,True,688.6520000000002,2.1995999999999993,196.15999999999997,52.0,12.0,0.0,12.0,9.0,7.0,7.0,QAFMES_FSR
qmof-2ca16aa,False,,,,,,,,,,,FIFZUP10_FSR
qmof-ed8a8ec,True,271.22799999999995,-1.3763999999999998,102.25999999999999,20.0,6.0,0.0,6.0,4.0,2.0,2.0,FIHBAB_FSR
qmof-2452a0f,False,,,,,,,,,,,LUYCEN_FSR
qmof-c1e8e4d,True,188.186,0.6204000000000001,53.879999999999995,14.0,4.0,0.0,2.0,1.0,2.0,2.0,LUZHIX_FSR
qmof-ab2218a,True,214.17599999999996,-0.43320000000000025,80.25999999999999,16.0,4.0,0.0,4.0,2.0,2.0,2.0,MAPHAP_FSR
qmof-0d15be0,True,256.21299999999997,0.20589999999999975,89.49000000000001,19.0,5.0,0.0,5.0,4.0,2.0,2.0,MAPLOG_FSR
qmof-0c12dcf,True,354.23000000000013,-3.7723999999999993,188.72,26.0,10.0,0.0,8.0,7.0,2.0,2.0,MAPQAY_FSR
qmof-c5457b7,True,73.03099999999999,-0.6899000000000001,66.25999999999999,5.0,4.0,0.0,1.0,1.0,0.0,0.0,FEZMUT_FSR
qmof-7da8960,True,156.18799999999996,2.1435999999999993,25.78,12.0,2.0,0.0,2.0,1.0,2.0,2.0,FIBSOZ_FSR
qmof-ec20604,True,123.09099999999998,-1.1599000000000004,65.91,9.0,4.0,0.0,4.0,1.0,1.0,1.0,MAJBAA01_FSR
qmof-3a19adf,True,123.09099999999998,-1.1599000000000004,65.91,9.0,4.0,0.0,4.0,1.0,1.0,1.0,MAJBAA_FSR
qmof-e8abe31,True,252.13399999999996,-2.1899999999999995,154.86,18.0,8.0,2.0,6.0,4.0,1.0,1.0,FIHYAX_FSR
qmof-4134e8a,False,,,,,,,,,,,FIJPAQ_FSR
qmof-df18093,True,147.153,0.4497,40.129999999999995,11.0,2.0,0.0,2.0,2.0,1.0,1.0,LUQBEF_FSR
qmof-de79bef,True,345.2230000000001,-4.8006,212.32,25.0,11.0,1.0,11.0,4.0,2.0,2.0,LURCOR_FSR
qmof-5c1c773,True,272.43799999999993,4.866800000000004,0.0,18.0,2.0,0.0,2.0,0.0,2.0,6.0,MADVUJ_FSR
qmof-9f9d39c,True,272.43799999999993,4.866800000000004,0.0,18.0,2.0,0.0,2.0,0.0,2.0,6.0,MADWAQ_FSR
qmof-f6f9b84,True,210.24,2.058,35.64,16.0,4.0,0.0,4.0,2.0,3.0,3.0,MAFBIG_FSR
qmof-87b09b6,True,300.23400000000004,-0.5438100000000001,156.16,22.0,10.0,0.0,9.0,2.0,1.0,3.0,MAFLUD_FSR
qmof-04bb963,False,,,,,,,,,,,FIDWEU_FSR
qmof-1910e29,True,411.377,1.2695699999999994,151.71999999999997,31.0,9.0,1.0,8.0,4.0,3.0,4.0,FIDWEX_FSR
qmof-22902e7,False,,,,,,,,,,,FIDWIY_FSR
qmof-c0bc30d,True,261.257,-1.2877099999999992,86.74,19.0,6.0,0.0,6.0,6.0,1.0,2.0,QAZRIV_FSR
qmof-7c56a75,True,333.21200000000005,-4.8675,215.21999999999997,24.0,11.0,2.0,10.0,4.0,2.0,2.0,QAVYUJ_FSR
qmof-4c45438,False,,,,,,,,,,,QAWHAA_FSR
qmof-ad34930,True,151.09300000000002,-0.9116,114.38999999999999,11.0,9.0,1.0,7.0,0.0,0.0,2.0,QAWHEC_FSR
qmof-54ec179,True,118.075,-0.29927000000000004,88.44,9.0,4.0,0.0,4.0,1.0,0.0,0.0,QAXCEY_FSR
qmof-431c61c,True,238.29399999999998,2.1761999999999997,35.64,18.0,4.0,0.0,4.0,4.0,3.0,3.0,DEDGOL_FSR
qmof-f3c52d4,True,357.3660000000001,5.226320000000004,71.11,25.0,5.0,0.0,3.0,4.0,2.0,2.0,UFUZON_FSR
qmof-befacb1,True,180.11499999999995,-1.8808,100.49000000000001,13.0,5.0,1.0,5.0,2.0,1.0,1.0,UGEHOF_FSR
qmof-6598b02,True,80.08999999999999,0.4765999999999999,25.78,6.0,2.0,0.0,2.0,0.0,1.0,1.0,FIKGUB_FSR
qmof-8b9d04c,True,245.30100000000002,5.164400000000003,19.9,19.0,1.0,0.0,0.0,2.0,3.0,3.0,FIKKUH_FSR
qmof-b9fe2c9,True,270.244,-0.5793000000000001,105.18,20.0,6.0,1.0,6.0,5.0,2.0,2.0,LUZZAI_FSR
qmof-b3361a6,True,387.16900000000004,0.09349999999999947,119.60999999999999,24.0,8.0,0.0,6.0,3.0,2.0,3.0,LUZZEM_FSR
qmof-b28c140,True,164.11599999999996,-1.5864000000000003,80.25999999999999,12.0,4.0,0.0,4.0,2.0,1.0,1.0,LUZZIQ_FSR
qmof-b90c6d5,False,,,,,,,,,,,LUWYOS_FSR
qmof-c96d53b,True,214.17599999999996,-0.43320000000000025,80.25999999999999,16.0,4.0,0.0,4.0,2.0,2.0,2.0,LUXRUT_FSR
qmof-e07df46,True,122.10299999999997,-0.5549000000000004,53.019999999999996,9.0,3.0,0.0,3.0,1.0,1.0,1.0,UGEPEB_FSR
qmof-79acb3e,True,286.286,3.2398000000000025,119.4,18.0,8.0,0.0,0.0,2.0,2.0,2.0,UGOWUI_FSR
qmof-91c48af,True,244.11099999999993,-7.014199999999999,169.75,17.0,9.0,0.0,9.0,4.0,0.0,1.0,BONVUW_FSR
qmof-dc71bb1,True,342.26700000000005,-2.242899999999997,162.82,25.0,10.0,1.0,7.0,3.0,3.0,3.0,BONXIM_FSR
qmof-2da423f,False,,,,,,,,,,,BOQLEZ_FSR
qmof-49cb885,False,,,,,,,,,,,BOQLID_FSR
qmof-99dccc6,True,338.21900000000005,4.816280000000003,68.94,21.0,7.0,0.0,3.0,3.0,2.0,2.0,DAYDAJ_FSR
qmof-9a9eea2,True,172.163,0.5982999999999998,53.019999999999996,13.0,3.0,0.0,3.0,1.0,2.0,2.0,QEBWAX_FSR
qmof-ee194a3,False,,,,,,,,,,,QECDIN_FSR
qmof-9bc384e,True,240.119,-2.1125100000000003,181.16,17.0,13.0,1.0,11.0,3.0,2.0,2.0,QECPOG_FSR
qmof-e319962,True,140.192,1.13295,47.58,8.0,4.0,0.0,3.0,1.0,0.0,0.0,QEFVEF_FSR
qmof-0355eff,True,358.41,3.4512800000000015,93.17,26.0,8.0,0.0,7.0,3.0,4.0,4.0,QEHVAC_FSR
qmof-8e86693,True,306.32400000000007,0.0029999999999998916,106.03999999999999,20.0,8.0,0.0,8.0,5.0,2.0,2.0,WUBZOI_FSR
qmof-b94b0e1,True,162.19699999999997,1.61826,60.47,11.0,4.0,0.0,3.0,0.0,1.0,1.0,WUCMAI_FSR
qmof-d3f6f04,False,,,,,,,,,,,WUDPUI_FSR
qmof-c8f0292,False,,,,,,,,,,,AXUPUG_FSR
qmof-91dccb1,True,345.2230000000001,-4.8006,212.32,25.0,11.0,1.0,11.0,4.0,2.0,2.0,LURDEI_FSR
qmof-3b028dc,True,108.14399999999999,1.09344,25.78,8.0,2.0,0.0,2.0,0.0,1.0,1.0,LUSVUR01_FSR
qmof-4104663,False,,,,,,,,,,,LUTWON_FSR
qmof-f4d0642,True,246.182,-2.5801999999999987,131.82,18.0,8.0,0.0,8.0,1.0,2.0,2.0,LUNJIP_FSR
qmof-4b509da,True,147.153,0.4497,40.129999999999995,11.0,2.0,0.0,2.0,2.0,1.0,1.0,LUPZUS_FSR
qmof-8f9a581,True,190.14499999999998,0.7855900000000001,118.94999999999999,15.0,5.0,0.0,5.0,0.0,0.0,1.0,FIMDAI_FSR
qmof-0669f40,False,,,,,,,,,,,FIMDEK_FSR
qmof-7c0b0e1,True,58.085,0.66498,23.79,3.0,2.0,0.0,1.0,0.0,0.0,0.0,FIMJOC01_FSR
qmof-22450b3,False,,,,,,,,,,,FIMJUJ_FSR
qmof-0232ee4,False,,,,,,,,,,,LULGAA_FSR
qmof-51d789e,True,140.09399999999997,-2.4013999999999998,80.25999999999999,10.0,4.0,0.0,4.0,3.0,0.0,0.0,LULJAE_FSR
qmof-55e124e,True,251.10599999999997,-5.4644,173.41,18.0,9.0,0.0,9.0,4.0,1.0,1.0,LULSES_FSR
qmof-b808abd,False,,,,,,,,,,,LULVOE_FSR
qmof-e4e85bb,False,,,,,,,,,,,WUQLEA_FSR
qmof-6f2f136,True,42.021,-1.4418000000000002,58.7,3.0,3.0,0.0,0.0,0.0,0.0,0.0,WUBSAN_FSR
qmof-9289c6f,True,42.021,-1.4418000000000002,58.7,3.0,3.0,0.0,0.0,0.0,0.0,0.0,WUBSER_FSR
qmof-7921fae,True,68.059,-0.42400000000000004,38.82,5.0,3.0,0.0,2.0,0.0,0.0,1.0,LOQKIL_FSR
qmof-99a13dc,True,279.25700000000006,0.5721999999999998,130.51000000000002,19.0,9.0,0.0,1.0,3.0,1.0,2.0,FIRWAH_FSR
qmof-746d85f,False,,,,,,,,,,,LOHKIE_FSR
qmof-7112b88,True,176.15499999999997,-0.32820000000000005,86.29,13.0,5.0,2.0,3.0,0.0,1.0,2.0,LOHKOK01_FSR
qmof-58d9e85,True,176.15499999999997,-0.32820000000000005,86.29,13.0,5.0,2.0,3.0,0.0,1.0,2.0,LOHKOK02_FSR
qmof-6052971,False,,,,,,,,,,,LUFYOB_FSR
qmof-c39c398,True,208.169,-3.082,145.90000000000003,15.0,11.0,0.0,8.0,3.0,2.0,2.0,LUGTUD_FSR
qmof-da6f5e7,True,240.21399999999997,0.08059999999999978,80.25999999999999,18.0,4.0,0.0,4.0,3.0,2.0,2.0,FIPGOB01_FSR
qmof-aef39ca,True,340.3390000000002,-1.0231199999999987,134.24,25.0,8.0,0.0,6.0,9.0,2.0,2.0,LOXWEC_FSR
qmof-d7fa9b6,True,216.19199999999998,-0.7872000000000001,80.25999999999999,16.0,4.0,0.0,4.0,4.0,1.0,1.0,LOXZUV01_FSR
qmof-d0fe151,True,160.16,0.9228,64.07,12.0,5.0,0.0,4.0,2.0,1.0,2.0,LOSGOR01_FSR
qmof-f4cb7a6,True,202.24099999999999,1.26324,87.46000000000001,15.0,5.0,0.0,4.0,0.0,1.0,1.0,LOTQIU_FSR
qmof-4f6fbfa,False,,,,,,,,,,,LOVFUZ_FSR
qmof-611dbd4,True,300.32500000000005,2.7863000000000007,69.38,23.0,6.0,0.0,6.0,3.0,4.0,4.0,QEHVEG_FSR
qmof-043ec9a,True,590.6170000000001,2.971400000000001,150.04000000000002,43.0,11.0,0.0,10.0,7.0,6.0,6.0,QAYBOK_FSR
qmof-3974d91,True,144.126,-1.9533999999999987,80.25999999999999,10.0,4.0,0.0,4.0,5.0,0.0,0.0,QAYGIJ_FSR
qmof-405a87b,False,,,,,,,,,,,QAZKEK_FSR
qmof-bf40b4e,False,,,,,,,,,,,QETCOK_FSR
qmof-89fc176,True,154.17399999999998,0.3799800000000001,63.62,10.0,5.0,0.0,3.0,0.0,1.0,1.0,QEKBEO_FSR
qmof-67719b6,True,184.20200000000003,1.5635999999999997,53.980000000000004,14.0,4.0,0.0,2.0,3.0,2.0,2.0,QEKBEQ_FSR
qmof-e789f6e,True,456.41000000000014,2.0477,152.57,34.0,9.0,1.0,8.0,6.0,4.0,4.0,DAXGOA_FSR
qmof-e99706f,True,509.45400000000035,-0.11022000000000087,183.6,38.0,11.0,0.0,9.0,10.0,4.0,4.0,DAXGUG_FSR
qmof-7368acd,True,536.4560000000001,-1.1343999999999976,196.15999999999997,40.0,12.0,0.0,12.0,7.0,5.0,5.0,DAXRAX_FSR
qmof-93ec4e0,True,26.018,0.09637,23.79,2.0,1.0,0.0,1.0,0.0,0.0,0.0,DAXWIJ_FSR
qmof-74c5a19,False,,,,,,,,,,,AWOZER_FSR
qmof-aa662d6,True,250.14399999999998,-3.7710999999999997,182.88,16.0,11.0,1.0,7.0,2.0,1.0,1.0,AWOZOC_FSR
qmof-78e92bb,True,90.122,0.2792,18.46,6.0,2.0,0.0,2.0,3.0,0.0,0.0,WUHDUY_FSR
qmof-9bd9e21,False,,,,,,,,,,,WUKNIZ01_FSR
qmof-229a18d,True,164.11599999999996,-1.5864000000000003,80.25999999999999,12.0,4.0,0.0,4.0,2.0,1.0,1.0,WUKVUV_FSR
qmof-94bc2f3,False,,,,,,,,,,,LOPQIS_FSR
qmof-c9e1cbe,True,286.286,3.2398000000000016,119.4,18.0,8.0,0.0,0.0,2.0,2.0,2.0,LOPTIV_FSR
qmof-9d71d13,True,26.018,0.09637,23.79,2.0,1.0,0.0,1.0,0.0,0.0,0.0,DAXWOP_FSR
qmof-4537b4a,False,,,,,,,,,,,QETTER_FSR
qmof-d0eca3c,False,,,,,,,,,,,QEWMUD_FSR
qmof-791f6be,False,,,,,,,,,,,QEXBEC_FSR
qmof-70a5385,False,,,,,,,,,,,QEXMOY_FSR
qmof-8185c91,True,194.146,-2.1795599999999986,106.03999999999999,14.0,6.0,0.0,6.0,2.0,1.0,1.0,DASLIT_FSR
qmof-df4acb0,True,122.10299999999997,-0.5549000000000004,53.019999999999996,9.0,3.0,0.0,3.0,1.0,1.0,1.0,DAVQIC_FSR
qmof-31bbc88,True,210.24000000000004,1.3203799999999999,53.980000000000004,16.0,4.0,0.0,2.0,5.0,2.0,2.0,QENFOF01_FSR
qmof-b01daa3,True,226.172,-2.8942999999999994,147.07,16.0,9.0,2.0,7.0,4.0,1.0,1.0,QEPBES_FSR
qmof-bfa0e06,True,468.5560000000001,7.608000000000007,44.24,36.0,4.0,0.0,4.0,7.0,6.0,6.0,QEPYEQ_FSR
qmof-94194f3,True,138.10599999999997,-1.5777,91.92999999999999,10.0,5.0,1.0,5.0,1.0,1.0,1.0,LIWKEH01_FSR
qmof-04a6cff,True,165.10399999999996,-2.1914,93.15,12.0,5.0,0.0,5.0,2.0,1.0,1.0,LIWMOU_FSR
qmof-8a40c3c,True,482.40400000000017,-1.0487999999999982,186.29999999999995,36.0,10.0,0.0,10.0,6.0,4.0,4.0,LOHYOY_FSR
qmof-93ed13d,False,,,,,,,,,,,LOJPAD_FSR
qmof-f06ce2a,False,,,,,,,,,,,LOCXIK_FSR
qmof-a92da8c,True,324.2960000000001,-1.6372199999999981,134.24,24.0,8.0,0.0,6.0,7.0,2.0,2.0,FISNUT_FSR
qmof-1e540dd,False,,,,,,,,,,,FISPUV_FSR
qmof-757cf9f,True,438.5280000000003,0.08700000000000396,112.51999999999998,32.0,8.0,0.0,8.0,6.0,2.0,4.0,FIXBUL_FSR
qmof-3bdb7ac,True,298.09900000000005,1.37759,41.38,14.0,6.0,0.0,5.0,1.0,1.0,2.0,LIWVOE_FSR
qmof-d1a13c7,True,124.18799999999999,1.8252,26.02,8.0,2.0,1.0,1.0,0.0,1.0,1.0,WUWDAU_FSR
qmof-be09118,True,204.161,-0.9675000000000002,77.50999999999999,15.0,5.0,0.0,4.0,2.0,1.0,2.0,AWORAG01_FSR
qmof-2a1c54e,False,,,,,,,,,,,QIKDAR_FSR
qmof-4be80e4,False,,,,,,,,,,,DAQLOZ_FSR
qmof-845a215,True,380.4040000000001,-0.9391999999999971,93.22,28.0,8.0,0.0,8.0,3.0,2.0,6.0,QIFNAU_FSR
qmof-d9c1c6b,True,131.225,1.865,12.89,7.0,3.0,0.0,3.0,1.0,1.0,1.0,QEZBEF_FSR
qmof-0990647,True,131.225,1.865,12.89,7.0,3.0,0.0,3.0,1.0,1.0,1.0,QEZBIJ_FSR
qmof-fe0852c,True,316.36,2.575990000000001,56.26,24.0,4.0,0.0,4.0,5.0,2.0,3.0,QEZBOP_FSR
qmof-2dcf900,False,,,,,,,,,,,QEZNIU_FSR
qmof-e5526f4,True,322.28000000000003,-0.6527999999999994,131.82,24.0,8.0,0.0,8.0,3.0,3.0,3.0,BOQVOT_FSR
qmof-c3eb960,True,241.31700000000004,1.2893,63.43000000000001,15.0,6.0,2.0,4.0,1.0,1.0,1.0,LIJBOW_FSR
qmof-8f318ef,True,335.319,0.13939999999999997,132.06,25.0,7.0,1.0,7.0,3.0,3.0,3.0,LIJREC_FSR
qmof-c5fae90,False,,,,,,,,,,,LIFXUU_FSR
qmof-cb134eb,True,505.5310000000003,0.19260000000000238,190.26,37.0,11.0,3.0,9.0,11.0,3.0,3.0,LIYHIM_FSR
qmof-6e59ecb,True,268.364,1.7944,32.260000000000005,20.0,4.0,0.0,4.0,4.0,2.0,3.0,FIXCEW_FSR
qmof-bf8310b,False,,,,,,,,,,,FIXJUS_FSR
qmof-2ae295c,False,,,,,,,,,,,FOBGOT_FSR
qmof-69e32e3,True,138.91799999999998,-0.8560000000000001,88.19999999999999,5.0,5.0,0.0,0.0,0.0,0.0,0.0,FOCMEQ_FSR
qmof-57d4204,False,,,,,,,,,,,LIVCIC_FSR
qmof-eb34482,True,187.09099999999998,0.8741000000000001,83.81,12.0,6.0,0.0,2.0,2.0,1.0,1.0,XADRUR_FSR
qmof-14eb177,True,402.41,0.7381999999999992,137.62,30.0,8.0,2.0,6.0,6.0,4.0,4.0,XAFTAB_FSR
qmof-42b2d04,True,59.044,-1.2438,40.129999999999995,4.0,2.0,0.0,2.0,0.0,0.0,0.0,AWEPIC_FSR
qmof-a299c07,True,214.17599999999996,-0.43320000000000025,80.25999999999999,16.0,4.0,0.0,4.0,2.0,2.0,2.0,WUXJEF_FSR
qmof-6da60e8,True,220.22399999999996,-0.3527199999999999,80.25999999999999,16.0,4.0,0.0,4.0,2.0,1.0,1.0,WUXZUL_FSR
qmof-3c11d26,True,66.043,-0.44704000000000005,61.68,5.0,3.0,0.0,2.0,0.0,0.0,0.0,WUYQOY_FSR
qmof-f3ec926,True,220.164,-3.0992999999999986,138.96,16.0,7.0,0.0,4.0,3.0,1.0,1.0,WUSTUB_FSR
qmof-66a1aec,True,222.24499999999998,2.6220000000000008,85.72,15.0,5.0,1.0,1.0,1.0,2.0,2.0,LINPUU_FSR
qmof-b32e4aa,False,,,,,,,,,,,LIPZER_FSR
qmof-39e6de1,True,88.01799999999999,-3.5138000000000003,80.25999999999999,6.0,4.0,0.0,4.0,0.0,0.0,0.0,LIQSEK_FSR
qmof-f879f69,True,555.5180000000003,3.143300000000001,157.69,42.0,8.0,1.0,7.0,8.0,5.0,5.0,FOCYUT_FSR
qmof-c97afc4,True,404.52400000000006,4.275000000000003,77.34,28.0,8.0,0.0,8.0,7.0,4.0,4.0,BORGEV_FSR
qmof-549488d,True,211.109,-4.673699999999999,146.16999999999996,15.0,8.0,0.0,8.0,1.0,1.0,1.0,BOVPAE01_FSR
qmof-a5eb56b,True,232.19299999999998,1.6415,123.07,15.0,8.0,1.0,3.0,3.0,1.0,1.0,UFATAW_FSR
qmof-76350eb,False,,,,,,,,,,,UFIJOK_FSR
qmof-ecb63ad,False,,,,,,,,,,,UFIKAX_FSR
qmof-d8703ab,True,88.01799999999999,-3.5138000000000003,80.25999999999999,6.0,4.0,0.0,4.0,0.0,0.0,0.0,UCOYOA_FSR
qmof-a7bbb67,True,209.11299999999994,-1.6782000000000001,123.4,15.0,7.0,0.0,6.0,3.0,1.0,1.0,QITGOR_FSR
qmof-2b5cb3e,False,,,,,,,,,,,QITWIC_FSR
qmof-6a5bda3,True,146.133,0.7283999999999999,64.07,11.0,5.0,0.0,4.0,1.0,1.0,2.0,QIVBAZ_FSR
qmof-bb87ad1,True,182.226,2.6470000000000002,25.78,14.0,2.0,0.0,2.0,2.0,2.0,2.0,LEXRAI_FSR
qmof-42129bc,True,166.11199999999994,-0.04170000000000018,83.26999999999998,12.0,5.0,0.0,4.0,2.0,1.0,1.0,LIGXIJ_FSR
qmof-7fbccc7,True,164.11599999999996,-1.5864000000000003,80.25999999999999,12.0,4.0,0.0,4.0,2.0,1.0,1.0,LICZIH_FSR
qmof-8072339,True,166.09199999999998,-2.7964,106.03999999999999,12.0,6.0,0.0,6.0,2.0,1.0,1.0,LIDZAB_FSR
qmof-f004b42,True,156.18799999999996,2.1435999999999993,25.78,12.0,2.0,0.0,2.0,1.0,2.0,2.0,LIFBEK_FSR
qmof-52782af,True,254.24099999999996,0.0043999999999999595,80.25999999999999,19.0,4.0,0.0,4.0,4.0,2.0,2.0,LIFNAR_FSR
qmof-1ec4804,True,215.19,-2.4803999999999995,114.15,14.0,8.0,0.0,6.0,4.0,1.0,1.0,LIFPIC_FSR
qmof-12615e2,True,188.186,0.6204000000000001,53.879999999999995,14.0,4.0,0.0,2.0,1.0,2.0,2.0,LIFXEE_FSR
qmof-67d5226,False,,,,,,,,,,,FODROH_FSR
qmof-77ea2b6,False,,,,,,,,,,,FODVEB_FSR
qmof-9383c98,True,199.18499999999997,1.0157999999999996,57.2,15.0,3.0,0.0,3.0,2.0,2.0,2.0,XAHJOI_FSR
qmof-3cb7165,True,130.10999999999999,0.21995999999999993,73.36,10.0,4.0,0.0,4.0,0.0,1.0,1.0,XACHIS_FSR
qmof-ef85522,True,186.188,2.33882,79.6,12.0,5.0,0.0,0.0,1.0,1.0,1.0,AWEGUF_FSR
qmof-dc8ca0b,False,,,,,,,,,,,XAKZUG_FSR
qmof-0bbe81c,True,164.11599999999996,-1.5864000000000003,80.25999999999999,12.0,4.0,0.0,4.0,2.0,1.0,1.0,XAGLAT_FSR
qmof-de4c4e1,True,196.44,3.7906000000000004,19.9,10.0,4.0,0.0,0.0,0.0,1.0,1.0,FOHMAQ_FSR
qmof-cd372a1,False,,,,,,,,,,,LEZSOB_FSR
qmof-ba4e414,True,236.252,1.1395,76.99,16.0,6.0,0.0,5.0,1.0,2.0,2.0,LICCUW01_FSR
qmof-1d7c595,True,894.94,5.863600000000007,212.07999999999993,68.0,12.0,0.0,12.0,13.0,8.0,9.0,LICHOX_FSR
qmof-3ef5c56,True,574.5730000000001,4.371700000000003,172.12999999999994,43.0,11.0,1.0,9.0,7.0,5.0,6.0,FOKBIS_FSR
qmof-100b445,False,,,,,,,,,,,FOLBAJ_FSR
qmof-768f9e8,True,145.167,-0.5342,62.29,9.0,6.0,1.0,4.0,2.0,0.0,1.0,LEVNOS_FSR
qmof-42411d8,False,,,,,,,,,,,DAMWEW_FSR
qmof-053dc27,True,156.18799999999996,2.1435999999999993,25.78,12.0,2.0,0.0,2.0,1.0,2.0,2.0,QIQRUF_FSR
qmof-b76118a,True,283.215,-1.5558999999999994,120.38999999999999,21.0,6.0,0.0,6.0,4.0,2.0,2.0,QIQTOB_FSR
qmof-4a746e9,True,191.07899999999998,-1.7758099999999994,158.47,13.0,10.0,2.0,6.0,3.0,0.0,0.0,QIRGED_FSR
qmof-b740762,True,182.11099999999996,-0.3361000000000001,103.5,13.0,6.0,1.0,5.0,2.0,1.0,1.0,QOHHEB_FSR
qmof-011709e,True,60.09999999999999,-1.0962,52.04,4.0,2.0,2.0,2.0,1.0,0.0,0.0,QOBHEU_FSR
qmof-598233a,False,,,,,,,,,,,QOCHAU_FSR
qmof-13f2019,False,,,,,,,,,,,QIVSOE_FSR
qmof-a633d5a,False,,,,,,,,,,,QIVWAU_FSR
qmof-cf5e7be,True,268.22799999999995,-0.49940000000000007,108.46000000000001,20.0,6.0,0.0,4.0,5.0,2.0,2.0,LEQWIP_FSR
qmof-fbb73f7,True,26.018,0.09637,23.79,2.0,1.0,0.0,1.0,0.0,0.0,0.0,FOPNEE_FSR
qmof-02d5be9,False,,,,,,,,,,,FORZAO_FSR
qmof-7a1337f,False,,,,,,,,,,,LENSED_FSR
qmof-3ffecec,True,238.14300000000003,1.4492999999999998,108.38000000000001,16.0,8.0,1.0,4.0,3.0,1.0,2.0,XASVOF_FSR
qmof-0ea9711,False,,,,,,,,,,,XAVBIG_FSR
qmof-37a5c0c,True,106.108,0.57297,49.57,8.0,3.0,0.0,3.0,0.0,1.0,1.0,XAXVAU02_FSR
qmof-e4ea248,True,80.08999999999999,0.4765999999999999,25.78,6.0,2.0,0.0,2.0,0.0,1.0,1.0,AWAWEB_FSR
qmof-fe8ea01,True,378.38800000000015,-0.3008199999999994,134.24,28.0,8.0,0.0,6.0,8.0,2.0,2.0,QIVZAY_FSR
qmof-6032da7,True,301.25800000000004,-1.9012999999999993,148.26999999999998,22.0,8.0,2.0,7.0,3.0,2.0,2.0,QIWJAK_FSR
qmof-2a8957f,True,292.33799999999997,3.6346000000000025,44.24,22.0,4.0,0.0,4.0,6.0,3.0,3.0,QOLKUX_FSR
qmof-947fb3e,True,374.35600000000005,-0.2660200000000008,134.24,28.0,8.0,0.0,6.0,7.0,3.0,3.0,QOMVAR_FSR
qmof-cae97a0,True,402.41000000000014,1.1233999999999997,130.76,30.0,8.0,0.0,8.0,5.0,3.0,3.0,QOMVEV_FSR
qmof-5d499dc,True,374.35600000000005,-0.2660200000000008,134.24,28.0,8.0,0.0,6.0,7.0,3.0,3.0,QOMVIZ_FSR
qmof-35c6fe6,True,214.17599999999996,-0.43320000000000025,80.25999999999999,16.0,4.0,0.0,4.0,2.0,2.0,2.0,DACXOV_FSR
qmof-b6828e3,True,214.17599999999996,-0.43320000000000025,80.25999999999999,16.0,4.0,0.0,4.0,2.0,2.0,2.0,DACXUB_FSR
qmof-44dd757,True,210.24,2.058,35.64,16.0,4.0,0.0,4.0,2.0,3.0,3.0,DADYAL_FSR
qmof-e7c726e,True,108.144,0.851,52.04,8.0,2.0,2.0,2.0,0.0,1.0,1.0,QOTBOQ_FSR
qmof-0064f16,False,,,,,,,,,,,LEKTIG_FSR
qmof-ab42bcd,True,178.14299999999997,-1.7300000000000002,80.25999999999999,13.0,4.0,0.0,4.0,3.0,1.0,1.0,LELCOV_FSR
qmof-f8c1b29,True,292.30600000000004,0.45956999999999987,99.96000000000001,22.0,8.0,2.0,7.0,2.0,0.0,4.0,FOTPOV_FSR
qmof-6460ca3,False,,,,,,,,,,,FOVMOS01_FSR
qmof-c79fd59,True,180.23600000000002,0.24869999999999975,63.3,12.0,5.0,2.0,3.0,2.0,1.0,1.0,FOXSAN_FSR
qmof-423f816,True,263.16599999999994,-3.272599999999997,123.71000000000001,17.0,9.0,0.0,7.0,4.0,0.0,1.0,LEDZAY_FSR
qmof-e5ce6a3,True,281.324,2.59368,91.14,20.0,7.0,1.0,5.0,2.0,3.0,3.0,LEHNIY_FSR
qmof-a048e74,False,,,,,,,,,,,LEBSUH_FSR
qmof-01a0a8c,True,422.44000000000005,2.7276000000000007,106.03999999999999,32.0,6.0,0.0,6.0,5.0,4.0,4.0,LEQVEJ_FSR
qmof-375c7bc,True,156.18799999999996,2.1435999999999993,25.78,12.0,2.0,0.0,2.0,1.0,2.0,2.0,QOTJOY_FSR
qmof-d06df45,True,268.22799999999995,-0.4994000000000003,108.46000000000001,20.0,6.0,0.0,4.0,5.0,2.0,2.0,QOTMIW_FSR
qmof-27238d0,True,164.11599999999996,-1.5864000000000003,80.25999999999999,12.0,4.0,0.0,4.0,2.0,1.0,1.0,CUZJOX_FSR
qmof-aa7ff00,True,250.11799999999994,-4.859400000000001,160.51999999999998,18.0,8.0,0.0,8.0,4.0,1.0,1.0,DACJUO_FSR
qmof-e221acb,True,166.09199999999998,-2.7964,106.03999999999999,12.0,6.0,0.0,6.0,2.0,1.0,1.0,QOHNOR_FSR
qmof-d19e792,True,193.10400000000004,-0.22480000000000033,65.91,13.0,7.0,0.0,4.0,0.0,1.0,1.0,UDIKAW_FSR
qmof-2c26b5a,False,,,,,,,,,,,UDOCAR_FSR
qmof-909f534,True,366.3280000000001,2.862000000000002,153.54000000000002,24.0,10.0,0.0,2.0,2.0,2.0,3.0,BOWKUU_FSR
qmof-72d3a49,True,212.17600000000002,0.9802,102.36000000000001,16.0,8.0,0.0,6.0,2.0,1.0,3.0,BOWQIO_FSR
qmof-565df98,True,216.21599999999998,0.7519999999999996,62.25,16.0,4.0,0.0,4.0,3.0,2.0,2.0,LAXTEL_FSR
qmof-a0e5516,True,58.085,0.66498,23.79,3.0,2.0,0.0,1.0,0.0,0.0,0.0,LAXXOZ_FSR
qmof-473d2b6,True,214.17599999999996,-0.43320000000000025,80.25999999999999,16.0,4.0,0.0,4.0,2.0,2.0,2.0,LAYZUH_FSR
qmof-0444ac2,True,42.021,-1.4418000000000002,58.7,3.0,3.0,0.0,0.0,0.0,0.0,0.0,LAZDEW_FSR
qmof-334586a,True,177.21200000000002,1.6781,42.06,12.0,5.0,0.0,3.0,1.0,1.0,2.0,AVOBUK_FSR
qmof-e8e4106,True,164.11599999999996,-1.5864000000000003,80.25999999999999,12.0,4.0,0.0,4.0,2.0,1.0,1.0,AVOFUM_FSR
qmof-f0f7453,True,250.11799999999994,-4.859400000000001,160.51999999999998,18.0,8.0,0.0,8.0,4.0,1.0,1.0,AVOGAT01_FSR
qmof-c326e40,True,300.32500000000005,2.7863000000000007,69.38,23.0,6.0,0.0,6.0,3.0,4.0,4.0,XAZDAG_FSR
qmof-16e1e21,False,,,,,,,,,,,XECGOD_FSR
qmof-5b4423d,True,413.38900000000007,0.7080999999999997,128.04,31.0,8.0,0.0,8.0,4.0,4.0,4.0,TUYPEK_FSR
qmof-3c5c124,True,207.23400000000004,0.40489999999999954,68.81,14.0,5.0,1.0,4.0,3.0,2.0,2.0,CUYDAC_FSR
qmof-7c78d2a,False,,,,,,,,,,,CUYDUW_FSR
qmof-c4408a8,True,376.509,5.311580000000004,59.43,27.0,6.0,0.0,5.0,7.0,4.0,4.0,CUYSUL_FSR
qmof-a5ad549,True,460.3780000000003,-1.0399999999999996,188.39999999999998,34.0,11.0,1.0,10.0,6.0,4.0,4.0,QOWCOV_FSR
qmof-6c38eb4,True,486.3960000000002,2.0405999999999995,192.32,36.0,12.0,0.0,10.0,6.0,4.0,4.0,QOZHEU01_FSR
qmof-f53ca26,True,223.32600000000002,2.2125000000000004,36.95,14.0,5.0,2.0,3.0,1.0,2.0,2.0,QUJBIH_FSR
qmof-403e9cb,True,278.21999999999997,-3.3539999999999983,138.46,20.0,8.0,2.0,6.0,6.0,1.0,1.0,LATJEW_FSR
qmof-8d3595d,True,425.3290000000002,-1.4393999999999991,195.59999999999997,31.0,11.0,2.0,9.0,6.0,3.0,3.0,LAVDUK_FSR
qmof-9054b9c,True,368.3920000000001,3.421400000000002,171.44000000000003,24.0,10.0,2.0,2.0,4.0,2.0,2.0,LAVHAT_FSR
qmof-c6bc0b3,True,298.2580000000001,-2.2673099999999975,142.20000000000002,22.0,8.0,0.0,5.0,4.0,1.0,2.0,FUGGIZ_FSR
qmof-a95989e,True,194.14199999999997,-1.8211999999999997,89.49000000000001,14.0,5.0,0.0,5.0,4.0,1.0,1.0,LARMID_FSR
qmof-ae934b7,True,369.25300000000004,2.6565600000000016,163.92999999999998,26.0,10.0,2.0,6.0,2.0,3.0,3.0,LARNOI_FSR
qmof-9722aa8,False,,,,,,,,,,,LARRUS01_FSR
qmof-d7ece7a,False,,,,,,,,,,,LECXOI_FSR
qmof-009916a,True,303.1820000000001,-4.551999999999999,173.40999999999997,22.0,9.0,0.0,9.0,2.0,2.0,2.0,LECYUP_FSR
qmof-63c56ae,False,,,,,,,,,,,QUKTUM_FSR
qmof-538e5ff,False,,,,,,,,,,,QUBPUY_FSR
qmof-15bcb48,True,58.085,0.66498,23.79,3.0,2.0,0.0,1.0,0.0,0.0,0.0,QUCFEA_FSR
qmof-30918ed,True,195.22500000000002,2.6249000000000002,41.57,15.0,3.0,1.0,2.0,1.0,3.0,3.0,CUWNEO_FSR
qmof-5ce13e6,True,95.10499999999999,0.05880000000000002,51.8,7.0,3.0,1.0,3.0,0.0,1.0,1.0,TUYWEQ_FSR
qmof-4e2bea2,True,178.15099999999998,-1.809499999999999,124.85000000000001,13.0,6.0,1.0,3.0,1.0,1.0,1.0,TUZNAE_FSR
qmof-42663e9,True,147.153,0.4497,40.129999999999995,11.0,2.0,0.0,2.0,2.0,1.0,1.0,GACSOS01_FSR
qmof-410f77a,True,388.4220000000001,5.420600000000002,119.4,26.0,8.0,0.0,0.0,4.0,3.0,3.0,GACTIQ_FSR
qmof-f8e972c,True,112.068,-0.13471,67.86,8.0,5.0,0.0,4.0,1.0,0.0,1.0,LAPRUS_FSR
qmof-eb646da,True,96.06299999999999,-0.9077999999999999,73.94,5.0,5.0,0.0,2.0,0.0,0.0,0.0,LARGIX_FSR
qmof-b3d726d,False,,,,,,,,,,,FURSIV01_FSR
qmof-e0c96d6,False,,,,,,,,,,,FURYIB_FSR
qmof-12858c4,True,363.3450000000001,4.167870000000003,119.4,27.0,6.0,0.0,0.0,0.0,0.0,3.0,LAMZUV_FSR
qmof-72c22fc,True,238.29399999999998,2.7098000000000004,50.5,18.0,4.0,0.0,4.0,3.0,2.0,2.0,LAPQID_FSR
qmof-702a0a9,False,,,,,,,,,,,ATEREY_FSR
qmof-bbea870,True,45.016999999999996,-1.6339000000000001,40.129999999999995,3.0,2.0,0.0,2.0,0.0,0.0,0.0,ATIBOU_FSR
qmof-b4a483b,False,,,,,,,,,,,AVAJUD_FSR
qmof-5680067,False,,,,,,,,,,,XEJCIB_FSR
qmof-7bd6cd4,False,,,,,,,,,,,XEJCOH_FSR
qmof-09988a9,False,,,,,,,,,,,XEJDEY_FSR
qmof-e5ef965,True,288.259,-1.6191999999999975,126.27,21.0,7.0,1.0,7.0,4.0,2.0,2.0,XEJWUG_FSR
qmof-fc5594c,True,244.17999999999995,-0.051700000000000135,137.13,16.0,8.0,1.0,3.0,3.0,1.0,1.0,XEKDAU_FSR
qmof-64828d7,False,,,,,,,,,,,LAKBEF_FSR
qmof-8cd108f,True,26.018,0.09637,23.79,2.0,1.0,0.0,1.0,0.0,0.0,0.0,LALBOR_FSR
qmof-e7ba782,True,438.4390000000001,2.852900000000001,115.27000000000001,33.0,7.0,0.0,7.0,6.0,4.0,4.0,FUZYUV_FSR
qmof-85e55eb,True,182.226,2.6470000000000002,25.78,14.0,2.0,0.0,2.0,2.0,2.0,2.0,UBABUX_FSR
qmof-8c2860b,True,185.996,1.0945999999999998,113.74000000000001,10.0,8.0,0.0,2.0,3.0,0.0,0.0,UBEXEE_FSR
qmof-5ef8b71,False,,,,,,,,,,,BOZZOH_FSR
qmof-c631f72,True,450.3630000000003,-0.8344000000000003,201.54,33.0,12.0,3.0,9.0,5.0,3.0,3.0,BUBFAH_FSR
qmof-7e03401,False,,,,,,,,,,,BUBZAB_FSR
qmof-19ecdb0,False,,,,,,,,,,,BUCTEZ_FSR
qmof-9d2f08c,True,138.17499999999998,1.14158,49.57,9.0,4.0,0.0,3.0,0.0,1.0,1.0,BUCVEB_FSR
qmof-cb12c69,True,214.21999999999997,1.71667,61.839999999999996,14.0,6.0,2.0,2.0,1.0,1.0,1.0,TULXUV_FSR
qmof-b760bf5,True,94.97,0.3859999999999999,76.77,5.0,5.0,0.0,1.0,0.0,0.0,0.0,TUMTUQ_FSR
qmof-323f418,True,182.08699999999996,-2.6331999999999995,110.47,13.0,6.0,0.0,6.0,2.0,1.0,1.0,QULKOY_FSR
qmof-5495921,False,,,,,,,,,,,QULNES_FSR
qmof-3ab376e,True,80.064,-1.0040999999999998,51.21,4.0,4.0,0.0,3.0,0.0,0.0,0.0,GAKTIW01_FSR
qmof-14bc551,True,254.22099999999998,0.18569999999999975,77.50999999999999,19.0,5.0,0.0,4.0,2.0,2.0,3.0,KULLOU_FSR
qmof-d6ec333,True,479.7000000000001,1.4636,80.25999999999999,16.0,8.0,0.0,4.0,2.0,1.0,1.0,LADFIH_FSR
qmof-12e8c32,True,393.331,-1.3140999999999985,155.39999999999998,29.0,9.0,0.0,9.0,6.0,3.0,3.0,LADHAB_FSR
qmof-d8d2250,True,326.21600000000007,-3.1923999999999992,160.51999999999998,24.0,8.0,0.0,8.0,5.0,2.0,2.0,LADTAO_FSR
qmof-bcb167f,True,242.18999999999997,-1.1294000000000002,106.03999999999999,18.0,6.0,0.0,6.0,3.0,2.0,2.0,GAGWUH01_FSR
qmof-57e6787,True,102.04499999999999,-3.1236999999999995,80.25999999999999,7.0,4.0,0.0,4.0,2.0,0.0,0.0,KUYPAW_FSR
qmof-342ad08,False,,,,,,,,,,,KUQXUQ_FSR
qmof-4be7f74,True,169.09599999999998,-4.161009999999999,109.96000000000001,12.0,7.0,0.0,6.0,3.0,0.0,1.0,XELVIW_FSR
qmof-d08e9e3,False,,,,,,,,,,,XELZIA_FSR
qmof-93bb2c9,True,172.151,0.8247699999999999,87.85999999999999,13.0,6.0,0.0,5.0,1.0,1.0,2.0,XEMHIJ_FSR
qmof-fcd2fa6,True,276.27500000000003,1.5690999999999997,78.8,21.0,5.0,0.0,5.0,3.0,3.0,3.0,XEWGUD_FSR
qmof-b5ec64a,True,88.01799999999999,-3.5138000000000003,80.25999999999999,6.0,4.0,0.0,4.0,0.0,0.0,0.0,ASISOK_FSR
qmof-a219073,False,,,,,,,,,,,XENRAK_FSR
qmof-254955f,True,288.314,1.99179,76.96,22.0,6.0,0.0,5.0,2.0,2.0,4.0,XENTUH_FSR
qmof-e12721f,False,,,,,,,,,,,XEPMAI01_FSR
qmof-edcf7ff,True,173.179,0.5552999999999999,55.96,13.0,5.0,0.0,5.0,2.0,2.0,2.0,XELHUT_FSR
qmof-5a36ead,True,268.22799999999995,-0.4994000000000003,108.46000000000001,20.0,6.0,0.0,4.0,5.0,2.0,2.0,KURSIB_FSR
qmof-e0d16c1,True,256.21299999999997,0.20589999999999975,89.49000000000001,19.0,5.0,0.0,5.0,4.0,2.0,2.0,KUSDAE_FSR
qmof-bf1e290,False,,,,,,,,,,,GAHBEX_FSR
qmof-5ce863d,True,154.16999999999996,0.10769000000000001,55.919999999999995,10.0,4.0,1.0,3.0,1.0,1.0,1.0,GAKHAD01_FSR
qmof-5d3e22d,True,416.4880000000001,6.206200000000005,58.040000000000006,32.0,6.0,0.0,6.0,6.0,5.0,5.0,CUSRIS_FSR
qmof-d0ce9c9,True,416.4880000000001,6.206200000000005,58.040000000000006,32.0,6.0,0.0,6.0,6.0,5.0,5.0,CUSROY_FSR
qmof-98d5ff0,True,207.11699999999993,-3.2229,120.38999999999999,15.0,6.0,0.0,6.0,3.0,1.0,1.0,QURDIR_FSR
qmof-71094de,True,143.147,-0.7899800000000001,65.91,9.0,5.0,0.0,5.0,1.0,1.0,1.0,QURTII_FSR
qmof-afd8a66,True,249.15800000000002,-3.587399999999999,149.06999999999996,18.0,8.0,1.0,7.0,1.0,2.0,2.0,QURZAF_FSR
qmof-fad850c,True,249.15800000000002,-3.587399999999999,149.06999999999996,18.0,8.0,1.0,7.0,1.0,2.0,2.0,QURZEJ_FSR
qmof-4aba664,True,201.17899999999995,1.4046999999999998,97.0,13.0,6.0,1.0,2.0,2.0,1.0,1.0,QUSLAS_FSR
qmof-10dcb6e,True,608.6980000000003,5.283080000000005,115.9,46.0,8.0,0.0,8.0,6.0,7.0,7.0,QUSSUU_FSR
qmof-c1b5346,True,362.3650000000001,0.9401999999999997,119.07999999999998,27.0,7.0,0.0,6.0,4.0,2.0,3.0,CUQRIR_FSR
qmof-13a76dd,False,,,,,,,,,,,CUQRUD_FSR
qmof-106093e,True,164.11599999999996,-1.5864000000000003,80.25999999999999,12.0,4.0,0.0,4.0,2.0,1.0,1.0,KUDPEF_FSR
qmof-59cc2cc,True,166.11199999999994,-0.04170000000000018,83.26999999999998,12.0,5.0,0.0,4.0,2.0,1.0,1.0,KUDWUD_FSR
qmof-9b6dfb6,True,90.065,0.13163,71.37,7.0,3.0,0.0,3.0,0.0,0.0,0.0,KUDZUF_FSR
qmof-fd921b0,True,88.01799999999999,-3.5138000000000003,80.25999999999999,6.0,4.0,0.0,4.0,0.0,0.0,0.0,GALTUJ02_FSR
qmof-c3167f9,True,211.335,2.3859000000000004,16.130000000000003,13.0,4.0,0.0,2.0,3.0,1.0,1.0,GAMVAU_FSR
qmof-7fca3ad,True,224.32899999999995,2.551800000000001,41.99,15.0,4.0,1.0,3.0,3.0,1.0,1.0,KOXLUG_FSR
qmof-954c057,False,,,,,,,,,,,KOYPAR_FSR
qmof-6a10907,True,214.224,0.20598999999999945,56.26,16.0,4.0,0.0,4.0,3.0,1.0,2.0,KOZDOU01_FSR
qmof-6304adf,True,94.97,0.3859999999999999,76.77,5.0,5.0,0.0,1.0,0.0,0.0,0.0,XICDOC01_FSR
qmof-1275915,True,98.109,-0.48148000000000035,43.6,7.0,4.0,0.0,4.0,0.0,1.0,1.0,XETGIN_FSR
qmof-87e33d0,True,266.212,-0.4900000000000002,106.03999999999999,20.0,6.0,0.0,6.0,2.0,3.0,3.0,CURNOU_FSR
qmof-8707b97,True,416.4880000000001,6.206200000000005,58.040000000000006,32.0,6.0,0.0,6.0,6.0,5.0,5.0,CUSQOX_FSR
qmof-12c6f7b,True,156.18799999999996,2.1435999999999993,25.78,12.0,2.0,0.0,2.0,1.0,2.0,2.0,QUPBEJ_FSR
qmof-ce52fe3,True,208.224,3.6235800000000022,49.44,16.0,4.0,0.0,4.0,2.0,1.0,3.0,QUPZAE02_FSR
qmof-402d188,True,299.214,-1.4305999999999994,129.62,22.0,7.0,0.0,7.0,5.0,2.0,2.0,QUSVOQ_FSR
qmof-0a1eaf1,True,363.373,0.49159999999999876,118.07,27.0,7.0,1.0,7.0,6.0,3.0,3.0,QUTLAT_FSR
qmof-8fe6d7b,True,286.28700000000003,-0.1998999999999993,106.03999999999999,21.0,6.0,0.0,6.0,5.0,2.0,2.0,QUTTIJ_FSR
qmof-e6f8d75,True,195.12999999999997,-2.8381099999999986,103.4,14.0,6.0,0.0,5.0,3.0,0.0,1.0,QUVCEQ_FSR
qmof-b93ab48,True,96.113,0.35619999999999996,38.82,7.0,3.0,0.0,2.0,0.0,0.0,1.0,CUNFOH01_FSR
qmof-bacc955,False,,,,,,,,,,,CUNMUT_FSR
qmof-ad2c0ca,False,,,,,,,,,,,CUOCTN01_FSR
qmof-c3ed545,True,300.27400000000006,-1.169999999999998,134.24,22.0,8.0,0.0,6.0,6.0,2.0,2.0,KOBPEZ_FSR
qmof-26df13b,True,194.09799999999996,-1.2988000000000004,120.06,14.0,6.0,0.0,4.0,2.0,1.0,1.0,KOSKIO_FSR
qmof-ea9f3ea,True,194.09799999999996,-1.2988000000000004,120.06,14.0,6.0,0.0,4.0,2.0,1.0,1.0,KOSLUB_FSR
qmof-f9535ab,True,256.304,-0.6294000000000002,80.25999999999999,16.0,6.0,0.0,6.0,6.0,1.0,1.0,GANMEP_FSR
qmof-80bbe89,True,257.36199999999997,3.261580000000002,30.71,18.0,4.0,0.0,4.0,6.0,2.0,2.0,GANRUL_FSR
qmof-9e59867,False,,,,,,,,,,,KOHZIS_FSR
qmof-49076f5,False,,,,,,,,,,,KOJLUR_FSR
qmof-7ff9d4f,True,214.17599999999996,-0.43320000000000025,80.25999999999999,16.0,4.0,0.0,4.0,2.0,2.0,2.0,KOJMED_FSR
qmof-e603480,True,252.342,3.922100000000003,25.78,18.0,3.0,0.0,3.0,3.0,3.0,3.0,KUCPOO_FSR
qmof-298ff1b,True,182.226,2.6470000000000002,25.78,14.0,2.0,0.0,2.0,2.0,2.0,2.0,QURDEN_FSR
qmof-b1741c8,False,,,,,,,,,,,RADDOS_FSR
qmof-71d98f1,True,362.42200000000025,2.6774000000000004,55.38000000000001,26.0,6.0,0.0,6.0,0.0,2.0,3.0,RAFMAN_FSR
qmof-2306507,False,,,,,,,,,,,QUVJAT_FSR
qmof-e8cc479,True,42.021,-1.4418000000000002,58.7,3.0,3.0,0.0,0.0,0.0,0.0,0.0,QUXZOZ_FSR
qmof-ac695f9,True,58.085,0.66498,23.79,3.0,2.0,0.0,1.0,0.0,0.0,0.0,CUHBAI_FSR
qmof-387c271,True,58.085,0.66498,23.79,3.0,2.0,0.0,1.0,0.0,0.0,0.0,CUHBIQ01_FSR
qmof-cbb63eb,False,,,,,,,,,,,CUICOL10_FSR
qmof-0a38e7d,True,525.5240000000002,3.326200000000002,128.78999999999996,40.0,9.0,0.0,9.0,4.0,7.0,7.0,KIYLIP_FSR
qmof-1f33604,True,215.184,0.9014999999999997,77.42999999999999,16.0,4.0,1.0,3.0,2.0,2.0,2.0,KIYLUB_FSR
qmof-eccc1db,False,,,,,,,,,,,GAZSUX_FSR
qmof-fc2d571,True,172.15099999999998,0.8247699999999999,87.85999999999999,13.0,6.0,0.0,5.0,1.0,1.0,2.0,GAZTOS_FSR
qmof-103bf19,False,,,,,,,,,,,GECTOA_FSR
qmof-3c0b718,True,455.4060000000002,-0.043799999999999395,174.84999999999997,34.0,10.0,1.0,9.0,5.0,5.0,5.0,KISMIL_FSR
qmof-27e4fe7,True,67.071,0.26089000000000007,24.72,5.0,2.0,0.0,2.0,0.0,0.0,1.0,KOGQAA_FSR
qmof-59cf43e,True,236.232,-0.026400000000000645,91.94,16.0,7.0,0.0,7.0,4.0,2.0,2.0,KOHBEP_FSR
qmof-5b02dd4,True,276.212,-2.688599999999999,172.57999999999998,20.0,10.0,4.0,6.0,0.0,1.0,3.0,GAXNUQ_FSR
qmof-5bef8de,True,419.35300000000007,0.37979999999999947,159.03999999999996,31.0,11.0,0.0,10.0,5.0,4.0,4.0,XIDZOB_FSR
qmof-e0f1076,True,66.043,-0.44704000000000005,61.68,5.0,3.0,0.0,2.0,0.0,0.0,0.0,XIHQIP_FSR
qmof-09c181e,True,66.043,-0.44704000000000005,61.68,5.0,3.0,0.0,2.0,0.0,0.0,0.0,XIHQOV_FSR
qmof-9f9b665,False,,,,,,,,,,,ASAMEO_FSR
qmof-3505271,False,,,,,,,,,,,XEZYUW_FSR
qmof-3a34e66,False,,,,,,,,,,,XEZZIL_FSR
qmof-d3a3906,True,258.078,-1.8666300000000002,180.62999999999997,18.0,12.0,0.0,9.0,3.0,0.0,1.0,KIYBEZ01_FSR
qmof-dafbfa1,True,244.18200000000002,-2.8865999999999987,152.18,17.0,9.0,2.0,5.0,2.0,1.0,1.0,KIYDAA_FSR
qmof-18c3f95,True,110.12,-0.14690000000000003,43.6,8.0,4.0,0.0,4.0,1.0,1.0,1.0,KIYHAE01_FSR
qmof-90e8464,True,95.10499999999999,0.05880000000000002,51.8,7.0,3.0,1.0,3.0,0.0,1.0,1.0,CUJZAJ_FSR
qmof-8e9384d,True,252.25100000000003,1.2357999999999998,99.72,17.0,7.0,0.0,4.0,1.0,2.0,2.0,CUKZAK_FSR
qmof-4a5df1e,True,461.32600000000025,-4.643699999999999,241.44,34.0,14.0,1.0,12.0,6.0,3.0,4.0,CUFGUH_FSR
qmof-af122ad,True,26.018,0.09637,23.79,2.0,1.0,0.0,1.0,0.0,0.0,0.0,CUFHUI_FSR
qmof-457d039,True,300.17800000000005,-3.706199999999999,160.51999999999998,22.0,8.0,0.0,8.0,4.0,2.0,2.0,RAFQEV_FSR
qmof-fd13d81,True,326.21600000000007,-3.1923999999999992,160.51999999999998,24.0,8.0,0.0,8.0,5.0,2.0,2.0,CUFQAX_FSR
qmof-5f31ac2,True,58.085,0.66498,23.79,3.0,2.0,0.0,1.0,0.0,0.0,0.0,CUGZOT_FSR
qmof-7597961,True,58.085,0.66498,23.79,3.0,2.0,0.0,1.0,0.0,0.0,0.0,CUGZUZ_FSR
qmof-b81612d,False,,,,,,,,,,,RAQLUQ01_FSR
qmof-47164bc,True,211.208,1.5191,69.0,16.0,6.0,0.0,5.0,2.0,2.0,3.0,RAJPIE_FSR
qmof-0de5a3a,False,,,,,,,,,,,KEXSOX_FSR
qmof-a98044e,True,209.11299999999994,-1.6782000000000001,123.39999999999998,15.0,7.0,0.0,6.0,3.0,1.0,1.0,KIVYIY_FSR
qmof-5f03ac6,True,109.12799999999999,0.5739,33.120000000000005,8.0,2.0,1.0,2.0,1.0,1.0,1.0,KIWLOS_FSR
qmof-55cc832,True,562.4120000000005,2.7493800000000013,139.34,38.0,16.0,0.0,10.0,12.0,0.0,0.0,GEDCUP_FSR
qmof-ff241bd,True,108.14399999999999,1.09344,25.78,8.0,2.0,0.0,2.0,0.0,1.0,1.0,GEDTOA_FSR
qmof-129e045,True,164.11599999999996,-1.5864000000000003,80.25999999999999,12.0,4.0,0.0,4.0,2.0,1.0,1.0,GEHQUG_FSR
qmof-10301bb,False,,,,,,,,,,,GEHYOI_FSR
qmof-1d1380d,True,582.5050000000001,0.6537999999999995,208.39999999999998,43.0,14.0,0.0,13.0,10.0,5.0,5.0,KIMXOV_FSR
qmof-0315b97,False,,,,,,,,,,,KIPXIT_FSR
qmof-1195366,True,164.11599999999996,-1.5864000000000003,80.25999999999999,12.0,4.0,0.0,4.0,2.0,1.0,1.0,XILWOF_FSR
qmof-09cb520,False,,,,,,,,,,,RAKXAF_FSR
qmof-9c6629d,False,,,,,,,,,,,CUCLPY_FSR
qmof-8864214,True,247.27799999999996,0.08019999999999983,75.77000000000001,18.0,6.0,0.0,6.0,2.0,2.0,2.0,CUCSIE_FSR
qmof-8f9170f,True,294.195,-3.945499999999999,160.93,21.0,9.0,1.0,8.0,7.0,1.0,1.0,CUFFAM_FSR
qmof-06b7b00,True,461.32600000000025,-4.643699999999999,241.44,34.0,14.0,1.0,12.0,6.0,3.0,4.0,CUFGOB_FSR
qmof-3067afa,True,293.37100000000004,4.167900000000002,42.85,21.0,4.0,0.0,3.0,2.0,3.0,3.0,TUSLIC_FSR
qmof-cd51998,False,,,,,,,,,,,TUTQOP_FSR
qmof-0fa2384,False,,,,,,,,,,,ARISAX_FSR
qmof-4df7a22,True,216.19199999999998,-0.7872000000000001,80.25999999999999,16.0,4.0,0.0,4.0,4.0,1.0,1.0,XILNIQ01_FSR
qmof-60e5f9b,False,,,,,,,,,,,KIMXEL_FSR
qmof-1b4a7d4,True,164.11599999999996,-1.5864000000000003,80.25999999999999,12.0,4.0,0.0,4.0,2.0,1.0,1.0,GEJHIN_FSR
qmof-76a7642,True,482.40400000000017,-1.0487999999999982,186.29999999999995,36.0,10.0,0.0,10.0,6.0,4.0,4.0,GEKFOU_FSR
qmof-f1284a0,True,340.24500000000006,2.3444000000000007,177.44,23.0,11.0,2.0,4.0,4.0,2.0,2.0,KIBKUC_FSR
qmof-78dd0b4,False,,,,,,,,,,,KIBVEX_FSR
qmof-7dde32f,False,,,,,,,,,,,KICCAD_FSR
qmof-230167f,True,186.12299999999996,-0.1289300000000001,120.97,13.0,7.0,0.0,5.0,2.0,0.0,0.0,KIFHOX_FSR
qmof-04ab17d,True,69.047,-0.08510000000000004,51.18,5.0,4.0,0.0,3.0,0.0,0.0,1.0,TUFPOB_FSR
qmof-a29c6bd,True,342.1280000000001,-6.9138,260.8999999999999,24.0,14.0,2.0,12.0,4.0,1.0,1.0,TUGFUX_FSR
qmof-88cb1c8,True,604.5320000000004,-1.7635599999999951,242.44,44.0,16.0,0.0,14.0,12.0,4.0,4.0,TUJDIN_FSR
qmof-b4beb57,False,,,,,,,,,,,BUDLUJ_FSR
qmof-b8647f2,False,,,,,,,,,,,BUGLOG_FSR
qmof-1e89fbc,True,231.167,-1.801299999999999,121.83,17.0,7.0,1.0,6.0,3.0,2.0,2.0,RATTIR_FSR
qmof-0da3623,True,58.085,0.66498,23.79,3.0,2.0,0.0,1.0,0.0,0.0,0.0,COWTUF_FSR
qmof-27ecb45,True,315.34000000000003,2.2404,82.27,24.0,7.0,0.0,7.0,4.0,4.0,4.0,COXTAM_FSR
qmof-005303e,True,69.047,-0.08510000000000004,51.18,5.0,4.0,0.0,3.0,0.0,0.0,1.0,KEYZEV_FSR
qmof-b009182,True,69.047,-0.08510000000000004,51.18,5.0,4.0,0.0,3.0,0.0,0.0,1.0,KEYZOF_FSR
qmof-b2acbc5,False,,,,,,,,,,,GERLAS_FSR
qmof-8b03e45,False,,,,,,,,,,,GERLEW_FSR
qmof-ad997e0,True,165.10399999999996,-2.1914,93.15,12.0,5.0,0.0,5.0,2.0,1.0,1.0,XINLAI_FSR
qmof-0bf3a66,True,164.124,-1.996699999999999,111.72000000000001,12.0,6.0,0.0,3.0,1.0,1.0,1.0,XIPCEF_FSR
qmof-126585f,True,195.22500000000002,2.6249000000000002,41.57,15.0,3.0,1.0,2.0,1.0,3.0,3.0,XIRKAL_FSR
qmof-3cf9abb,True,214.17599999999996,-0.43320000000000025,80.25999999999999,16.0,4.0,0.0,4.0,2.0,2.0,2.0,XISCUY_FSR
qmof-c998a82,False,,,,,,,,,,,XISREZ_FSR
qmof-6d7fe34,True,310.36,4.2676000000000025,51.56,24.0,4.0,0.0,4.0,3.0,4.0,4.0,KEXJUU_FSR
qmof-9caf6ea,True,324.117,2.5972100000000005,112.22999999999999,20.0,6.0,0.0,5.0,3.0,1.0,1.0,KERTUZ_FSR
qmof-f14214b,False,,,,,,,,,,,KERVAH_FSR
qmof-22103d2,True,275.24699999999996,1.84331,121.45999999999998,21.0,6.0,0.0,6.0,4.0,1.0,1.0,KERWEM_FSR
qmof-9e5c1e4,True,245.221,1.8347099999999998,112.22999999999999,19.0,5.0,0.0,5.0,3.0,1.0,1.0,KESHIC_FSR
qmof-1e8099b,False,,,,,,,,,,,KESHOI_FSR
qmof-37d5c1e,True,177.15899999999996,-0.000800000000000689,72.38999999999999,13.0,4.0,0.0,3.0,3.0,1.0,1.0,KESNON_FSR
qmof-528c187,True,167.213,1.2933999999999999,50.73,11.0,4.0,0.0,2.0,0.0,1.0,1.0,KESRUY_FSR
qmof-98a7b30,True,484.43200000000013,-1.0356099999999984,186.68,36.0,13.0,1.0,12.0,6.0,4.0,5.0,GERMIB_FSR
qmof-1e5a3fa,False,,,,,,,,,,,GEVJAT_FSR
qmof-005f564,True,292.25500000000005,2.0521999999999996,86.22000000000001,20.0,7.0,1.0,4.0,6.0,2.0,2.0,KEXYAQ_FSR
qmof-2aa0084,True,155.069,-4.503209999999999,118.75,11.0,7.0,1.0,6.0,2.0,0.0,1.0,GEVKEA_FSR
qmof-a1d1c28,True,354.3570000000001,2.7747900000000003,114.72,27.0,9.0,0.0,7.0,0.0,2.0,6.0,GEVNIF01_FSR
qmof-c0771c3,False,,,,,,,,,,,KEMNAT_FSR
qmof-4e88a03,True,179.13099999999994,-2.0042,106.28,13.0,5.0,1.0,5.0,2.0,1.0,1.0,KEQPAZ_FSR
qmof-dc1402b,True,463.38300000000027,-2.685309999999995,173.07,33.0,15.0,0.0,9.0,2.0,0.0,3.0,KEQPON_FSR
qmof-baf72be,True,217.2,0.20828000000000002,77.43,16.0,4.0,1.0,3.0,2.0,0.0,2.0,GEWDIY_FSR
qmof-954f79c,True,325.29600000000005,-0.35492999999999997,117.56,24.0,6.0,1.0,5.0,3.0,0.0,3.0,GEWDOE_FSR
qmof-39f5329,True,217.2,0.20828000000000002,77.43,16.0,4.0,1.0,3.0,2.0,0.0,2.0,GEWDUK_FSR
qmof-1ca4551,True,217.2,0.20828000000000002,77.43,16.0,4.0,1.0,3.0,2.0,0.0,2.0,GEWFAS_FSR
qmof-d22ccb0,True,380.13300000000004,-1.7062399999999982,120.38999999999999,25.0,7.0,0.0,6.0,3.0,0.0,3.0,GEWJIE_FSR
qmof-455f267,False,,,,,,,,,,,GEXREI_FSR
qmof-c0f8b53,False,,,,,,,,,,,GEXRIM_FSR
qmof-1192393,True,132.106,-0.8221400000000001,100.05999999999999,10.0,5.0,1.0,4.0,0.0,0.0,1.0,GEZNAC_FSR
qmof-ec4b488,True,168.10399999999998,-0.39490000000000014,100.49000000000001,12.0,5.0,2.0,4.0,1.0,1.0,1.0,GEZRIP_FSR
qmof-2bf7319,True,147.141,-0.5349100000000002,64.27000000000001,11.0,5.0,1.0,4.0,1.0,1.0,2.0,GEZSIQ_FSR
qmof-ea4ee42,False,,,,,,,,,,,RAMYAF_FSR
qmof-2d09cca,False,,,,,,,,,,,RAQLEA_FSR
qmof-828e765,False,,,,,,,,,,,RAQLOK_FSR
qmof-c5996c8,True,80.08999999999999,0.4765999999999999,25.78,6.0,2.0,0.0,2.0,0.0,1.0,1.0,RAXVAP_FSR
qmof-534e40b,True,619.5890000000003,3.5363000000000024,120.38999999999999,46.0,7.0,0.0,6.0,9.0,6.0,6.0,REDMUL_FSR
qmof-63c38bc,False,,,,,,,,,,,COQRIJ_FSR
qmof-b53439e,False,,,,,,,,,,,RATTUD_FSR
qmof-9a21157,True,278.28900000000004,1.7391999999999999,99.72,19.0,7.0,0.0,4.0,2.0,2.0,2.0,RAWPOV_FSR
qmof-1139516,True,166.09199999999998,-2.7964,106.03999999999999,12.0,6.0,0.0,6.0,2.0,1.0,1.0,RAWROX_FSR
qmof-12bbcce,True,196.11399999999995,-2.1752,120.72,14.0,6.0,2.0,6.0,2.0,1.0,1.0,GIFXAX_FSR
qmof-f02d3e0,True,180.159,1.1955999999999998,77.76,13.0,4.0,3.0,3.0,2.0,1.0,1.0,GIFXEA_FSR
qmof-1e2a4e1,True,172.17999999999998,-1.1731999999999994,80.25999999999999,12.0,4.0,0.0,4.0,7.0,0.0,0.0,KEKJOB_FSR
qmof-e70664c,True,134.14199999999997,0.36479000000000006,51.18,10.0,4.0,0.0,3.0,0.0,0.0,2.0,KELCIN01_FSR
qmof-10df8cd,True,94.11699999999999,0.7850199999999998,25.78,7.0,2.0,0.0,2.0,0.0,1.0,1.0,KELGOZ_FSR
qmof-252e6ca,True,348.23600000000005,1.9568,118.08000000000001,24.0,12.0,1.0,6.0,2.0,2.0,2.0,GEZVIS_FSR
qmof-a4a4669,True,667.7,0.8320000000000003,80.25999999999999,16.0,8.0,0.0,4.0,2.0,1.0,1.0,GICDON_FSR
qmof-cb22207,False,,,,,,,,,,,GIDCEB01_FSR
qmof-e2ff14c,True,342.3100000000001,1.1769999999999998,106.03999999999999,26.0,6.0,0.0,6.0,3.0,4.0,4.0,KECGEF_FSR
qmof-a62e471,True,224.13600000000002,-0.42640999999999996,137.46,16.0,10.0,0.0,7.0,0.0,0.0,2.0,REGXOS01_FSR
qmof-dbf7620,True,114.05599999999998,-2.9576000000000002,80.25999999999999,8.0,4.0,0.0,4.0,2.0,0.0,0.0,REHMOI_FSR
qmof-82374ce,True,156.18799999999996,2.1435999999999993,25.78,12.0,2.0,0.0,2.0,1.0,2.0,2.0,REHQIG_FSR
qmof-4268a9c,True,194.09799999999996,-1.2988000000000002,120.06,14.0,6.0,0.0,4.0,2.0,1.0,1.0,COKNAT_FSR
qmof-5c82433,True,194.09799999999996,-1.2988000000000002,120.06,14.0,6.0,0.0,4.0,2.0,1.0,1.0,COKPUP_FSR
qmof-6dd300b,True,79.102,1.25218,23.79,6.0,1.0,0.0,1.0,1.0,0.0,0.0,COKYUW_FSR
qmof-d88d13b,True,164.11599999999996,-1.5864000000000003,80.25999999999999,12.0,4.0,0.0,4.0,2.0,1.0,1.0,BUKLOJ01_FSR
qmof-b030441,True,396.83000000000004,1.8471999999999995,106.03999999999999,28.0,7.0,0.0,6.0,6.0,3.0,3.0,KEBTER_FSR
qmof-e2e748b,True,201.031,1.0464999999999995,114.07000000000001,11.0,8.0,1.0,2.0,4.0,0.0,0.0,KEBWEU_FSR
qmof-de74ec5,True,160.09199999999998,-1.01764,106.44,12.0,6.0,0.0,6.0,0.0,0.0,1.0,KEBZUN_FSR
qmof-7d3020a,True,160.09199999999998,-1.01764,106.44,12.0,6.0,0.0,6.0,0.0,0.0,1.0,KECBAW_FSR
qmof-d084066,False,,,,,,,,,,,GIGXIF01_FSR
qmof-b1b5126,True,391.5790000000002,6.673550000000007,26.38,29.0,3.0,0.0,2.0,2.0,2.0,3.0,GIGXUS_FSR
qmof-7b81e21,False,,,,,,,,,,,KEFQAO_FSR
qmof-dbf1bf8,True,154.07699999999997,-1.9933999999999996,93.4,11.0,5.0,0.0,5.0,2.0,1.0,1.0,KEFWOJ_FSR
qmof-d58bd48,True,342.1680000000001,-9.803400000000003,240.77999999999997,24.0,12.0,0.0,12.0,6.0,0.0,1.0,KEGYEB_FSR
qmof-e18f086,False,,,,,,,,,,,KEHLIV_FSR
qmof-2cfe6c0,True,58.085,0.66498,23.79,3.0,2.0,0.0,1.0,0.0,0.0,0.0,GIFGIN_FSR
qmof-5607eea,False,,,,,,,,,,,TTRZCU_FSR
qmof-59424b3,True,540.5170000000002,2.6473900000000006,190.29999999999998,39.0,13.0,0.0,11.0,4.0,3.0,6.0,BULYEN_FSR
qmof-be3ffea,True,479.7000000000001,1.4636,80.25999999999999,16.0,8.0,0.0,4.0,2.0,1.0,1.0,BUNJOK_FSR
qmof-3a7c51f,True,306.353,1.7583199999999994,102.3,23.0,7.0,0.0,4.0,3.0,3.0,3.0,TODKII_FSR
qmof-b7f954d,False,,,,,,,,,,,RERJAC_FSR
qmof-35fc9d0,True,398.30000000000024,-6.155899999999997,224.11999999999998,28.0,12.0,2.0,11.0,10.0,1.0,1.0,RERPUA_FSR
qmof-7211a38,True,476.53300000000047,1.0934999999999997,147.5,35.0,9.0,1.0,8.0,7.0,2.0,6.0,GIKQAV_FSR
qmof-d6b4784,True,263.30400000000003,3.3588000000000005,62.730000000000004,20.0,5.0,2.0,5.0,4.0,3.0,3.0,GIMDEM_FSR
qmof-df87a37,True,181.10299999999995,-2.88061,103.4,13.0,6.0,0.0,5.0,2.0,0.0,1.0,GIMHOA_FSR
qmof-2c0ed21,True,273.26800000000003,-0.06719999999999948,94.00999999999999,20.0,6.0,0.0,4.0,2.0,2.0,2.0,GIMJIW_FSR
qmof-56c6255,True,273.26800000000003,-0.06719999999999948,94.00999999999999,20.0,6.0,0.0,4.0,2.0,2.0,2.0,GIMJOC_FSR
qmof-0933b7a,True,273.26800000000003,-0.06719999999999948,94.00999999999999,20.0,6.0,0.0,4.0,2.0,2.0,2.0,GIMJUI_FSR
qmof-41cbe0b,True,205.15700000000004,-2.119999999999999,109.51,15.0,8.0,0.0,8.0,3.0,2.0,2.0,KATLIC_FSR
qmof-0f7138b,True,376.41200000000003,1.79088,106.03999999999999,28.0,6.0,0.0,6.0,3.0,3.0,3.0,KAVWOV_FSR
qmof-6aa3015,False,,,,,,,,,,,KAZZUI_FSR
qmof-1a060e4,False,,,,,,,,,,,KEBBAW_FSR
qmof-e36d1f8,True,358.2620000000001,-3.765959999999998,186.29999999999998,26.0,10.0,0.0,10.0,4.0,2.0,2.0,COHBEI_FSR
qmof-26780e7,True,208.12499999999994,-1.8881999999999994,117.56,15.0,6.0,1.0,5.0,3.0,1.0,1.0,COHGOW_FSR
qmof-c3bfa40,True,178.199,-0.04010000000000025,61.42,13.0,6.0,0.0,6.0,4.0,2.0,2.0,REKPIJ_FSR
qmof-83fd3d2,True,137.126,-1.3829999999999998,110.49999999999999,10.0,6.0,1.0,3.0,0.0,1.0,1.0,COBLIP_FSR
qmof-afb0a94,True,540.5170000000002,-0.031199999999999894,193.10000000000002,39.0,13.0,0.0,10.0,6.0,4.0,5.0,RIHJOJ_FSR
qmof-80cb026,True,174.187,0.6463999999999999,87.46000000000001,13.0,5.0,0.0,4.0,0.0,1.0,1.0,XIZPIF_FSR
qmof-d249571,False,,,,,,,,,,,XIZPII_FSR
qmof-e078b5f,True,80.08999999999999,0.4765999999999999,25.78,6.0,2.0,0.0,2.0,0.0,1.0,1.0,XOGWEV01_FSR
qmof-cc0c005,True,238.206,0.8500999999999999,91.31,18.0,6.0,0.0,5.0,2.0,2.0,3.0,AQOROP_FSR
qmof-b7b8b62,True,284.203,-2.160899999999999,133.28,21.0,7.0,0.0,7.0,4.0,2.0,2.0,AQUKOO_FSR
qmof-7f0f059,True,156.18799999999996,2.1435999999999993,25.78,12.0,2.0,0.0,2.0,1.0,2.0,2.0,AQUZAP_FSR
qmof-664a625,True,80.08999999999999,0.4765999999999999,25.78,6.0,2.0,0.0,2.0,0.0,1.0,1.0,XIXRAA_FSR
qmof-71233cb,False,,,,,,,,,,,GIHHEN_FSR
qmof-5fa242c,True,322.28000000000003,-0.3935000000000004,114.21000000000001,24.0,8.0,0.0,8.0,5.0,3.0,3.0,KAXKAY_FSR
qmof-4fbb0a5,True,364.321,-0.6568999999999994,166.3,27.0,10.0,3.0,7.0,3.0,4.0,4.0,KAXXAK_FSR
qmof-5602d5c,True,476.53300000000047,1.0934999999999997,147.5,35.0,9.0,1.0,8.0,7.0,2.0,6.0,GIKPUO_FSR
qmof-b5ddfc5,True,330.50300000000004,5.122700000000004,25.78,21.0,5.0,0.0,5.0,6.0,3.0,3.0,COCVIA_FSR
qmof-4b6fa6b,True,330.50300000000004,5.122700000000004,25.78,21.0,5.0,0.0,5.0,6.0,3.0,3.0,COCWAT_FSR
qmof-7c7ec88,False,,,,,,,,,,,RIBQUR_FSR
qmof-c786c29,True,375.38400000000007,0.9512200000000001,132.06,28.0,7.0,1.0,7.0,4.0,3.0,3.0,RIJZAO_FSR
qmof-29dc9b8,True,362.4360000000001,5.208600000000004,43.6,28.0,4.0,0.0,4.0,4.0,5.0,5.0,RILWAM_FSR
qmof-3d36cba,True,164.11599999999996,-1.5864000000000003,80.25999999999999,12.0,4.0,0.0,4.0,2.0,1.0,1.0,RIMXET_FSR
qmof-61ec4f7,True,336.35400000000004,1.7542999999999997,125.5,22.0,10.0,0.0,7.0,2.0,3.0,3.0,RINNAG_FSR
qmof-274e985,True,170.14499999999995,-1.5249000000000001,80.25999999999999,11.0,5.0,0.0,5.0,2.0,1.0,1.0,CIYZAM_FSR
qmof-c3ee816,False,,,,,,,,,,,KAKVEY_FSR
qmof-2b9c0b8,True,128.13399999999996,1.4299600000000001,47.58,10.0,2.0,0.0,2.0,0.0,1.0,1.0,KAPYIK_FSR
qmof-1c719d3,True,234.26200000000003,2.6006,51.56,18.0,4.0,0.0,4.0,2.0,3.0,3.0,KAQYEG_FSR
qmof-310622b,True,209.11299999999994,-1.6782000000000001,123.39999999999998,15.0,7.0,0.0,6.0,3.0,1.0,1.0,KASHES_FSR
qmof-8628656,True,245.34699999999998,3.3938000000000024,22.12,17.0,3.0,0.0,3.0,6.0,2.0,2.0,KATFET_FSR
qmof-95de001,True,42.021,-1.4418000000000002,58.7,3.0,3.0,0.0,0.0,0.0,0.0,0.0,GINREB_FSR
qmof-3ad4380,True,184.198,1.7076,42.85,14.0,3.0,0.0,3.0,2.0,2.0,2.0,GIQMUR_FSR
qmof-d4dc82f,False,,,,,,,,,,,XOKTOH_FSR
qmof-0ad7d63,True,370.3640000000001,1.7103999999999995,106.03999999999999,28.0,6.0,0.0,6.0,3.0,4.0,4.0,XOKVAV_FSR
qmof-62599d4,True,336.303,0.2627999999999997,126.27000000000001,25.0,7.0,1.0,7.0,3.0,3.0,3.0,XIZLIC_FSR
qmof-de9d67c,True,294.218,-0.8109999999999999,114.4,22.0,6.0,0.0,6.0,2.0,2.0,3.0,AQIDOU_FSR
qmof-3d63cef,True,294.218,-0.8109999999999999,114.4,22.0,6.0,0.0,6.0,2.0,2.0,3.0,AQIDUA01_FSR
qmof-a7e3a59,True,294.218,-0.8109999999999999,114.4,22.0,6.0,0.0,6.0,2.0,2.0,3.0,AQIDUA_FSR
qmof-ba1edaa,True,294.218,-0.8109999999999999,114.4,22.0,6.0,0.0,6.0,2.0,2.0,3.0,AQIFOW_FSR
qmof-fe4db64,False,,,,,,,,,,,AQIQAT_FSR
qmof-0ee131b,True,200.08599999999996,1.0642,94.16999999999999,13.0,6.0,1.0,2.0,2.0,1.0,1.0,XOJJAI_FSR
qmof-1594bd7,False,,,,,,,,,,,KALPUI_FSR
qmof-b53222a,False,,,,,,,,,,,KALREU_FSR
qmof-1b22f23,False,,,,,,,,,,,KAPCUB_FSR
qmof-cc83b68,True,286.286,3.2398000000000016,119.4,18.0,8.0,0.0,0.0,2.0,2.0,2.0,KAPMOG_FSR
qmof-392794c,True,164.11599999999996,-1.5864000000000003,80.25999999999999,12.0,4.0,0.0,4.0,2.0,1.0,1.0,KAPPEZ_FSR
qmof-4ff383d,False,,,,,,,,,,,KALPAO02_FSR
qmof-1379d15,True,80.08999999999999,0.4765999999999999,25.78,6.0,2.0,0.0,2.0,0.0,1.0,1.0,GIWBOF02_FSR
qmof-348df13,True,80.08999999999999,0.4765999999999999,25.78,6.0,2.0,0.0,2.0,0.0,1.0,1.0,GIWBOF_FSR
qmof-9b4ddd5,True,219.25300000000001,0.90948,93.41,15.0,7.0,1.0,6.0,1.0,2.0,2.0,GIWKON_FSR
qmof-9fbf872,True,58.085,0.66498,23.79,3.0,2.0,0.0,1.0,0.0,0.0,0.0,GIWNEG_FSR
qmof-4a55b32,False,,,,,,,,,,,GIWYER_FSR
qmof-fd6d700,False,,,,,,,,,,,KADROY_FSR
qmof-c705783,True,304.3070000000001,1.7408899999999998,115.79000000000002,21.0,8.0,1.0,2.0,5.0,2.0,2.0,XONGEO_FSR
qmof-70e1be7,False,,,,,,,,,,,XOPSIE_FSR
qmof-46c4388,True,490.5160000000002,0.6103999999999994,164.24,36.0,10.0,2.0,8.0,11.0,3.0,3.0,XOQHOC_FSR
qmof-221b692,True,230.02999999999997,1.3964000000000003,60.27,14.0,6.0,1.0,2.0,0.0,1.0,2.0,XOQKEV_FSR
qmof-739453e,True,363.329,-0.3059999999999987,132.98,27.0,8.0,0.0,7.0,4.0,3.0,3.0,XORCAJ_FSR
qmof-b7fefa4,True,181.10299999999995,-2.9529999999999994,107.19999999999999,13.0,6.0,0.0,5.0,2.0,1.0,1.0,XORCOX_FSR
qmof-6eae3f7,True,185.23000000000002,2.0887,37.81,14.0,3.0,1.0,3.0,3.0,2.0,2.0,AQEGUA_FSR
qmof-c101b80,True,170.14499999999995,-1.5249000000000001,80.25999999999999,11.0,5.0,0.0,5.0,2.0,1.0,1.0,CIYZEQ_FSR
qmof-df5b996,False,,,,,,,,,,,CIYZOA_FSR
qmof-406ecbb,True,368.44500000000005,4.932580000000003,75.35,27.0,6.0,0.0,5.0,3.0,4.0,4.0,RIXDIM_FSR
qmof-e6fbd50,True,156.07699999999997,1.3659999999999999,56.87,10.0,4.0,0.0,1.0,1.0,1.0,1.0,RISBON_FSR
qmof-4b1ae8b,True,156.07699999999997,1.3659999999999999,56.87,10.0,4.0,0.0,1.0,1.0,1.0,1.0,RISBUT_FSR
qmof-f005fae,True,211.22400000000002,1.8633,55.62,16.0,4.0,1.0,2.0,1.0,3.0,3.0,RISYOI_FSR
qmof-dc65865,True,447.3590000000001,0.43490000000000056,196.42999999999998,33.0,11.0,3.0,8.0,5.0,4.0,4.0,CIWWUB_FSR
qmof-fb53c2e,True,88.01799999999999,-3.5138000000000003,80.25999999999999,6.0,4.0,0.0,4.0,0.0,0.0,0.0,CIXTAF_FSR
qmof-a9f2188,True,26.018,0.09637,23.79,2.0,1.0,0.0,1.0,0.0,0.0,0.0,RIPFIG_FSR
qmof-ee77db8,False,,,,,,,,,,,RIQSEQ_FSR
qmof-906d76c,True,327.22400000000005,-1.8576999999999986,157.68999999999997,24.0,8.0,1.0,7.0,5.0,2.0,2.0,RIQVUJ_FSR
qmof-c59c1d6,True,306.32400000000007,0.0029999999999998916,106.03999999999999,20.0,8.0,0.0,8.0,5.0,2.0,2.0,GIZVUH_FSR
qmof-14b1175,True,264.10999999999996,1.9184,114.39999999999999,16.0,8.0,2.0,2.0,4.0,1.0,1.0,GOCMIW_FSR
qmof-ebbe2a3,True,341.35800000000006,1.9494999999999996,115.19,26.0,8.0,0.0,5.0,3.0,4.0,4.0,JUGMUV_FSR
qmof-6994eb7,True,368.38000000000005,5.335400000000003,25.78,24.0,8.0,0.0,4.0,4.0,3.0,3.0,JUGQUX_FSR
qmof-659dd1c,True,452.49100000000016,3.220900000000002,106.03999999999999,33.0,7.0,0.0,7.0,4.0,5.0,5.0,KAFLUB_FSR
qmof-668c8ab,True,226.124,-5.0915,172.18999999999997,16.0,9.0,1.0,9.0,1.0,1.0,1.0,KAGYUO_FSR
qmof-2367406,True,141.13000000000002,-0.05671000000000004,78.28999999999999,10.0,5.0,1.0,2.0,1.0,0.0,1.0,KAKQIZ_FSR
qmof-6c0781a,True,131.225,1.865,12.89,7.0,3.0,0.0,3.0,1.0,1.0,1.0,GIXGEC_FSR
qmof-779ce9c,False,,,,,,,,,,,GIXSIS01_FSR
qmof-718ab88,True,278.319,2.2663,61.42,21.0,6.0,0.0,6.0,4.0,4.0,4.0,ROJHUU_FSR
qmof-9d8bf1c,True,334.37200000000007,2.6196,115.53,24.0,7.0,0.0,5.0,4.0,1.0,1.0,ROBNEC_FSR
qmof-180f45b,False,,,,,,,,,,,ROBWEL_FSR
qmof-7b10042,True,174.90099999999998,0.5293,76.9,4.0,4.0,0.0,0.0,0.0,0.0,0.0,ROCRIL_FSR
qmof-411f796,True,304.3140000000001,-0.48359999999999936,119.62,22.0,10.0,2.0,8.0,4.0,2.0,3.0,CITBEO_FSR
qmof-f50607a,False,,,,,,,,,,,RIWFUA_FSR
qmof-f6b0935,True,205.15700000000004,-2.119999999999999,109.51,15.0,8.0,0.0,8.0,3.0,2.0,2.0,ROJZAT_FSR
qmof-75ec3f5,True,328.34900000000005,0.2263999999999997,106.03999999999999,23.0,7.0,0.0,7.0,5.0,2.0,2.0,JUFLED_FSR
qmof-ff2fade,True,200.181,0.8315799999999998,95.25,15.0,6.0,0.0,5.0,1.0,2.0,2.0,JUXTEB_FSR
qmof-53839d7,True,225.227,1.7464899999999999,59.92,17.0,4.0,0.0,4.0,4.0,2.0,2.0,JUZGOC_FSR
qmof-cb53c9a,True,109.17299999999997,2.2429999999999994,0.0,7.0,1.0,0.0,0.0,0.0,1.0,1.0,KACHUT_FSR
qmof-f44a0df,True,109.17299999999997,2.2429999999999994,0.0,7.0,1.0,0.0,0.0,0.0,1.0,1.0,KACJOP_FSR
qmof-72050a0,True,209.11299999999994,-1.6781999999999997,123.4,15.0,7.0,0.0,6.0,3.0,1.0,1.0,KACQAJ_FSR
qmof-f22d7b2,True,172.14099999999996,0.019800000000000068,83.26999999999998,11.0,6.0,0.0,5.0,2.0,1.0,1.0,ROLQEQ_FSR
qmof-dd9e8cd,True,200.55699999999996,0.6116999999999999,83.26999999999998,13.0,6.0,0.0,4.0,2.0,1.0,1.0,ROLVOE_FSR
qmof-91df703,True,147.153,0.4497,40.129999999999995,11.0,2.0,0.0,2.0,2.0,1.0,1.0,CISJIY01_FSR
qmof-02cf811,True,147.153,0.4497,40.129999999999995,11.0,2.0,0.0,2.0,2.0,1.0,1.0,CISJOE01_FSR
qmof-48a6d20,True,147.153,0.4497,40.129999999999995,11.0,2.0,0.0,2.0,2.0,1.0,1.0,CISKAR01_FSR
qmof-286c11a,True,147.153,0.4497,40.129999999999995,11.0,2.0,0.0,2.0,2.0,1.0,1.0,CISKIZ01_FSR
qmof-2caee4b,True,188.182,0.6685999999999999,119.4,10.0,8.0,0.0,0.0,3.0,0.0,0.0,CISLEX_FSR
qmof-c8f72fc,True,498.3560000000002,-7.659800000000012,266.55999999999995,36.0,14.0,0.0,14.0,7.0,2.0,3.0,ROGSAI_FSR
qmof-38a58d5,True,343.38300000000004,1.0469999999999993,118.07,25.0,7.0,1.0,7.0,9.0,2.0,2.0,ROJGUT_FSR
qmof-d74206e,True,424.41600000000005,1.6441999999999997,134.24,32.0,8.0,0.0,6.0,6.0,4.0,4.0,TODVIT_FSR
qmof-fa84185,False,,,,,,,,,,,TOGLEG02_FSR
qmof-9b4c00f,True,376.47,4.190000000000003,77.34,26.0,8.0,0.0,8.0,5.0,4.0,4.0,TOGTEQ_FSR
qmof-7d0eb4e,True,161.14,0.08960000000000029,60.27,12.0,4.0,1.0,2.0,0.0,1.0,2.0,TIXBIN_FSR
qmof-32e331b,True,88.01799999999999,-3.5138000000000003,80.25999999999999,6.0,4.0,0.0,4.0,0.0,0.0,0.0,TIXDOV_FSR
qmof-866f41f,True,62.004000000000005,-0.3914000000000001,63.04,4.0,4.0,0.0,2.0,0.0,0.0,0.0,BURJUU_FSR
qmof-8b0680e,False,,,,,,,,,,,AQATAN_FSR
qmof-213c150,True,185.23000000000002,2.0887,37.81,14.0,3.0,1.0,3.0,3.0,2.0,2.0,AQEFUZ_FSR
qmof-25b0904,False,,,,,,,,,,,AQEGAG_FSR
qmof-7a4601d,True,156.18799999999996,2.1435999999999993,25.78,12.0,2.0,0.0,2.0,1.0,2.0,2.0,XOMQOH_FSR
qmof-5c7b718,True,26.018,0.09637,23.79,2.0,1.0,0.0,1.0,0.0,0.0,0.0,JULDAV_FSR
qmof-5ad132b,True,243.01199999999997,-0.8239000000000005,80.25999999999999,13.0,5.0,0.0,4.0,2.0,1.0,1.0,GOCWUR_FSR
qmof-ecdafb4,True,241.246,1.5408999999999995,72.38999999999999,18.0,4.0,0.0,3.0,3.0,2.0,2.0,GOGHAM_FSR
qmof-58dac03,True,576.6090000000004,3.282000000000001,156.36,43.0,10.0,2.0,10.0,9.0,6.0,6.0,JORRUF_FSR
qmof-b76665a,False,,,,,,,,,,,JOSNUA_FSR
qmof-aa90302,False,,,,,,,,,,,GOKDIT_FSR
qmof-af5c9df,False,,,,,,,,,,,GOKDOA_FSR
qmof-2436e49,False,,,,,,,,,,,JOJGUN_FSR
qmof-077d8d1,False,,,,,,,,,,,JOLTAH01_FSR
qmof-e4693f8,True,224.239,1.6155,53.019999999999996,17.0,3.0,0.0,3.0,3.0,2.0,2.0,JOMVIQ_FSR
qmof-5e9a520,True,126.07500000000002,-3.0175,104.96999999999998,9.0,6.0,1.0,5.0,1.0,0.0,1.0,JOFKIA01_FSR
qmof-ba5647e,True,432.48000000000025,0.20800000000000063,112.51999999999998,32.0,8.0,0.0,8.0,6.0,3.0,4.0,JOFLAS_FSR
qmof-bedebdd,True,207.11699999999993,-3.2229,120.38999999999999,15.0,6.0,0.0,6.0,3.0,1.0,1.0,XOZLEF_FSR
qmof-e867a05,True,210.121,-4.068699999999999,133.27999999999997,15.0,7.0,0.0,7.0,1.0,1.0,1.0,BUSGIG_FSR
qmof-70475c6,True,398.4180000000001,1.8285999999999998,106.03999999999999,30.0,6.0,0.0,6.0,5.0,4.0,4.0,BUSQUC_FSR
qmof-f6f5670,True,156.18799999999996,2.1435999999999993,25.78,12.0,2.0,0.0,2.0,1.0,2.0,2.0,RUVYOX_FSR
qmof-23a1556,True,301.27700000000004,3.383600000000002,139.3,19.0,9.0,0.0,0.0,2.0,2.0,2.0,RUWKOL_FSR
qmof-0d73cc2,True,301.27700000000004,3.383600000000002,139.3,19.0,9.0,0.0,0.0,2.0,2.0,2.0,RUWKUR_FSR
qmof-3d27d1f,True,301.27700000000004,3.383600000000002,139.3,19.0,9.0,0.0,0.0,2.0,2.0,2.0,RUWLAY_FSR
qmof-f914f9b,True,301.27700000000004,3.383600000000002,139.3,19.0,9.0,0.0,0.0,2.0,2.0,2.0,RUWLEC_FSR
qmof-9698236,True,344.35400000000004,3.0775700000000006,107.77000000000001,26.0,7.0,2.0,5.0,4.0,3.0,3.0,CIMRUN_FSR
qmof-2d22fc9,True,344.35400000000004,3.0775700000000006,107.77000000000001,26.0,7.0,2.0,5.0,4.0,3.0,3.0,CIMSAU_FSR
qmof-29a38ad,True,242.20999999999998,0.8102999999999998,90.32,18.0,5.0,1.0,4.0,3.0,2.0,2.0,RUNGUE_FSR
qmof-84be34f,True,334.31100000000004,0.5201,106.19,25.0,7.0,1.0,5.0,4.0,3.0,4.0,RUGFUW_FSR
qmof-c2377af,False,,,,,,,,,,,JOHFIX_FSR
qmof-b0a3596,True,413.38900000000007,1.3670899999999995,129.18,31.0,8.0,0.0,7.0,4.0,3.0,4.0,JOHLID_FSR
qmof-81ffe5f,True,188.186,0.6204000000000001,53.879999999999995,14.0,4.0,0.0,2.0,1.0,2.0,2.0,JOHWEK_FSR
qmof-4383a46,True,300.372,2.359,77.34,20.0,8.0,0.0,8.0,4.0,3.0,3.0,GOLSEH_FSR
qmof-b47e703,True,156.18799999999996,2.1435999999999993,25.78,12.0,2.0,0.0,2.0,1.0,2.0,2.0,GOLTAD_FSR
qmof-74c3c27,True,160.17999999999998,0.7213999999999999,43.6,12.0,4.0,0.0,4.0,2.0,2.0,2.0,GOLTIL_FSR
qmof-b0fc2d5,True,156.18799999999996,2.1435999999999993,25.78,12.0,2.0,0.0,2.0,1.0,2.0,2.0,GOLVIN_FSR
qmof-fca87d6,True,166.09199999999998,-2.7964,106.03999999999999,12.0,6.0,0.0,6.0,2.0,1.0,1.0,GONRUY_FSR
qmof-eae71d0,True,166.09199999999998,-2.7964,106.03999999999999,12.0,6.0,0.0,6.0,2.0,1.0,1.0,GONSAF_FSR
qmof-f47c6af,True,250.11799999999994,-4.859400000000001,160.51999999999998,18.0,8.0,0.0,8.0,4.0,1.0,1.0,JUFXUF_FSR
qmof-f522cce,True,387.32500000000005,2.2888,159.25,27.0,10.0,1.0,5.0,5.0,3.0,3.0,JUGFAU_FSR
qmof-c6917b4,True,42.021,-1.4418000000000002,58.7,3.0,3.0,0.0,0.0,0.0,0.0,0.0,GOYRET_FSR
qmof-8d71a0b,True,311.297,-0.3095000000000001,121.83,23.0,7.0,1.0,6.0,4.0,3.0,3.0,JOCGIS_FSR
qmof-a87a11c,True,42.021,-1.4418000000000002,58.7,3.0,3.0,0.0,0.0,0.0,0.0,0.0,GORFOK_FSR
qmof-6b9f186,True,430.4550000000001,3.282800000000001,136.04000000000002,33.0,9.0,0.0,6.0,4.0,5.0,5.0,GORGIF_FSR
qmof-71b2c0d,True,349.315,3.8077000000000014,99.14000000000001,24.0,8.0,0.0,3.0,3.0,3.0,3.0,GOTYOF_FSR
qmof-065c0c3,True,393.3490000000001,3.088400000000002,148.83,27.0,10.0,2.0,6.0,4.0,3.0,3.0,GOTYUL_FSR
qmof-be60601,True,393.3490000000001,3.088400000000002,148.83,27.0,10.0,2.0,6.0,4.0,3.0,3.0,GOTZAS_FSR
qmof-5fa0860,False,,,,,,,,,,,JOGGUJ_FSR
qmof-c8d887d,True,66.043,-0.44704000000000005,61.68,5.0,3.0,0.0,2.0,0.0,0.0,0.0,ROWBAI_FSR
qmof-a6861cd,True,180.11499999999995,-1.8808,100.49000000000001,13.0,5.0,1.0,5.0,2.0,1.0,1.0,RORZAZ_FSR
qmof-8d4816d,True,239.13899999999995,-1.9129999999999996,132.63,17.0,8.0,0.0,7.0,5.0,1.0,1.0,SADRUM_FSR
qmof-bfe77e8,True,300.266,0.09779999999999989,98.72000000000001,22.0,6.0,0.0,6.0,5.0,2.0,2.0,RUZCOG_FSR
qmof-e71626c,True,243.17199999999994,-1.3864,139.95999999999998,16.0,8.0,0.0,4.0,3.0,1.0,1.0,RUZDUM_FSR
qmof-7dbddd2,True,209.11299999999994,-1.6782000000000001,123.39999999999998,15.0,7.0,0.0,6.0,3.0,1.0,1.0,SABWEA_FSR
qmof-a9114c3,True,209.11299999999994,-1.6782000000000001,123.39999999999998,15.0,7.0,0.0,6.0,3.0,1.0,1.0,SABYIG_FSR
qmof-90271e6,True,157.085,-1.9256000000000004,109.72999999999999,11.0,7.0,0.0,5.0,0.0,0.0,1.0,CIMFIP_FSR
qmof-a998e68,True,164.11599999999996,-1.5864000000000003,80.25999999999999,12.0,4.0,0.0,4.0,2.0,1.0,1.0,RUYGEY01_FSR
qmof-12b9530,True,225.20399999999998,-2.3663799999999986,132.06,16.0,7.0,1.0,7.0,3.0,1.0,1.0,RUYJIF_FSR
qmof-41eae12,True,300.266,0.09779999999999989,98.72000000000001,22.0,6.0,0.0,6.0,5.0,2.0,2.0,RUZBUL_FSR
qmof-3dbdebd,True,300.266,0.09779999999999989,98.72000000000001,22.0,6.0,0.0,6.0,5.0,2.0,2.0,RUZCAS_FSR
qmof-50307ac,True,74.127,-0.7060999999999997,52.04,5.0,2.0,2.0,2.0,2.0,0.0,0.0,RUSQEC_FSR
qmof-bdcee29,True,310.1380000000001,-3.8076099999999986,230.75999999999996,22.0,14.0,2.0,11.0,4.0,0.0,2.0,XUKYUY_FSR
qmof-886cefa,True,447.3390000000003,-2.641899999999999,208.51,33.0,12.0,0.0,10.0,5.0,3.0,3.0,XULFEQ_FSR
qmof-ecc4da9,True,156.18799999999996,2.1435999999999993,25.78,12.0,2.0,0.0,2.0,1.0,2.0,2.0,ANODEN_FSR
qmof-34b5f2d,True,592.6110000000002,3.681300000000003,192.31999999999996,41.0,14.0,0.0,12.0,11.0,4.0,4.0,ANODIR_FSR
qmof-f161d3d,True,447.40700000000015,0.49799999999999933,159.03999999999996,33.0,11.0,0.0,10.0,7.0,4.0,4.0,APAYUM_FSR
qmof-ec9d083,False,,,,,,,,,,,APEBEE_FSR
qmof-9bda469,True,166.09199999999998,-2.7964,106.03999999999999,12.0,6.0,0.0,6.0,2.0,1.0,1.0,XOYTIP_FSR
qmof-ab4fc49,True,258.07099999999997,2.373900000000001,61.38999999999999,14.0,5.0,0.0,2.0,4.0,1.0,1.0,JIQYIU_FSR
qmof-dcca335,False,,,,,,,,,,,JISXUH_FSR
qmof-a4a3a03,False,,,,,,,,,,,JISYAO_FSR
qmof-5747ad3,False,,,,,,,,,,,JISYES_FSR
qmof-f0dd762,True,182.226,2.6470000000000002,25.78,14.0,2.0,0.0,2.0,2.0,2.0,2.0,JITPEI_FSR
qmof-7092fa9,False,,,,,,,,,,,JEHPIW_FSR
qmof-8c157d2,True,458.47400000000033,1.3355999999999995,132.97,34.0,9.0,0.0,9.0,9.0,4.0,4.0,JIQHEZ_FSR
qmof-1a4cca3,True,269.066,0.23638999999999993,149.24,16.0,11.0,2.0,5.0,4.0,0.0,1.0,GOZPUI_FSR
qmof-2ad11cd,False,,,,,,,,,,,GOZRAQ_FSR
qmof-b7f8729,True,564.5100000000002,-1.0161999999999969,196.15999999999997,42.0,12.0,0.0,12.0,9.0,5.0,5.0,JEZLIM_FSR
qmof-85d3da9,True,250.19400000000005,2.8139000000000003,82.64999999999999,17.0,6.0,0.0,3.0,1.0,2.0,2.0,JICCUW_FSR
qmof-38cb9dc,True,407.3220000000002,-0.45170000000000005,200.57999999999998,30.0,12.0,3.0,10.0,4.0,3.0,4.0,JIHTEC_FSR
qmof-90bd8c0,True,252.13399999999996,-2.1899999999999995,154.86,18.0,8.0,2.0,6.0,4.0,1.0,1.0,JEXJUS_FSR
qmof-d4b9216,True,240.21399999999997,0.08059999999999978,80.25999999999999,18.0,4.0,0.0,4.0,3.0,2.0,2.0,JEXNOQ_FSR
qmof-b64c0ab,False,,,,,,,,,,,XUDJIQ_FSR
qmof-ef66c69,True,238.294,2.10058,53.980000000000004,18.0,4.0,0.0,2.0,5.0,2.0,2.0,XUHHAK_FSR
qmof-099bbbc,True,58.085,0.66498,23.79,3.0,2.0,0.0,1.0,0.0,0.0,0.0,SAFKIV_FSR
qmof-3634e74,False,,,,,,,,,,,SAMCOZ_FSR
qmof-82f05d3,True,462.63000000000034,6.868440000000008,58.26,34.0,4.0,0.0,2.0,3.0,2.0,2.0,SAMLAT_FSR
qmof-9bbd35b,True,342.25900000000007,-0.5992000000000004,154.85999999999999,25.0,8.0,2.0,6.0,6.0,2.0,2.0,SAMSIL_FSR
qmof-340ce1d,True,524.4850000000002,2.0478,180.64,39.0,10.0,2.0,8.0,8.0,4.0,4.0,SAMTUY_FSR
qmof-e436871,True,382.28800000000007,2.1539,172.08999999999997,28.0,11.0,0.0,8.0,4.0,3.0,3.0,CIHRAN_FSR
qmof-606a263,True,231.26400000000004,1.2202799999999996,79.75,16.0,7.0,0.0,6.0,2.0,2.0,2.0,CIHYOJ_FSR
qmof-00a989b,True,209.11299999999994,-1.6782000000000001,123.39999999999998,15.0,7.0,0.0,6.0,3.0,1.0,1.0,SABZED_FSR
qmof-557e64a,True,198.189,0.6296999999999997,51.900000000000006,15.0,6.0,0.0,6.0,0.0,4.0,4.0,TITHUC02_FSR
qmof-3dfec94,True,198.189,0.6296999999999997,51.900000000000006,15.0,6.0,0.0,6.0,0.0,4.0,4.0,TITJAK_FSR
qmof-c221ada,True,340.3390000000002,-1.0231199999999987,134.24,25.0,8.0,0.0,6.0,9.0,2.0,2.0,GUKCAS_FSR
qmof-725368c,True,74.059,-2.3049999999999997,66.14999999999999,5.0,3.0,1.0,3.0,1.0,0.0,0.0,JAYVOV_FSR
qmof-6941c22,True,720.7379999999997,5.669400000000005,190.5,54.0,12.0,2.0,10.0,9.0,8.0,8.0,JAPXAC_FSR
qmof-4c0e76e,True,219.245,0.8770199999999999,65.91,15.0,5.0,0.0,5.0,2.0,2.0,2.0,JEVCIX_FSR
qmof-507bad6,True,96.06299999999999,-0.9077999999999999,73.94,5.0,5.0,0.0,2.0,0.0,0.0,0.0,GUCTOO_FSR
qmof-0f15801,True,384.35100000000006,1.072899999999999,134.71999999999997,29.0,8.0,1.0,7.0,2.0,5.0,5.0,GUCXEI_FSR
qmof-ba90abd,False,,,,,,,,,,,GUDYUA_FSR
qmof-fbbaa9a,True,374.396,0.9183999999999992,106.03999999999999,28.0,6.0,0.0,6.0,6.0,3.0,3.0,GUFQII_FSR
qmof-9349e59,False,,,,,,,,,,,TIVKUF_FSR
qmof-44477e2,True,123.09099999999998,-1.1599000000000004,65.91,9.0,4.0,0.0,4.0,1.0,1.0,1.0,BUTXOE_FSR
qmof-765d500,False,,,,,,,,,,,BUTYOG_FSR
qmof-ae1ca4c,True,296.282,-0.25780000000000003,106.03999999999999,22.0,6.0,0.0,6.0,4.0,2.0,2.0,BUVPIT_FSR
qmof-2a7135e,False,,,,,,,,,,,CIFFIH_FSR
qmof-16c4dd5,True,242.23499999999996,-4.143499999999996,93.22,17.0,8.0,0.0,8.0,2.0,0.0,4.0,SANBUF01_FSR
qmof-576f203,True,304.531,3.5309000000000017,25.78,17.0,6.0,0.0,6.0,0.0,1.0,3.0,YAKFIZ_FSR
qmof-fed171f,False,,,,,,,,,,,YAKKIG_FSR
qmof-0c2c714,True,122.10299999999997,-0.5549000000000004,53.019999999999996,9.0,3.0,0.0,3.0,1.0,1.0,1.0,YALCEU01_FSR
qmof-6a9204c,True,233.00599999999997,-0.27960000000000007,80.25999999999999,14.0,6.0,0.0,4.0,2.0,1.0,1.0,ANEPUG_FSR
qmof-46e6fe6,False,,,,,,,,,,,XUYWIZ_FSR
qmof-4d34fa8,True,67.071,0.10389999999999999,26.46,5.0,2.0,0.0,1.0,0.0,0.0,1.0,XUZHOR_FSR
qmof-dc0812e,True,150.145,-0.6246000000000005,61.42,11.0,6.0,0.0,6.0,2.0,2.0,2.0,JEHVAU_FSR
qmof-169ee8c,False,,,,,,,,,,,JECZOJ_FSR
qmof-c66ec2f,True,80.08999999999999,0.4765999999999999,25.78,6.0,2.0,0.0,2.0,0.0,1.0,1.0,JEFFOS_FSR
qmof-3763142,True,299.317,2.2650000000000006,77.49,23.0,6.0,0.0,5.0,3.0,3.0,4.0,GUHCUJ_FSR
qmof-caa7611,True,268.22799999999995,-0.4994000000000003,108.46000000000001,20.0,6.0,0.0,4.0,5.0,2.0,2.0,GUJFIB_FSR
qmof-71748b1,True,463.5220000000002,-0.0490000000000006,160.92,30.0,13.0,1.0,12.0,8.0,3.0,3.0,JAFDEC_FSR
qmof-0f69a48,False,,,,,,,,,,,JAGPAJ_FSR
qmof-0919853,True,194.202,-1.4811999999999996,87.19999999999999,14.0,8.0,0.0,8.0,3.0,2.0,2.0,JAGTIV_FSR
qmof-eacda82,True,169.11999999999998,-1.2779,108.02,12.0,7.0,1.0,4.0,0.0,0.0,1.0,JAGXEV_FSR
qmof-9b4b8a0,False,,,,,,,,,,,JAJCIH_FSR
qmof-3895a30,True,42.021,-1.4418000000000002,58.7,3.0,3.0,0.0,0.0,0.0,0.0,0.0,GULLIJ_FSR
qmof-d53eb5d,True,224.13600000000002,-0.42640999999999996,137.46,16.0,10.0,0.0,7.0,0.0,0.0,2.0,GUPCUQ01_FSR
qmof-20a983a,True,224.13600000000002,-0.42640999999999996,137.46,16.0,10.0,0.0,7.0,0.0,0.0,2.0,GUPCUQ02_FSR
qmof-6cfdcbd,False,,,,,,,,,,,YAFQAZ_FSR
qmof-2b3602d,True,138.17499999999998,1.14158,49.57,9.0,4.0,0.0,3.0,0.0,1.0,1.0,YAFRED_FSR
qmof-3095be4,True,379.26500000000004,-1.0565999999999978,166.14999999999998,26.0,11.0,0.0,8.0,7.0,2.0,2.0,YAJTOU_FSR
qmof-c16648b,True,170.14499999999995,-1.5249000000000001,80.25999999999999,11.0,5.0,0.0,5.0,2.0,1.0,1.0,CIFGIJ_FSR
qmof-aa9688f,True,166.09199999999998,-2.7964,106.03999999999999,12.0,6.0,0.0,6.0,2.0,1.0,1.0,CIGPAK_FSR
qmof-291c11a,True,444.49100000000016,3.868800000000003,88.48,33.0,8.0,0.0,8.0,12.0,4.0,4.0,CIGYEY_FSR
qmof-db10139,True,264.10999999999996,1.9184,114.39999999999999,16.0,8.0,2.0,2.0,4.0,1.0,1.0,CIHLUC_FSR
qmof-cbad0dc,True,262.094,2.7948000000000013,113.74000000000001,16.0,8.0,0.0,2.0,4.0,1.0,1.0,CIHMUD_FSR
qmof-cdb4849,True,105.13999999999999,1.7246,12.89,8.0,1.0,0.0,1.0,1.0,1.0,1.0,SAWTIT_FSR
qmof-86a8270,True,156.18799999999996,2.1435999999999993,25.78,12.0,2.0,0.0,2.0,1.0,2.0,2.0,CICJEE_FSR
qmof-8ed130f,True,156.18799999999996,2.1435999999999993,25.78,12.0,2.0,0.0,2.0,1.0,2.0,2.0,CICLAD_FSR
qmof-0a94b4b,True,188.14199999999997,1.1047699999999998,86.82999999999998,14.0,5.0,0.0,3.0,0.0,1.0,1.0,CICNOT_FSR
qmof-d5f9805,True,147.14100000000002,0.057299999999999796,56.49,11.0,5.0,0.0,5.0,1.0,2.0,2.0,GUWCAD_FSR
qmof-0fef828,True,138.174,0.39949999999999997,43.6,10.0,4.0,0.0,4.0,0.0,1.0,2.0,GUWWUR_FSR
qmof-9e9f1d7,True,366.3280000000001,2.862000000000002,153.54000000000002,24.0,10.0,0.0,2.0,2.0,2.0,3.0,IWIMEH_FSR
qmof-31b1596,True,366.3280000000001,2.862000000000002,153.54000000000002,24.0,10.0,0.0,2.0,2.0,2.0,3.0,IWIMOR_FSR
qmof-276c5e9,True,198.269,2.6519000000000013,25.78,15.0,2.0,0.0,2.0,4.0,2.0,2.0,IZABIU_FSR
qmof-0d326c4,False,,,,,,,,,,,IZIQOX_FSR
qmof-7a9d846,False,,,,,,,,,,,GUQXAR_FSR
qmof-7d4acd6,True,214.17599999999996,-0.43320000000000025,80.25999999999999,16.0,4.0,0.0,4.0,2.0,2.0,2.0,IYEXEP_FSR
qmof-a63c711,True,609.7040000000003,3.7607000000000026,157.69,40.0,12.0,1.0,11.0,10.0,4.0,4.0,IYOGIO_FSR
qmof-c6a0e3a,True,609.7040000000003,3.7607000000000026,157.69,40.0,12.0,1.0,11.0,10.0,4.0,4.0,IYOGUA_FSR
qmof-0128bd1,True,190.14499999999998,0.7855900000000001,118.94999999999999,15.0,5.0,0.0,5.0,0.0,0.0,1.0,IYOYUR_FSR
qmof-4786fd0,True,606.3629999999999,-1.36801,421.8000000000003,45.0,33.0,0.0,25.0,6.0,0.0,9.0,SAZQUI_FSR
qmof-385b6d0,True,368.34800000000007,0.29339999999999966,106.03999999999999,28.0,6.0,0.0,6.0,2.0,3.0,3.0,SEFKUM_FSR
qmof-c64e1a1,False,,,,,,,,,,,SAWWIW_FSR
qmof-06a123a,False,,,,,,,,,,,SAWWOC_FSR
qmof-d972a90,False,,,,,,,,,,,SAWXET_FSR
qmof-55f47cd,True,250.146,-4.0291999999999994,153.42,18.0,9.0,1.0,7.0,0.0,1.0,2.0,SAXLUB_FSR
qmof-b441094,True,461.4370000000002,2.134899999999999,147.61,35.0,9.0,1.0,8.0,3.0,6.0,6.0,SAYWOH_FSR
qmof-835ab05,False,,,,,,,,,,,GUYGIQ_FSR
qmof-cd1b08b,True,123.09099999999998,-1.1599000000000004,65.91,9.0,4.0,0.0,4.0,1.0,1.0,1.0,GUYGOW_FSR
qmof-29ebc7c,True,102.04499999999999,-3.1236999999999995,80.25999999999999,7.0,4.0,0.0,4.0,2.0,0.0,0.0,HABSOV_FSR
qmof-8c6a88a,True,60.09999999999999,-1.0962,52.04,4.0,2.0,2.0,2.0,1.0,0.0,0.0,HACPOR01_FSR
qmof-7185c72,True,370.3650000000002,-0.32079999999999975,136.13,27.0,9.0,1.0,9.0,7.0,3.0,3.0,IYAREH_FSR
qmof-f9c2a3d,True,198.269,2.6519000000000013,25.78,15.0,2.0,0.0,2.0,4.0,2.0,2.0,IWOWIB_FSR
qmof-6f4079e,False,,,,,,,,,,,GUVPAO_FSR
qmof-0e5bc0c,True,117.178,0.5658,26.46,6.0,4.0,0.0,3.0,0.0,0.0,1.0,GUVXIF_FSR
qmof-80a17db,True,433.39200000000017,-0.23970000000000002,157.69,32.0,8.0,1.0,7.0,8.0,2.0,2.0,GUVYUS_FSR
qmof-40b16c5,True,42.021,-1.4418000000000002,58.7,3.0,3.0,0.0,0.0,0.0,0.0,0.0,SATRUB_FSR
qmof-b7c8ebb,True,212.176,0.9802,102.36000000000001,16.0,8.0,0.0,6.0,2.0,1.0,3.0,CEXJUN01_FSR
qmof-2f9a271,False,,,,,,,,,,,SEGCAK_FSR
qmof-63d089a,True,461.47800000000024,0.18360000000000065,137.9,34.0,10.0,0.0,10.0,9.0,4.0,4.0,SEHGOD_FSR
qmof-136e736,False,,,,,,,,,,,SEJNEB_FSR
qmof-480b093,True,111.07999999999997,-1.2816,60.27,8.0,4.0,1.0,2.0,0.0,0.0,1.0,CEYXIO_FSR
qmof-2b1cdb0,True,188.09099999999995,-4.8144,140.29,13.0,7.0,0.0,6.0,5.0,0.0,0.0,CEYYOW_FSR
qmof-e1269cf,True,236.278,2.3884000000000007,43.6,18.0,4.0,0.0,4.0,3.0,3.0,3.0,CEZDES_FSR
qmof-6b4d058,True,293.21500000000003,-3.964299999999999,150.72,21.0,10.0,0.0,9.0,2.0,1.0,2.0,CIBLEG_FSR
qmof-30a512a,False,,,,,,,,,,,SETQEQ_FSR
qmof-309b6a2,True,169.18500000000003,-0.6814000000000004,65.91,11.0,5.0,0.0,5.0,3.0,1.0,1.0,SEVSUI01_FSR
qmof-f863b83,True,154.16999999999996,0.10769000000000001,55.919999999999995,10.0,4.0,1.0,3.0,1.0,1.0,1.0,YATHUY_FSR
qmof-fdef13d,True,465.41700000000026,2.594290000000001,149.82,35.0,8.0,1.0,6.0,3.0,4.0,5.0,AMIMUE_FSR
qmof-7df997f,True,265.252,-0.14791000000000043,91.50999999999999,20.0,6.0,1.0,5.0,3.0,2.0,3.0,AMIPUJ_FSR
qmof-a3d03e6,True,374.396,0.9183999999999992,106.03999999999999,28.0,6.0,0.0,6.0,6.0,3.0,3.0,YAFHEU_FSR
qmof-9d64cd2,True,208.16899999999995,-1.892299999999999,89.49000000000001,15.0,5.0,0.0,5.0,5.0,1.0,1.0,IVEDAP_FSR
qmof-6756c93,True,352.39000000000004,0.9396,106.03999999999999,26.0,6.0,0.0,6.0,4.0,2.0,3.0,IVIJUT_FSR
qmof-41cd4ee,True,411.4170000000002,1.8063999999999996,132.06,31.0,7.0,1.0,7.0,4.0,4.0,4.0,IVITOY_FSR
qmof-f4e255d,False,,,,,,,,,,,IVONUD_FSR
qmof-0111861,True,354.23000000000013,-3.7723999999999993,188.72,26.0,10.0,0.0,8.0,7.0,2.0,2.0,IVUVIG_FSR
qmof-3404b3b,True,244.204,3.9017800000000014,49.44,18.0,6.0,0.0,4.0,2.0,1.0,3.0,HADMOR_FSR
qmof-067c272,True,26.018,0.09637,23.79,2.0,1.0,0.0,1.0,0.0,0.0,0.0,HAFCOJ_FSR
qmof-591b39d,True,26.018,0.09637,23.79,2.0,1.0,0.0,1.0,0.0,0.0,0.0,HAFCUP01_FSR
qmof-eaa4006,True,26.018,0.09637,23.79,2.0,1.0,0.0,1.0,0.0,0.0,0.0,HAFDEA01_FSR
qmof-9c38e24,True,344.97400000000005,2.52449,64.71000000000001,16.0,7.0,0.0,3.0,3.0,2.0,2.0,HAFHAA_FSR
qmof-fc1e938,False,,,,,,,,,,,HAGJOQ_FSR
qmof-73bb58e,False,,,,,,,,,,,HAGJUW_FSR
qmof-c93d7b2,False,,,,,,,,,,,ITEBUF_FSR
qmof-9a836f6,False,,,,,,,,,,,YAVJAI_FSR
qmof-95b804e,False,,,,,,,,,,,YAQMIO_FSR
qmof-458e0ea,True,148.141,-0.1553000000000001,53.019999999999996,11.0,3.0,0.0,3.0,2.0,1.0,1.0,YARJOS_FSR
qmof-a9a917d,True,180.147,-1.2438400000000003,124.01999999999998,13.0,7.0,0.0,4.0,0.0,0.0,0.0,SEMJUS_FSR
qmof-5d743e9,True,175.165,-3.4826999999999995,92.28999999999999,11.0,6.0,1.0,6.0,2.0,0.0,1.0,SENTIQ_FSR
qmof-b921f17,True,175.165,-3.4826999999999995,92.28999999999999,11.0,6.0,1.0,6.0,2.0,0.0,1.0,SENTOW_FSR
qmof-a9bd3f7,True,210.24000000000004,1.3203799999999999,53.980000000000004,16.0,4.0,0.0,2.0,5.0,2.0,2.0,CEVGIW_FSR
qmof-5433888,True,368.3920000000001,3.421400000000002,171.44000000000003,24.0,10.0,2.0,2.0,4.0,2.0,2.0,TINQEN_FSR
qmof-1e65cda,False,,,,,,,,,,,TIPVEU_FSR
qmof-099dbbd,False,,,,,,,,,,,ISAGOY_FSR
qmof-8e1ed58,True,190.21,0.4663999999999999,77.64,14.0,6.0,0.0,4.0,3.0,0.0,2.0,ITIWUF_FSR
qmof-000512e,True,257.094,-1.0952199999999999,168.31,18.0,12.0,1.0,9.0,2.0,0.0,2.0,ITUTAS_FSR
qmof-397b1f3,True,398.42600000000004,5.252200000000005,0.0,28.0,2.0,0.0,0.0,7.0,4.0,4.0,IVASUU_FSR
qmof-1629dda,True,225.22699999999998,1.1956999999999998,65.38,17.0,4.0,0.0,4.0,3.0,2.0,2.0,HAGTEP_FSR
qmof-3905c3b,True,225.22699999999998,1.1956999999999998,65.38,17.0,4.0,0.0,4.0,3.0,2.0,2.0,HAGTIT_FSR
qmof-078ee16,False,,,,,,,,,,,HAJGUW_FSR
qmof-af95382,True,164.11599999999996,-1.5864000000000003,80.25999999999999,12.0,4.0,0.0,4.0,2.0,1.0,1.0,HACTIQ_FSR
qmof-dd5ed6d,True,121.12299999999999,0.15517000000000003,75.59,9.0,4.0,1.0,4.0,0.0,1.0,1.0,TIRBAY_FSR
qmof-6f58bfd,True,324.20000000000005,-0.7826000000000002,140.68,24.0,8.0,0.0,8.0,2.0,4.0,4.0,TIRTEU_FSR
qmof-c895295,True,376.35200000000015,1.2786799999999996,137.25000000000003,28.0,9.0,0.0,6.0,7.0,3.0,3.0,BUXKAI_FSR
qmof-6bf5e49,True,386.3590000000001,1.722,120.72,29.0,6.0,2.0,6.0,4.0,4.0,4.0,BUXKEL_FSR
qmof-37f7116,True,269.284,0.07657999999999965,94.11,20.0,6.0,0.0,4.0,5.0,2.0,2.0,BUXKEM_FSR
qmof-2c27ac5,True,172.19100000000003,0.8573999999999998,51.56,13.0,4.0,0.0,4.0,2.0,2.0,2.0,BUXTEV_FSR
qmof-57c12cc,True,165.10399999999996,-2.1914,93.15,12.0,5.0,0.0,5.0,2.0,1.0,1.0,SIKJED01_FSR
qmof-2fd45b1,False,,,,,,,,,,,SEYKUD_FSR
qmof-bc0218e,True,326.31200000000007,-1.4132199999999966,134.24,24.0,8.0,0.0,6.0,8.0,2.0,2.0,SIBDOY_FSR
qmof-9747028,True,419.4010000000002,-1.0379999999999985,167.7,31.0,11.0,1.0,11.0,6.0,4.0,4.0,CEPCOS_FSR
qmof-c328407,True,186.218,1.55044,51.56,14.0,4.0,0.0,4.0,1.0,2.0,2.0,CEPGIN_FSR
qmof-ad90d19,False,,,,,,,,,,,CESNUJ_FSR
qmof-9941a66,True,249.27300000000002,2.444000000000001,52.72,19.0,4.0,0.0,3.0,2.0,3.0,3.0,HATFEQ_FSR
qmof-eccfaa9,True,249.27300000000002,2.444,52.72,19.0,4.0,0.0,3.0,2.0,3.0,3.0,HATFUG_FSR
qmof-68afeea,True,259.193,-2.067099999999999,120.38999999999999,19.0,6.0,0.0,6.0,2.0,2.0,2.0,HAVKUM_FSR
qmof-551cacc,True,486.5320000000002,1.6774399999999996,144.1,36.0,10.0,0.0,8.0,10.0,4.0,4.0,HAVYAG_FSR
qmof-6898ab9,True,168.197,-0.07640000000000025,53.019999999999996,11.0,4.0,0.0,4.0,3.0,1.0,1.0,ISUFIL01_FSR
qmof-69186ff,True,168.197,-0.07640000000000025,53.019999999999996,11.0,4.0,0.0,4.0,3.0,1.0,1.0,ISUFIL_FSR
qmof-b92e7e5,False,,,,,,,,,,,HALYAX_FSR
qmof-cf9c61e,False,,,,,,,,,,,HAMQAO02_FSR
qmof-c8f59a6,True,205.14899999999997,-1.4201000000000001,105.85,15.0,6.0,2.0,4.0,1.0,2.0,2.0,HAPGOX_FSR
qmof-3a2ce24,True,184.20200000000003,1.5635999999999999,53.980000000000004,14.0,4.0,0.0,2.0,3.0,2.0,2.0,IRORIS_FSR
qmof-82e3584,True,274.228,-0.9028000000000003,98.72,20.0,6.0,0.0,6.0,6.0,2.0,2.0,IRORUD_FSR
qmof-7983944,True,200.194,-3.7783999999999978,104.32,14.0,6.0,2.0,6.0,2.0,0.0,1.0,YEBQEB_FSR
qmof-06f215e,True,376.21200000000016,-1.48922,220.08000000000004,28.0,16.0,0.0,14.0,0.0,0.0,6.0,YECPAA_FSR
qmof-b8d6c96,True,188.10600000000002,-0.3112100000000001,110.04,14.0,8.0,0.0,7.0,0.0,0.0,3.0,YECPEE_FSR
qmof-e758e02,False,,,,,,,,,,,AMACOI_FSR
qmof-04ffa55,False,,,,,,,,,,,YATPUG_FSR
qmof-8edd41c,True,154.07699999999997,-1.9933999999999996,93.4,11.0,5.0,0.0,5.0,2.0,1.0,1.0,YATYEZ_FSR
qmof-e53aaff,False,,,,,,,,,,,ISATOM_FSR
qmof-e66b91f,True,464.5250000000002,5.9684400000000055,83.16000000000001,35.0,7.0,0.0,7.0,8.0,5.0,5.0,ISATUS_FSR
qmof-49de14c,False,,,,,,,,,,,ISAVAA_FSR
qmof-a483aa3,False,,,,,,,,,,,IQUGOQ_FSR
qmof-1647c66,True,166.13199999999998,0.20249999999999968,69.26,12.0,4.0,0.0,3.0,2.0,1.0,1.0,IRACOU_FSR
qmof-808b97f,True,207.11699999999993,-3.2229,120.38999999999999,15.0,6.0,0.0,6.0,3.0,1.0,1.0,HARKOD_FSR
qmof-bab2a52,True,249.27300000000002,2.444000000000001,52.72,19.0,4.0,0.0,3.0,2.0,3.0,3.0,HATFAM_FSR
qmof-1e9a2c5,True,180.13899999999998,-0.11280000000000057,83.26999999999998,13.0,5.0,0.0,4.0,3.0,1.0,1.0,HAZBIW_FSR
qmof-91e9d17,True,202.19300000000004,-0.0607800000000005,70.84,15.0,5.0,0.0,5.0,2.0,2.0,2.0,INUNUB_FSR
qmof-b2a0a76,False,,,,,,,,,,,HAVZAG_FSR
qmof-e34c562,True,226.12,-4.814209999999999,152.32,16.0,8.0,1.0,7.0,1.0,0.0,1.0,HAWJIA_FSR
qmof-4f3510c,True,226.12,-4.814209999999999,152.32,16.0,8.0,1.0,7.0,1.0,0.0,1.0,HAWJOG_FSR
qmof-02c7dcc,True,148.06999999999996,-4.791999999999999,120.72,10.0,6.0,2.0,6.0,3.0,0.0,0.0,HAXSUW_FSR
qmof-9b31c46,True,163.152,0.15529999999999994,60.36,12.0,3.0,1.0,3.0,2.0,1.0,1.0,HAXYOW_FSR
qmof-cca1381,True,156.18799999999996,2.1435999999999993,25.78,12.0,2.0,0.0,2.0,1.0,2.0,2.0,IPECAH01_FSR
qmof-32cb456,True,66.043,-0.44704000000000005,61.68,5.0,3.0,0.0,2.0,0.0,0.0,0.0,IPEDUC_FSR
qmof-a254fea,True,227.219,1.1523999999999994,72.38999999999999,17.0,4.0,0.0,3.0,3.0,2.0,2.0,YEJBAQ_FSR
qmof-5990a30,False,,,,,,,,,,,YEKRUC_FSR
qmof-0d69406,True,80.08999999999999,0.4765999999999999,25.78,6.0,2.0,0.0,2.0,0.0,1.0,1.0,YEBMIC_FSR
qmof-489edf7,True,122.10299999999997,-0.5549000000000004,53.019999999999996,9.0,3.0,0.0,3.0,1.0,1.0,1.0,CESYEF01_FSR
qmof-6dc41b1,True,419.36000000000007,4.7135000000000025,98.62,29.0,10.0,0.0,3.0,2.0,3.0,3.0,SERKUW_FSR
qmof-ed1424d,True,200.17099999999994,0.25009999999999993,99.82999999999998,13.0,6.0,0.0,2.0,2.0,1.0,1.0,SISGIM_FSR
qmof-d0835c2,True,200.17099999999994,0.25009999999999993,99.82999999999998,13.0,6.0,0.0,2.0,2.0,1.0,1.0,SISGOS_FSR
qmof-1565c63,True,200.17099999999994,0.25009999999999993,99.82999999999998,13.0,6.0,0.0,2.0,2.0,1.0,1.0,SISGUY_FSR
qmof-3979ca0,True,58.085,0.66498,23.79,3.0,2.0,0.0,1.0,0.0,0.0,0.0,CENSOD_FSR
qmof-68234b7,False,,,,,,,,,,,SIBHUJ_FSR
qmof-45386d3,False,,,,,,,,,,,SIDLAV_FSR
qmof-947dfcd,False,,,,,,,,,,,SIDLEZ_FSR
qmof-3038374,False,,,,,,,,,,,SIDLOJ_FSR
qmof-6100d4e,True,260.094,-0.5296099999999999,186.95,18.0,12.0,2.0,9.0,3.0,0.0,1.0,SIGNEC_FSR
qmof-23961e5,True,156.18799999999996,2.1435999999999993,25.78,12.0,2.0,0.0,2.0,1.0,2.0,2.0,SIXSUO_FSR
qmof-def4cfb,False,,,,,,,,,,,ALIGOS_FSR
qmof-bcd74e7,False,,,,,,,,,,,ALIJAH_FSR
qmof-4fd6966,True,434.36000000000007,0.45700000000000074,180.64,32.0,10.0,2.0,8.0,6.0,3.0,3.0,ALILOY_FSR
qmof-cb69483,True,42.021,-1.4418000000000002,58.7,3.0,3.0,0.0,0.0,0.0,0.0,0.0,ALIRES_FSR
qmof-57458e8,True,211.10899999999995,-0.13350000000000017,126.41,15.0,8.0,0.0,6.0,3.0,1.0,1.0,YEFLIF01_FSR
qmof-2f4925f,False,,,,,,,,,,,YEFMEE_FSR
qmof-341f3ac,True,497.48700000000025,0.47789999999999955,170.23,37.0,10.0,2.0,10.0,9.0,4.0,4.0,IQAGOX_FSR
qmof-9f220e6,False,,,,,,,,,,,HAYMEB_FSR
qmof-ab57480,True,180.13899999999998,-0.11280000000000057,83.26999999999998,13.0,5.0,0.0,4.0,3.0,1.0,1.0,HAYZUF_FSR
qmof-583fba3,True,166.11199999999994,-0.04170000000000018,83.26999999999998,12.0,5.0,0.0,4.0,2.0,1.0,1.0,INIPEB_FSR
qmof-524d0bd,True,112.131,-0.5762999999999999,56.87,5.0,5.0,0.0,2.0,0.0,0.0,0.0,INIZEK_FSR
qmof-08f5e1e,False,,,,,,,,,,,HAZZAK_FSR
qmof-4acb06b,True,204.22799999999998,-1.8222,80.25999999999999,12.0,6.0,0.0,6.0,2.0,0.0,1.0,IMEZOQ_FSR
qmof-e5d8a5b,False,,,,,,,,,,,IMIBIQ_FSR
qmof-7a30575,False,,,,,,,,,,,YIDDUM_FSR
qmof-6ab2c9d,True,164.11599999999996,-1.5864000000000003,80.25999999999999,12.0,4.0,0.0,4.0,2.0,1.0,1.0,YIDROV_FSR
qmof-2c19356,True,26.018,0.09637,23.79,2.0,1.0,0.0,1.0,0.0,0.0,0.0,YEQSUL01_FSR
qmof-8fdd4e6,True,156.18799999999996,2.1435999999999993,25.78,12.0,2.0,0.0,2.0,1.0,2.0,2.0,YESFUY02_FSR
qmof-ebae1e4,True,252.60199999999995,-1.0222999999999995,9.72,11.0,5.0,0.0,4.0,0.0,0.0,4.0,ALAGIF_FSR
qmof-ade80fa,True,199.07799999999995,-0.2705000000000004,97.0,13.0,6.0,0.0,3.0,2.0,1.0,1.0,ALIDUV01_FSR
qmof-d17d6a6,True,210.10099999999994,-2.2832,136.29,15.0,8.0,0.0,7.0,3.0,1.0,1.0,SIYHUE_FSR
qmof-13f00c5,True,178.14299999999997,-1.7300000000000002,80.25999999999999,13.0,4.0,0.0,4.0,3.0,1.0,1.0,CEJTUH_FSR
qmof-f35365c,True,287.207,-2.763299999999999,146.17,21.0,8.0,0.0,8.0,3.0,2.0,2.0,CEJXIA_FSR
qmof-80e680b,False,,,,,,,,,,,CEJZUP_FSR
qmof-45c251b,False,,,,,,,,,,,SIKYUI_FSR
qmof-7c7b7c4,True,114.05599999999998,-2.9576000000000002,80.25999999999999,8.0,4.0,0.0,4.0,2.0,0.0,0.0,SINSIU_FSR
qmof-f128020,True,42.021,-1.4418000000000002,58.7,3.0,3.0,0.0,0.0,0.0,0.0,0.0,BUZDUW_FSR
qmof-10c7c3c,True,370.3900000000001,0.2682000000000002,127.04,26.0,9.0,0.0,7.0,5.0,3.0,3.0,TIHPEI_FSR
qmof-cb092ca,True,67.071,0.10389999999999999,26.46,5.0,2.0,0.0,1.0,0.0,0.0,1.0,IMZCUC01_FSR
qmof-d2eb739,True,66.043,-0.44704000000000005,61.68,5.0,3.0,0.0,2.0,0.0,0.0,0.0,IMADOQ_FSR
qmof-3f16763,True,66.043,-0.44704000000000005,61.68,5.0,3.0,0.0,2.0,0.0,0.0,0.0,IMADUW_FSR
qmof-e17ecdb,True,207.11699999999993,-3.2229,120.38999999999999,15.0,6.0,0.0,6.0,3.0,1.0,1.0,IMEDAF_FSR
qmof-2f1a847,True,346.3380000000001,1.6595999999999997,89.49000000000001,26.0,5.0,0.0,5.0,6.0,3.0,3.0,HEFBEB01_FSR
qmof-0ada7fa,True,66.043,-0.44704000000000005,61.68,5.0,3.0,0.0,2.0,0.0,0.0,0.0,HEFCEB_FSR
qmof-6c87d0c,True,535.5130000000003,0.5185999999999995,207.38,39.0,13.0,2.0,10.0,12.0,3.0,3.0,HEFSAP_FSR
qmof-501b412,True,221.23700000000002,0.4422999999999997,72.38999999999999,15.0,5.0,0.0,4.0,2.0,1.0,2.0,ILAKUB_FSR
qmof-7397205,False,,,,,,,,,,,ILAMEN_FSR
qmof-8064b1f,True,726.8579999999997,2.905310000000001,183.25,54.0,18.0,0.0,17.0,12.0,7.0,8.0,ILAPOB_FSR
qmof-4ce68d1,True,376.29200000000003,-0.6062000000000007,182.62,28.0,12.0,0.0,10.0,4.0,2.0,4.0,ILIZIN_FSR
qmof-9bfb63d,True,209.20099999999996,1.4910999999999999,77.18,15.0,5.0,0.0,2.0,2.0,1.0,1.0,HENNEU_FSR
qmof-21c86a2,True,194.13,-0.22794000000000014,128.44000000000003,14.0,8.0,0.0,6.0,0.0,1.0,1.0,HENRAW_FSR
qmof-c62f819,True,182.20600000000002,2.2399699999999996,49.57,14.0,3.0,0.0,3.0,1.0,2.0,2.0,HERNUN_FSR
qmof-dca107d,True,123.09099999999998,-1.1599000000000004,65.91,9.0,4.0,0.0,4.0,1.0,1.0,1.0,ILULUW_FSR
qmof-a077695,True,158.124,0.9504,74.16,12.0,6.0,0.0,6.0,0.0,1.0,3.0,ILUSOZ_FSR
qmof-9564d97,True,264.24399999999997,1.3638999999999997,91.31,20.0,6.0,0.0,5.0,3.0,2.0,3.0,IKAVEX_FSR
qmof-4ca6257,True,267.14899999999994,-5.517999999999998,186.54,19.0,9.0,1.0,9.0,2.0,1.0,1.0,HEGWUN_FSR
qmof-02b8805,True,230.25,1.9761700000000002,49.57,18.0,3.0,0.0,3.0,0.0,2.0,2.0,HEHHEH_FSR
qmof-91678e8,False,,,,,,,,,,,IJOHAR_FSR
qmof-82b4d64,True,66.043,-0.44704000000000005,61.68,5.0,3.0,0.0,2.0,0.0,0.0,0.0,IJOQII_FSR
qmof-f6329bc,True,146.133,0.02955999999999981,87.46,11.0,5.0,0.0,4.0,0.0,1.0,1.0,IHOPIE_FSR
qmof-c0bb078,True,96.06299999999999,-0.9077999999999999,73.94,5.0,5.0,0.0,2.0,0.0,0.0,0.0,IHOZOV_FSR
qmof-1c18108,False,,,,,,,,,,,IJAGUW_FSR
qmof-749fa2f,True,220.22399999999996,-0.3527199999999999,80.25999999999999,16.0,4.0,0.0,4.0,2.0,1.0,1.0,IJASAO01_FSR
qmof-e5b6a13,False,,,,,,,,,,,CABWOT_FSR
qmof-f9d7350,False,,,,,,,,,,,CACJAS_FSR
qmof-633a43e,True,58.085,0.66498,23.79,3.0,2.0,0.0,1.0,0.0,0.0,0.0,TEZXUS_FSR
qmof-1baf5cd,False,,,,,,,,,,,SODDAQ_FSR
qmof-602abad,True,187.20600000000002,0.9210999999999999,56.49,14.0,5.0,0.0,5.0,3.0,2.0,2.0,SOFXUH_FSR
qmof-849cda5,True,328.2880000000001,-2.7048099999999975,140.67,24.0,10.0,0.0,9.0,4.0,2.0,3.0,SOHNIO_FSR
qmof-fcef258,True,58.085,0.66498,23.79,3.0,2.0,0.0,1.0,0.0,0.0,0.0,CEGWUH_FSR
qmof-75b48a7,True,26.018,0.09637,23.79,2.0,1.0,0.0,1.0,0.0,0.0,0.0,CEHSUE_FSR
qmof-81003ca,True,123.09099999999998,-1.1599000000000004,65.91,9.0,4.0,0.0,4.0,1.0,1.0,1.0,CEHWIX_FSR
qmof-061fb4f,False,,,,,,,,,,,IGEMEN_FSR
qmof-65714b1,False,,,,,,,,,,,IFECAX_FSR
qmof-92702e7,True,142.09400000000002,0.08519999999999994,88.82000000000001,10.0,6.0,0.0,4.0,0.0,1.0,1.0,IFENUF_FSR
qmof-3c09c5f,True,298.39599999999996,3.8480000000000016,35.64,20.0,6.0,0.0,6.0,3.0,4.0,4.0,IJEBIJ_FSR
qmof-42b991c,True,184.19899999999998,-1.1787999999999987,52.86000000000001,13.0,6.0,0.0,5.0,1.0,0.0,4.0,IGURAE_FSR
qmof-16ff97e,False,,,,,,,,,,,IHEMUF_FSR
qmof-582048a,False,,,,,,,,,,,IHEPES_FSR
qmof-592ce9f,False,,,,,,,,,,,IHIBIM_FSR
qmof-deab150,True,541.5670000000001,3.8822000000000028,127.92999999999999,41.0,9.0,1.0,9.0,7.0,6.0,6.0,HEKSOH_FSR
qmof-92c3fea,True,541.5670000000001,3.8822000000000028,127.92999999999999,41.0,9.0,1.0,9.0,7.0,6.0,6.0,HEKSUN_FSR
qmof-c6b05ae,True,269.20200000000006,1.4421999999999995,65.91,19.0,7.0,0.0,4.0,1.0,2.0,2.0,IDINAN_FSR
qmof-7245894,True,164.11599999999996,-1.5864000000000003,80.25999999999999,12.0,4.0,0.0,4.0,2.0,1.0,1.0,IDIWOH02_FSR
qmof-361c645,True,207.11699999999993,-3.2229,120.38999999999999,15.0,6.0,0.0,6.0,3.0,1.0,1.0,ICOWAA_FSR
qmof-af94b81,False,,,,,,,,,,,IDAFOI_FSR
qmof-531ae10,True,300.17800000000005,-3.706199999999999,160.51999999999998,22.0,8.0,0.0,8.0,4.0,2.0,2.0,HERYIN_FSR
qmof-db59352,True,214.176,-0.43320000000000003,80.25999999999999,16.0,4.0,0.0,4.0,2.0,2.0,2.0,IGIVIF_FSR
qmof-504b878,True,158.124,0.9504,74.16,12.0,6.0,0.0,6.0,0.0,1.0,3.0,IGODAK_FSR
qmof-c11323c,True,348.35800000000006,0.6753999999999993,106.03999999999999,26.0,6.0,0.0,6.0,5.0,3.0,3.0,IGUFEV_FSR
qmof-0ca8e5c,True,184.2,-0.07320000000000004,77.66999999999999,12.0,6.0,0.0,3.0,0.0,1.0,1.0,HEVQOP_FSR
qmof-769eeff,False,,,,,,,,,,,IFUKUQ_FSR
qmof-f8ab6e6,True,162.12800000000001,-0.5154000000000001,73.16,12.0,5.0,1.0,3.0,0.0,1.0,2.0,SOBQOQ_FSR
qmof-63bed95,True,194.20200000000003,-0.8600000000000003,87.2,14.0,8.0,0.0,8.0,5.0,2.0,2.0,SOCCET_FSR
qmof-e940798,False,,,,,,,,,,,SIWCIM_FSR
qmof-3a1b292,True,244.294,1.5917999999999999,66.24000000000001,18.0,4.0,2.0,4.0,3.0,2.0,2.0,SOTRID_FSR
qmof-ffe63dd,True,203.032,1.4977900000000002,51.18,12.0,6.0,0.0,3.0,0.0,0.0,2.0,SOJFEC_FSR
qmof-cb1a094,True,176.177,0.11919999999999986,90.41,11.0,7.0,0.0,3.0,3.0,1.0,1.0,SOKDED_FSR
qmof-46fadab,False,,,,,,,,,,,SOKQIT_FSR
qmof-b147cb9,True,246.19000000000003,-2.489309999999998,153.25,18.0,10.0,0.0,6.0,3.0,0.0,2.0,SONMUF_FSR
qmof-938679b,True,172.163,0.5982999999999999,53.019999999999996,13.0,3.0,0.0,3.0,1.0,2.0,2.0,CEDWEO_FSR
qmof-4fd1b6f,True,211.10899999999995,-0.13350000000000017,126.41,15.0,8.0,0.0,6.0,3.0,1.0,1.0,CEDYER01_FSR
qmof-582aea9,True,124.16699999999999,1.1364,38.82,9.0,3.0,0.0,2.0,2.0,0.0,1.0,AJABOD_FSR
qmof-48fb4e9,False,,,,,,,,,,,AJAHAV_FSR
qmof-c22186d,True,268.22799999999995,-0.4994000000000003,108.46000000000001,20.0,6.0,0.0,4.0,5.0,2.0,2.0,AJIQIU_FSR
qmof-be06dfb,False,,,,,,,,,,,AJUKOH_FSR
qmof-68a928b,True,122.10299999999997,-0.5549000000000004,53.019999999999996,9.0,3.0,0.0,3.0,1.0,1.0,1.0,YICBIW_FSR
qmof-6d017b3,False,,,,,,,,,,,YICQUX_FSR
qmof-3b788a6,False,,,,,,,,,,,IFIFAF_FSR
qmof-e65a1c5,True,220.144,-2.1795999999999998,132.57,16.0,8.0,2.0,5.0,3.0,1.0,2.0,HEWWAK_FSR
qmof-4abf394,True,183.21400000000003,2.2272,38.14,14.0,3.0,0.0,3.0,2.0,2.0,2.0,CEDYOB_FSR
qmof-3a3b856,True,484.5560000000002,2.760840000000001,115.9,36.0,8.0,0.0,8.0,9.0,4.0,4.0,CEFCUO_FSR
qmof-5822fdf,False,,,,,,,,,,,CEFHAZ_FSR
qmof-ad346fd,True,130.14999999999998,1.6297999999999995,25.78,10.0,2.0,0.0,2.0,0.0,2.0,2.0,CEFHED_FSR
qmof-a579bcf,True,42.021,-1.4418000000000002,58.7,3.0,3.0,0.0,0.0,0.0,0.0,0.0,SUJFIN_FSR
qmof-d92d16a,False,,,,,,,,,,,SUJPIX_FSR
qmof-b20c78b,True,296.28200000000004,-0.3106,106.03999999999999,22.0,6.0,0.0,6.0,4.0,2.0,2.0,SUJRAR_FSR
qmof-f3dd1bc,True,464.8000000000001,7.121960000000002,47.58,24.0,10.0,0.0,10.0,5.0,0.0,2.0,CEBJAV_FSR
qmof-4219154,True,300.3139999999999,2.2706,78.38000000000001,22.0,6.0,0.0,6.0,7.0,2.0,2.0,SOWSUU_FSR
qmof-55da0a7,True,180.13899999999995,-2.596309999999999,83.5,13.0,5.0,0.0,5.0,3.0,0.0,1.0,SOXRIG01_FSR
qmof-46faaa0,True,231.175,-2.4159999999999986,142.43,17.0,9.0,0.0,6.0,2.0,2.0,2.0,SUFBIG_FSR
qmof-0e91fcd,False,,,,,,,,,,,SOPTUN_FSR
qmof-cacd1c8,True,267.1689999999999,-3.6925,138.85,19.0,8.0,0.0,8.0,7.0,1.0,1.0,AHISAN_FSR
qmof-1275871,True,250.11799999999994,-4.859400000000001,160.51999999999998,18.0,8.0,0.0,8.0,4.0,1.0,1.0,YIHWAO_FSR
qmof-6c1a7d6,True,508.4420000000002,-0.5453999999999972,186.29999999999995,38.0,10.0,0.0,10.0,7.0,4.0,4.0,YIHYUK_FSR
qmof-70c6069,False,,,,,,,,,,,IBUWAF_FSR
qmof-ffccb82,True,240.222,-0.3297000000000003,111.72000000000001,18.0,6.0,0.0,3.0,2.0,2.0,2.0,ICAGIE_FSR
qmof-1e80f26,True,277.303,3.0014900000000013,51.96,21.0,4.0,0.0,4.0,4.0,3.0,3.0,HICRET_FSR
qmof-a93a8a2,True,267.264,1.7866999999999997,79.05,20.0,5.0,0.0,5.0,2.0,3.0,3.0,HIFCAB_FSR
qmof-1ee372e,True,208.12499999999994,-1.8881999999999997,117.56,15.0,6.0,1.0,5.0,3.0,1.0,1.0,YIJLOV_FSR
qmof-c1a99db,False,,,,,,,,,,,YIKHUY_FSR
qmof-f2b9c90,True,746.5920000000003,2.6030000000000015,393.6599999999999,48.0,24.0,2.0,6.0,8.0,4.0,4.0,CAYKIY_FSR
qmof-9fa0563,True,746.5920000000003,2.6030000000000015,393.6599999999999,48.0,24.0,2.0,6.0,8.0,4.0,4.0,CAYKOE_FSR
qmof-8fe9690,True,746.5920000000003,2.6030000000000015,393.6599999999999,48.0,24.0,2.0,6.0,8.0,4.0,4.0,CAYKUK_FSR
qmof-235f291,True,208.22400000000002,1.62409,51.18,16.0,4.0,0.0,3.0,2.0,1.0,3.0,SUTBIT_FSR
qmof-345c111,True,746.5920000000003,2.6030000000000015,393.6599999999999,48.0,24.0,2.0,6.0,8.0,4.0,4.0,CAYLEV_FSR
qmof-36577c1,True,746.5920000000003,2.6030000000000015,393.6599999999999,48.0,24.0,2.0,6.0,8.0,4.0,4.0,CAYLIZ_FSR
qmof-f2110a2,True,373.29600000000005,1.3014999999999999,196.82999999999998,24.0,12.0,1.0,3.0,4.0,2.0,2.0,CAYLOF_FSR
qmof-2a1c512,True,200.17099999999994,0.25009999999999993,99.82999999999998,13.0,6.0,0.0,2.0,2.0,1.0,1.0,HIGLIU_FSR
qmof-fcfab15,True,284.22700000000003,-0.793800000000001,128.69,21.0,7.0,1.0,5.0,5.0,2.0,2.0,HUVHUD_FSR
qmof-fc5343a,True,284.22700000000003,-0.793800000000001,128.69,21.0,7.0,1.0,5.0,5.0,2.0,2.0,HUVJEP_FSR
qmof-fa9f508,False,,,,,,,,,,,YIMTOE_FSR
qmof-92f7595,False,,,,,,,,,,,YIQSOG_FSR
qmof-5083a07,True,179.13099999999997,-1.8829799999999992,93.15,13.0,5.0,0.0,5.0,2.0,1.0,1.0,AGULIY_FSR
qmof-0725f08,False,,,,,,,,,,,TAGYIJ_FSR
qmof-ae94ce0,True,201.17899999999995,1.4046999999999998,97.0,13.0,6.0,1.0,2.0,2.0,1.0,1.0,TAHDUD_FSR
qmof-f5c5269,True,188.186,0.6204000000000001,53.879999999999995,14.0,4.0,0.0,2.0,1.0,2.0,2.0,SUYGOJ_FSR
qmof-7f0e6bf,True,26.018,0.09637,23.79,2.0,1.0,0.0,1.0,0.0,0.0,0.0,SUZVEO_FSR
qmof-97d9145,True,225.227,1.7464899999999999,59.92,17.0,4.0,0.0,4.0,4.0,2.0,2.0,CAXREA01_FSR
qmof-7b550b5,True,294.27400000000006,0.6819999999999995,117.09,22.0,8.0,0.0,7.0,3.0,2.0,3.0,CAXYAD_FSR
qmof-6bd80b9,True,296.25000000000006,-0.4014000000000011,145.29000000000002,22.0,10.0,0.0,7.0,4.0,2.0,3.0,CAXYEH_FSR
qmof-3eba276,True,458.45100000000014,1.3703999999999996,140.18,33.0,9.0,0.0,8.0,3.0,4.0,5.0,TIDVUZ_FSR
qmof-2c2db7d,False,,,,,,,,,,,TIHCIY_FSR
qmof-1ebe09b,True,165.10399999999996,-2.1914,93.15,12.0,5.0,0.0,5.0,2.0,1.0,1.0,TEQPOV_FSR
qmof-28743d5,True,148.14099999999996,-0.4118200000000003,53.019999999999996,11.0,3.0,0.0,3.0,3.0,1.0,1.0,CAHJOL_FSR
qmof-3096d34,True,514.4500000000003,0.8059999999999989,204.7,38.0,12.0,4.0,10.0,6.0,4.0,4.0,HUVWOM_FSR
qmof-836d3b4,False,,,,,,,,,,,HUZGEP_FSR
qmof-ac415a0,True,164.11599999999996,-1.5864000000000003,80.25999999999999,12.0,4.0,0.0,4.0,2.0,1.0,1.0,HUZPUO_FSR
qmof-547262c,True,164.11599999999996,-1.5864000000000003,80.25999999999999,12.0,4.0,0.0,4.0,2.0,1.0,1.0,HUZQAV_FSR
qmof-8e7c7a1,False,,,,,,,,,,,HILNAR_FSR
qmof-dd2be73,True,90.122,0.2792,18.46,6.0,2.0,0.0,2.0,3.0,0.0,0.0,HILTEB_FSR
qmof-9dce9f9,True,571.4200000000003,4.203000000000003,115.89999999999999,40.0,10.0,0.0,8.0,6.0,6.0,6.0,HINROO_FSR
qmof-29090e7,True,164.11599999999996,-1.5864000000000003,80.25999999999999,12.0,4.0,0.0,4.0,2.0,1.0,1.0,HINVIL_FSR
qmof-1726767,True,80.08999999999999,0.47659999999999986,25.78,6.0,2.0,0.0,2.0,0.0,1.0,1.0,HIPMID_FSR
qmof-770f91b,False,,,,,,,,,,,IBIHIL_FSR
qmof-2b86de0,False,,,,,,,,,,,TEKTIP_FSR
qmof-c0841fd,False,,,,,,,,,,,TELMOO01_FSR
qmof-268c45a,True,331.21600000000007,-3.048099999999998,183.46999999999997,24.0,10.0,1.0,9.0,4.0,2.0,2.0,TEPMEG_FSR
qmof-724fea2,False,,,,,,,,,,,TAQQIL_FSR
qmof-88d58af,True,173.179,0.5552999999999999,55.96,13.0,5.0,0.0,5.0,2.0,2.0,2.0,TALQUV_FSR
qmof-05191e5,True,184.198,1.7076,42.85,14.0,3.0,0.0,3.0,2.0,2.0,2.0,CATVID_FSR
qmof-06f319d,True,359.3610000000001,0.9394899999999998,96.39,27.0,6.0,0.0,6.0,6.0,2.0,3.0,CAVFUD_FSR
qmof-a6ce113,False,,,,,,,,,,,CAVHUF_FSR
qmof-a838610,False,,,,,,,,,,,CAVJAN_FSR
qmof-f701ee9,False,,,,,,,,,,,CAWZIL_FSR
qmof-0af2d05,False,,,,,,,,,,,HOYMIT_FSR
qmof-f543252,False,,,,,,,,,,,HUSNUG_FSR
qmof-504558f,True,74.127,-0.8354999999999999,38.05,5.0,2.0,2.0,2.0,2.0,0.0,0.0,HUJZIW_FSR
qmof-3435b39,False,,,,,,,,,,,HUKNOR_FSR
qmof-7ac83bb,True,513.3410000000002,1.9772999999999994,144.1,35.0,12.0,0.0,8.0,9.0,4.0,4.0,HUPTAP_FSR
qmof-73aa17b,True,279.081,1.3783999999999994,146.86,17.0,10.0,1.0,4.0,4.0,1.0,1.0,HIXZUL_FSR
qmof-b6f3020,False,,,,,,,,,,,HISTCW11_FSR
qmof-1e5e473,True,317.368,3.0055200000000015,65.91,24.0,4.0,0.0,4.0,3.0,3.0,3.0,HISVUC_FSR
qmof-d7aae20,True,510.5940000000002,3.6770400000000016,115.9,38.0,8.0,0.0,8.0,9.0,5.0,5.0,HITMUV_FSR
qmof-3035579,True,298.34599999999995,2.6142000000000003,83.98,22.0,6.0,2.0,4.0,7.0,2.0,2.0,HITYUG_FSR
qmof-23d282f,True,210.121,-4.068699999999999,133.27999999999997,15.0,7.0,0.0,7.0,1.0,1.0,1.0,HUDQED01_FSR
qmof-ba37365,False,,,,,,,,,,,HOYLOY_FSR
qmof-5024817,False,,,,,,,,,,,HOYMEP_FSR
qmof-60793b4,True,222.245,2.6220000000000008,85.72,15.0,5.0,1.0,1.0,1.0,2.0,2.0,TASLAC_FSR
qmof-4304595,True,142.208,1.15599,24.72,8.0,4.0,0.0,3.0,1.0,0.0,1.0,CARFAD_FSR
qmof-35607b2,True,256.21299999999997,0.20589999999999975,89.49000000000001,19.0,5.0,0.0,5.0,4.0,2.0,2.0,TAMHOH_FSR
qmof-8f9b4a4,True,182.226,2.6470000000000002,25.78,14.0,2.0,0.0,2.0,2.0,2.0,2.0,TAMLIE_FSR
qmof-15c71e3,True,182.226,2.6470000000000002,25.78,14.0,2.0,0.0,2.0,2.0,2.0,2.0,TAMLOK_FSR
qmof-7e65115,True,198.35599999999997,3.9106000000000023,0.0,12.0,2.0,0.0,2.0,4.0,1.0,1.0,TANHOH_FSR
qmof-2497a20,True,440.41100000000006,0.4377899999999997,136.51999999999998,33.0,8.0,0.0,8.0,5.0,3.0,4.0,TECWOP_FSR
qmof-d6599fd,False,,,,,,,,,,,TEDZOT_FSR
qmof-ba096cf,True,114.05599999999998,-2.9576000000000002,80.25999999999999,8.0,4.0,0.0,4.0,2.0,0.0,0.0,TEFBIR_FSR
qmof-a0b0371,True,151.14099999999996,-0.4576,60.36,11.0,3.0,1.0,3.0,2.0,1.0,1.0,TEFQOM_FSR
qmof-6ad6621,True,200.25200000000004,-1.1556000000000002,76.98,12.0,8.0,2.0,3.0,0.0,0.0,2.0,TEHYIQ_FSR
qmof-95ef7fc,False,,,,,,,,,,,HORTAK_FSR
qmof-c8323eb,True,244.206,-1.3416000000000001,98.08,18.0,6.0,0.0,6.0,4.0,2.0,2.0,HIZJEH_FSR
qmof-c4c5c23,True,455.48300000000023,3.462290000000002,105.20000000000002,33.0,8.0,0.0,8.0,12.0,2.0,2.0,HOBFAI_FSR
qmof-1fc6244,False,,,,,,,,,,,HOYMOZ_FSR
qmof-e0ed021,True,144.126,-1.9533999999999987,80.25999999999999,10.0,4.0,0.0,4.0,5.0,0.0,0.0,HOTREO01_FSR
qmof-c7e5f8e,True,226.17199999999997,-3.6114099999999993,143.11,16.0,9.0,2.0,7.0,3.0,0.0,1.0,HOTVUH01_FSR
qmof-ce3c507,True,226.17199999999997,-3.6114099999999993,143.11,16.0,9.0,2.0,7.0,3.0,0.0,1.0,HOTVUH_FSR
qmof-b341428,False,,,,,,,,,,,TAWREP_FSR
qmof-0267c10,True,166.09199999999998,-2.7964,106.03999999999999,12.0,6.0,0.0,6.0,2.0,1.0,1.0,TEBZEF_FSR
qmof-0d451dd,True,298.298,-0.08659999999999934,106.03999999999999,22.0,6.0,0.0,6.0,5.0,2.0,2.0,TECREZ_FSR
qmof-ce92071,True,175.19100000000003,1.0458999999999998,39.94,13.0,4.0,0.0,4.0,3.0,2.0,2.0,TARMOP_FSR
qmof-00b509c,True,270.244,-0.5793000000000001,105.18,20.0,6.0,1.0,6.0,5.0,2.0,2.0,AFEBAQ_FSR
qmof-7e0fad2,True,420.2980000000001,2.9294400000000005,140.18,28.0,10.0,2.0,4.0,3.0,3.0,3.0,YOLVIG_FSR
qmof-6313ccd,True,548.4640000000003,-1.115199999999996,221.25999999999996,40.0,14.0,2.0,10.0,6.0,3.0,4.0,YOMMAQ_FSR
qmof-8e887a1,True,354.23000000000013,-3.7723999999999993,188.72,26.0,10.0,0.0,8.0,7.0,2.0,2.0,YORKIA_FSR
qmof-c1a51f9,False,,,,,,,,,,,YISBIL_FSR
qmof-6f4c7e7,True,366.80400000000003,3.208500000000001,85.80999999999999,26.0,6.0,0.0,4.0,4.0,3.0,3.0,YOLBEI_FSR
qmof-8d44302,False,,,,,,,,,,,YOSWOT_FSR
qmof-93fec81,True,221.06999999999996,-2.5664100000000003,104.97999999999999,15.0,9.0,0.0,6.0,2.0,0.0,1.0,AFEYOC_FSR
qmof-b5586a3,True,222.07799999999997,-1.3886999999999998,103.89,15.0,9.0,1.0,4.0,2.0,0.0,1.0,AFEYUI_FSR
qmof-72352f8,False,,,,,,,,,,,ACIGAX_FSR
qmof-4063c99,False,,,,,,,,,,,ACIGEB_FSR
qmof-355e9d2,True,417.4250000000001,0.17200000000000082,141.92000000000002,31.0,9.0,1.0,9.0,6.0,4.0,4.0,ACOLIP_FSR
qmof-b7213aa,False,,,,,,,,,,,ACOMOX_FSR
qmof-49a800c,True,310.317,0.6868999999999996,117.09,23.0,8.0,0.0,7.0,5.0,2.0,3.0,ADABUE_FSR
qmof-665e243,True,418.22600000000017,-4.9864,260.9,30.0,14.0,2.0,12.0,6.0,2.0,2.0,YORZEL_FSR
qmof-4f2905b,True,268.364,1.7944,32.260000000000005,20.0,4.0,0.0,4.0,4.0,2.0,3.0,YOSZIQ_FSR
qmof-dbfdcac,True,179.095,-1.9149100000000003,114.41999999999999,13.0,8.0,1.0,7.0,1.0,0.0,2.0,MUXYIP_FSR
qmof-0e3b79a,True,179.095,-1.9149100000000003,114.41999999999999,13.0,8.0,1.0,7.0,1.0,0.0,2.0,MUXYOV_FSR
qmof-3e9aab7,True,96.98599999999999,-0.49040000000000006,77.43,5.0,5.0,2.0,1.0,0.0,0.0,0.0,MUZCAL_FSR
qmof-5f50532,True,208.10499999999996,-3.8278999999999996,133.28,15.0,7.0,0.0,7.0,3.0,1.0,1.0,EXIBUI_FSR
qmof-8fd5f30,True,184.24200000000002,2.2618,25.78,14.0,2.0,0.0,2.0,3.0,2.0,2.0,EXOHUU_FSR
qmof-da7388e,True,94.97,0.3859999999999999,76.77,5.0,5.0,0.0,1.0,0.0,0.0,0.0,EXOKIM_FSR
qmof-3fbfce0,False,,,,,,,,,,,EXONIP_FSR
qmof-fd27ae2,True,66.043,-0.44704000000000005,61.68,5.0,3.0,0.0,2.0,0.0,0.0,0.0,YODCOK_FSR
qmof-9f4492d,True,174.90099999999998,0.5293,76.9,4.0,4.0,0.0,0.0,0.0,0.0,0.0,HOBPAQ_FSR
qmof-4f006f9,True,128.083,-2.733599999999999,80.25999999999999,9.0,4.0,0.0,4.0,2.0,0.0,1.0,HODXIH_FSR
qmof-5e3058c,False,,,,,,,,,,,HOFKAR_FSR
qmof-005d71c,True,494.5980000000002,2.7730000000000006,115.9,34.0,10.0,0.0,10.0,10.0,4.0,4.0,HOKYOX_FSR
qmof-cfc442e,True,502.5270000000002,0.6696200000000012,164.23999999999995,37.0,10.0,2.0,8.0,6.0,3.0,4.0,HOMDOE_FSR
qmof-51c3a9d,True,502.5270000000002,0.6696200000000012,164.23999999999995,37.0,10.0,2.0,8.0,6.0,3.0,4.0,HOMFEW_FSR
qmof-f224151,True,424.54400000000004,6.7284800000000065,44.24,32.0,4.0,0.0,4.0,5.0,4.0,4.0,ABIWUF_FSR
qmof-fb4e82f,True,424.54400000000004,6.7284800000000065,44.24,32.0,4.0,0.0,4.0,5.0,4.0,4.0,ABIXAM_FSR
qmof-0e1877f,True,488.5000000000002,-0.6537999999999966,146.66,36.0,10.0,0.0,8.0,6.0,3.0,4.0,ABUXUT_FSR
qmof-64eac3c,False,,,,,,,,,,,YOWCOE_FSR
qmof-55d409b,True,318.42400000000004,4.483240000000004,35.64,24.0,4.0,0.0,4.0,5.0,4.0,4.0,YOYFEY_FSR
qmof-976e1ff,True,138.10199999999998,-1.3165,67.07,10.0,4.0,0.0,3.0,1.0,1.0,1.0,YOTQEF_FSR
qmof-362845f,True,138.10199999999998,-1.3165,67.07,10.0,4.0,0.0,3.0,1.0,1.0,1.0,YOTQIJ_FSR
qmof-85a8986,True,254.10999999999999,-6.3102,186.29999999999995,18.0,10.0,0.0,10.0,2.0,1.0,1.0,ABEWUB_FSR
qmof-22a8f48,True,58.085,0.66498,23.79,3.0,2.0,0.0,1.0,0.0,0.0,0.0,AFEYAL02_FSR
qmof-1231f0a,True,276.29200000000003,-1.9687999999999966,86.74,20.0,6.0,0.0,6.0,2.0,1.0,4.0,AJOSUN01_FSR
qmof-6e23252,True,274.18800000000005,-1.4981000000000004,146.23999999999998,20.0,8.0,2.0,6.0,4.0,2.0,2.0,YEXNEX_FSR
qmof-ad6a8cd,True,26.018,0.09637,23.79,2.0,1.0,0.0,1.0,0.0,0.0,0.0,HOXTEV_FSR
qmof-7983067,True,26.018,0.09637,23.79,2.0,1.0,0.0,1.0,0.0,0.0,0.0,HOXTIZ_FSR
qmof-2011f40,False,,,,,,,,,,,HOSTEO_FSR
qmof-2db923e,False,,,,,,,,,,,HOVQOY_FSR
qmof-a9805bf,True,200.999,0.20759999999999987,53.019999999999996,10.0,4.0,0.0,3.0,1.0,1.0,1.0,HIXYUK01_FSR
qmof-e9d7079,True,68.059,-0.42400000000000004,38.82,5.0,3.0,0.0,2.0,0.0,0.0,1.0,AHAVOV_FSR
qmof-fbdf599,True,130.167,-0.7445999999999997,66.15,9.0,3.0,1.0,3.0,5.0,0.0,0.0,AHXCUD10_FSR
qmof-597a458,True,165.10399999999996,-2.1914,93.15,12.0,5.0,0.0,5.0,2.0,1.0,1.0,YIGXES01_FSR
qmof-3a6ceb0,True,179.13099999999994,-2.0042,106.28,13.0,5.0,1.0,5.0,2.0,1.0,1.0,YIHZIA01_FSR
qmof-50773c3,False,,,,,,,,,,,YIKJAG_FSR
qmof-e873125,True,200.20500000000004,0.3713899999999998,60.410000000000004,15.0,6.0,0.0,5.0,2.0,2.0,3.0,AGARAC_FSR
qmof-0b3d138,False,,,,,,,,,,,AGIJUW_FSR
qmof-5718ab1,False,,,,,,,,,,,AGIKAD_FSR
qmof-07ae0e9,False,,,,,,,,,,,AGONIT_FSR
qmof-d4b91fb,True,316.368,2.3187800000000003,59.400000000000006,24.0,6.0,0.0,4.0,5.0,2.0,4.0,ALIVEX_FSR
qmof-1fbe13e,True,216.26899999999998,2.1194999999999995,35.64,15.0,5.0,0.0,5.0,2.0,3.0,3.0,HUBSUU_FSR
qmof-f8f63d1,True,210.121,-4.068699999999999,133.27999999999997,15.0,7.0,0.0,7.0,1.0,1.0,1.0,HUCLIB_FSR
qmof-862da56,True,283.215,-1.5558999999999994,120.38999999999999,21.0,6.0,0.0,6.0,4.0,2.0,2.0,HOXSIY_FSR
qmof-5c226cb,False,,,,,,,,,,,AKECAW_FSR
qmof-002580c,True,164.11599999999996,-1.5864000000000003,80.25999999999999,12.0,4.0,0.0,4.0,2.0,1.0,1.0,AKUWIO_FSR
qmof-7c5f404,True,66.043,-0.44704000000000005,61.68,5.0,3.0,0.0,2.0,0.0,0.0,0.0,ALAJEE_FSR
qmof-7bcba44,True,199.07799999999995,-0.2705000000000004,97.0,13.0,6.0,0.0,3.0,2.0,1.0,1.0,ALIDAB_FSR
qmof-c80d5aa,True,480.5400000000002,1.7751899999999996,121.83000000000001,36.0,12.0,0.0,11.0,8.0,5.0,6.0,YEGMEE_FSR
qmof-6549231,True,178.19900000000004,-0.34921000000000046,60.410000000000004,13.0,6.0,0.0,5.0,4.0,1.0,2.0,YEHBAQ_FSR
qmof-27089ba,True,403.3220000000001,-0.1907000000000001,157.69,30.0,8.0,1.0,7.0,6.0,3.0,3.0,YEJDAV_FSR
qmof-78fa3cf,True,190.14499999999998,0.7855900000000001,118.94999999999999,15.0,5.0,0.0,5.0,0.0,0.0,1.0,YIFKAC_FSR
qmof-a4a3887,True,374.35600000000005,0.47159999999999935,115.89999999999999,28.0,8.0,0.0,8.0,4.0,4.0,4.0,YERGAG_FSR
qmof-dbfc0f0,True,150.15699999999998,-0.23590000000000044,53.019999999999996,11.0,3.0,0.0,3.0,3.0,1.0,1.0,YEVFOV_FSR
qmof-2b037bc,False,,,,,,,,,,,YIKJOU_FSR
qmof-5c0fddb,True,238.15099999999995,-2.123,126.79000000000002,17.0,7.0,1.0,6.0,5.0,1.0,1.0,AJIQER_FSR
qmof-066cd86,True,195.12999999999994,-3.0383000000000004,102.25999999999999,14.0,6.0,0.0,6.0,3.0,1.0,1.0,HIQYOW_FSR
qmof-14b170b,True,42.021,-1.4418000000000002,58.7,3.0,3.0,0.0,0.0,0.0,0.0,0.0,HISLEB_FSR
qmof-8b31c3e,True,467.7690000000003,8.388320000000006,3.24,31.0,4.0,0.0,4.0,9.0,3.0,3.0,HITQOR_FSR
qmof-8dd5b92,True,206.185,-1.4514999999999987,109.75,15.0,7.0,1.0,7.0,3.0,2.0,2.0,HOYZIG_FSR
qmof-19fe011,True,206.185,-1.9028099999999988,110.42999999999999,15.0,7.0,1.0,6.0,3.0,1.0,2.0,HOZBOP_FSR
qmof-b23782e,True,215.232,0.8997999999999997,65.91,16.0,4.0,0.0,4.0,1.0,2.0,2.0,ALUPUS01_FSR
qmof-4d9f4e8,True,215.232,0.8997999999999997,65.91,16.0,4.0,0.0,4.0,1.0,2.0,2.0,ALUPUS02_FSR
qmof-a97dbc4,True,165.10399999999996,-2.1914,93.15,12.0,5.0,0.0,5.0,2.0,1.0,1.0,AMAJUU_FSR
qmof-c605c0a,True,114.05599999999998,-2.9576000000000002,80.25999999999999,8.0,4.0,0.0,4.0,2.0,0.0,0.0,AMAQAG02_FSR
qmof-52acdcc,False,,,,,,,,,,,YATMUD_FSR
qmof-e823200,True,301.896,1.0272000000000001,80.25999999999999,16.0,8.0,0.0,4.0,2.0,1.0,1.0,YAVKOX_FSR
qmof-a0936dc,False,,,,,,,,,,,YEJDEY_FSR
qmof-468de1c,True,136.098,-1.0745100000000003,89.66999999999999,10.0,7.0,1.0,5.0,1.0,0.0,2.0,YEJMIM_FSR
qmof-542c87d,True,130.099,-2.343499999999999,80.25999999999999,9.0,4.0,0.0,4.0,4.0,0.0,0.0,YEDFIZ_FSR
qmof-d520b05,True,346.39000000000004,2.3366,83.98,26.0,6.0,2.0,4.0,6.0,3.0,3.0,YEDZOY_FSR
qmof-875c095,True,316.368,2.3187800000000003,59.400000000000006,24.0,6.0,0.0,4.0,5.0,2.0,4.0,ALITUL_FSR
qmof-d5014d8,True,389.1940000000001,1.8639999999999997,106.03999999999999,26.0,8.0,0.0,6.0,3.0,3.0,3.0,ANEQUH_FSR
qmof-553120e,True,172.163,0.5982999999999999,53.019999999999996,13.0,3.0,0.0,3.0,1.0,2.0,2.0,XUXRUD01_FSR
qmof-b46f474,True,300.32500000000005,2.7863000000000007,69.38,23.0,6.0,0.0,6.0,3.0,4.0,4.0,XUYDEB_FSR
qmof-a668ff8,True,334.71100000000007,1.0129999999999995,98.72,23.0,7.0,0.0,6.0,6.0,2.0,2.0,AMUDUJ_FSR
qmof-eca8b2e,True,204.153,-1.475,136.82,15.0,9.0,0.0,4.0,1.0,1.0,2.0,AMULEB_FSR
qmof-cfb8591,True,556.8190000000001,-0.19039999999999968,106.27999999999999,16.0,8.0,1.0,5.0,2.0,1.0,1.0,HULFOL_FSR
qmof-60cc485,True,556.8190000000001,-0.19039999999999968,106.27999999999999,16.0,8.0,1.0,5.0,2.0,1.0,1.0,HULGAY_FSR
qmof-d5c670c,False,,,,,,,,,,,HUQZEA_FSR
qmof-cf063a9,True,203.221,-0.21240000000000003,81.94,15.0,4.0,2.0,3.0,3.0,2.0,2.0,HUHCOD01_FSR
qmof-e35f0f3,False,,,,,,,,,,,YAYMUJ_FSR
qmof-9ba12e9,False,,,,,,,,,,,YAYNEU01_FSR
qmof-eb03a86,True,207.11699999999993,-3.2229,120.38999999999999,15.0,6.0,0.0,6.0,3.0,1.0,1.0,YAMJAY_FSR
qmof-e0800cd,True,151.09300000000002,-0.9116,114.38999999999999,11.0,9.0,1.0,7.0,0.0,0.0,2.0,YAQFUT_FSR
qmof-33dcd2c,True,190.23100000000002,1.4177999999999997,51.56,13.0,5.0,0.0,5.0,2.0,2.0,2.0,YASJUZ_FSR
qmof-294c6fc,True,136.12999999999994,-0.3677000000000001,66.14999999999999,10.0,3.0,1.0,3.0,1.0,1.0,1.0,AMBZAG10_FSR
qmof-1c5e8ac,True,138.10199999999998,-1.2616000000000005,72.99,10.0,4.0,1.0,3.0,1.0,1.0,1.0,HUJHEA_FSR
qmof-734b468,True,188.255,2.6278000000000006,25.78,13.0,3.0,0.0,3.0,2.0,2.0,2.0,HUTTAR_FSR
qmof-65a318d,False,,,,,,,,,,,HIPVIM01_FSR
qmof-99ec9c2,True,292.338,3.6346000000000016,44.24,22.0,4.0,0.0,4.0,6.0,3.0,3.0,HIPZEM_FSR
qmof-58707d8,True,292.338,3.6346000000000016,44.24,22.0,4.0,0.0,4.0,6.0,3.0,3.0,HIQJEX_FSR
qmof-1b50519,True,256.21299999999997,0.20589999999999975,89.49000000000001,19.0,5.0,0.0,5.0,4.0,2.0,2.0,HIQVOT_FSR
qmof-726afcd,True,166.11199999999994,-0.04170000000000018,83.26999999999998,12.0,5.0,0.0,4.0,2.0,1.0,1.0,HIQXEM_FSR
qmof-fd19c90,True,314.257,-1.0810000000000004,157.85,23.0,9.0,3.0,7.0,3.0,3.0,3.0,HUKYAP_FSR
qmof-14f3975,False,,,,,,,,,,,XUYWOF_FSR
qmof-3bfaa7a,True,170.14499999999995,-1.5249000000000001,80.25999999999999,11.0,5.0,0.0,5.0,2.0,1.0,1.0,YABPEY_FSR
qmof-3f0e645,False,,,,,,,,,,,YADHUH01_FSR
qmof-c4d5761,True,116.07199999999999,-2.733599999999999,80.25999999999999,8.0,4.0,0.0,4.0,3.0,0.0,0.0,XUPBOA_FSR
qmof-873a982,True,365.69399999999996,-2.76431,83.5,13.0,6.0,0.0,5.0,2.0,0.0,1.0,ANABIB_FSR
qmof-136a607,True,223.18899999999996,-1.5264200000000003,116.94,15.0,7.0,0.0,6.0,2.0,1.0,1.0,ANABOH_FSR
qmof-0ac7a90,True,223.18899999999996,-1.5264200000000003,116.94,15.0,7.0,0.0,6.0,2.0,1.0,1.0,ANABUN_FSR
qmof-1814167,True,482.47200000000015,0.8926000000000007,159.05999999999995,36.0,9.0,0.0,9.0,8.0,4.0,4.0,ANAFAY_FSR
qmof-8eba52e,True,516.4890000000001,1.6496999999999997,159.05999999999995,39.0,9.0,0.0,9.0,6.0,5.0,5.0,ANAGAZ_FSR
qmof-f5a6ccc,True,209.11299999999994,-1.6782000000000001,123.39999999999998,15.0,7.0,0.0,6.0,3.0,1.0,1.0,XORKIZ_FSR
qmof-02909bf,True,324.353,-1.0750999999999973,123.63,23.0,7.0,1.0,6.0,9.0,1.0,1.0,XOSTEF_FSR
qmof-b7abf3d,True,80.08999999999999,0.4765999999999999,25.78,6.0,2.0,0.0,2.0,0.0,1.0,1.0,HIJBIN_FSR
qmof-7972915,True,450.4540000000001,2.1385999999999994,115.89999999999999,34.0,8.0,0.0,8.0,5.0,5.0,5.0,HIKDIQ01_FSR
qmof-4605ac8,True,293.329,4.527060000000002,52.51,23.0,3.0,0.0,3.0,1.0,4.0,4.0,HILJES_FSR
qmof-108b337,True,164.11599999999996,-1.5864000000000003,80.25999999999999,12.0,4.0,0.0,4.0,2.0,1.0,1.0,HINPEB_FSR
qmof-9afa0ab,True,405.41,0.20860000000000123,135.14000000000001,30.0,8.0,1.0,7.0,7.0,3.0,3.0,HUTKIS_FSR
qmof-2ad0ab2,True,180.09499999999997,-2.0476,113.05000000000001,13.0,6.0,0.0,5.0,2.0,1.0,1.0,HUTQET_FSR
qmof-56adeb8,True,180.09499999999997,-2.0476,113.05000000000001,13.0,6.0,0.0,5.0,2.0,1.0,1.0,HUTQOD_FSR
qmof-6519b6a,True,180.09499999999997,-2.0476,113.05000000000001,13.0,6.0,0.0,5.0,2.0,1.0,1.0,HUTRUK_FSR
qmof-6b9c221,True,214.17599999999996,-0.43320000000000025,80.25999999999999,16.0,4.0,0.0,4.0,2.0,2.0,2.0,APAXEV_FSR
qmof-ff5ca2c,True,164.11599999999996,-1.5864000000000003,80.25999999999999,12.0,4.0,0.0,4.0,2.0,1.0,1.0,XUDSEU_FSR
qmof-268b6d8,False,,,,,,,,,,,XUHGOX_FSR
qmof-f91eaa7,False,,,,,,,,,,,ANESES_FSR
qmof-f441841,False,,,,,,,,,,,ANIQOE_FSR
qmof-9437b91,True,180.09499999999997,-2.0476,113.05000000000001,13.0,6.0,0.0,5.0,2.0,1.0,1.0,HUTSAR_FSR
qmof-ea8d537,True,744.6640000000002,1.7511999999999988,228.79999999999998,56.0,12.0,0.0,12.0,12.0,6.0,6.0,HIGWUR_FSR
qmof-2c0c22d,True,372.3320000000001,0.8755999999999996,114.4,28.0,6.0,0.0,6.0,6.0,3.0,3.0,HIGXAY_FSR
qmof-836779c,True,372.3320000000001,0.8755999999999996,114.4,28.0,6.0,0.0,6.0,6.0,3.0,3.0,HIGXEC_FSR
qmof-3fbb501,True,372.3320000000001,0.8755999999999996,114.4,28.0,6.0,0.0,6.0,6.0,3.0,3.0,HIGXOM_FSR
qmof-93977b0,True,88.01799999999999,-3.5138000000000003,80.25999999999999,6.0,4.0,0.0,4.0,0.0,0.0,0.0,HIHLUH_FSR
qmof-759df97,True,542.4600000000003,0.7985999999999989,221.76999999999998,40.0,13.0,4.0,10.0,7.0,4.0,4.0,HUVWEC_FSR
qmof-e6bee8a,True,387.355,0.34229999999999944,147.61,29.0,9.0,1.0,8.0,4.0,4.0,4.0,HUZPAU_FSR
qmof-f16d368,True,237.14299999999994,-3.4577,129.62,17.0,7.0,0.0,7.0,5.0,1.0,1.0,APETAS_FSR
qmof-3f97eed,True,252.27,-1.9023999999999968,132.29999999999998,18.0,6.0,2.0,6.0,5.0,1.0,1.0,APIXIH_FSR
qmof-679bb6b,True,136.13,-0.36770000000000014,66.15,10.0,3.0,1.0,3.0,1.0,1.0,1.0,AQAWAQ01_FSR
qmof-8499bb2,True,185.23000000000002,2.0887,37.81,14.0,3.0,1.0,3.0,3.0,2.0,2.0,AQEGEK_FSR
qmof-5a32162,True,331.21599999999995,-2.2330999999999985,176.41999999999996,24.0,10.0,0.0,9.0,4.0,2.0,2.0,XOLYEE_FSR
qmof-eab35b3,True,214.17599999999996,-0.43320000000000025,80.25999999999999,16.0,4.0,0.0,4.0,2.0,2.0,2.0,XOLZUT_FSR
qmof-bb23621,True,490.5160000000002,0.6103999999999994,164.24,36.0,10.0,2.0,8.0,11.0,3.0,3.0,XOQHIW_FSR
qmof-b16a2c3,False,,,,,,,,,,,XUBZEB_FSR
qmof-e651072,True,209.11299999999994,-1.6782000000000001,123.39999999999998,15.0,7.0,0.0,6.0,3.0,1.0,1.0,XORKAR_FSR
qmof-63e0a61,False,,,,,,,,,,,XOCLOT_FSR
qmof-391f176,True,251.15800000000004,2.5296000000000003,102.55,17.0,7.0,0.0,3.0,1.0,2.0,2.0,XODRIR_FSR
qmof-d54da7b,True,295.106,1.2875999999999996,113.97999999999999,17.0,7.0,0.0,2.0,1.0,2.0,2.0,XODROX_FSR
qmof-efdf0a7,True,374.35600000000005,0.8803999999999996,137.62,28.0,8.0,2.0,6.0,4.0,4.0,4.0,XOHBUT_FSR
qmof-c3317f7,False,,,,,,,,,,,HICJAE_FSR
qmof-483be7f,True,80.08999999999999,0.4765999999999999,25.78,6.0,2.0,0.0,2.0,0.0,1.0,1.0,HIFVAV_FSR
qmof-f1d2550,False,,,,,,,,,,,IBAGOI01_FSR
qmof-564a4e1,True,223.239,0.8835899999999999,64.27000000000001,17.0,5.0,1.0,4.0,2.0,2.0,3.0,IBATOX_FSR
qmof-32c8f96,False,,,,,,,,,,,AQEHAG_FSR
qmof-6504d94,True,185.23000000000002,2.0887,37.81,14.0,3.0,1.0,3.0,3.0,2.0,2.0,AQEHAH_FSR
qmof-e29dfd2,True,112.03999999999999,-1.7236000000000002,68.28,8.0,4.0,0.0,4.0,0.0,0.0,1.0,AQEKUD_FSR
qmof-a8cfc39,False,,,,,,,,,,,AQIPUM_FSR
qmof-af041e2,True,208.12499999999994,-1.8881999999999997,117.56,15.0,6.0,1.0,5.0,3.0,1.0,1.0,XOHTOE02_FSR
qmof-dfb5bc0,True,152.202,1.45,49.57,10.0,4.0,0.0,3.0,0.0,1.0,1.0,HIGGUB_FSR
qmof-8f79859,True,156.18799999999996,2.1435999999999993,25.78,12.0,2.0,0.0,2.0,1.0,2.0,2.0,HIGMIU_FSR
qmof-0954b37,True,372.3320000000001,0.8755999999999996,114.4,28.0,6.0,0.0,6.0,6.0,3.0,3.0,HIGWOL_FSR
qmof-c0f13ca,True,392.264,1.1135999999999995,106.03999999999999,28.0,10.0,0.0,6.0,3.0,3.0,3.0,ARUTEO_FSR
qmof-3029056,True,440.3680000000003,-3.299399999999997,196.16,32.0,12.0,0.0,12.0,9.0,3.0,3.0,ASACUT_FSR
qmof-814ffa4,True,224.223,2.1936,64.7,17.0,5.0,0.0,5.0,2.0,3.0,3.0,XILLIN_FSR
qmof-e8b1a76,True,164.11599999999996,-1.5864000000000003,80.25999999999999,12.0,4.0,0.0,4.0,2.0,1.0,1.0,XILQEP_FSR
qmof-e6da489,True,94.97,0.3859999999999999,76.77,5.0,5.0,0.0,1.0,0.0,0.0,0.0,XIWSIF02_FSR
qmof-4c3897e,True,192.96399999999997,-0.5426000000000002,154.53,10.0,10.0,3.0,2.0,0.0,0.0,0.0,AREQUJ_FSR
qmof-44e748a,True,211.109,-4.673699999999999,146.16999999999996,15.0,8.0,0.0,8.0,1.0,1.0,1.0,IBUBOY_FSR
qmof-dd76d21,False,,,,,,,,,,,AQOXAG_FSR
qmof-b46d9f5,False,,,,,,,,,,,AQUQAF_FSR
qmof-9977307,True,127.083,-2.577,83.73,9.0,6.0,0.0,6.0,2.0,1.0,1.0,AQUWAM_FSR
qmof-e54c960,True,342.3150000000001,-1.6264999999999983,141.68,25.0,10.0,0.0,10.0,6.0,3.0,3.0,ARACED_FSR
qmof-3c96780,True,172.16299999999998,0.5982999999999998,53.019999999999996,13.0,3.0,0.0,3.0,1.0,2.0,2.0,ARAJUA01_FSR
qmof-60d01a8,False,,,,,,,,,,,XIVKES_FSR
qmof-815fc2b,False,,,,,,,,,,,XOJZAY_FSR
qmof-32e7ef1,False,,,,,,,,,,,XOKVUP_FSR
qmof-a6a5732,True,283.215,-1.5558999999999994,120.38999999999999,21.0,6.0,0.0,6.0,4.0,2.0,2.0,XOLFAH_FSR
qmof-680cf33,False,,,,,,,,,,,XESJAG_FSR
qmof-af77375,True,108.231,1.6699,0.0,5.0,2.0,0.0,2.0,2.0,0.0,0.0,XETREU_FSR
qmof-e50605b,False,,,,,,,,,,,XEWRUO_FSR
qmof-ffe1312,True,245.283,1.1323999999999999,65.91,17.0,5.0,0.0,5.0,4.0,2.0,2.0,ASATUK_FSR
qmof-7edffdc,True,264.62399999999997,-0.5429000000000004,108.94,18.0,7.0,1.0,5.0,3.0,2.0,2.0,ASELAN_FSR
qmof-7978af6,True,324.165,1.7401999999999989,114.39999999999999,21.0,8.0,2.0,2.0,2.0,2.0,3.0,XEYSAY_FSR
qmof-d1115ca,True,88.01799999999999,-3.5138000000000003,80.25999999999999,6.0,4.0,0.0,4.0,0.0,0.0,0.0,XEYWUU_FSR
qmof-1f4857d,True,283.23900000000003,-0.3341000000000003,109.36000000000001,21.0,6.0,1.0,5.0,4.0,2.0,2.0,XEZMIA_FSR
qmof-74a7ec8,True,190.18200000000004,-0.4287000000000005,70.84,14.0,5.0,0.0,5.0,3.0,2.0,2.0,IDIFUY_FSR
qmof-671a0bb,True,101.134,0.4672899999999999,44.47,6.0,4.0,2.0,2.0,0.0,1.0,1.0,XINDUV_FSR
qmof-4d39b28,True,195.12999999999994,-3.0383000000000004,102.25999999999999,14.0,6.0,0.0,6.0,3.0,1.0,1.0,XIDKOM_FSR
qmof-35fb0ca,True,188.18999999999997,1.12606,94.47,14.0,5.0,0.0,3.0,1.0,1.0,1.0,XIFXEQ_FSR
qmof-961d8a7,True,257.142,-2.6347000000000005,207.30999999999997,18.0,12.0,3.0,11.0,2.0,2.0,2.0,XIHLOR_FSR
qmof-beb7ad4,True,224.223,2.1936,64.7,17.0,5.0,0.0,5.0,2.0,3.0,3.0,ASAFEF_FSR
qmof-2943f96,False,,,,,,,,,,,AROTAD_FSR
qmof-b3bf417,True,574.5490000000002,3.187100000000001,173.47,43.0,11.0,2.0,9.0,8.0,5.0,5.0,ARUBIA_FSR
qmof-b44d887,True,112.03999999999999,-1.7236000000000002,68.28,8.0,4.0,0.0,4.0,0.0,0.0,1.0,ATOMIF_FSR
qmof-10947da,True,574.5490000000002,3.187100000000001,173.47,43.0,11.0,2.0,9.0,8.0,5.0,5.0,AVATEY01_FSR
qmof-401a2c2,True,574.5490000000002,3.187100000000001,173.47,43.0,11.0,2.0,9.0,8.0,5.0,5.0,AVAVOK_FSR
qmof-0b68b0b,True,250.18599999999995,-3.643699999999999,123.63,18.0,7.0,0.0,7.0,6.0,1.0,1.0,IFAWUK_FSR
qmof-c654764,True,114.05599999999998,-2.9576000000000002,80.25999999999999,8.0,4.0,0.0,4.0,2.0,0.0,0.0,HEXNEE_FSR
qmof-65f7424,True,303.59000000000003,-1.4958000000000002,214.34,20.0,11.0,1.0,5.0,2.0,2.0,2.0,HIBQEQ_FSR
qmof-e603508,False,,,,,,,,,,,XENCUO_FSR
qmof-57d5556,True,142.10199999999998,-2.3251,130.85,10.0,8.0,2.0,5.0,2.0,1.0,1.0,XENREO_FSR
qmof-7f04d5c,True,216.309,2.910000000000001,25.78,15.0,3.0,0.0,3.0,4.0,2.0,2.0,XENTIW_FSR
qmof-27a2b4b,True,373.2850000000001,-2.108399999999998,184.81999999999994,27.0,13.0,0.0,12.0,6.0,3.0,3.0,XEPCIG_FSR
qmof-a83d179,True,150.15699999999998,-0.23590000000000044,53.019999999999996,11.0,3.0,0.0,3.0,3.0,1.0,1.0,XEPJAE_FSR
qmof-365cf98,True,479.7000000000001,1.4636,80.25999999999999,16.0,8.0,0.0,4.0,2.0,1.0,1.0,XEPZUP_FSR
qmof-4975eb9,True,136.12999999999994,-0.3677000000000001,66.14999999999999,10.0,3.0,1.0,3.0,1.0,1.0,1.0,XEQMUB01_FSR
qmof-e84c5c9,True,304.34800000000007,1.2129999999999996,80.25999999999999,20.0,6.0,0.0,6.0,5.0,2.0,2.0,ASUBIZ_FSR
qmof-c36c401,True,400.35400000000016,1.3459799999999997,154.42,30.0,10.0,0.0,10.0,2.0,1.0,5.0,ATEHEO_FSR
qmof-285d109,True,211.20800000000003,1.8351899999999997,79.17999999999999,16.0,6.0,1.0,5.0,2.0,2.0,3.0,ATERAU_FSR
qmof-48a32b2,True,369.38100000000014,-0.44419999999999904,141.92,27.0,9.0,1.0,9.0,7.0,3.0,3.0,XAXBUV_FSR
qmof-9d1bb2b,True,194.18599999999998,1.2597999999999998,52.60000000000001,14.0,4.0,0.0,4.0,2.0,1.0,1.0,AVIRUT_FSR
qmof-ec81e8a,True,240.21399999999997,0.08059999999999978,80.25999999999999,18.0,4.0,0.0,4.0,3.0,2.0,2.0,AVOMUU01_FSR
qmof-60464fc,True,164.11599999999996,-1.5864000000000003,80.25999999999999,12.0,4.0,0.0,4.0,2.0,1.0,1.0,XAYKAK_FSR
qmof-7ff20e1,True,127.934,-0.45999999999999996,40.129999999999995,6.0,4.0,0.0,2.0,1.0,0.0,0.0,IDUQAA_FSR
qmof-5613eb5,True,250.18599999999995,-3.643699999999999,123.63,18.0,7.0,0.0,7.0,6.0,1.0,1.0,IFAWEU_FSR
qmof-4e1d408,True,250.18599999999995,-3.643699999999999,123.63,18.0,7.0,0.0,7.0,6.0,1.0,1.0,IFAWOE_FSR
qmof-61d7076,False,,,,,,,,,,,XEJDIC_FSR
qmof-cf14ce7,True,243.17199999999994,-1.3864,139.95999999999998,16.0,8.0,0.0,4.0,3.0,1.0,1.0,XEKCUN_FSR
qmof-62f1dcc,True,252.13399999999996,-2.1899999999999995,154.85999999999999,18.0,8.0,2.0,6.0,4.0,1.0,1.0,XECPEC_FSR
qmof-957e074,False,,,,,,,,,,,XECYUC_FSR
qmof-fef0729,True,181.23999999999998,1.60182,50.73,12.0,4.0,0.0,2.0,0.0,1.0,1.0,XEMLAD_FSR
qmof-6a08cb9,True,321.292,-0.04780000000000073,118.93,24.0,7.0,0.0,7.0,3.0,3.0,3.0,ATEYAZ_FSR
qmof-50cbb92,True,350.4030000000001,2.8908000000000005,69.78,25.0,7.0,0.0,6.0,4.0,4.0,4.0,ATIDOY_FSR
qmof-01edd7e,True,228.21099999999996,1.1601599999999999,103.17,17.0,6.0,0.0,4.0,1.0,1.0,2.0,ATOGIZ_FSR
qmof-7505ece,True,328.36800000000005,0.9703999999999997,106.03999999999999,24.0,6.0,0.0,6.0,8.0,2.0,2.0,ATOKOK_FSR
qmof-fd6ecf5,True,166.11199999999997,-0.04170000000000007,83.27,12.0,5.0,0.0,4.0,2.0,1.0,1.0,IGETEU01_FSR
qmof-885c941,True,250.18599999999995,-3.643699999999999,123.63,18.0,7.0,0.0,7.0,6.0,1.0,1.0,IFAXAR_FSR
qmof-e8fab14,True,250.18599999999995,-3.643699999999999,123.63,18.0,7.0,0.0,7.0,6.0,1.0,1.0,IFAXIZ_FSR
qmof-af84707,True,250.18599999999995,-3.643699999999999,123.63,18.0,7.0,0.0,7.0,6.0,1.0,1.0,IFAXOF_FSR
qmof-e4f16d1,True,250.18599999999995,-3.643699999999999,123.63,18.0,7.0,0.0,7.0,6.0,1.0,1.0,IFAXUL_FSR
qmof-7875743,True,250.18599999999995,-3.643699999999999,123.63,18.0,7.0,0.0,7.0,6.0,1.0,1.0,IFAYAS_FSR
qmof-81022c0,True,317.3140000000001,-1.7918999999999978,157.69,22.0,8.0,1.0,7.0,12.0,0.0,0.0,AVUXIY_FSR
qmof-176cc4f,True,317.3140000000001,-1.7918999999999978,157.69,22.0,8.0,1.0,7.0,12.0,0.0,0.0,AVUXOE_FSR
qmof-a740fb7,True,26.018,0.09637,23.79,2.0,1.0,0.0,1.0,0.0,0.0,0.0,AWEBIP_FSR
qmof-1817e88,True,253.27699999999996,2.0663999999999993,57.2,19.0,3.0,0.0,3.0,5.0,2.0,2.0,AWECUB01_FSR
qmof-0e90765,False,,,,,,,,,,,XAJMAY_FSR
qmof-88c8be3,True,94.006,0.6702999999999999,56.87,5.0,4.0,0.0,1.0,0.0,0.0,0.0,XAKYAK_FSR
qmof-2568bd1,True,228.20799999999997,-4.533599999999996,93.22,16.0,8.0,0.0,8.0,0.0,0.0,4.0,XAZFAF_FSR
qmof-0c41100,True,66.043,-0.44704000000000005,61.68,5.0,3.0,0.0,2.0,0.0,0.0,0.0,XAZFEM_FSR
qmof-2aef363,True,112.03999999999998,-3.5104,80.25999999999999,8.0,4.0,0.0,4.0,0.0,0.0,0.0,XECFUI_FSR
qmof-46d960b,False,,,,,,,,,,,XECGET_FSR
qmof-facfaac,True,286.286,3.2398000000000016,119.4,18.0,8.0,0.0,0.0,2.0,2.0,2.0,XAFLIB_FSR
qmof-f021373,False,,,,,,,,,,,XAFSEF_FSR
qmof-69adfc8,True,434.3120000000002,-1.2748000000000004,178.98,32.0,10.0,0.0,10.0,8.0,3.0,3.0,XAFSIJ_FSR
qmof-2b2bdaa,True,136.241,0.7847999999999999,20.23,7.0,3.0,1.0,3.0,1.0,0.0,1.0,HESLUN_FSR
qmof-5b8501f,True,275.109,-0.2835,180.22,18.0,10.0,2.0,5.0,2.0,1.0,1.0,HESWAG02_FSR
qmof-80aae80,False,,,,,,,,,,,XAMWIR_FSR
qmof-a5842a4,False,,,,,,,,,,,XANFOK_FSR
qmof-09a2292,True,274.228,-0.9028000000000003,98.72,20.0,6.0,0.0,6.0,6.0,2.0,2.0,XAGQAZ_FSR
qmof-85aeb56,True,274.228,-0.9028000000000003,98.72,20.0,6.0,0.0,6.0,6.0,2.0,2.0,XAGQED_FSR
qmof-0d3e46d,True,300.2660000000001,-0.38900000000000046,98.72,22.0,6.0,0.0,6.0,7.0,2.0,2.0,XAGRAA_FSR
qmof-b8692be,True,344.32200000000006,3.164800000000001,159.85999999999999,22.0,10.0,2.0,2.0,3.0,2.0,2.0,XAHFEU_FSR
qmof-ee04670,True,42.021,-1.4418000000000002,58.7,3.0,3.0,0.0,0.0,0.0,0.0,0.0,XAHGUK_FSR
qmof-9d5b9ef,True,164.11599999999996,-1.5864000000000003,80.25999999999999,12.0,4.0,0.0,4.0,2.0,1.0,1.0,XAHKOH_FSR
qmof-c585aa5,True,196.13799999999995,-1.7035999999999998,99.42999999999999,14.0,6.0,1.0,5.0,3.0,1.0,1.0,IFUJUQ_FSR
qmof-3bb4061,True,365.3450000000001,-0.6911999999999983,132.98,27.0,8.0,0.0,7.0,5.0,3.0,3.0,IFUKAW_FSR
qmof-37488ee,False,,,,,,,,,,,IGEFIJ_FSR
qmof-faff604,True,158.153,-1.563299999999999,80.25999999999999,11.0,4.0,0.0,4.0,6.0,0.0,0.0,IGIDUX_FSR
qmof-0571636,True,214.17599999999996,-0.43320000000000025,80.25999999999999,16.0,4.0,0.0,4.0,2.0,2.0,2.0,IGIWUS_FSR
qmof-66615cb,True,376.5430000000001,4.6410000000000045,27.69,25.0,5.0,0.0,5.0,0.0,2.0,3.0,IGOBOW_FSR
qmof-97bc069,True,225.20399999999992,-2.284699999999999,132.06,16.0,7.0,1.0,7.0,4.0,1.0,1.0,IGUHAU_FSR
qmof-9e0108e,False,,,,,,,,,,,IGUQUX_FSR
qmof-d4ea77a,True,127.934,-0.45999999999999996,40.129999999999995,6.0,4.0,0.0,2.0,1.0,0.0,0.0,HESHET_FSR
qmof-cbce3c5,True,252.06499999999997,2.3547000000000007,79.92999999999999,12.0,6.0,1.0,1.0,1.0,1.0,1.0,AWEHIU_FSR
qmof-8e6a68f,True,164.11599999999996,-1.5864000000000003,80.25999999999999,12.0,4.0,0.0,4.0,2.0,1.0,1.0,AWEVUU_FSR
qmof-a61cced,True,334.71100000000007,1.0129999999999995,98.72,23.0,7.0,0.0,6.0,6.0,2.0,2.0,AWIBOZ_FSR
qmof-e169936,True,209.11299999999994,-1.6782000000000001,123.39999999999998,15.0,7.0,0.0,6.0,3.0,1.0,1.0,AWIZIP_FSR
qmof-cff9a36,True,164.11599999999996,-1.5864000000000003,80.25999999999999,12.0,4.0,0.0,4.0,2.0,1.0,1.0,AWODOG_FSR
qmof-7e8b44a,True,242.18999999999997,-1.1294000000000002,106.03999999999999,18.0,6.0,0.0,6.0,3.0,2.0,2.0,WUYFAY_FSR
qmof-0334ecb,True,318.336,2.981200000000001,83.98,24.0,6.0,2.0,4.0,4.0,3.0,3.0,WUYGON_FSR
qmof-ab57f22,True,532.4650000000004,-2.3959999999999955,205.39,39.0,13.0,0.0,13.0,11.0,4.0,4.0,XAJLUR_FSR
qmof-e1d3c58,False,,,,,,,,,,,XACTUR_FSR
qmof-3a332f2,True,187.09099999999998,0.8741000000000001,83.81,12.0,6.0,0.0,2.0,2.0,1.0,1.0,XADSEC_FSR
qmof-a4420e2,True,182.08699999999996,-2.6331999999999995,110.47,13.0,6.0,0.0,6.0,2.0,1.0,1.0,IJEDEH_FSR
qmof-b65c1f5,False,,,,,,,,,,,IJEKIS_FSR
qmof-9a7a487,True,210.12099999999995,-3.8252999999999995,133.28,15.0,7.0,0.0,7.0,2.0,1.0,1.0,IJEZEE_FSR
qmof-0aec630,True,230.33700000000002,4.0463900000000015,12.89,15.0,3.0,0.0,3.0,2.0,2.0,3.0,IHANIP_FSR
qmof-b365b41,True,66.043,-0.44704000000000005,61.68,5.0,3.0,0.0,2.0,0.0,0.0,0.0,IHAWAP_FSR
qmof-05a5129,False,,,,,,,,,,,IHINOC_FSR
qmof-3caf24b,True,132.126,0.16345999999999994,65.4,10.0,4.0,0.0,4.0,0.0,1.0,1.0,HENREA_FSR
qmof-7d59b75,False,,,,,,,,,,,WUYKEG_FSR
qmof-40df476,True,149.245,0.412,26.130000000000003,7.0,5.0,1.0,3.0,0.0,0.0,1.0,WUYWIX_FSR
qmof-5c8c5aa,True,130.099,-2.343499999999999,80.25999999999999,9.0,4.0,0.0,4.0,4.0,0.0,0.0,WUZWAQ_FSR
qmof-1234f76,True,143.14700000000002,-1.2784100000000003,58.2,9.0,5.0,2.0,3.0,0.0,0.0,1.0,WUZYUM_FSR
qmof-7de7cfe,True,139.134,-0.8060000000000007,57.949999999999996,10.0,4.0,0.0,4.0,2.0,1.0,1.0,WUWVIU_FSR
qmof-d1fd423,True,110.092,0.23439999999999983,46.03,8.0,3.0,0.0,2.0,0.0,0.0,1.0,WUXCIC_FSR
qmof-e74dbd8,True,311.23699999999997,-1.4630000000000003,157.22,23.0,10.0,0.0,9.0,3.0,2.0,3.0,HEPBUC_FSR
qmof-c97f3de,True,170.164,-1.7073999999999987,80.25999999999999,12.0,4.0,0.0,4.0,2.0,0.0,1.0,HEQLEV_FSR
qmof-4f49da6,True,419.2350000000002,-0.1850000000000016,115.9,26.0,9.0,0.0,8.0,6.0,3.0,3.0,HERPUQ_FSR
qmof-a5364ad,True,166.11199999999994,-0.04170000000000018,83.26999999999998,12.0,5.0,0.0,4.0,2.0,1.0,1.0,WULBIQ_FSR
qmof-7e995b0,True,115.14100000000002,0.6055999999999999,51.18,7.0,5.0,0.0,4.0,0.0,0.0,1.0,WOZYER_FSR
qmof-ffeef76,True,58.085,0.66498,23.79,3.0,2.0,0.0,1.0,0.0,0.0,0.0,WUCLUB_FSR
qmof-a65e183,True,210.12099999999995,-3.8252999999999995,133.28,15.0,7.0,0.0,7.0,2.0,1.0,1.0,IJEZUU_FSR
qmof-f4efbe8,True,210.12099999999995,-3.8252999999999995,133.28,15.0,7.0,0.0,7.0,2.0,1.0,1.0,IJIBEK_FSR
qmof-15285c1,False,,,,,,,,,,,IJIRUP_FSR
qmof-5b89e7e,True,280.276,-0.4955999999999998,98.72,20.0,6.0,0.0,6.0,10.0,1.0,1.0,IJIWAA_FSR
qmof-6e0dd49,True,250.2939999999999,-0.14700000000000024,80.25999999999999,18.0,4.0,0.0,4.0,4.0,0.0,4.0,IHOFOC_FSR
qmof-0336a84,False,,,,,,,,,,,WUXHUT_FSR
qmof-89c9846,True,238.29399999999998,2.1761999999999997,35.64,18.0,4.0,0.0,4.0,4.0,3.0,3.0,AWOYOB_FSR
qmof-9eec513,True,423.22600000000017,1.0676999999999996,249.98999999999998,30.0,16.0,1.0,11.0,6.0,2.0,2.0,AWUBOK_FSR
qmof-863f3a9,True,216.23999999999995,1.2402,43.18000000000001,16.0,4.0,0.0,4.0,2.0,1.0,3.0,AWUCEB_FSR
qmof-e521165,False,,,,,,,,,,,AWUCOL_FSR
qmof-4d20956,True,216.23999999999995,1.2402,43.18000000000001,16.0,4.0,0.0,4.0,2.0,1.0,3.0,AWUDOM_FSR
qmof-cc44e12,True,320.304,0.5571999999999998,106.03999999999999,24.0,6.0,0.0,6.0,3.0,3.0,3.0,AXILOJ01_FSR
qmof-70d836d,True,297.13100000000003,-5.191999999999999,203.65999999999997,21.0,11.0,0.0,10.0,3.0,1.0,1.0,WUKQAW_FSR
qmof-4720334,True,138.10199999999998,-1.2616,72.99,10.0,4.0,1.0,3.0,1.0,1.0,1.0,AYIVIO_FSR
qmof-8336dc4,False,,,,,,,,,,,WOHWAT_FSR
qmof-5e4200a,True,234.16499999999996,-2.1693999999999996,146.92999999999998,15.0,9.0,1.0,5.0,1.0,1.0,1.0,WOMJUE_FSR
qmof-ddb5585,False,,,,,,,,,,,IKOWUA_FSR
qmof-248b9a0,True,164.11599999999996,-1.5864000000000003,80.25999999999999,12.0,4.0,0.0,4.0,2.0,1.0,1.0,HEHPEP_FSR
qmof-981df2d,True,210.12099999999995,-3.8252999999999995,133.28,15.0,7.0,0.0,7.0,2.0,1.0,1.0,IJEZII_FSR
qmof-2c4e323,True,210.12099999999995,-3.8252999999999995,133.28,15.0,7.0,0.0,7.0,2.0,1.0,1.0,IJEZOO_FSR
qmof-2d7d1e7,False,,,,,,,,,,,AXUZIE_FSR
qmof-d3b0421,True,469.32600000000025,-6.962099999999998,178.82,19.0,11.0,0.0,9.0,5.0,0.0,1.0,AYAVAZ_FSR
qmof-07c1136,True,88.15400000000001,-0.3159999999999998,52.04,6.0,2.0,2.0,2.0,3.0,0.0,0.0,WOQJES03_FSR
qmof-bba7eac,True,88.15400000000001,-0.3159999999999998,52.04,6.0,2.0,2.0,2.0,3.0,0.0,0.0,WOQJES04_FSR
qmof-a442a79,True,102.18100000000001,0.07410000000000017,52.04,7.0,2.0,2.0,2.0,4.0,0.0,0.0,WOQJIW03_FSR
qmof-0b092d4,True,146.12499999999997,-0.07822000000000007,63.92,11.0,3.0,0.0,3.0,1.0,1.0,1.0,WOYBAN_FSR
qmof-627639b,True,115.14100000000002,0.6055999999999999,51.18,7.0,5.0,0.0,4.0,0.0,0.0,1.0,WOZPEI_FSR
qmof-387f942,True,129.168,0.9956999999999999,51.18,8.0,5.0,0.0,4.0,1.0,0.0,1.0,WOZPIM03_FSR
qmof-87dd24d,True,129.168,0.9956999999999999,51.18,8.0,5.0,0.0,4.0,1.0,0.0,1.0,WOZPOS_FSR
qmof-0156bfa,True,102.04499999999999,-3.1236999999999995,80.25999999999999,7.0,4.0,0.0,4.0,2.0,0.0,0.0,IKEBUV01_FSR
qmof-40b1636,False,,,,,,,,,,,IKEVOK_FSR
qmof-8612b3f,False,,,,,,,,,,,IKEVUQ_FSR
qmof-95c1284,True,516.4890000000003,1.6496999999999993,159.06,39.0,9.0,0.0,9.0,6.0,5.0,5.0,IKEXON_FSR
qmof-7d82fc9,True,516.4890000000001,1.6497,159.05999999999995,39.0,9.0,0.0,9.0,6.0,5.0,5.0,IKEXUT_FSR
qmof-f2e16cf,True,330.20799999999997,-4.3828,186.29999999999995,24.0,10.0,0.0,10.0,4.0,2.0,2.0,IKEZIH_FSR
qmof-10c5d89,True,184.14699999999996,-2.7201999999999993,89.49,13.0,5.0,0.0,5.0,2.0,0.0,2.0,AZOHON_FSR
qmof-2ab39f5,True,152.17399999999995,0.6064999999999999,40.129999999999995,10.0,3.0,0.0,2.0,1.0,1.0,1.0,AZUCIH_FSR
qmof-673bd4c,True,444.56200000000024,4.6934800000000045,114.60000000000002,30.0,10.0,0.0,8.0,6.0,3.0,3.0,BACMEY_FSR
qmof-1fe6988,True,131.08699999999996,-3.7963999999999993,106.27999999999999,9.0,5.0,1.0,5.0,3.0,0.0,0.0,BACMOH10_FSR
qmof-7cde1ad,False,,,,,,,,,,,BADBOX_FSR
qmof-14a67d5,False,,,,,,,,,,,AZIMAY_FSR
qmof-0644d90,True,179.13099999999997,-2.0042,106.28,13.0,5.0,1.0,5.0,2.0,1.0,1.0,AZIYUE_FSR
qmof-7082d23,True,166.09199999999998,-2.7964,106.03999999999999,12.0,6.0,0.0,6.0,2.0,1.0,1.0,AZNPYD_FSR
qmof-3e6f207,True,144.126,-1.9533999999999987,80.25999999999999,10.0,4.0,0.0,4.0,5.0,0.0,0.0,WODSAK_FSR
qmof-4ec3895,True,112.03999999999999,-1.7236000000000002,68.28,8.0,4.0,0.0,4.0,0.0,0.0,1.0,AYINIF_FSR
qmof-1a947f4,True,346.3380000000001,1.6595999999999997,89.49000000000001,26.0,5.0,0.0,5.0,6.0,3.0,3.0,HEFBOL_FSR
qmof-9b0bbdf,True,66.043,-0.44704000000000005,61.68,5.0,3.0,0.0,2.0,0.0,0.0,0.0,HEFCIF_FSR
qmof-cad88a0,False,,,,,,,,,,,HEFWEV_FSR
qmof-77765c8,True,264.24100000000004,-2.1481999999999974,115.89999999999999,19.0,8.0,0.0,8.0,5.0,2.0,2.0,ILECEI_FSR
qmof-a1ffa2e,False,,,,,,,,,,,WOBGOJ_FSR
qmof-66c5af5,True,248.283,3.630200000000002,71.72999999999999,17.0,5.0,1.0,1.0,3.0,2.0,2.0,WOBNUX_FSR
qmof-cc2b923,False,,,,,,,,,,,WIMLAG_FSR
qmof-8771d16,True,164.11599999999996,-1.5864000000000003,80.25999999999999,12.0,4.0,0.0,4.0,2.0,1.0,1.0,WIMVAQ_FSR
qmof-f0b79f0,True,242.18999999999997,-1.1294000000000002,106.03999999999999,18.0,6.0,0.0,6.0,3.0,2.0,2.0,WIPBED01_FSR
qmof-be62b7d,True,147.121,0.12339999999999998,76.96000000000001,11.0,6.0,0.0,5.0,1.0,1.0,2.0,WIQJEN_FSR
qmof-bf19a2f,True,191.18599999999998,0.3876999999999995,72.38999999999999,14.0,4.0,0.0,3.0,3.0,1.0,1.0,WISZON_FSR
qmof-cabf074,True,219.24,1.0237999999999994,72.38999999999999,16.0,4.0,0.0,3.0,4.0,1.0,1.0,WISZUT01_FSR
qmof-f755bc6,False,,,,,,,,,,,ILIGIU_FSR
qmof-7a4eaf0,True,365.30100000000004,0.4653999999999999,149.17999999999995,27.0,9.0,0.0,8.0,4.0,3.0,3.0,IJUXUG01_FSR
qmof-bff8c89,True,209.11299999999994,-1.6782000000000001,123.39999999999998,15.0,7.0,0.0,6.0,3.0,1.0,1.0,IJUYIV_FSR
qmof-859616a,True,224.13600000000002,0.5084999999999997,87.91000000000001,15.0,7.0,1.0,4.0,2.0,2.0,2.0,IKABIH_FSR
qmof-eace0fc,False,,,,,,,,,,,IMSQNI_FSR
qmof-870b5ae,True,136.114,-0.21640000000000004,91.49,10.0,5.0,0.0,1.0,0.0,1.0,1.0,INAKOZ_FSR
qmof-ff6a634,False,,,,,,,,,,,IMADAC_FSR
qmof-9ed183c,True,66.043,-0.44704000000000005,61.68,5.0,3.0,0.0,2.0,0.0,0.0,0.0,IMAFOS_FSR
qmof-d3192ac,False,,,,,,,,,,,IMAWUO_FSR
qmof-527c09b,True,165.10399999999996,-2.1914,93.15,12.0,5.0,0.0,5.0,2.0,1.0,1.0,IMEBUY_FSR
qmof-a2fa029,True,212.19600000000003,-0.599910000000001,90.2,16.0,7.0,1.0,5.0,2.0,1.0,3.0,WITSIE_FSR
qmof-c2c7421,True,432.3520000000001,0.0460999999999987,179.88999999999993,32.0,12.0,0.0,11.0,5.0,4.0,4.0,BADLUQ_FSR
qmof-7b3f604,True,158.15799999999996,1.2815999999999996,72.59,10.0,5.0,0.0,1.0,1.0,1.0,1.0,BAFNUR_FSR
qmof-ad06ef4,True,127.083,-2.577,83.73,9.0,6.0,0.0,6.0,2.0,1.0,1.0,BAGNEF_FSR
qmof-c7fd3ba,True,122.10299999999997,-0.5549000000000004,53.019999999999996,9.0,3.0,0.0,3.0,1.0,1.0,1.0,BAHGUN01_FSR
qmof-7d04430,True,164.11599999999996,-1.5864000000000003,80.25999999999999,12.0,4.0,0.0,4.0,2.0,1.0,1.0,WIHQAG_FSR
qmof-d52be7e,False,,,,,,,,,,,WIJDID_FSR
qmof-b6e28ab,True,364.3170000000001,-0.46250000000000013,148.03,27.0,9.0,1.0,8.0,4.0,3.0,3.0,IMEXAB_FSR
qmof-77e8a1f,True,242.18999999999997,-1.1294000000000002,106.03999999999999,18.0,6.0,0.0,6.0,3.0,2.0,2.0,HEDNEL01_FSR
qmof-66db564,True,231.16699999999997,-2.005699999999999,110.97,17.0,7.0,0.0,7.0,3.0,2.0,2.0,HEDPIR_FSR
qmof-04ccbe3,False,,,,,,,,,,,WENXIZ_FSR
qmof-108e5ba,True,216.00999999999996,0.5182,60.36,11.0,4.0,1.0,3.0,1.0,1.0,1.0,WEPCEA_FSR
qmof-8cd9d78,True,329.25399999999996,0.5387999999999998,83.31,23.0,9.0,0.0,6.0,2.0,1.0,3.0,BAHPIL_FSR
qmof-9ebe8cd,True,192.16999999999996,-1.7286,80.25999999999999,14.0,4.0,0.0,4.0,4.0,1.0,1.0,WETVUN_FSR
qmof-ee9cb10,False,,,,,,,,,,,WEWHIS_FSR
qmof-3a0899f,False,,,,,,,,,,,WEWHOY_FSR
qmof-2e4202b,True,300.2660000000001,-0.38900000000000046,98.72,22.0,6.0,0.0,6.0,7.0,2.0,2.0,WEWLES_FSR
qmof-919ea19,True,171.09199999999998,1.6356999999999997,69.75999999999999,11.0,5.0,0.0,2.0,2.0,1.0,1.0,IMEZUW_FSR
qmof-8b60a75,False,,,,,,,,,,,WIKWAQ_FSR
qmof-4a0f1fc,True,302.26200000000006,-0.5164100000000003,123.29999999999998,22.0,7.0,0.0,5.0,2.0,1.0,2.0,WILHOQ_FSR
qmof-26e33a1,True,330.22799999999995,-2.4430999999999985,170.57999999999998,24.0,9.0,1.0,8.0,4.0,2.0,2.0,WEZCEK_FSR
qmof-63c5aad,True,180.09499999999997,-2.0476,113.05000000000001,13.0,6.0,0.0,5.0,2.0,1.0,1.0,WIBCER_FSR
qmof-219f39d,True,157.06499999999997,0.7609999999999999,69.75999999999999,10.0,5.0,0.0,2.0,1.0,1.0,1.0,WICXOW_FSR
qmof-4f48bfd,True,157.06499999999997,0.7609999999999999,69.75999999999999,10.0,5.0,0.0,2.0,1.0,1.0,1.0,WICXUC_FSR
qmof-d0096f1,True,157.06499999999997,0.7609999999999999,69.75999999999999,10.0,5.0,0.0,2.0,1.0,1.0,1.0,WICYAJ_FSR
qmof-b03916f,True,334.331,0.8656200000000002,106.03999999999999,25.0,6.0,0.0,6.0,3.0,3.0,3.0,WIFFEZ01_FSR
qmof-0000295,True,172.18399999999997,-2.149399999999998,97.32000000000001,12.0,5.0,1.0,4.0,4.0,0.0,0.0,WAWRES01_FSR
qmof-724daab,True,169.185,-0.6814000000000002,65.91,11.0,5.0,0.0,5.0,3.0,1.0,1.0,WEFPOP_FSR
qmof-1fd83bc,True,202.16699999999994,1.7947999999999997,102.84,13.0,7.0,0.0,2.0,2.0,1.0,1.0,WEFXAH_FSR
qmof-37fbf4b,False,,,,,,,,,,,HEBNIM_FSR
qmof-2b96960,True,198.218,-1.071299999999999,80.25999999999999,14.0,4.0,0.0,4.0,2.0,0.0,1.0,HEBQAI_FSR
qmof-f25b28d,True,300.2700000000001,-1.134,121.38999999999999,22.0,7.0,2.0,5.0,2.0,2.0,3.0,HEBTEP_FSR
qmof-1f8643a,True,300.2700000000001,-1.134,121.38999999999999,22.0,7.0,2.0,5.0,2.0,2.0,3.0,HEBTIT_FSR
qmof-4f53a88,True,378.30200000000013,-1.4513000000000005,220.44,26.0,13.0,2.0,8.0,3.0,3.0,3.0,INAWAX_FSR
qmof-3c5b84b,True,523.3760000000003,3.586800000000002,115.9,36.0,10.0,0.0,8.0,7.0,5.0,5.0,BANYUN_FSR
qmof-bdea962,True,293.96799999999996,4.757200000000001,25.78,16.0,6.0,0.0,2.0,1.0,2.0,2.0,BAPMEN_FSR
qmof-7945a6b,False,,,,,,,,,,,BAQXAU_FSR
qmof-80dcc70,True,216.23999999999995,1.2402,43.18000000000001,16.0,4.0,0.0,4.0,2.0,1.0,3.0,BAQYEZ_FSR
qmof-8b891d0,True,116.07199999999999,-2.733599999999999,80.25999999999999,8.0,4.0,0.0,4.0,3.0,0.0,0.0,WEMQUB_FSR
qmof-83ccceb,True,116.07199999999999,-2.733599999999999,80.25999999999999,8.0,4.0,0.0,4.0,3.0,0.0,0.0,WEMRAI_FSR
qmof-17c16c7,False,,,,,,,,,,,WENLIL_FSR
qmof-6e0c71a,False,,,,,,,,,,,WENWEU_FSR
qmof-1a422b8,True,340.39000000000004,3.2726000000000015,61.42,26.0,6.0,0.0,6.0,4.0,5.0,5.0,WAPNAF_FSR
qmof-1bcb229,True,208.11500000000004,-0.12191000000000035,72.05999999999999,14.0,7.0,1.0,3.0,0.0,0.0,1.0,WAPNEH_FSR
qmof-d007551,True,626.3240000000004,2.795600000000003,229.45999999999998,40.0,16.0,6.0,4.0,6.0,4.0,4.0,WAPYOD_FSR
qmof-a6188b2,False,,,,,,,,,,,IPAZEE_FSR
qmof-7bea0fe,False,,,,,,,,,,,INIRUS_FSR
qmof-4a1cb0e,True,231.16700000000003,-1.5076999999999998,116.78,17.0,7.0,1.0,5.0,3.0,1.0,2.0,INODUL_FSR
qmof-97e4a61,True,338.3010000000001,0.14599999999999974,157.92,23.0,11.0,2.0,6.0,2.0,2.0,2.0,BASYOM_FSR
qmof-e2d7d1f,True,338.3010000000001,0.14599999999999974,157.92,23.0,11.0,2.0,6.0,2.0,2.0,2.0,BASYUS_FSR
qmof-b36aa7a,True,626.3240000000005,2.7956000000000034,229.45999999999995,40.0,16.0,6.0,4.0,6.0,4.0,4.0,WAPYUJ_FSR
qmof-3e88d01,True,626.3240000000005,2.7956000000000034,229.45999999999995,40.0,16.0,6.0,4.0,6.0,4.0,4.0,WAPZAQ_FSR
qmof-4b12f48,True,240.27000000000004,0.9661999999999998,61.42,18.0,6.0,0.0,6.0,4.0,3.0,3.0,WAQCEY01_FSR
qmof-e628246,True,304.30600000000004,-1.3975999999999982,115.9,22.0,8.0,0.0,8.0,7.0,2.0,2.0,WASPAI_FSR
qmof-c152043,True,60.09999999999999,-1.0962,52.04,4.0,2.0,2.0,2.0,1.0,0.0,0.0,WASQUD_FSR
qmof-2208d52,False,,,,,,,,,,,WATCAW_FSR
qmof-84f0656,True,417.37700000000007,1.801,115.76,31.0,9.0,0.0,8.0,5.0,3.0,4.0,WATYIB_FSR
qmof-33df613,True,166.09199999999998,-2.7964,106.03999999999999,12.0,6.0,0.0,6.0,2.0,1.0,1.0,WEHSUZ_FSR
qmof-5057bcc,True,180.11499999999995,-1.8808,100.49000000000001,13.0,5.0,1.0,5.0,2.0,1.0,1.0,VUFFEI_FSR
qmof-20f768b,True,296.28200000000004,-0.3106,106.03999999999999,22.0,6.0,0.0,6.0,4.0,2.0,2.0,VUJSID_FSR
qmof-7ece11a,False,,,,,,,,,,,VUKGIS_FSR
qmof-83504f6,True,144.126,-1.9533999999999987,80.25999999999999,10.0,4.0,0.0,4.0,5.0,0.0,0.0,VUVROV_FSR
qmof-1be410a,True,184.17199999999994,0.3688999999999999,79.92999999999999,12.0,5.0,0.0,2.0,2.0,1.0,1.0,WACMIZ_FSR
qmof-175a5d9,True,264.204,2.841190000000001,94.36000000000001,20.0,8.0,0.0,7.0,0.0,1.0,5.0,HAYZEP_FSR
qmof-5a0d893,True,502.25200000000035,-7.0493999999999994,315.38,36.0,16.0,2.0,14.0,8.0,2.0,2.0,HAZBOA_FSR
qmof-765548f,False,,,,,,,,,,,IPAYON_FSR
qmof-04b3678,False,,,,,,,,,,,BAYTEB_FSR
qmof-d117cca,True,188.166,-0.36920000000000064,70.84,14.0,5.0,0.0,5.0,2.0,2.0,2.0,BEBLAY_FSR
qmof-1c91623,True,374.35600000000005,0.47159999999999935,115.89999999999999,28.0,8.0,0.0,8.0,4.0,4.0,4.0,BECBIX_FSR
qmof-d35f64f,True,138.10199999999998,-1.3165,67.07,10.0,4.0,0.0,3.0,1.0,1.0,1.0,BEDNUU_FSR
qmof-9e4e1fc,True,108.14399999999998,0.5403000000000001,38.91,8.0,2.0,1.0,2.0,1.0,1.0,1.0,WAVBEB_FSR
qmof-72594f7,True,240.95999999999998,-0.8602000000000001,77.42999999999999,9.0,5.0,1.0,3.0,2.0,0.0,0.0,WAVXEX_FSR
qmof-2454337,False,,,,,,,,,,,WAJJAT_FSR
qmof-4040470,False,,,,,,,,,,,WAPKII_FSR
qmof-e052331,False,,,,,,,,,,,IQOWUH_FSR
qmof-3f821f2,True,66.043,-0.44704000000000005,61.68,5.0,3.0,0.0,2.0,0.0,0.0,0.0,IPEPIC_FSR
qmof-4759164,False,,,,,,,,,,,IPEQEZ_FSR
qmof-e5ce60a,True,466.4530000000001,2.1354999999999995,139.99,35.0,9.0,0.0,9.0,7.0,4.0,4.0,IPINOM_FSR
qmof-ff2b2ac,True,178.14,-2.396699999999999,117.55999999999999,12.0,6.0,1.0,5.0,0.0,0.0,0.0,IPOXOB_FSR
qmof-1470db1,True,224.217,2.1403999999999996,92.82,15.0,6.0,1.0,2.0,1.0,2.0,2.0,IPUSER_FSR
qmof-7e8fa91,True,196.193,1.8816000000000002,64.07,15.0,5.0,0.0,4.0,1.0,2.0,3.0,BELCIH_FSR
qmof-db0876a,True,318.296,1.3267,117.08999999999999,24.0,8.0,0.0,7.0,2.0,3.0,4.0,BELCON_FSR
qmof-cbb7574,True,137.11399999999998,-0.24430000000000013,60.36,10.0,3.0,1.0,3.0,1.0,1.0,1.0,BEMCUU_FSR
qmof-b1e3539,True,403.3220000000002,-0.1907000000000006,157.69,30.0,8.0,1.0,7.0,6.0,3.0,3.0,BEMKOW_FSR
qmof-59b5fa6,True,486.52800000000025,1.8214399999999997,132.97,36.0,9.0,0.0,9.0,9.0,4.0,4.0,BEMQAN_FSR
qmof-2ad5c25,False,,,,,,,,,,,VOQKAP_FSR
qmof-14e4ce3,False,,,,,,,,,,,VOTWUY_FSR
qmof-81a163c,True,184.14300000000003,-1.8825999999999992,168.16,13.0,10.0,3.0,9.0,1.0,1.0,2.0,BEGJAB_FSR
qmof-1ebd4e7,True,179.13099999999997,-2.0042,106.28,13.0,5.0,1.0,5.0,2.0,1.0,1.0,BEHKIK_FSR
qmof-948ab1b,False,,,,,,,,,,,BEHREO_FSR
qmof-2e370d9,True,114.05599999999998,-2.9576000000000002,80.25999999999999,8.0,4.0,0.0,4.0,2.0,0.0,0.0,BEPDIK01_FSR
qmof-1937b4e,True,114.05599999999998,-2.9576000000000002,80.25999999999999,8.0,4.0,0.0,4.0,2.0,0.0,0.0,BEPDOQ_FSR
qmof-e8f57aa,True,165.172,-1.2986999999999997,79.04,12.0,4.0,1.0,4.0,3.0,1.0,1.0,HAWBOY_FSR
qmof-f941a8e,True,148.141,-0.1553000000000001,53.019999999999996,11.0,3.0,0.0,3.0,2.0,1.0,1.0,HAWBUE_FSR
qmof-8491c7f,True,226.12,-4.814209999999999,152.32,16.0,8.0,1.0,7.0,1.0,0.0,1.0,HAWKIB_FSR
qmof-569fecc,False,,,,,,,,,,,HAWSEG_FSR
qmof-21b3989,True,295.2940000000001,0.5958400000000001,93.15,22.0,5.0,0.0,5.0,4.0,2.0,2.0,HAXMUQ_FSR
qmof-8d40aab,True,243.17199999999994,-1.3864,139.95999999999998,16.0,8.0,0.0,4.0,3.0,1.0,1.0,IQIWOU_FSR
qmof-0ae241a,False,,,,,,,,,,,VOJROC_FSR
qmof-0c780e3,False,,,,,,,,,,,VONPUL_FSR
qmof-981a4dc,False,,,,,,,,,,,VIZDIS_FSR
qmof-98a8377,True,268.318,-0.6872999999999989,89.37,18.0,7.0,2.0,5.0,0.0,1.0,3.0,VIZDOY_FSR
qmof-7eaea73,True,232.17499999999998,-2.0103999999999997,119.07999999999998,17.0,7.0,0.0,6.0,2.0,1.0,2.0,VIZNAV_FSR
qmof-633c6b8,True,136.11800000000002,-0.8190000000000002,61.42,10.0,6.0,0.0,6.0,1.0,2.0,2.0,VOBPIL01_FSR
qmof-5b6c8de,True,156.548,0.09849999999999992,53.019999999999996,10.0,4.0,0.0,3.0,1.0,1.0,1.0,VOFXIA_FSR
qmof-f66185a,True,231.16699999999997,-2.005699999999999,110.97,17.0,7.0,0.0,7.0,3.0,2.0,2.0,IQOWIV_FSR
qmof-19b5170,False,,,,,,,,,,,BEPVEZ_FSR
qmof-2250196,True,224.223,2.1936,64.7,17.0,5.0,0.0,5.0,2.0,3.0,3.0,ISEMEY_FSR
qmof-01817c6,True,111.12399999999998,0.5233000000000001,45.68,8.0,3.0,0.0,2.0,0.0,1.0,1.0,IQUKOU_FSR
qmof-860e30a,True,374.30400000000014,-0.2739999999999998,199.66000000000003,24.0,12.0,0.0,4.0,2.0,2.0,2.0,IQUYEA_FSR
qmof-c24d289,True,374.30400000000014,-0.2739999999999998,199.66000000000003,24.0,12.0,0.0,4.0,2.0,2.0,2.0,IQUYIE_FSR
qmof-ee8d842,True,374.3040000000001,-0.274,199.66000000000003,24.0,12.0,0.0,4.0,2.0,2.0,2.0,IQUYOK_FSR
qmof-8d3a293,True,184.24200000000002,2.2618,25.78,14.0,2.0,0.0,2.0,3.0,2.0,2.0,IRAYEG_FSR
qmof-da7f6d0,True,402.31400000000014,-1.5253999999999994,160.51999999999998,30.0,8.0,0.0,8.0,6.0,3.0,3.0,IREKOH_FSR
qmof-c7f89c6,True,766.635,0.11470000000000291,288.58,57.0,18.0,2.0,16.0,11.0,7.0,7.0,IRIPEG_FSR
qmof-998cb07,True,283.215,-1.5558999999999994,120.38999999999999,21.0,6.0,0.0,6.0,4.0,2.0,2.0,VIYGIV_FSR
qmof-db32ee7,True,438.4390000000001,2.852900000000001,115.27000000000001,33.0,7.0,0.0,7.0,6.0,4.0,4.0,VIPTUM_FSR
qmof-f84b92c,False,,,,,,,,,,,VIRTUL_FSR
qmof-22e67b2,True,188.16199999999995,0.3513899999999999,63.24,14.0,4.0,1.0,4.0,2.0,1.0,2.0,BEMWOG_FSR
qmof-a56ab4f,True,180.18799999999996,0.11007999999999957,76.81,12.0,5.0,0.0,4.0,1.0,1.0,1.0,BEMXOI_FSR
qmof-c2378eb,True,241.20199999999997,-0.5244000000000002,93.15,18.0,5.0,0.0,5.0,3.0,2.0,2.0,BENBIH_FSR
qmof-5d60111,True,58.085,0.66498,23.79,3.0,2.0,0.0,1.0,0.0,0.0,0.0,BENVOI_FSR
qmof-d58bd98,True,187.246,2.2775,30.71,14.0,3.0,0.0,3.0,3.0,2.0,2.0,HAQQIC_FSR
qmof-34956b1,False,,,,,,,,,,,IROVER_FSR
qmof-3583d10,False,,,,,,,,,,,IROVIV_FSR
qmof-5f0dd01,False,,,,,,,,,,,BEPVID_FSR
qmof-be911ac,False,,,,,,,,,,,BEPVOJ_FSR
qmof-2ee4f8f,True,582.4660000000002,1.3065999999999995,164.24,42.0,14.0,2.0,8.0,8.0,4.0,4.0,BEQBUW_FSR
qmof-fde0c28,True,629.5650000000002,0.9482000000000008,227.06999999999994,47.0,14.0,1.0,13.0,7.0,6.0,6.0,BEQHEN_FSR
qmof-a46901a,True,209.11299999999994,-1.6782000000000001,123.39999999999998,15.0,7.0,0.0,6.0,3.0,1.0,1.0,VEVZOM_FSR
qmof-e135c8c,True,209.11299999999994,-1.6782000000000001,123.39999999999998,15.0,7.0,0.0,6.0,3.0,1.0,1.0,VEVZUS_FSR
qmof-a683fa0,True,209.11299999999994,-1.6782000000000001,123.39999999999998,15.0,7.0,0.0,6.0,3.0,1.0,1.0,VEWBAB_FSR
qmof-fc46360,True,181.10299999999998,-2.4858000000000002,113.38,13.0,6.0,1.0,6.0,2.0,1.0,1.0,VEYKAO_FSR
qmof-57bb27b,True,488.41200000000015,-2.683199999999996,196.15999999999997,36.0,12.0,0.0,12.0,8.0,4.0,4.0,VIBCIV_FSR
qmof-a96ee8e,True,476.4930000000002,0.31907999999999964,161.91,35.0,11.0,1.0,11.0,6.0,4.0,4.0,BEQYAZ_FSR
qmof-28a86f8,False,,,,,,,,,,,VIJGUS_FSR
qmof-ddada0e,True,248.259,2.8070000000000013,73.94,17.0,5.0,0.0,2.0,2.0,2.0,2.0,VINKEL_FSR
qmof-1a6c50b,False,,,,,,,,,,,BEPVAV_FSR
qmof-baf7972,True,702.636,-0.7351999999999952,240.39999999999998,52.0,16.0,0.0,16.0,14.0,6.0,6.0,BEXTOP_FSR
qmof-fc22622,True,620.1900000000004,-3.251819999999997,357.17999999999995,38.0,24.0,8.0,12.0,10.0,0.0,2.0,HAHKIN_FSR
qmof-7051972,False,,,,,,,,,,,HAHQIT_FSR
qmof-ac235bb,True,242.18999999999997,-1.1294000000000004,106.03999999999999,18.0,6.0,0.0,6.0,3.0,2.0,2.0,HAJLOV_FSR
qmof-0b2f632,True,592.5170000000004,-2.6051999999999946,223.85,43.0,15.0,0.0,15.0,15.0,4.0,4.0,ISIMON_FSR
qmof-614957d,True,358.38900000000007,1.1913999999999996,120.12,27.0,9.0,0.0,6.0,5.0,4.0,4.0,ISITOU_FSR
qmof-a2f200e,True,316.368,2.4759900000000004,60.410000000000004,24.0,6.0,0.0,5.0,5.0,3.0,4.0,ISITUA_FSR
qmof-903705c,True,166.09199999999998,-2.7964,106.03999999999999,12.0,6.0,0.0,6.0,2.0,1.0,1.0,ISOJUV_FSR
qmof-7a117a2,True,168.197,-0.07640000000000025,53.019999999999996,11.0,4.0,0.0,4.0,3.0,1.0,1.0,ISOQAI_FSR
qmof-4402152,True,304.329,2.0920999999999994,78.8,23.0,5.0,0.0,5.0,3.0,3.0,3.0,ISUDIJ_FSR
qmof-0d8ec48,False,,,,,,,,,,,BERSEY_FSR
qmof-2c7d021,True,338.3190000000001,0.7670399999999995,119.18,25.0,7.0,0.0,7.0,3.0,3.0,3.0,BESFUD_FSR
qmof-5822c64,True,242.327,3.1829800000000006,75.83,17.0,4.0,2.0,3.0,1.0,2.0,2.0,VENFOM_FSR
qmof-5ffeace,True,402.31400000000014,-1.5253999999999994,160.51999999999998,30.0,8.0,0.0,8.0,6.0,3.0,3.0,HALVAU_FSR
qmof-cd0f2d8,True,170.164,-1.7073999999999987,80.25999999999999,12.0,4.0,0.0,4.0,2.0,0.0,1.0,HANBEG_FSR
qmof-36c5033,False,,,,,,,,,,,HAPQIY_FSR
qmof-e268c52,True,236.27800000000002,2.2409300000000005,51.18,18.0,4.0,0.0,3.0,2.0,1.0,3.0,HADMIL_FSR
qmof-015ccbf,True,222.19999999999996,-2.6165999999999983,96.39,16.0,6.0,0.0,6.0,6.0,1.0,1.0,HADVUE_FSR
qmof-5ecb223,True,236.32500000000002,2.1084999999999994,51.56,15.0,6.0,0.0,6.0,4.0,2.0,2.0,HADXIU_FSR
qmof-a621406,True,270.244,-0.5793000000000001,105.18,20.0,6.0,1.0,6.0,5.0,2.0,2.0,HAGGIH_FSR
qmof-1bdd9b2,True,276.24399999999997,-0.4568000000000003,98.72000000000001,20.0,6.0,0.0,6.0,8.0,1.0,1.0,ITOBAV_FSR
qmof-0df8088,True,400.172,-1.4174000000000002,194.65999999999997,26.0,12.0,2.0,6.0,4.0,2.0,2.0,ITOZUO_FSR
qmof-c4e3466,True,165.10399999999996,-2.1914,93.15,12.0,5.0,0.0,5.0,2.0,1.0,1.0,VECCOW_FSR
qmof-465f60f,True,314.29300000000006,0.14629999999999965,98.72,23.0,6.0,0.0,6.0,7.0,2.0,2.0,VEDVEH_FSR
qmof-b85d555,True,88.01799999999999,-3.5138000000000003,80.25999999999999,6.0,4.0,0.0,4.0,0.0,0.0,0.0,VAXBOM_FSR
qmof-2a12314,True,390.3250000000002,-6.688700000000002,204.70999999999998,27.0,13.0,2.0,11.0,16.0,0.0,0.0,VAXVAT_FSR
qmof-0e8e396,True,242.09499999999997,-5.507199999999999,173.65999999999997,17.0,9.0,0.0,9.0,2.0,1.0,1.0,VAZKUE_FSR
qmof-7e5ab0e,True,242.09499999999997,-5.507199999999999,173.65999999999997,17.0,9.0,0.0,9.0,2.0,1.0,1.0,VAZLIT_FSR
qmof-3bfab64,True,369.11499999999995,-2.616109999999998,226.58999999999997,23.0,14.0,3.0,8.0,4.0,0.0,1.0,VEGXEM_FSR
qmof-62c2018,True,114.05599999999998,-2.9576000000000002,80.25999999999999,8.0,4.0,0.0,4.0,2.0,0.0,0.0,VELMAB_FSR
qmof-7bc0eec,True,170.14499999999995,-1.5249000000000001,80.25999999999999,11.0,5.0,0.0,5.0,2.0,1.0,1.0,VAZQOD_FSR
qmof-d017d3d,True,174.15599999999998,-4.334599999999998,104.32,12.0,6.0,2.0,6.0,0.0,0.0,1.0,BEWKIY_FSR
qmof-9b25d13,True,387.3120000000002,-1.7182999999999982,184.82000000000002,28.0,13.0,0.0,12.0,7.0,3.0,3.0,IWEYOZ_FSR
qmof-53fce67,True,366.3280000000001,2.862000000000002,153.54000000000002,24.0,10.0,0.0,2.0,2.0,2.0,3.0,IWIMIL_FSR
qmof-a5bcf6e,False,,,,,,,,,,,IVEFOG_FSR
qmof-68845f6,False,,,,,,,,,,,IVONIR_FSR
qmof-2d06e81,False,,,,,,,,,,,IVONOX_FSR
qmof-84604c2,True,178.15799999999996,2.09119,12.36,11.0,5.0,0.0,1.0,0.0,0.0,1.0,GUYHOX_FSR
qmof-7c33b5f,True,320.304,0.5571999999999998,106.03999999999999,24.0,6.0,0.0,6.0,3.0,3.0,3.0,HACBUJ_FSR
qmof-8c3c946,True,164.11599999999996,-1.5864000000000003,80.25999999999999,12.0,4.0,0.0,4.0,2.0,1.0,1.0,BIGDIF_FSR
qmof-13dfbe2,True,212.196,0.8203899999999997,80.88000000000001,16.0,7.0,0.0,5.0,2.0,1.0,3.0,VAJVAG_FSR
qmof-5aa7bf3,True,115.141,0.10330000000000006,42.06,7.0,5.0,0.0,3.0,0.0,0.0,1.0,VAKHOH_FSR
qmof-49ce9a8,False,,,,,,,,,,,VALXAJ_FSR
qmof-b993fee,True,242.09499999999997,-5.507199999999999,173.65999999999997,17.0,9.0,0.0,9.0,2.0,1.0,1.0,VAZLOZ_FSR
qmof-ab01344,True,128.083,-2.567499999999999,80.25999999999999,9.0,4.0,0.0,4.0,3.0,0.0,0.0,VAWGIM_FSR
qmof-7abf8f7,True,128.083,-2.567499999999999,80.25999999999999,9.0,4.0,0.0,4.0,3.0,0.0,0.0,VAWGUY_FSR
qmof-fd6b778,True,128.083,-2.567499999999999,80.25999999999999,9.0,4.0,0.0,4.0,3.0,0.0,0.0,VAWHAF_FSR
qmof-88fcee5,True,202.16599999999997,-3.4343999999999983,121.39000000000001,14.0,7.0,2.0,5.0,6.0,0.0,0.0,BIBZET_FSR
qmof-9f90a7e,False,,,,,,,,,,,BINSOJ_FSR
qmof-9471807,False,,,,,,,,,,,UYOGEV_FSR
qmof-13c6706,True,278.319,2.2663,61.42,21.0,6.0,0.0,6.0,4.0,4.0,4.0,GUWGAG_FSR
qmof-bf585e3,True,374.3960000000001,1.6377999999999997,104.32,28.0,6.0,2.0,6.0,8.0,3.0,3.0,GUXCEI_FSR
qmof-e6770f4,True,123.09099999999998,-1.1599000000000004,65.91,9.0,4.0,0.0,4.0,1.0,1.0,1.0,GUYGAI_FSR
qmof-f8ea459,False,,,,,,,,,,,GUYGEM_FSR
qmof-ab8a714,True,466.47500000000014,-0.4500999999999993,146.66,33.0,11.0,0.0,9.0,4.0,3.0,4.0,IWECOE_FSR
qmof-adf6d21,True,366.468,5.099440000000004,35.64,28.0,4.0,0.0,4.0,4.0,5.0,5.0,IWENAA_FSR
qmof-86d21dc,False,,,,,,,,,,,BIHMEM_FSR
qmof-581f867,True,166.09199999999998,-2.7964,106.03999999999999,12.0,6.0,0.0,6.0,2.0,1.0,1.0,BIHVEW_FSR
qmof-103e2b6,False,,,,,,,,,,,BIHZEZ_FSR
qmof-72d8647,True,282.283,0.29156000000000004,115.55999999999999,21.0,7.0,0.0,4.0,3.0,2.0,2.0,BIKDEF_FSR
qmof-69fa051,True,282.283,0.29156000000000004,115.55999999999999,21.0,7.0,0.0,4.0,3.0,2.0,2.0,BIKFAD_FSR
qmof-e0ecc74,False,,,,,,,,,,,UZIGUG_FSR
qmof-a8e03e4,False,,,,,,,,,,,UZINAT_FSR
qmof-a8d67c2,True,94.97,0.3859999999999999,76.77,5.0,5.0,0.0,1.0,0.0,0.0,0.0,IWEQEG_FSR
qmof-6615630,True,408.3380000000001,-2.0950199999999963,189.10000000000002,30.0,14.0,0.0,12.0,6.0,0.0,4.0,UYUKOP_FSR
qmof-3c464fc,True,286.287,-1.2887199999999983,86.74,21.0,6.0,0.0,6.0,6.0,0.0,2.0,UYUSOX_FSR
qmof-e89f5ce,False,,,,,,,,,,,UXAMEN02_FSR
qmof-3aa544f,False,,,,,,,,,,,UXAPUG02_FSR
qmof-b638230,True,252.13399999999996,-2.1899999999999995,154.86,18.0,8.0,2.0,6.0,4.0,1.0,1.0,UXIVUT_FSR
qmof-e027183,True,252.13399999999996,-2.1899999999999995,154.86,18.0,8.0,2.0,6.0,4.0,1.0,1.0,UXIWEE_FSR
qmof-83d4ba2,True,194.14199999999997,-2.094099999999999,100.49000000000001,14.0,5.0,1.0,5.0,3.0,1.0,1.0,IYAVUB_FSR
qmof-53c5c03,True,198.269,2.6519000000000013,25.78,15.0,2.0,0.0,2.0,4.0,2.0,2.0,IXAJIB_FSR
qmof-7cd572e,False,,,,,,,,,,,IXIPIQ_FSR
qmof-cfe7d74,True,292.346,2.6564000000000005,61.42,22.0,6.0,0.0,6.0,5.0,4.0,4.0,GUWFUZ_FSR
qmof-9631486,True,220.322,3.2760000000000016,25.78,14.0,4.0,0.0,4.0,3.0,2.0,2.0,BILFAE_FSR
qmof-17bfa44,False,,,,,,,,,,,BIMVOL_FSR
qmof-d752b66,True,266.23999999999995,0.08779999999999999,96.62,20.0,7.0,0.0,7.0,3.0,3.0,3.0,BINBIM_FSR
qmof-4c61e1e,True,32.042,-0.3915,20.23,2.0,1.0,1.0,1.0,0.0,0.0,0.0,BINROI_FSR
qmof-e40f7eb,False,,,,,,,,,,,BINRUO_FSR
qmof-0556e4a,False,,,,,,,,,,,BINSID_FSR
qmof-8e4b4ba,True,392.329,3.2714000000000016,142.68,26.0,10.0,1.0,3.0,3.0,3.0,3.0,UWEGUZ_FSR
qmof-790523b,False,,,,,,,,,,,UWIBAF_FSR
qmof-7eaf2a6,True,302.29,-0.8179999999999985,130.1,22.0,8.0,2.0,8.0,6.0,2.0,2.0,UTATOA_FSR
qmof-f53f02a,True,211.22800000000004,1.4529999999999996,48.53,16.0,5.0,0.0,5.0,2.0,3.0,3.0,IYIJUX_FSR
qmof-ea9f3d3,True,180.11499999999995,-1.8808,100.49000000000001,13.0,5.0,1.0,5.0,2.0,1.0,1.0,IYOBUV_FSR
qmof-6253944,True,398.42600000000004,5.252200000000005,0.0,28.0,2.0,0.0,0.0,7.0,4.0,4.0,IYOLEO_FSR
qmof-d2bd698,True,240.23,1.369,102.36000000000001,18.0,8.0,0.0,6.0,4.0,1.0,3.0,IXIREO_FSR
qmof-3367507,True,112.176,-0.3824000000000001,6.48,8.0,2.0,0.0,2.0,0.0,0.0,3.0,BINXUS_FSR
qmof-55f4d83,False,,,,,,,,,,,BIPCOU_FSR
qmof-a14eac3,True,465.2070000000002,-5.632919999999997,345.27000000000004,33.0,21.0,3.0,17.0,6.0,0.0,3.0,BIPFOX_FSR
qmof-d1c7a8a,False,,,,,,,,,,,BIPGUD_FSR
qmof-24cd035,True,69.047,-0.08510000000000004,51.18,5.0,4.0,0.0,3.0,0.0,0.0,1.0,BIVPUU_FSR
qmof-0aad8d2,True,242.18999999999997,-1.1294000000000002,106.03999999999999,18.0,6.0,0.0,6.0,3.0,2.0,2.0,BIWDET_FSR
qmof-a74dde5,True,42.021,-1.4418000000000002,58.7,3.0,3.0,0.0,0.0,0.0,0.0,0.0,UVUKIH_FSR
qmof-0926897,True,58.085,0.66498,23.79,3.0,2.0,0.0,1.0,0.0,0.0,0.0,UVUKUT_FSR
qmof-79a6265,True,165.10399999999996,-2.1914,93.15,12.0,5.0,0.0,5.0,2.0,1.0,1.0,UYONIH_FSR
qmof-f99335e,True,119.14500000000002,-1.7388999999999992,66.14999999999999,7.0,4.0,1.0,3.0,2.0,0.0,0.0,BIYXEN_FSR
qmof-f2a6b8c,True,180.12299999999996,-2.7582999999999993,125.77000000000001,13.0,7.0,0.0,3.0,1.0,1.0,1.0,BIZSAF_FSR
qmof-9aa7703,True,58.085,0.66498,23.79,3.0,2.0,0.0,1.0,0.0,0.0,0.0,BOCXUO_FSR
qmof-63a8eb1,True,329.20000000000005,-3.0676999999999994,183.47,24.0,10.0,1.0,9.0,5.0,2.0,2.0,BODKUB_FSR
qmof-1566e59,True,329.20000000000005,-3.0676999999999994,183.47,24.0,10.0,1.0,9.0,5.0,2.0,2.0,BODLAI_FSR
qmof-5c8a431,False,,,,,,,,,,,GURTUJ_FSR
qmof-af3f09a,False,,,,,,,,,,,GUTMEN_FSR
qmof-a23970b,False,,,,,,,,,,,GUVFIN_FSR
qmof-5ba77d8,False,,,,,,,,,,,GUVKOZ_FSR
qmof-24f6661,True,190.993,0.7519,53.019999999999996,11.0,5.0,0.0,3.0,1.0,1.0,1.0,BIYHEZ_FSR
qmof-d1efdeb,True,209.13299999999995,-0.5534999999999999,114.73,15.0,6.0,2.0,4.0,3.0,1.0,1.0,BIYNAB_FSR
qmof-e49ee2a,False,,,,,,,,,,,UPUFOB_FSR
qmof-8802a19,True,240.21399999999997,0.08059999999999978,80.25999999999999,18.0,4.0,0.0,4.0,3.0,2.0,2.0,URUFIY_FSR
qmof-1475835,True,240.21399999999997,0.08059999999999978,80.25999999999999,18.0,4.0,0.0,4.0,3.0,2.0,2.0,URUFOE_FSR
qmof-5c23399,True,459.2190000000002,-9.786920000000002,316.67999999999995,33.0,18.0,0.0,17.0,6.0,0.0,3.0,USATAK_FSR
qmof-010521d,True,384.37700000000007,1.6071999999999995,135.36,27.0,11.0,0.0,8.0,3.0,4.0,4.0,USAXOD_FSR
qmof-50ceacd,True,818.7859999999997,7.603000000000009,258.82000000000005,62.0,22.0,0.0,18.0,10.0,7.0,11.0,ULILAE_FSR
qmof-67792ac,True,331.3030000000001,1.6058999999999999,159.53,21.0,10.0,0.0,2.0,2.0,2.0,2.0,GUMHUT_FSR
qmof-e4c240e,True,266.28000000000003,1.2969799999999996,89.7,20.0,5.0,0.0,5.0,3.0,2.0,2.0,GUNCEZ_FSR
qmof-dc6f906,True,311.257,-0.274,138.54,23.0,9.0,1.0,6.0,2.0,2.0,3.0,GUPLEJ_FSR
qmof-c9fe829,True,272.25999999999993,1.4903999999999997,78.38000000000001,20.0,6.0,0.0,6.0,5.0,2.0,2.0,IZADUJ_FSR
qmof-b203da2,True,313.24100000000004,-1.6438999999999993,129.62,23.0,7.0,0.0,7.0,6.0,2.0,2.0,IZEBEV_FSR
qmof-5974966,True,224.192,-1.7214999999999978,113.05,16.0,6.0,0.0,5.0,4.0,1.0,1.0,IZUPOI_FSR
qmof-5f7c6d5,False,,,,,,,,,,,JABYUH01_FSR
qmof-fdf90e2,True,275.176,1.3964999999999999,97.0,19.0,6.0,0.0,3.0,3.0,2.0,2.0,UNISUH_FSR
qmof-cf9e297,True,193.207,0.5889899999999999,71.71,13.0,5.0,2.0,3.0,1.0,2.0,2.0,UNOQOE_FSR
qmof-f986f08,True,114.15299999999999,-0.23560000000000014,29.700000000000003,7.0,4.0,0.0,2.0,0.0,0.0,1.0,UNATOT_FSR
qmof-03bf79f,False,,,,,,,,,,,UNATUZ_FSR
qmof-6813206,False,,,,,,,,,,,UNAWEN_FSR
qmof-7075266,True,261.15299999999996,2.4213000000000005,51.8,18.0,8.0,1.0,3.0,1.0,2.0,2.0,UNEKAA_FSR
qmof-c634231,True,441.27600000000024,-8.273320000000002,288.57000000000005,32.0,17.0,2.0,15.0,4.0,0.0,4.0,UNEZAP_FSR
qmof-20328e3,False,,,,,,,,,,,UNIPOX_FSR
qmof-efdc343,True,544.5490000000003,-0.10182000000000002,173.79999999999998,39.0,13.0,0.0,10.0,8.0,3.0,5.0,JADFOM_FSR
qmof-e8a8d02,True,132.071,-3.4971999999999994,89.49000000000001,9.0,5.0,0.0,5.0,4.0,0.0,0.0,JAJTOE_FSR
qmof-fa3dfd9,True,414.28200000000015,-1.6127999999999993,213.05999999999997,30.0,12.0,4.0,8.0,6.0,2.0,2.0,JAKCAC_FSR
qmof-5d4c61c,False,,,,,,,,,,,GUKYUH_FSR
qmof-d20be6a,True,206.16500000000002,-1.3536000000000001,130.21999999999997,15.0,8.0,1.0,7.0,1.0,1.0,2.0,GULBEV_FSR
qmof-0523aea,True,406.4310000000001,2.6712000000000016,139.98,29.0,11.0,0.0,6.0,0.0,2.0,6.0,GUMDEZ_FSR
qmof-7acc00d,False,,,,,,,,,,,ULIMOT_FSR
qmof-9b63600,False,,,,,,,,,,,UMAREG_FSR
qmof-f3146bd,True,502.25200000000035,-7.0493999999999994,315.38,36.0,16.0,2.0,14.0,8.0,2.0,2.0,UMOXOK_FSR
qmof-6546f48,True,500.16600000000017,0.9548399999999995,228.79999999999998,30.0,16.0,4.0,4.0,4.0,2.0,2.0,UJULOC_FSR
qmof-2d83ac3,False,,,,,,,,,,,UKEWIR_FSR
qmof-1c906c4,False,,,,,,,,,,,UKEWOX_FSR
qmof-9f43bb6,True,172.18499999999997,1.4687999999999999,85.72,11.0,5.0,1.0,1.0,1.0,1.0,1.0,BOFTAS_FSR
qmof-18f4601,True,270.24399999999997,-0.5125600000000003,106.03999999999999,20.0,6.0,0.0,6.0,3.0,2.0,2.0,BOFTOI_FSR
qmof-d9508ee,True,182.272,0.9188700000000001,47.849999999999994,12.0,4.0,2.0,2.0,4.0,0.0,0.0,BOGNUH_FSR
qmof-f621598,True,114.05599999999998,-2.9576000000000002,80.25999999999999,8.0,4.0,0.0,4.0,2.0,0.0,0.0,BOHGOU_FSR
qmof-7903c7a,False,,,,,,,,,,,JAWGUK_FSR
qmof-215dc85,True,243.02700000000002,2.3586,26.46,10.0,3.0,0.0,1.0,0.0,1.0,2.0,JAWZOX_FSR
qmof-2a9c089,False,,,,,,,,,,,JAWZUD_FSR
qmof-01a1b42,True,114.05599999999998,-2.9576000000000002,80.25999999999999,8.0,4.0,0.0,4.0,2.0,0.0,0.0,JAYTIN_FSR
qmof-1b23ab1,True,286.219,-2.1582999999999988,133.28,21.0,7.0,0.0,7.0,3.0,2.0,2.0,JAMSEY_FSR
qmof-8f0d8a7,False,,,,,,,,,,,JAQQEA_FSR
qmof-c7b5538,False,,,,,,,,,,,JAQQOK_FSR
qmof-6c32ceb,True,167.213,1.2934,50.73,11.0,4.0,0.0,2.0,0.0,1.0,1.0,UKILOR_FSR
qmof-1afa76c,True,150.15699999999995,-0.059280000000000166,66.14999999999999,11.0,3.0,1.0,3.0,1.0,1.0,1.0,ULIBAU_FSR
qmof-a2a082e,True,150.15699999999995,-0.059280000000000166,66.14999999999999,11.0,3.0,1.0,3.0,1.0,1.0,1.0,ULIBEY_FSR
qmof-e197e2d,True,244.206,-1.1098,106.03999999999999,18.0,6.0,0.0,6.0,2.0,2.0,2.0,ULIBOG_FSR
qmof-acef972,True,114.05599999999998,-2.9576000000000002,80.25999999999999,8.0,4.0,0.0,4.0,2.0,0.0,0.0,ULIGAX_FSR
qmof-e5b4e33,True,374.2570000000001,-0.7746999999999988,173.32,27.0,10.0,2.0,8.0,8.0,2.0,2.0,UJAQIG_FSR
qmof-c77937a,True,373.24900000000014,-2.109399999999998,176.15,27.0,10.0,1.0,9.0,8.0,2.0,2.0,UJATAB_FSR
qmof-2e54a3e,True,387.2760000000001,-2.0668999999999986,176.15,28.0,10.0,1.0,9.0,9.0,2.0,2.0,UJATUV_FSR
qmof-39711c0,False,,,,,,,,,,,JATQUT_FSR
qmof-355c52b,True,214.176,-0.43320000000000003,80.25999999999999,16.0,4.0,0.0,4.0,2.0,2.0,2.0,GUHHEY_FSR
qmof-083e336,True,358.3180000000001,-3.064619999999996,165.44,26.0,12.0,0.0,10.0,7.0,1.0,3.0,GUJBEU_FSR
qmof-920a29d,True,354.36600000000004,-0.7771199999999969,134.24,26.0,8.0,0.0,6.0,9.0,2.0,2.0,GUKCEW_FSR
qmof-981de6a,True,168.246,2.30298,36.68,10.0,4.0,0.0,2.0,0.0,1.0,1.0,GUKLOO_FSR
qmof-215f36e,True,261.209,-2.4210999999999983,120.38999999999999,19.0,6.0,0.0,6.0,4.0,1.0,1.0,GUKPOS_FSR
qmof-fe6e0c3,True,302.22200000000004,-3.1640999999999995,172.19,22.0,9.0,1.0,9.0,3.0,2.0,2.0,GUKQIN_FSR
qmof-df0aa6e,True,302.25700000000006,1.3213999999999997,78.8,20.0,9.0,0.0,6.0,2.0,2.0,2.0,JAVKAV_FSR
qmof-fab3293,True,238.294,2.1761999999999997,35.64,18.0,4.0,0.0,4.0,4.0,3.0,3.0,UJIPOU_FSR
qmof-f27e4c8,True,209.11299999999994,-1.6782000000000001,123.39999999999998,15.0,7.0,0.0,6.0,3.0,1.0,1.0,UJOLOU_FSR
qmof-da484b1,True,102.162,-0.5359000000000003,24.06,6.0,3.0,2.0,1.0,0.0,0.0,1.0,BOJXAA_FSR
qmof-3ef90f5,True,128.13399999999996,1.4299600000000001,47.58,10.0,2.0,0.0,2.0,0.0,1.0,1.0,BOLHAM_FSR
qmof-58d0589,True,128.13399999999996,1.4299600000000001,47.58,10.0,2.0,0.0,2.0,0.0,1.0,1.0,BOLHEQ_FSR
qmof-1692715,True,128.13399999999996,1.4299600000000001,47.58,10.0,2.0,0.0,2.0,0.0,1.0,1.0,BOLHOA_FSR
qmof-faa6257,True,344.2310000000001,-3.3078999999999983,169.74999999999997,25.0,9.0,0.0,9.0,4.0,2.0,2.0,BOMDIS_FSR
qmof-27e7e43,True,344.2310000000001,-3.3078999999999983,169.74999999999997,25.0,9.0,0.0,9.0,4.0,2.0,2.0,BOMDOY_FSR
qmof-554f103,True,286.286,3.2398000000000016,119.4,18.0,8.0,0.0,0.0,2.0,2.0,2.0,UGOXIX01_FSR
qmof-ca968a3,True,212.19600000000003,-0.07390000000000002,93.27999999999999,16.0,7.0,1.0,5.0,2.0,2.0,3.0,JELNIA_FSR
qmof-2521623,True,112.03999999999998,-3.5104,80.25999999999999,8.0,4.0,0.0,4.0,0.0,0.0,0.0,JELVOM_FSR
qmof-b10b92b,True,192.96399999999997,-0.5426000000000002,154.53,10.0,10.0,3.0,2.0,0.0,0.0,0.0,JEBCUP_FSR
qmof-30fc692,True,191.956,-0.10440000000000016,154.2,10.0,10.0,2.0,2.0,0.0,0.0,0.0,JEBDAW_FSR
qmof-3179146,True,170.164,-1.7073999999999987,80.25999999999999,12.0,4.0,0.0,4.0,2.0,0.0,1.0,JECFED_FSR
qmof-d5868e4,True,332.29999999999995,4.214600000000003,25.78,24.0,6.0,0.0,2.0,4.0,3.0,3.0,JECRUF_FSR
qmof-8a6175e,True,152.13299999999998,-1.3616000000000001,77.94,11.0,5.0,1.0,5.0,3.0,1.0,1.0,JEDGAB_FSR
qmof-80ff2f8,False,,,,,,,,,,,JEDJAE02_FSR
qmof-ca14cc9,True,216.16999999999996,-0.044300000000000006,120.06,14.0,7.0,1.0,3.0,2.0,1.0,1.0,UHEQOO_FSR
qmof-265801c,True,236.07599999999996,-1.0299999999999998,80.25999999999999,16.0,8.0,0.0,4.0,2.0,1.0,1.0,UGARUQ_FSR
qmof-7172aca,True,204.16899999999998,1.4360000000000002,94.32,15.0,7.0,0.0,5.0,3.0,1.0,2.0,UGENAX_FSR
qmof-8a1ead5,True,88.01799999999999,-3.5138000000000003,80.25999999999999,6.0,4.0,0.0,4.0,0.0,0.0,0.0,UGOKUY_FSR
qmof-bdb947d,True,344.2310000000001,-3.3078999999999983,169.74999999999997,25.0,9.0,0.0,9.0,4.0,2.0,2.0,BOMDUE_FSR
qmof-98c31c9,True,233.00599999999997,-0.27960000000000007,80.25999999999999,14.0,6.0,0.0,4.0,2.0,1.0,1.0,BOMGIV_FSR
qmof-87a7ada,True,165.10399999999996,-2.1914,93.15,12.0,5.0,0.0,5.0,2.0,1.0,1.0,BONNIC_FSR
qmof-0858cc1,True,156.18799999999996,2.1435999999999993,25.78,12.0,2.0,0.0,2.0,1.0,2.0,2.0,GUGWAI_FSR
qmof-a1aad4f,True,211.10899999999995,-0.13350000000000017,126.41,15.0,8.0,0.0,6.0,3.0,1.0,1.0,BOSDAQ_FSR
qmof-4c98c16,True,211.10899999999995,-0.13350000000000017,126.41,15.0,8.0,0.0,6.0,3.0,1.0,1.0,BOSDIY_FSR
qmof-14d74fb,True,132.19299999999998,-0.14779999999999993,52.480000000000004,7.0,5.0,1.0,4.0,0.0,0.0,1.0,BOVPOS_FSR
qmof-8be7b17,True,220.322,3.2760000000000016,25.78,14.0,4.0,0.0,4.0,3.0,2.0,2.0,UFAVED_FSR
qmof-6b8897f,True,259.334,3.4475000000000007,54.02,18.0,5.0,2.0,3.0,3.0,2.0,2.0,GUBYAE_FSR
qmof-baf873c,True,356.359,2.393700000000001,125.60999999999999,25.0,8.0,0.0,4.0,3.0,3.0,3.0,GUFHEV_FSR
qmof-7f68609,True,348.358,0.41499999999999915,106.03999999999999,26.0,6.0,0.0,6.0,5.0,3.0,3.0,GUFRAB_FSR
qmof-5da988a,True,164.11599999999996,-1.5864000000000003,80.25999999999999,12.0,4.0,0.0,4.0,2.0,1.0,1.0,JEGCAC_FSR
qmof-ac29289,False,,,,,,,,,,,JEGNOZ_FSR
qmof-4fa0fbd,True,316.368,2.6332000000000004,61.42,24.0,6.0,0.0,6.0,5.0,4.0,4.0,JEHJEO_FSR
qmof-f5464fc,True,244.11099999999993,-7.014199999999999,169.75,17.0,9.0,0.0,9.0,4.0,0.0,1.0,BONTUU_FSR
qmof-df313d5,True,546.5390000000003,3.0401000000000007,134.35999999999999,41.0,10.0,0.0,10.0,8.0,6.0,6.0,BOQKAV_FSR
qmof-9269a92,True,499.45500000000027,0.41169999999999973,164.63,37.0,10.0,0.0,10.0,9.0,4.0,4.0,BOQSOQ_FSR
qmof-88f4e11,False,,,,,,,,,,,UFUGAF_FSR
qmof-75a2dcd,True,179.13099999999997,-2.0042,106.28,13.0,5.0,1.0,5.0,2.0,1.0,1.0,UFUKUB01_FSR
qmof-3a04018,True,137.118,-0.8272000000000004,68.81,10.0,4.0,1.0,3.0,2.0,1.0,1.0,BOQWEK_FSR
qmof-e31c890,True,215.32100000000003,3.2029900000000016,3.24,15.0,2.0,0.0,2.0,3.0,1.0,2.0,BOXZAQ_FSR
qmof-6270723,True,534.4800000000002,-0.6207999999999991,186.29999999999998,40.0,10.0,0.0,10.0,8.0,4.0,5.0,UBIPAY_FSR
qmof-e90fcf1,False,,,,,,,,,,,JELVOO_FSR
qmof-661484e,True,58.085,0.66498,23.79,3.0,2.0,0.0,1.0,0.0,0.0,0.0,JEMMUM_FSR
qmof-ed830ef,True,151.14499999999998,-0.6642999999999999,78.17999999999999,11.0,4.0,2.0,4.0,2.0,1.0,1.0,JENQUR_FSR
qmof-20fc58e,True,164.11599999999996,-1.5864000000000003,80.25999999999999,12.0,4.0,0.0,4.0,2.0,1.0,1.0,JENWIL_FSR
qmof-8deddd1,False,,,,,,,,,,,JETVOW_FSR
qmof-8aa82f9,True,136.10599999999997,0.19389999999999985,60.029999999999994,10.0,3.0,0.0,2.0,1.0,1.0,1.0,UCOCIZ_FSR
qmof-9314df5,True,120.242,1.4664,0.0,6.0,2.0,0.0,2.0,0.0,0.0,1.0,UCOCOE_FSR
qmof-eb82347,True,228.17399999999998,0.8836600000000001,142.73999999999998,18.0,6.0,0.0,6.0,2.0,0.0,1.0,UCORAH_FSR
qmof-9826a4f,False,,,,,,,,,,,UDADAH01_FSR
qmof-ca948cb,True,176.15500000000003,-0.8188000000000002,70.84,13.0,5.0,0.0,5.0,2.0,2.0,2.0,UFETEF_FSR
qmof-bc7f882,False,,,,,,,,,,,UFIKAX01_FSR
qmof-6331411,True,165.10399999999996,-2.1914,93.15,12.0,5.0,0.0,5.0,2.0,1.0,1.0,UFIMUS_FSR
qmof-602a53e,True,26.018,0.09637,23.79,2.0,1.0,0.0,1.0,0.0,0.0,0.0,UFIPEF_FSR
qmof-e4df938,False,,,,,,,,,,,UFITUZ_FSR
qmof-5c2c834,True,250.11799999999994,-4.859400000000001,160.51999999999998,18.0,8.0,0.0,8.0,4.0,1.0,1.0,JEXLEG_FSR
qmof-84d406d,True,125.10699999999997,-1.1573000000000004,65.91,9.0,4.0,0.0,4.0,0.0,1.0,1.0,JEXPAE_FSR
qmof-4623c6a,True,156.18799999999996,2.1435999999999993,25.78,12.0,2.0,0.0,2.0,1.0,2.0,2.0,UBOCIX01_FSR
qmof-00a8f3e,True,156.18799999999996,2.1435999999999993,25.78,12.0,2.0,0.0,2.0,1.0,2.0,2.0,UBOCIX03_FSR
qmof-3bba40c,True,156.18799999999996,2.1435999999999993,25.78,12.0,2.0,0.0,2.0,1.0,2.0,2.0,UBOCOD01_FSR
qmof-da9cf4c,True,156.18799999999996,2.1435999999999993,25.78,12.0,2.0,0.0,2.0,1.0,2.0,2.0,UBOCOD02_FSR
qmof-c8aa86a,False,,,,,,,,,,,UCECOU_FSR
qmof-cfe42f1,True,98.08900000000001,-1.8512000000000004,90.86,7.0,5.0,2.0,4.0,0.0,0.0,1.0,TUYFEA_FSR
qmof-8c62c61,False,,,,,,,,,,,TUZHED_FSR
qmof-e1fba52,True,26.018,0.09637,23.79,2.0,1.0,0.0,1.0,0.0,0.0,0.0,TUZHIH_FSR
qmof-316e022,False,,,,,,,,,,,TUZHON_FSR
qmof-5cb137b,True,26.018,0.09637,23.79,2.0,1.0,0.0,1.0,0.0,0.0,0.0,TUZHUT_FSR
qmof-86f9355,True,26.018,0.09637,23.79,2.0,1.0,0.0,1.0,0.0,0.0,0.0,TUZJAB_FSR
qmof-6903ec5,True,250.11799999999994,-4.859400000000001,160.51999999999998,18.0,8.0,0.0,8.0,4.0,1.0,1.0,UDICUH_FSR
qmof-9e34535,True,211.10899999999995,-0.13350000000000029,126.41,15.0,8.0,0.0,6.0,3.0,1.0,1.0,BOVPUZ_FSR
qmof-fd0958d,True,165.10399999999996,-2.1914,93.15,12.0,5.0,0.0,5.0,2.0,1.0,1.0,BOXMUY_FSR
qmof-5a15f19,True,42.021,-1.4418000000000002,58.7,3.0,3.0,0.0,0.0,0.0,0.0,0.0,GOYROD_FSR
qmof-70e0ff9,True,332.22400000000005,-4.623599999999997,186.29999999999995,24.0,10.0,0.0,10.0,2.0,2.0,2.0,GOYXAV_FSR
qmof-9bcf7b3,True,332.22400000000005,-4.623599999999997,186.29999999999995,24.0,10.0,0.0,10.0,2.0,2.0,2.0,GOYXID_FSR
qmof-b5fc143,True,332.22400000000005,-4.623599999999997,186.29999999999995,24.0,10.0,0.0,10.0,2.0,2.0,2.0,GOYXOJ_FSR
qmof-9f99f89,True,332.22400000000005,-4.623599999999997,186.29999999999995,24.0,10.0,0.0,10.0,2.0,2.0,2.0,GOYXUP_FSR
qmof-bb8b1ce,True,332.22400000000005,-4.623599999999997,186.29999999999995,24.0,10.0,0.0,10.0,2.0,2.0,2.0,GOYYAW_FSR
qmof-35e46f1,True,332.22400000000005,-4.623599999999997,186.29999999999995,24.0,10.0,0.0,10.0,2.0,2.0,2.0,GOYYEA_FSR
qmof-26406d0,True,332.22400000000005,-4.623599999999997,186.29999999999995,24.0,10.0,0.0,10.0,2.0,2.0,2.0,GOYYIE_FSR
qmof-38301b9,True,472.7700000000002,7.262600000000007,25.78,30.0,6.0,0.0,6.0,10.0,3.0,3.0,GUBFOY_FSR
qmof-01cfceb,True,125.10699999999997,-1.367,57.949999999999996,9.0,4.0,0.0,4.0,2.0,1.0,1.0,JEXSIP_FSR
qmof-a8ae4f0,True,435.4110000000002,1.7780999999999991,120.38999999999999,33.0,6.0,0.0,6.0,6.0,4.0,4.0,JICPIX_FSR
qmof-13e5eb8,True,320.304,0.5571999999999998,106.03999999999999,24.0,6.0,0.0,6.0,3.0,3.0,3.0,JICXIF_FSR
qmof-a7d6e06,False,,,,,,,,,,,JIMHAR_FSR
qmof-aa5070e,True,122.10299999999997,-0.5549000000000002,53.019999999999996,9.0,3.0,0.0,3.0,1.0,1.0,1.0,JINFES_FSR
qmof-505096a,True,148.27599999999998,1.8106,3.24,8.0,3.0,0.0,1.0,2.0,0.0,0.0,JEVWEM_FSR
qmof-4aae0f6,True,157.06499999999997,0.7609999999999998,69.75999999999999,10.0,5.0,0.0,2.0,1.0,1.0,1.0,JEVZUG_FSR
qmof-69fc545,True,200.05799999999996,-5.237400000000001,148.54,14.0,8.0,0.0,8.0,0.0,0.0,1.0,TURTEF_FSR
qmof-d740c19,True,250.26500000000001,1.6817999999999993,61.42,19.0,6.0,0.0,6.0,2.0,4.0,4.0,TUVWAI_FSR
qmof-8296ee6,True,172.09199999999998,-3.1126999999999994,117.55999999999999,12.0,6.0,1.0,5.0,4.0,0.0,0.0,TUFFIK_FSR
qmof-5d392be,True,212.17600000000002,0.9802,102.36000000000001,16.0,8.0,0.0,6.0,2.0,1.0,3.0,TUFWUN_FSR
qmof-cb06477,True,242.18999999999997,-1.1294000000000002,106.03999999999999,18.0,6.0,0.0,6.0,3.0,2.0,2.0,TUGDOQ_FSR
qmof-887a10f,False,,,,,,,,,,,TUHGIM_FSR
qmof-7c7fd1a,True,257.20099999999996,-0.39910000000000023,102.38,19.0,6.0,0.0,6.0,4.0,2.0,2.0,TUJCAE_FSR
qmof-069478f,True,242.18999999999997,-1.1294000000000002,106.03999999999999,18.0,6.0,0.0,6.0,3.0,2.0,2.0,BUDDIO_FSR
qmof-8dad5f3,False,,,,,,,,,,,GOVFEC_FSR
qmof-a50b67b,True,231.16700000000003,-1.3507099999999999,115.03999999999999,17.0,7.0,1.0,6.0,3.0,1.0,2.0,BOYFUS_FSR
qmof-522809d,True,256.21299999999997,0.20589999999999975,89.49000000000001,19.0,5.0,0.0,5.0,4.0,2.0,2.0,BOYSIT_FSR
qmof-d9fa5cf,True,268.393,0.4206999999999997,112.96000000000001,12.0,10.0,2.0,5.0,0.0,0.0,1.0,BUBCOS_FSR
qmof-2d365d4,True,300.32500000000005,2.7863000000000007,69.38,23.0,6.0,0.0,6.0,3.0,4.0,4.0,TUMFUE_FSR
qmof-9533602,True,300.32500000000005,2.7863000000000007,69.38,23.0,6.0,0.0,6.0,3.0,4.0,4.0,TUMGAL_FSR
qmof-62cd69a,True,358.41,3.4512800000000015,93.17,26.0,8.0,0.0,7.0,3.0,4.0,4.0,TUMGIT_FSR
qmof-f57add2,False,,,,,,,,,,,TUNBUB_FSR
qmof-ae9181c,False,,,,,,,,,,,BUQSUC_FSR
qmof-d089c7c,True,196.34000000000003,3.5553000000000026,0.0,12.0,2.0,0.0,2.0,1.0,1.0,2.0,JIZDOO_FSR
qmof-532e67d,True,58.085,0.66498,23.79,3.0,2.0,0.0,1.0,0.0,0.0,0.0,JIRNII_FSR
qmof-aa7f699,True,209.11299999999994,-1.6781999999999997,123.4,15.0,7.0,0.0,6.0,3.0,1.0,1.0,JIRQEH01_FSR
qmof-1a78d9c,False,,,,,,,,,,,BUNFUM_FSR
qmof-557b940,True,479.7000000000001,1.4636,80.25999999999999,16.0,8.0,0.0,4.0,2.0,1.0,1.0,BUNJEA_FSR
qmof-f77c0e0,True,520.5670000000003,1.1833999999999991,150.04,37.0,11.0,0.0,10.0,6.0,4.0,5.0,BUNLON_FSR
qmof-bdba6fb,False,,,,,,,,,,,TOCFOG_FSR
qmof-1b41ebc,True,393.35500000000013,0.5835999999999999,149.18,29.0,9.0,0.0,8.0,6.0,3.0,3.0,TOFLOR_FSR
qmof-6680eb0,True,88.01799999999999,-3.5138000000000003,80.25999999999999,6.0,4.0,0.0,4.0,0.0,0.0,0.0,TOJPIT_FSR
qmof-908c20a,True,166.09199999999998,-2.7964,106.03999999999999,12.0,6.0,0.0,6.0,2.0,1.0,1.0,TOKBAX_FSR
qmof-115bd6e,True,419.2340000000002,-6.561899999999998,263.72999999999996,30.0,14.0,1.0,13.0,4.0,2.0,2.0,BUDGAJ_FSR
qmof-a5cf871,False,,,,,,,,,,,BUDGEN_FSR
qmof-435674b,True,134.16199999999998,0.6366700000000001,62.699999999999996,10.0,3.0,1.0,3.0,1.0,1.0,1.0,TOQGEN_FSR
qmof-0a24ace,False,,,,,,,,,,,TOZHAR_FSR
qmof-920e89b,True,269.39900000000006,1.0533899999999998,70.3,17.0,7.0,1.0,6.0,6.0,1.0,2.0,BULZUE_FSR
qmof-5cb01c3,False,,,,,,,,,,,GOTNUA_FSR
qmof-7edf98b,True,375.3780000000001,4.067300000000003,108.36999999999999,26.0,8.0,0.0,4.0,5.0,3.0,3.0,GOTYIZ_FSR
qmof-f17dd8e,True,268.054,-0.4198000000000002,154.86,16.0,10.0,4.0,4.0,2.0,1.0,1.0,JIVFUQ_FSR
qmof-edf8a77,False,,,,,,,,,,,JIZCAZ_FSR
qmof-4d1b04c,True,196.34000000000003,3.5553000000000026,0.0,12.0,2.0,0.0,2.0,1.0,1.0,2.0,JIZDOO01_FSR
qmof-bc95055,True,156.18799999999996,2.1435999999999993,25.78,12.0,2.0,0.0,2.0,1.0,2.0,2.0,BUSMUZ_FSR
qmof-a6fa008,True,156.18799999999996,2.1435999999999993,25.78,12.0,2.0,0.0,2.0,1.0,2.0,2.0,BUSNAG_FSR
qmof-aa812e3,False,,,,,,,,,,,BUSNOU_FSR
qmof-064c285,True,80.08999999999999,0.47659999999999986,25.78,6.0,2.0,0.0,2.0,0.0,1.0,1.0,TISTEU_FSR
qmof-8097d72,False,,,,,,,,,,,TITHUC_FSR
qmof-48b7d44,True,310.317,0.6868999999999996,117.09,23.0,8.0,0.0,7.0,5.0,2.0,3.0,TIVPUL_FSR
qmof-deef83c,True,266.4719999999999,2.864200000000001,34.14,16.0,4.0,0.0,2.0,11.0,0.0,0.0,BUTTUG_FSR
qmof-f65f438,False,,,,,,,,,,,BUTYUM_FSR
qmof-4178b92,True,244.194,-0.6942999999999999,139.53999999999996,18.0,9.0,1.0,6.0,0.0,1.0,3.0,TIXBUZ_FSR
qmof-3643545,True,238.29399999999998,2.1761999999999997,35.64,18.0,4.0,0.0,4.0,4.0,3.0,3.0,TIZQIE_FSR
qmof-010dd4a,True,187.20600000000002,0.9210999999999999,56.49,14.0,5.0,0.0,5.0,3.0,2.0,2.0,TOBFAS_FSR
qmof-b73a1d3,False,,,,,,,,,,,TIMXUI_FSR
qmof-bc37b20,True,210.121,-4.068699999999999,133.27999999999997,15.0,7.0,0.0,7.0,1.0,1.0,1.0,GOLQII_FSR
qmof-7dcae20,False,,,,,,,,,,,GORCUL01_FSR
qmof-3d5971c,True,420.3850000000002,-1.2290199999999991,159.89000000000001,31.0,11.0,1.0,9.0,6.0,2.0,4.0,JOCNOH_FSR
qmof-7931216,False,,,,,,,,,,,JODFUD_FSR
qmof-34cda6e,True,242.18999999999997,-1.1294000000000002,106.03999999999999,18.0,6.0,0.0,6.0,3.0,2.0,2.0,BUWWAT_FSR
qmof-633e487,True,242.18999999999997,-1.1294000000000002,106.03999999999999,18.0,6.0,0.0,6.0,3.0,2.0,2.0,BUWWIB_FSR
qmof-0cf6fb4,True,242.18999999999997,-1.1294000000000002,106.03999999999999,18.0,6.0,0.0,6.0,3.0,2.0,2.0,BUWWOH_FSR
qmof-a1057f3,True,242.18999999999997,-1.1294000000000002,106.03999999999999,18.0,6.0,0.0,6.0,3.0,2.0,2.0,BUWWUN_FSR
qmof-d94e243,True,214.17599999999996,-0.43320000000000025,80.25999999999999,16.0,4.0,0.0,4.0,2.0,2.0,2.0,TIRFUW_FSR
qmof-a2d53f7,True,144.126,-1.9533999999999987,80.25999999999999,10.0,4.0,0.0,4.0,5.0,0.0,0.0,TIRJAH_FSR
qmof-3f39a03,False,,,,,,,,,,,TISBII_FSR
qmof-bc6baae,False,,,,,,,,,,,TISBOO_FSR
qmof-697c6bc,False,,,,,,,,,,,BUXKUC_FSR
qmof-3c501fe,True,42.021,-1.4418000000000002,58.7,3.0,3.0,0.0,0.0,0.0,0.0,0.0,GOSMAE_FSR
qmof-0943bf3,False,,,,,,,,,,,GOTNUA01_FSR
qmof-99bf606,True,249.18200000000002,3.6830000000000016,55.43000000000001,17.0,5.0,0.0,3.0,4.0,2.0,2.0,TEKRIM_FSR
qmof-4e8959d,True,165.10399999999996,-2.1914,93.15,12.0,5.0,0.0,5.0,2.0,1.0,1.0,TEQQAI_FSR
qmof-42ef884,True,138.10199999999998,-1.3165,67.07,10.0,4.0,0.0,3.0,1.0,1.0,1.0,TEQTAK_FSR
qmof-88816e9,True,183.212,0.9935799999999999,59.96,12.0,5.0,0.0,3.0,1.0,1.0,1.0,TERRAK_FSR
qmof-dcc9417,True,166.09199999999998,-2.7964,106.03999999999999,12.0,6.0,0.0,6.0,2.0,1.0,1.0,JOJMEB_FSR
qmof-ae3277e,True,328.19200000000006,-4.4024,186.29999999999998,24.0,10.0,0.0,10.0,5.0,2.0,2.0,JOJGIA_FSR
qmof-65f86ea,False,,,,,,,,,,,BZTZTL_FSR
qmof-7571eaa,True,194.301,1.0195000000000003,21.700000000000003,11.0,5.0,0.0,3.0,4.0,0.0,0.0,CABSUW_FSR
qmof-6f47ba4,True,301.896,1.0272000000000001,80.25999999999999,16.0,8.0,0.0,4.0,2.0,1.0,1.0,CACCOB_FSR
qmof-68e1c8f,True,88.01799999999999,-3.5138000000000003,80.25999999999999,6.0,4.0,0.0,4.0,0.0,0.0,0.0,CADJEX_FSR
qmof-25162af,True,216.17199999999997,0.29649999999999993,90.32000000000001,16.0,5.0,1.0,4.0,2.0,2.0,2.0,TIBNUP_FSR
qmof-5038232,True,250.254,-2.407199999999998,104.32,18.0,6.0,2.0,6.0,2.0,1.0,2.0,TIBQAX_FSR
qmof-7143528,True,207.125,1.9141999999999997,69.75999999999999,14.0,5.0,0.0,2.0,1.0,2.0,2.0,TIJGOJ_FSR
qmof-3209aae,True,207.125,1.9141999999999997,69.75999999999999,14.0,5.0,0.0,2.0,1.0,2.0,2.0,TIJGUP_FSR
qmof-9dd2a8a,True,58.085,0.66498,23.79,3.0,2.0,0.0,1.0,0.0,0.0,0.0,TILJEE_FSR
qmof-b25a2c3,False,,,,,,,,,,,TILWOB_FSR
qmof-ebf848f,True,289.26,-2.572099999999998,157.69,20.0,8.0,1.0,7.0,10.0,0.0,0.0,CANYIA01_FSR
qmof-926904e,True,156.54799999999997,0.09849999999999992,53.019999999999996,10.0,4.0,0.0,3.0,1.0,1.0,1.0,TEHLID_FSR
qmof-7810936,True,169.09599999999998,-1.0616000000000003,115.24000000000001,12.0,7.0,0.0,6.0,1.0,1.0,1.0,TEHQIG_FSR
qmof-136fa43,True,251.24099999999996,1.6687999999999998,145.42000000000002,15.0,9.0,1.0,1.0,2.0,1.0,1.0,GOHZAG01_FSR
qmof-1d0d16f,True,228.11199999999997,-6.535599999999999,160.51999999999998,16.0,8.0,0.0,8.0,4.0,0.0,1.0,GOJDOZ_FSR
qmof-ab504c7,False,,,,,,,,,,,GOJHAP_FSR
qmof-0165dd2,True,229.25900000000001,1.1435399999999998,65.91,17.0,4.0,0.0,4.0,1.0,2.0,2.0,GOJHOD_FSR
qmof-37c4e91,True,201.20499999999998,0.5267,65.91,15.0,4.0,0.0,4.0,1.0,2.0,2.0,GOJHUJ_FSR
qmof-3e06937,True,59.044,-1.2438,40.129999999999995,4.0,2.0,0.0,2.0,0.0,0.0,0.0,GOLLIE_FSR
qmof-b746762,True,330.2080000000001,-1.7329999999999997,180.64000000000001,24.0,10.0,2.0,8.0,5.0,2.0,2.0,JOJGOG_FSR
qmof-3119618,True,224.16799999999995,-2.055999999999999,98.72,16.0,6.0,0.0,6.0,6.0,1.0,1.0,CAFCET_FSR
qmof-526eb14,True,224.16799999999995,-2.055999999999999,98.72,16.0,6.0,0.0,6.0,6.0,1.0,1.0,CAFCIX_FSR
qmof-32b39ac,False,,,,,,,,,,,CAFGEX_FSR
qmof-7a91c8f,True,309.26099999999997,-1.196900000000001,131.97,23.0,8.0,0.0,7.0,3.0,2.0,3.0,CAGFIC_FSR
qmof-86d10b6,True,306.26200000000006,6.061240000000004,46.5,20.0,5.0,0.0,3.0,2.0,1.0,2.0,CAGKON_FSR
qmof-99aa4cb,False,,,,,,,,,,,TEJHIB_FSR
qmof-75db304,False,,,,,,,,,,,TAKKAS_FSR
qmof-0645840,True,173.17900000000003,0.5552999999999999,55.96,13.0,5.0,0.0,5.0,2.0,2.0,2.0,TALJOI_FSR
qmof-cb0c828,True,68.059,-0.42400000000000004,38.82,5.0,3.0,0.0,2.0,0.0,0.0,1.0,TALKIB_FSR
qmof-e556c47,True,286.286,3.2398000000000016,119.4,18.0,8.0,0.0,0.0,2.0,2.0,2.0,TATCAV_FSR
qmof-70bc81f,True,402.93400000000014,1.9733000000000005,106.23000000000002,16.0,9.0,1.0,3.0,2.0,1.0,1.0,CAPVEW_FSR
qmof-8e16ab1,False,,,,,,,,,,,TAPHOH_FSR
qmof-e6a8ac7,True,85.082,-0.6876,40.129999999999995,6.0,2.0,0.0,2.0,1.0,0.0,0.0,JUDQAC_FSR
qmof-00f576b,True,460.35800000000006,-2.8013999999999974,196.15999999999997,34.0,12.0,0.0,12.0,6.0,4.0,4.0,TAWNUC_FSR
qmof-195c4a9,False,,,,,,,,,,,TAZZUS_FSR
qmof-b9e1a1b,True,166.09199999999998,-2.7964,106.03999999999999,12.0,6.0,0.0,6.0,2.0,1.0,1.0,TEBZIJ_FSR
qmof-40c1cc0,True,286.286,3.2398000000000016,119.4,18.0,8.0,0.0,0.0,2.0,2.0,2.0,TATBUO_FSR
qmof-2e54ffc,True,127.083,-2.577,83.73,9.0,6.0,0.0,6.0,2.0,1.0,1.0,CAJFIF_FSR
qmof-8ff5155,True,512.4420000000001,-0.5460099999999999,203.74999999999997,38.0,14.0,1.0,12.0,7.0,4.0,5.0,CAJLAD_FSR
qmof-0fa4d72,True,193.05499999999998,-3.192799999999999,171.42000000000002,13.0,12.0,0.0,3.0,6.0,0.0,0.0,CAJTUD_FSR
qmof-724492a,True,432.4710000000001,4.150780000000003,114.57,33.0,9.0,0.0,8.0,3.0,3.0,6.0,CANQEO_FSR
qmof-2461a2e,True,181.13299999999998,2.7994000000000003,0.0,11.0,5.0,0.0,0.0,0.0,1.0,1.0,CANWAS_FSR
qmof-a0c2669,True,184.182,0.91665,97.15,14.0,5.0,0.0,5.0,0.0,1.0,1.0,TABPOC_FSR
qmof-5651075,True,80.08999999999999,0.4765999999999999,25.78,6.0,2.0,0.0,2.0,0.0,1.0,1.0,CAXBUZ_FSR
qmof-d64d83c,True,192.13800000000006,-1.4884000000000002,117.09,14.0,8.0,0.0,7.0,1.0,1.0,2.0,CAXXOQ_FSR
qmof-4d45fdb,True,304.18600000000004,-3.4533999999999985,208.39999999999998,22.0,14.0,0.0,12.0,2.0,1.0,3.0,CAXXUW_FSR
qmof-c3af10d,True,58.085,0.66498,23.79,3.0,2.0,0.0,1.0,0.0,0.0,0.0,JURZON_FSR
qmof-bf96c4f,True,197.213,1.7170999999999998,40.129999999999995,15.0,2.0,0.0,2.0,2.0,2.0,2.0,GODDIO_FSR
qmof-d96997b,True,197.213,1.7170999999999998,40.129999999999995,15.0,2.0,0.0,2.0,2.0,2.0,2.0,GODDOU_FSR
qmof-7aa2739,True,185.23000000000002,2.0887000000000002,37.81,14.0,3.0,1.0,3.0,3.0,2.0,2.0,GOHCOV_FSR
qmof-587db4e,False,,,,,,,,,,,GOHMUM_FSR
qmof-5a5a67f,True,122.10299999999997,-0.5549000000000004,53.019999999999996,9.0,3.0,0.0,3.0,1.0,1.0,1.0,GOHVUW01_FSR
qmof-b133873,False,,,,,,,,,,,TAMBOZ_FSR
qmof-bed05b6,True,79.979,0.23709999999999992,56.87,4.0,4.0,0.0,1.0,0.0,0.0,0.0,CAVBUX_FSR
qmof-68c71c0,True,79.979,0.23709999999999992,56.87,4.0,4.0,0.0,1.0,0.0,0.0,0.0,CAVCAE_FSR
qmof-1c4f970,True,284.26700000000005,0.23429999999999973,89.49000000000001,21.0,5.0,0.0,5.0,5.0,2.0,2.0,TAPQUZ_FSR
qmof-6494c32,True,258.229,-0.2795000000000003,89.49000000000001,19.0,5.0,0.0,5.0,4.0,2.0,2.0,TAPREK_FSR
qmof-374d608,True,460.4670000000001,1.3899999999999997,140.18,33.0,9.0,0.0,8.0,5.0,4.0,4.0,TAHVUW_FSR
qmof-726ab18,True,250.11799999999994,-4.859400000000001,160.51999999999998,18.0,8.0,0.0,8.0,4.0,1.0,1.0,GOCSOI_FSR
qmof-08f6834,True,450.3390000000003,-1.7957999999999992,212.56999999999996,33.0,12.0,2.0,10.0,6.0,3.0,3.0,GOCTAV_FSR
qmof-f69b853,False,,,,,,,,,,,JUKZOE_FSR
qmof-1b76fc2,True,26.018,0.09637,23.79,2.0,1.0,0.0,1.0,0.0,0.0,0.0,JULDEB_FSR
qmof-1a3858d,False,,,,,,,,,,,JUPHEH01_FSR
qmof-e0af624,False,,,,,,,,,,,JUPHEH_FSR
qmof-b96a6b3,True,208.18500000000003,0.38059999999999994,111.59,15.0,9.0,0.0,7.0,6.0,0.0,2.0,CAYDIR_FSR
qmof-9ef7236,False,,,,,,,,,,,CAYJET_FSR
qmof-74bdf68,True,80.08999999999999,0.47659999999999986,25.78,6.0,2.0,0.0,2.0,0.0,1.0,1.0,SUTTAD_FSR
qmof-a4fe5d7,True,80.08999999999999,0.47659999999999986,25.78,6.0,2.0,0.0,2.0,0.0,1.0,1.0,SUTTEH_FSR
qmof-23cd4d0,True,418.3250000000002,-1.4993999999999998,200.25,31.0,12.0,1.0,10.0,5.0,3.0,4.0,SUWCEU_FSR
qmof-a74ac6d,False,,,,,,,,,,,TAHNAT_FSR
qmof-87a7761,True,363.3730000000001,0.2576000000000007,132.06,27.0,7.0,1.0,7.0,5.0,3.0,3.0,SUXSOU_FSR
qmof-28aae3b,False,,,,,,,,,,,SUYCIY_FSR
qmof-19e89a7,False,,,,,,,,,,,TABFIO_FSR
qmof-4bae7c0,True,188.17,0.6726000000000001,80.28,14.0,6.0,1.0,4.0,1.0,1.0,2.0,TABFUZ_FSR
qmof-f3695a8,True,220.322,3.2760000000000016,25.78,14.0,4.0,0.0,4.0,3.0,2.0,2.0,CEBLUR01_FSR
qmof-8d24977,False,,,,,,,,,,,CECMEF_FSR
qmof-54b048b,True,152.58399999999997,1.7938799999999997,49.81,10.0,3.0,1.0,2.0,0.0,1.0,1.0,CECMIJ01_FSR
qmof-b55a34a,True,358.11600000000004,1.5961000000000003,171.92999999999995,21.0,12.0,4.0,3.0,6.0,1.0,1.0,GIXNIN_FSR
qmof-bf2685f,False,,,,,,,,,,,GIXPAG_FSR
qmof-8d85a79,False,,,,,,,,,,,GIXWUG_FSR
qmof-39eaef5,False,,,,,,,,,,,GIYLUV_FSR
qmof-3b2f138,False,,,,,,,,,,,GIZKEG_FSR
qmof-7b88b10,False,,,,,,,,,,,JUYGER_FSR
qmof-0f15afa,True,88.08600000000001,-1.9148999999999994,66.14999999999999,6.0,3.0,1.0,3.0,2.0,0.0,0.0,SUHRAP_FSR
qmof-f6d23ff,True,164.11599999999996,-1.5864000000000003,80.25999999999999,12.0,4.0,0.0,4.0,2.0,1.0,1.0,SUHROD_FSR
qmof-bd837da,False,,,,,,,,,,,SUJPUJ_FSR
qmof-cc15248,True,164.11599999999996,-1.5864000000000003,80.25999999999999,12.0,4.0,0.0,4.0,2.0,1.0,1.0,SUNJER_FSR
qmof-0f322ba,True,164.11599999999996,-1.5864000000000003,80.25999999999999,12.0,4.0,0.0,4.0,2.0,1.0,1.0,SUNJIV_FSR
qmof-561b7f4,True,144.13,-2.785499999999999,97.32,10.0,5.0,1.0,4.0,3.0,0.0,0.0,GLALCU10_FSR
qmof-2a2cbf3,True,58.085,0.66498,23.79,3.0,2.0,0.0,1.0,0.0,0.0,0.0,GOCRAS_FSR
qmof-51ac6e2,True,237.14299999999994,-3.4577,129.62,17.0,7.0,0.0,7.0,5.0,1.0,1.0,SOJJAE_FSR
qmof-eb98c8b,False,,,,,,,,,,,SOJMAH_FSR
qmof-f547638,False,,,,,,,,,,,SOJTEQ01_FSR
qmof-37be428,True,210.24,1.8745999999999998,43.6,16.0,4.0,0.0,4.0,2.0,3.0,3.0,GIWKUT_FSR
qmof-e4d19f2,False,,,,,,,,,,,GIWMOP_FSR
qmof-fbfcfb1,False,,,,,,,,,,,GIWXAN_FSR
qmof-7ec2a15,False,,,,,,,,,,,KAGKOV_FSR
qmof-e3895a7,False,,,,,,,,,,,GIXFUR_FSR
qmof-954922b,True,165.10399999999996,-2.1914,93.15,12.0,5.0,0.0,5.0,2.0,1.0,1.0,SOWTIJ_FSR
qmof-9df1bb0,True,164.11599999999996,-1.5864000000000003,80.25999999999999,12.0,4.0,0.0,4.0,2.0,1.0,1.0,SOYNAX_FSR
qmof-6f907db,False,,,,,,,,,,,SOYWOU_FSR
qmof-e20ebfa,True,552.5870000000003,1.5731999999999997,149.82,41.0,10.0,1.0,9.0,8.0,4.0,5.0,SUCHUV_FSR
qmof-79fbfe6,True,283.215,-1.5558999999999994,120.38999999999999,21.0,6.0,0.0,6.0,4.0,2.0,2.0,SUDRIU_FSR
qmof-a12006c,True,152.09300000000002,-1.0537000000000003,101.83999999999999,11.0,7.0,2.0,4.0,0.0,1.0,2.0,SUFPAM_FSR
qmof-ca6a000,True,252.13399999999996,-2.1899999999999995,154.86,18.0,8.0,2.0,6.0,4.0,1.0,1.0,SORVOL_FSR
qmof-01ddc61,True,164.11599999999996,-1.5864000000000003,80.25999999999999,12.0,4.0,0.0,4.0,2.0,1.0,1.0,SUNJOB01_FSR
qmof-a4003e1,True,196.641,1.64729,44.28,13.0,5.0,0.0,3.0,2.0,1.0,2.0,GIRHOF_FSR
qmof-61db27b,True,114.05599999999998,-2.9576000000000002,80.25999999999999,8.0,4.0,0.0,4.0,2.0,0.0,0.0,GISHAS_FSR
qmof-d44c3fa,True,255.29700000000003,0.5323999999999987,65.05,19.0,4.0,1.0,4.0,6.0,2.0,2.0,GISHIC_FSR
qmof-623be6c,False,,,,,,,,,,,GITQIM_FSR
qmof-a7b4a13,True,182.02399999999997,-2.8434999999999997,137.13,11.0,8.0,0.0,5.0,0.0,0.0,0.0,GIVXOY_FSR
qmof-43ba689,True,272.438,5.127200000000004,0.0,18.0,2.0,0.0,2.0,6.0,2.0,2.0,KAKSAT01_FSR
qmof-f8dd6bc,True,272.438,5.127200000000004,0.0,18.0,2.0,0.0,2.0,6.0,2.0,2.0,KAKTIC01_FSR
qmof-0e86d2f,True,286.28700000000003,-0.1998999999999993,106.03999999999999,21.0,6.0,0.0,6.0,5.0,2.0,2.0,KALNAN01_FSR
qmof-0ed4bf6,False,,,,,,,,,,,KALNUG_FSR
qmof-ad4da6e,False,,,,,,,,,,,CEDMEF_FSR
qmof-ce14def,True,90.122,0.2792,18.46,6.0,2.0,0.0,2.0,3.0,0.0,0.0,CEFKEF_FSR
qmof-cfe6420,True,252.09399999999997,-6.0694,186.3,18.0,10.0,0.0,10.0,4.0,1.0,1.0,SODCOE_FSR
qmof-0bbd918,True,252.09399999999997,-6.0694,186.3,18.0,10.0,0.0,10.0,4.0,1.0,1.0,SODCUK_FSR
qmof-51dd8e1,True,187.20600000000002,0.9210999999999999,56.49,14.0,5.0,0.0,5.0,3.0,2.0,2.0,SOFXOB_FSR
qmof-8b503a2,True,154.081,-2.3686100000000003,98.66,11.0,6.0,1.0,4.0,1.0,0.0,1.0,SOTJOA_FSR
qmof-3ed90b5,False,,,,,,,,,,,SOVPAV01_FSR
qmof-e1c79f2,True,386.23600000000005,-6.678209999999996,237.47999999999996,28.0,14.0,0.0,13.0,4.0,1.0,3.0,KALQAS_FSR
qmof-e9c75ec,True,151.034,-0.8195000000000001,97.0,9.0,6.0,0.0,3.0,3.0,0.0,0.0,KALXED_FSR
qmof-5019d12,True,137.11399999999998,-0.24430000000000013,60.36,10.0,3.0,1.0,3.0,1.0,1.0,1.0,KAMTOH06_FSR
qmof-a2408a4,True,432.38200000000023,2.5024000000000015,106.03999999999999,32.0,8.0,0.0,6.0,4.0,4.0,4.0,KANCUZ_FSR
qmof-dbe1820,True,479.4920000000002,1.8357999999999992,126.35,36.0,8.0,0.0,7.0,6.0,4.0,5.0,KANMUK_FSR
qmof-23669af,True,336.35400000000004,1.7543000000000002,125.5,22.0,10.0,0.0,7.0,2.0,3.0,3.0,SOCHIC_FSR
qmof-a42e6fd,True,170.164,-1.7073999999999987,80.25999999999999,12.0,4.0,0.0,4.0,2.0,0.0,1.0,SIWGUB_FSR
qmof-358d837,False,,,,,,,,,,,SIWSOI_FSR
qmof-969433e,True,179.13099999999994,-2.0042,106.28,13.0,5.0,1.0,5.0,2.0,1.0,1.0,SIWVAW_FSR
qmof-a7669d5,True,179.13099999999994,-2.0042,106.28,13.0,5.0,1.0,5.0,2.0,1.0,1.0,SIWVEA_FSR
qmof-cf6cab8,True,146.13299999999998,0.7283999999999999,64.07,11.0,5.0,0.0,4.0,1.0,1.0,2.0,SIXDUZ_FSR
qmof-ff7ddd3,True,258.257,0.4850999999999995,95.00999999999999,19.0,6.0,1.0,5.0,2.0,2.0,2.0,SIXTUP_FSR
qmof-1895b57,True,199.21300000000002,1.7288999999999999,54.88,15.0,4.0,1.0,3.0,2.0,2.0,2.0,SIXVIF_FSR
qmof-cd2a559,True,166.09199999999998,-2.7964,106.03999999999999,12.0,6.0,0.0,6.0,2.0,1.0,1.0,CEHPOV_FSR
qmof-b1f48a1,True,165.10399999999996,-2.1914,93.15,12.0,5.0,0.0,5.0,2.0,1.0,1.0,CEHQOX_FSR
qmof-bf397c9,True,114.05599999999998,-2.9576000000000002,80.25999999999999,8.0,4.0,0.0,4.0,2.0,0.0,0.0,SNMAZH_FSR
qmof-966c83c,True,190.25,1.56,35.64,14.0,4.0,0.0,4.0,5.0,2.0,2.0,KAVYEN_FSR
qmof-2b88f57,True,295.06600000000003,0.7181999999999997,120.05999999999999,15.0,8.0,1.0,3.0,2.0,1.0,1.0,KAWNUT_FSR
qmof-dc4d4b4,True,217.17799999999997,1.2904,117.23000000000002,14.0,7.0,2.0,2.0,2.0,1.0,1.0,KAWPEF_FSR
qmof-961130e,True,164.11599999999996,-1.5864000000000003,80.25999999999999,12.0,4.0,0.0,4.0,2.0,1.0,1.0,KAPPID_FSR
qmof-4c7dfe2,True,264.10999999999996,1.9184,114.39999999999999,16.0,8.0,2.0,2.0,4.0,1.0,1.0,KAPYEH01_FSR
qmof-1464054,True,172.163,0.5982999999999999,53.019999999999996,13.0,3.0,0.0,3.0,1.0,2.0,2.0,KARDUD01_FSR
qmof-9cc5e2e,True,390.35500000000013,-0.3459000000000003,147.5,29.0,9.0,1.0,8.0,5.0,3.0,3.0,KATGAQ_FSR
qmof-772c3d9,True,214.17599999999996,-0.43320000000000025,80.25999999999999,16.0,4.0,0.0,4.0,2.0,2.0,2.0,GIMKUJ_FSR
qmof-b155426,True,58.085,0.66498,23.79,3.0,2.0,0.0,1.0,0.0,0.0,0.0,GIQQOP_FSR
qmof-01cc592,True,554.5140000000001,2.6138000000000003,225.44,38.0,14.0,0.0,6.0,6.0,4.0,4.0,CEJVAR_FSR
qmof-c1528a6,True,209.13299999999995,-3.2203,120.38999999999999,15.0,6.0,0.0,6.0,2.0,1.0,1.0,CEJXOG_FSR
qmof-f1af4d5,False,,,,,,,,,,,SISKAI_FSR
qmof-6fd1381,True,187.178,0.44019999999999976,68.81,14.0,4.0,1.0,3.0,2.0,2.0,2.0,GIRFOE_FSR
qmof-8d529c3,True,304.484,4.921400000000004,25.78,20.0,4.0,0.0,4.0,9.0,2.0,2.0,KALPET_FSR
qmof-6f4ab46,False,,,,,,,,,,,KALPIW_FSR
qmof-4d62153,False,,,,,,,,,,,KALPOC_FSR
qmof-77bb187,True,236.07599999999994,-1.0300000000000002,80.25999999999999,16.0,8.0,0.0,4.0,2.0,1.0,1.0,SEYQOE_FSR
qmof-813d9b7,True,230.179,-1.1962999999999993,108.94,17.0,6.0,1.0,5.0,3.0,2.0,2.0,CEKVEV_FSR
qmof-2453893,True,244.206,-0.8878800000000002,108.94,18.0,6.0,1.0,5.0,3.0,2.0,2.0,CEKVUL_FSR
qmof-07585fa,True,260.205,-1.8164999999999982,126.01,19.0,7.0,1.0,6.0,2.0,2.0,2.0,CEKYEY_FSR
qmof-10d06b5,True,168.26600000000002,2.5809000000000006,12.03,10.0,3.0,1.0,1.0,1.0,1.0,1.0,CELVIB_FSR
qmof-9a67fd7,True,200.17099999999994,0.25009999999999993,99.82999999999998,13.0,6.0,0.0,2.0,2.0,1.0,1.0,CEMQUI_FSR
qmof-73b7fe4,False,,,,,,,,,,,SIBFAN_FSR
qmof-e718222,True,205.15700000000004,-2.119999999999999,109.51,15.0,8.0,0.0,8.0,3.0,2.0,2.0,KATKIB_FSR
qmof-9e88ad4,True,376.5430000000001,4.6410000000000045,27.69,25.0,5.0,0.0,5.0,0.0,2.0,3.0,KAVGOE_FSR
qmof-c42c24d,True,224.13600000000005,-4.332799999999999,141.68,16.0,10.0,0.0,10.0,1.0,2.0,2.0,SITYAW_FSR
qmof-6b29b88,True,112.03999999999998,-3.5104,80.25999999999999,8.0,4.0,0.0,4.0,0.0,0.0,0.0,SIVJAI01_FSR
qmof-a468f15,True,317.30000000000007,1.1425999999999996,93.15,24.0,5.0,0.0,5.0,4.0,3.0,3.0,SIVWOL_FSR
qmof-fb27fc1,True,240.147,-4.466979999999999,153.24999999999997,17.0,8.0,1.0,7.0,1.0,1.0,1.0,SINLUY_FSR
qmof-3848331,False,,,,,,,,,,,SIQQIS_FSR
qmof-65911a2,True,226.04899999999998,1.2122,40.129999999999995,12.0,3.0,0.0,2.0,2.0,1.0,1.0,SIRPUF_FSR
qmof-548fc17,True,324.20000000000005,-0.7826000000000002,140.68,24.0,8.0,0.0,8.0,2.0,4.0,4.0,SIRVEX_FSR
qmof-c16efca,True,215.16199999999995,0.3938999999999998,119.72999999999999,14.0,7.0,0.0,2.0,2.0,1.0,1.0,KAWPOP_FSR
qmof-a196ea1,True,316.368,2.6332000000000004,61.42,24.0,6.0,0.0,6.0,5.0,4.0,4.0,KAXHAV_FSR
qmof-6cc9d61,True,400.43400000000014,1.4745999999999995,106.03999999999999,30.0,6.0,0.0,6.0,7.0,3.0,3.0,KAXTEK_FSR
qmof-df668a3,False,,,,,,,,,,,KAYPEF_FSR
qmof-dfceed4,True,130.099,-2.343499999999999,80.25999999999999,9.0,4.0,0.0,4.0,4.0,0.0,0.0,CEPBIJ_FSR
qmof-c98c976,True,186.218,1.55044,51.56,14.0,4.0,0.0,4.0,1.0,2.0,2.0,CEPFIM_FSR
qmof-4455e80,True,172.09199999999996,-3.1126999999999994,117.56,12.0,6.0,1.0,5.0,4.0,0.0,0.0,CEQTIC_FSR
qmof-4dd157d,False,,,,,,,,,,,CESZIM_FSR
qmof-6dd92a2,True,154.081,-2.8633000000000006,108.94,11.0,6.0,1.0,5.0,2.0,1.0,1.0,CETGAK_FSR
qmof-855d1ed,True,564.3640000000003,-0.981819999999999,214.25999999999996,40.0,18.0,2.0,10.0,8.0,2.0,4.0,SERGOO_FSR
qmof-cb3b518,True,874.578,-2.285829999999997,280.33,62.0,28.0,0.0,17.0,12.0,4.0,7.0,SERGUU_FSR
qmof-7c3cbad,True,270.291,3.366200000000002,38.92,21.0,3.0,0.0,3.0,2.0,3.0,3.0,SERLOR_FSR
qmof-f0c8c79,True,343.22300000000007,-1.7323999999999993,166.92000000000002,25.0,9.0,1.0,8.0,6.0,2.0,2.0,SERSUG_FSR
qmof-5f86bf9,True,343.22300000000007,-1.7323999999999993,166.92000000000002,25.0,9.0,1.0,8.0,6.0,2.0,2.0,SERTAN_FSR
qmof-4071219,True,58.085,0.66498,23.79,3.0,2.0,0.0,1.0,0.0,0.0,0.0,SIFDUJ_FSR
qmof-88ffdd8,False,,,,,,,,,,,SIJRIN_FSR
qmof-8b92916,True,461.47800000000024,0.18360000000000065,137.9,34.0,10.0,0.0,10.0,9.0,4.0,4.0,SEHFAO_FSR
qmof-359185c,True,489.53200000000027,0.9638000000000007,137.9,36.0,10.0,0.0,10.0,11.0,4.0,4.0,SEHFES_FSR
qmof-2042bd9,True,132.071,-3.7628,100.49,9.0,5.0,1.0,5.0,3.0,0.0,0.0,SEJTAD_FSR
qmof-fefcf27,True,164.11599999999996,-1.5864000000000003,80.25999999999999,12.0,4.0,0.0,4.0,2.0,1.0,1.0,CEXNUR_FSR
qmof-593eb07,True,196.18599999999998,-1.5587000000000009,108.13999999999999,14.0,6.0,2.0,5.0,1.0,1.0,1.0,GIFJIR_FSR
qmof-fa5769f,True,502.25200000000035,-7.0493999999999994,315.38,36.0,16.0,2.0,14.0,8.0,2.0,2.0,GIFSUL_FSR
qmof-55931fb,True,280.316,2.3098,68.86,20.0,7.0,0.0,7.0,2.0,4.0,4.0,KAZRIO01_FSR
qmof-f10c991,True,266.388,3.0044000000000013,6.48,20.0,2.0,0.0,2.0,4.0,2.0,3.0,GIFZUS_FSR
qmof-6f8a430,True,165.16799999999995,0.12399999999999989,49.36,12.0,3.0,0.0,3.0,3.0,1.0,1.0,SEJTIL_FSR
qmof-9140a3c,False,,,,,,,,,,,SEKKIF_FSR
qmof-b6208ec,False,,,,,,,,,,,SEKXUE_FSR
qmof-c51405e,True,390.35100000000006,0.7588000000000001,143.33999999999997,29.0,8.0,1.0,7.0,5.0,3.0,3.0,SEMWOZ_FSR
qmof-c9ee732,True,153.18599999999998,0.9849800000000002,50.73,10.0,4.0,0.0,2.0,0.0,1.0,1.0,SENHUQ_FSR
qmof-4e1a726,True,114.05599999999998,-2.9576000000000002,80.25999999999999,8.0,4.0,0.0,4.0,2.0,0.0,0.0,SENKOM_FSR
qmof-d08ace3,True,45.016999999999996,-1.6339000000000001,40.129999999999995,3.0,2.0,0.0,2.0,0.0,0.0,0.0,GIJHOZ_FSR
qmof-c493de2,True,216.16999999999996,-0.04430000000000012,120.06,14.0,7.0,1.0,3.0,2.0,1.0,1.0,KAWPIJ_FSR
qmof-c02b6d6,True,273.189,2.2908,61.03,19.0,8.0,1.0,4.0,2.0,2.0,2.0,GEZWIT_FSR
qmof-ef7d4be,True,667.7,0.8320000000000003,80.25999999999999,16.0,8.0,0.0,4.0,2.0,1.0,1.0,GICDAZ_FSR
qmof-983bf79,True,667.7,0.8320000000000003,80.25999999999999,16.0,8.0,0.0,4.0,2.0,1.0,1.0,GICDIH_FSR
qmof-aca06b1,True,667.7,0.8320000000000003,80.25999999999999,16.0,8.0,0.0,4.0,2.0,1.0,1.0,GICDUT_FSR
qmof-074cf93,True,234.349,3.318500000000002,25.78,15.0,4.0,0.0,4.0,4.0,2.0,2.0,GICZIC_FSR
qmof-f3c4f21,False,,,,,,,,,,,KEDCII_FSR
qmof-0bd5270,True,345.19200000000006,-5.799299999999996,232.28999999999996,24.0,12.0,3.0,9.0,6.0,0.0,1.0,KEGYAX_FSR
qmof-b10c492,True,66.043,-0.44704000000000005,61.68,5.0,3.0,0.0,2.0,0.0,0.0,0.0,GIFJIP_FSR
qmof-ab4c89d,True,122.10299999999997,-0.5549000000000004,53.019999999999996,9.0,3.0,0.0,3.0,1.0,1.0,1.0,CEVQEA_FSR
qmof-25349dc,True,122.10299999999997,-0.5549000000000004,53.019999999999996,9.0,3.0,0.0,3.0,1.0,1.0,1.0,CEVQIE_FSR
qmof-07dae64,True,132.071,-3.7628,100.49,9.0,5.0,1.0,5.0,3.0,0.0,0.0,CEVYIM01_FSR
qmof-00ecdfa,True,184.24200000000002,2.2618,25.78,14.0,2.0,0.0,2.0,3.0,2.0,2.0,SEFSAY_FSR
qmof-1d43809,True,403.3980000000001,-0.015199999999999436,128.79000000000002,30.0,9.0,0.0,9.0,6.0,4.0,4.0,SEFSIG_FSR
qmof-ad0bfc8,True,506.56200000000035,2.873640000000001,115.9,38.0,8.0,0.0,8.0,7.0,5.0,5.0,SEGDAL_FSR
qmof-76e5a3a,True,94.117,0.6638000000000001,38.91,7.0,2.0,1.0,2.0,0.0,1.0,1.0,SEGVIK_FSR
qmof-15ede29,False,,,,,,,,,,,SEHBAK_FSR
qmof-6903e0b,True,124.11899999999997,0.26247,57.93,9.0,3.0,0.0,3.0,2.0,0.0,0.0,SATBOE01_FSR
qmof-00f4cb5,False,,,,,,,,,,,SAVMIM_FSR
qmof-ab8d090,True,151.11300000000003,-0.9591000000000001,105.63999999999999,11.0,8.0,1.0,6.0,2.0,1.0,2.0,SAVPAJ_FSR
qmof-bcaf3c3,True,360.3950000000001,0.035099999999999465,115.9,25.0,9.0,0.0,9.0,7.0,3.0,3.0,GEWTEJ_FSR
qmof-831a2cc,False,,,,,,,,,,,GEXNAB_FSR
qmof-2902fa0,True,271.228,-0.6124000000000003,102.38,20.0,6.0,0.0,6.0,5.0,2.0,2.0,GEYBIX_FSR
qmof-286d537,True,124.09899999999999,0.1747999999999999,63.08,9.0,4.0,1.0,3.0,1.0,1.0,1.0,KEKHOZ_FSR
qmof-6645061,True,86.138,-0.8208000000000002,24.06,6.0,2.0,2.0,2.0,0.0,0.0,1.0,KEKMEU_FSR
qmof-382ab31,False,,,,,,,,,,,KELKOD_FSR
qmof-8ce2f86,True,296.3299999999999,1.0747999999999998,66.4,22.0,6.0,0.0,4.0,2.0,2.0,3.0,SEDQAU_FSR
qmof-209cb4f,False,,,,,,,,,,,SAXDOK_FSR
qmof-11f5df1,True,223.239,0.8835899999999999,64.27000000000001,17.0,5.0,1.0,4.0,2.0,2.0,3.0,SAXMIP_FSR
qmof-1102a03,False,,,,,,,,,,,SAXNEM_FSR
qmof-84cc81a,True,188.255,2.6278000000000006,25.78,13.0,3.0,0.0,3.0,2.0,2.0,2.0,SAXPIT_FSR
qmof-bb40785,True,778.7340000000002,0.6173800000000012,238.38,58.0,16.0,0.0,14.0,15.0,5.0,7.0,CEYKAU_FSR
qmof-ae1a15f,True,184.24200000000002,2.2618,25.78,14.0,2.0,0.0,2.0,3.0,2.0,2.0,SEBZIK_FSR
qmof-61e9800,True,220.28,0.5119799999999999,59.400000000000006,16.0,6.0,0.0,4.0,7.0,0.0,2.0,KEMVII_FSR
qmof-981876f,True,310.353,0.04860000000000175,97.32000000000001,23.0,5.0,1.0,4.0,7.0,2.0,2.0,KEPSEE_FSR
qmof-68a1f3b,False,,,,,,,,,,,KEPVUZ_FSR
qmof-8fff7f3,True,283.332,2.2187,68.81,20.0,5.0,1.0,4.0,4.0,3.0,3.0,KEPYIO_FSR
qmof-dca4eee,True,164.11599999999996,-1.5864000000000003,80.25999999999999,12.0,4.0,0.0,4.0,2.0,1.0,1.0,KEQTEF_FSR
qmof-f6f5702,True,208.12499999999994,-1.8881999999999994,117.56,15.0,6.0,1.0,5.0,3.0,1.0,1.0,KERCAM_FSR
qmof-8045d77,True,140.09399999999997,-2.4013999999999998,80.25999999999999,10.0,4.0,0.0,4.0,3.0,0.0,0.0,CIDGOO_FSR
qmof-8e256bb,True,122.10299999999997,-0.5549000000000004,53.019999999999996,9.0,3.0,0.0,3.0,1.0,1.0,1.0,SAQGAU_FSR
qmof-4cdc447,True,296.3299999999999,1.0747999999999998,66.4,22.0,6.0,0.0,4.0,2.0,2.0,3.0,SAQJIE_FSR
qmof-b71af70,True,338.35099999999994,-0.36700000000000044,125.10000000000001,25.0,9.0,0.0,4.0,2.0,2.0,3.0,SAQJOK_FSR
qmof-22b0cb3,True,270.334,-0.18249999999999922,117.35,18.0,7.0,2.0,5.0,3.0,1.0,2.0,SAQYER_FSR
qmof-2915b01,True,214.176,-0.43320000000000025,80.25999999999999,16.0,4.0,0.0,4.0,2.0,2.0,2.0,CIFGOP_FSR
qmof-340dc4f,True,166.09199999999998,-2.7964,106.03999999999999,12.0,6.0,0.0,6.0,2.0,1.0,1.0,CIGNEM_FSR
qmof-113a0d9,True,138.10199999999998,-1.3165,67.07,10.0,4.0,0.0,3.0,1.0,1.0,1.0,CIBQOU_FSR
qmof-2f828ec,True,154.10099999999997,-2.3387000000000002,77.50999999999999,11.0,5.0,0.0,4.0,2.0,0.0,1.0,CIBQUZ_FSR
qmof-78b018b,True,308.16200000000003,-3.0768000000000004,212.21999999999994,22.0,12.0,4.0,8.0,5.0,2.0,2.0,CIBYIX_FSR
qmof-300cfb8,True,138.10199999999998,-1.3165,67.07,10.0,4.0,0.0,3.0,1.0,1.0,1.0,SADDOS_FSR
qmof-02d78c0,True,253.24500000000003,1.3921199999999998,96.93,19.0,7.0,1.0,5.0,2.0,2.0,3.0,KEWXIV_FSR
qmof-f870b76,False,,,,,,,,,,,KEWYET_FSR
qmof-0582ec7,True,306.276,0.7357999999999993,81.65,22.0,9.0,1.0,7.0,5.0,3.0,3.0,KERDIV_FSR
qmof-15519b3,True,156.18799999999996,2.1435999999999993,25.78,12.0,2.0,0.0,2.0,1.0,2.0,2.0,KERWOU_FSR
qmof-0618231,False,,,,,,,,,,,GERPID01_FSR
qmof-46909aa,True,413.43700000000007,3.634000000000002,65.05,30.0,5.0,1.0,4.0,6.0,4.0,4.0,CIGXIC_FSR
qmof-3d08513,True,182.02399999999997,-2.8434999999999997,137.13,11.0,8.0,0.0,5.0,0.0,0.0,0.0,CIHHOR_FSR
qmof-e4b5afc,True,264.10999999999996,1.9184,114.39999999999999,16.0,8.0,2.0,2.0,4.0,1.0,1.0,CIHLOW_FSR
qmof-ad34906,True,528.2200000000003,3.836800000000005,228.79999999999995,32.0,16.0,4.0,4.0,8.0,2.0,2.0,CIHMEN_FSR
qmof-da144a7,True,268.224,-0.35540000000000016,97.33000000000001,20.0,5.0,0.0,5.0,4.0,2.0,2.0,SALZOV_FSR
qmof-fe63fce,True,384.26000000000016,-1.4098,212.21999999999994,28.0,12.0,4.0,8.0,6.0,3.0,3.0,GEVBER_FSR
qmof-4e8726d,False,,,,,,,,,,,GEVHOG_FSR
qmof-5fe8b1d,True,164.11599999999996,-1.5864000000000003,80.25999999999999,12.0,4.0,0.0,4.0,2.0,1.0,1.0,GEVJEX_FSR
qmof-f83cbe5,True,281.411,-0.3099999999999998,63.63,10.0,7.0,2.0,4.0,4.0,0.0,0.0,KELLAR_FSR
qmof-c09da8c,True,192.96399999999997,-0.5426000000000002,154.53,10.0,10.0,3.0,2.0,0.0,0.0,0.0,KELXAB_FSR
qmof-646491e,True,209.11299999999994,-1.6782000000000001,123.39999999999998,15.0,7.0,0.0,6.0,3.0,1.0,1.0,SABXIF_FSR
qmof-e9e594e,True,209.11299999999994,-1.6782000000000001,123.39999999999998,15.0,7.0,0.0,6.0,3.0,1.0,1.0,SABXOL_FSR
qmof-9513924,True,209.11299999999994,-1.6782000000000001,123.39999999999998,15.0,7.0,0.0,6.0,3.0,1.0,1.0,SABXUR_FSR
qmof-ddefcd4,True,209.11299999999994,-1.6782000000000001,123.39999999999998,15.0,7.0,0.0,6.0,3.0,1.0,1.0,SABYAY_FSR
qmof-2f9f102,True,209.11299999999994,-1.6782000000000001,123.39999999999998,15.0,7.0,0.0,6.0,3.0,1.0,1.0,SABYEC_FSR
qmof-c98e6d4,True,209.11299999999994,-1.6782000000000001,123.39999999999998,15.0,7.0,0.0,6.0,3.0,1.0,1.0,SABZAZ_FSR
qmof-4fbba74,True,187.089,0.8815999999999998,116.57,10.0,8.0,0.0,1.0,3.0,0.0,0.0,GENZAC_FSR
qmof-f513610,True,188.255,2.6278000000000006,25.78,13.0,3.0,0.0,3.0,2.0,2.0,2.0,GEQCIP_FSR
qmof-9cf4c4a,False,,,,,,,,,,,KEWWIU_FSR
qmof-9ddb717,False,,,,,,,,,,,KEWWOA_FSR
qmof-55717d4,False,,,,,,,,,,,CIHSUI_FSR
qmof-1068e1a,True,220.164,3.393900000000002,56.87,15.0,4.0,0.0,1.0,2.0,2.0,2.0,CIHXID_FSR
qmof-8f1e067,True,80.08999999999999,0.4765999999999999,25.78,6.0,2.0,0.0,2.0,0.0,1.0,1.0,CIJSIZ_FSR
qmof-e273077,True,209.11299999999994,-1.6782000000000001,123.39999999999998,15.0,7.0,0.0,6.0,3.0,1.0,1.0,SABZIH_FSR
qmof-0f5fd80,True,209.11299999999994,-1.6782000000000001,123.39999999999998,15.0,7.0,0.0,6.0,3.0,1.0,1.0,SABZON_FSR
qmof-837b3f1,True,434.4080000000001,-1.210399999999997,164.24,32.0,10.0,2.0,8.0,7.0,3.0,3.0,SACMAM_FSR
qmof-a2a9bf5,True,300.266,0.09779999999999989,98.72000000000001,22.0,6.0,0.0,6.0,5.0,2.0,2.0,RUZCEW_FSR
qmof-95e5d95,False,,,,,,,,,,,RUZCIA_FSR
qmof-cbf9737,False,,,,,,,,,,,RUSNEZ_FSR
qmof-a7ef366,True,404.37800000000016,-0.18362000000000012,126.53999999999999,30.0,8.0,0.0,6.0,4.0,0.0,4.0,RUVYIR_FSR
qmof-d8bde53,False,,,,,,,,,,,CILQEW_FSR
qmof-2c4892a,True,46.069,-0.0014000000000000123,20.23,3.0,1.0,1.0,1.0,0.0,0.0,0.0,RUWZAK_FSR
qmof-5ba42c6,True,156.18799999999996,2.1435999999999993,25.78,12.0,2.0,0.0,2.0,1.0,2.0,2.0,KICMUF_FSR
qmof-50cc0b4,True,192.16999999999993,-1.7286,80.25999999999999,14.0,4.0,0.0,4.0,4.0,1.0,1.0,KEXWOA_FSR
qmof-30417b0,False,,,,,,,,,,,SAFBEI_FSR
qmof-e75ded3,True,414.73000000000025,-1.7584999999999984,142.17000000000002,24.0,14.0,0.0,11.0,0.0,0.0,6.0,SAFGEN_FSR
qmof-a5c1558,True,157.17600000000002,1.5385999999999997,38.67,12.0,3.0,0.0,3.0,1.0,2.0,2.0,SAFKER_FSR
qmof-cd6b0e0,True,270.244,-0.8139999999999992,106.03999999999999,20.0,6.0,0.0,6.0,3.0,2.0,2.0,RUZLAA_FSR
qmof-2fe59af,False,,,,,,,,,,,SABWEX_FSR
qmof-545a299,True,209.11299999999994,-1.6782000000000001,123.39999999999998,15.0,7.0,0.0,6.0,3.0,1.0,1.0,SABWOK_FSR
qmof-fd388d5,True,209.11299999999994,-1.6782000000000001,123.39999999999998,15.0,7.0,0.0,6.0,3.0,1.0,1.0,SABWUQ_FSR
qmof-3b9b0b0,True,209.11299999999994,-1.6782000000000001,123.39999999999998,15.0,7.0,0.0,6.0,3.0,1.0,1.0,SABXAX_FSR
qmof-534822c,True,269.329,3.5094800000000017,68.94,19.0,5.0,0.0,3.0,3.0,2.0,2.0,RUHVEX_FSR
qmof-a357037,True,305.35600000000005,2.5477,77.42999999999999,20.0,6.0,1.0,5.0,5.0,2.0,2.0,RUJPUI_FSR
qmof-7076722,True,67.071,0.26089000000000007,24.72,5.0,2.0,0.0,2.0,0.0,0.0,1.0,RUKTIB_FSR
qmof-eefbba1,False,,,,,,,,,,,RULFAF_FSR
qmof-5742e24,False,,,,,,,,,,,KIGFAH_FSR
qmof-14ca94e,True,326.357,3.4719600000000037,110.62,23.0,7.0,0.0,5.0,4.0,2.0,2.0,KIGKUI01_FSR
qmof-bdc345a,True,264.35299999999995,3.863360000000003,47.58,19.0,3.0,0.0,3.0,4.0,2.0,2.0,KIGLET_FSR
qmof-d9eb571,True,264.35299999999995,3.863360000000003,47.58,19.0,3.0,0.0,3.0,4.0,2.0,2.0,KIGLIX_FSR
qmof-81581d3,True,282.23499999999996,-0.5955000000000004,119.61000000000001,21.0,7.0,0.0,6.0,2.0,2.0,3.0,KIHDUD_FSR
qmof-a6f72b4,True,220.322,2.317380000000001,24.72,14.0,4.0,0.0,2.0,0.0,0.0,2.0,KIHNEU_FSR
qmof-0a0e6b0,True,45.016999999999996,-1.6339000000000001,40.129999999999995,3.0,2.0,0.0,2.0,0.0,0.0,0.0,RUNYUV_FSR
qmof-a075c95,True,211.10899999999995,-0.13350000000000017,126.41,15.0,8.0,0.0,6.0,3.0,1.0,1.0,CINCEI_FSR
qmof-b1692f5,True,480.2620000000002,0.5781999999999998,115.9,27.0,9.0,0.0,8.0,7.0,3.0,3.0,CIPDIQ_FSR
qmof-9090b93,True,474.25400000000025,1.2799999999999994,106.03999999999999,27.0,7.0,0.0,6.0,5.0,3.0,3.0,CIPDOW_FSR
qmof-5361c4e,True,164.11599999999996,-1.5864000000000003,80.25999999999999,12.0,4.0,0.0,4.0,2.0,1.0,1.0,RUYGAU_FSR
qmof-45e9b21,True,273.24800000000005,-1.2191799999999997,132.06,20.0,7.0,1.0,7.0,2.0,2.0,2.0,RUYKAY_FSR
qmof-fd349f0,True,58.085,0.66498,23.79,3.0,2.0,0.0,1.0,0.0,0.0,0.0,RODYEP_FSR
qmof-86890b0,False,,,,,,,,,,,ROGJOP_FSR
qmof-9ff25a6,True,177.21099999999998,0.36719,70.3,13.0,5.0,1.0,4.0,2.0,1.0,2.0,KIMWOU_FSR
qmof-9797a23,True,157.06499999999997,0.7609999999999999,69.75999999999999,10.0,5.0,0.0,2.0,1.0,1.0,1.0,GELPUJ_FSR
qmof-305af65,True,168.10399999999998,-0.39490000000000014,100.49000000000001,12.0,5.0,2.0,4.0,1.0,1.0,1.0,GELVEZ02_FSR
qmof-9c0d1a4,True,168.10399999999998,-0.39490000000000014,100.49000000000001,12.0,5.0,2.0,4.0,1.0,1.0,1.0,GELVID01_FSR
qmof-af43c12,True,168.10399999999998,-0.39490000000000014,100.49000000000001,12.0,5.0,2.0,4.0,1.0,1.0,1.0,GELVID_FSR
qmof-e39e485,False,,,,,,,,,,,GELWUR_FSR
qmof-68ccdc0,True,213.16499999999996,-3.731399999999998,120.38999999999999,15.0,6.0,0.0,6.0,3.0,0.0,1.0,RORRIB_FSR
qmof-72dc736,True,238.29399999999998,2.7098000000000004,50.5,18.0,4.0,0.0,4.0,3.0,2.0,2.0,ROSCIL_FSR
qmof-64b57c5,True,98.109,-0.48148000000000035,43.6,7.0,4.0,0.0,4.0,0.0,1.0,1.0,ROLYUN_FSR
qmof-66735fe,False,,,,,,,,,,,RUBNEI_FSR
qmof-2b3c904,True,202.16699999999994,1.7947999999999997,102.84,13.0,7.0,0.0,2.0,2.0,1.0,1.0,RUBRUD_FSR
qmof-c4d906e,False,,,,,,,,,,,RONXUP_FSR
qmof-d76dcf9,True,102.04499999999999,-3.1236999999999995,80.25999999999999,7.0,4.0,0.0,4.0,2.0,0.0,0.0,ROQJEO_FSR
qmof-04c639c,True,144.126,-1.9533999999999987,80.25999999999999,10.0,4.0,0.0,4.0,5.0,0.0,0.0,ROQKOZ_FSR
qmof-d3efcef,True,202.16599999999997,-4.336399999999998,126.59,14.0,7.0,1.0,6.0,7.0,0.0,0.0,KIJLAQ_FSR
qmof-05dca7c,True,289.294,2.3335999999999997,72.81,22.0,5.0,0.0,5.0,4.0,3.0,3.0,KIJPEA_FSR
qmof-a97a6cf,True,315.28500000000014,-1.0046999999999997,135.14,23.0,8.0,1.0,7.0,5.0,2.0,2.0,KIJWIL_FSR
qmof-850be7b,True,194.199,0.7341,80.28,13.0,7.0,1.0,5.0,1.0,1.0,2.0,KIKBIR_FSR
qmof-84bfd82,False,,,,,,,,,,,KILBUC_FSR
qmof-5ed3f1f,True,171.19699999999997,2.1950200000000004,59.699999999999996,11.0,4.0,0.0,0.0,1.0,1.0,1.0,KILPUQ_FSR
qmof-c4c2419,True,296.30800000000005,-2.4848999999999988,143.56,20.0,9.0,2.0,7.0,5.0,1.0,1.0,ROGVOB_FSR
qmof-186abaa,True,179.13099999999997,-2.0042,106.28,13.0,5.0,1.0,5.0,2.0,1.0,1.0,RIZJAM_FSR
qmof-b77db05,True,88.01799999999999,-3.5138000000000003,80.25999999999999,6.0,4.0,0.0,4.0,0.0,0.0,0.0,RIZQIA_FSR
qmof-ab1e3cd,False,,,,,,,,,,,RIZYUU_FSR
qmof-f27022b,True,95.12499999999999,0.8841,26.46,7.0,2.0,0.0,1.0,1.0,0.0,1.0,RODMOP_FSR
qmof-dd5a2f4,True,240.21399999999997,0.08059999999999978,80.25999999999999,18.0,4.0,0.0,4.0,3.0,2.0,2.0,ROLZAU_FSR
qmof-6e2ee3e,True,147.153,0.4497,40.129999999999995,11.0,2.0,0.0,2.0,2.0,1.0,1.0,CISJOE_FSR
qmof-b7260ba,True,147.153,0.4497,40.129999999999995,11.0,2.0,0.0,2.0,2.0,1.0,1.0,CISJUK01_FSR
qmof-6211a16,True,147.153,0.4497,40.129999999999995,11.0,2.0,0.0,2.0,2.0,1.0,1.0,CISKEV_FSR
qmof-79a7525,True,66.043,-0.44704000000000005,61.68,5.0,3.0,0.0,2.0,0.0,0.0,0.0,RODQOR_FSR
qmof-8a869bf,True,156.18799999999996,2.1435999999999993,25.78,12.0,2.0,0.0,2.0,1.0,2.0,2.0,RIVBOO_FSR
qmof-6785782,False,,,,,,,,,,,CIVTAF_FSR
qmof-7591011,False,,,,,,,,,,,CIVTEJ_FSR
qmof-0264fa2,True,354.3570000000001,4.867180000000003,112.97999999999999,27.0,9.0,0.0,8.0,0.0,1.0,6.0,GEDXAP_FSR
qmof-548e234,True,556.5700000000002,5.621760000000005,77.80999999999999,40.0,7.0,0.0,4.0,9.0,5.0,5.0,GEFYIC_FSR
qmof-bcd71bd,True,164.11599999999996,-1.5864000000000003,80.25999999999999,12.0,4.0,0.0,4.0,2.0,1.0,1.0,KINDIW_FSR
qmof-3416f8e,True,530.6860000000004,-3.4901,236.29999999999995,31.0,15.0,2.0,10.0,4.0,3.0,4.0,KINGAS_FSR
qmof-0852462,True,58.085,0.66498,23.79,3.0,2.0,0.0,1.0,0.0,0.0,0.0,CITHOD_FSR
qmof-1ddbf02,True,268.224,-0.35540000000000016,97.33000000000001,20.0,5.0,0.0,5.0,4.0,2.0,2.0,CITTUW_FSR
qmof-c6ff445,True,268.224,-0.35540000000000016,97.33000000000001,20.0,5.0,0.0,5.0,4.0,2.0,2.0,CITVAE_FSR
qmof-cfeba84,True,26.018,0.09637,23.79,2.0,1.0,0.0,1.0,0.0,0.0,0.0,CITWUA_FSR
qmof-2d4f3d7,True,213.13099999999994,0.5100900000000002,52.60000000000001,14.0,7.0,0.0,4.0,5.0,0.0,0.0,CIVBER_FSR
qmof-24c1355,False,,,,,,,,,,,RIWXIF_FSR
qmof-57ca61b,True,136.12999999999994,-0.3677000000000001,66.14999999999999,10.0,3.0,1.0,3.0,1.0,1.0,1.0,KIQHOH01_FSR
qmof-3dbfef1,True,80.08999999999999,0.4765999999999999,25.78,6.0,2.0,0.0,2.0,0.0,1.0,1.0,KIQKUQ_FSR
qmof-f053fb2,True,304.30600000000004,-1.3975999999999982,115.9,22.0,8.0,0.0,8.0,7.0,2.0,2.0,KIJHUI01_FSR
qmof-b935c43,True,404.3300000000001,1.1440000000000001,154.85999999999999,30.0,8.0,2.0,6.0,6.0,3.0,3.0,RIMROX_FSR
qmof-d1d6882,True,220.98400000000004,0.10238999999999998,35.37,9.0,4.0,0.0,2.0,2.0,0.0,1.0,RINRIR_FSR
qmof-0aed152,True,244.17000000000002,1.6673,86.63999999999999,15.0,9.0,0.0,1.0,0.0,1.0,1.0,RINSAK_FSR
qmof-829fcf8,False,,,,,,,,,,,CIXXIQ_FSR
qmof-71e491b,True,276.303,2.2436999999999996,53.46,21.0,6.0,0.0,6.0,3.0,4.0,4.0,CIZMIJ_FSR
qmof-e5a2fd9,True,304.194,0.4076999999999997,114.4,21.0,7.0,1.0,4.0,4.0,2.0,2.0,KIRVEP_FSR
qmof-6f2accd,False,,,,,,,,,,,KISDUM_FSR
qmof-12b52ca,True,58.085,0.66498,23.79,3.0,2.0,0.0,1.0,0.0,0.0,0.0,KITFUP_FSR
qmof-44f9a2e,True,214.17599999999996,-0.43320000000000025,80.25999999999999,16.0,4.0,0.0,4.0,2.0,2.0,2.0,KITLIK_FSR
qmof-e6ca203,True,349.346,0.5690399999999995,118.92999999999999,26.0,7.0,0.0,7.0,3.0,3.0,3.0,CIXNAZ_FSR
qmof-a84ee09,False,,,,,,,,,,,CIXXEM_FSR
qmof-514abfb,True,26.018,0.09637,23.79,2.0,1.0,0.0,1.0,0.0,0.0,0.0,RIPFOM_FSR
qmof-5c72d1f,True,311.748,2.8471,65.91,22.0,5.0,0.0,4.0,2.0,3.0,3.0,RIXZUW_FSR
qmof-41ab104,True,356.199,2.956200000000001,65.91,22.0,5.0,0.0,4.0,2.0,3.0,3.0,RIYBAF_FSR
qmof-ee520ef,True,144.126,-1.9533999999999987,80.25999999999999,10.0,4.0,0.0,4.0,5.0,0.0,0.0,RIYBOR_FSR
qmof-88501dc,True,151.14499999999998,0.34409999999999996,75.02,11.0,4.0,2.0,2.0,1.0,1.0,1.0,RITDIJ_FSR
qmof-77bd44c,True,127.083,-2.577,83.73,9.0,6.0,0.0,6.0,2.0,1.0,1.0,KOBGOY02_FSR
qmof-0309df4,True,137.09399999999997,-1.52201,69.56,10.0,4.0,0.0,3.0,1.0,0.0,1.0,KOBQEA_FSR
qmof-fcd4c8c,True,147.15299999999996,1.3062900000000002,34.14,11.0,2.0,0.0,2.0,1.0,1.0,1.0,KIXWIX_FSR
qmof-6396d5e,True,214.176,-0.43320000000000025,80.25999999999999,16.0,4.0,0.0,4.0,2.0,2.0,2.0,KIYMAI01_FSR
qmof-5098afc,True,214.176,-0.43320000000000025,80.25999999999999,16.0,4.0,0.0,4.0,2.0,2.0,2.0,KIYMEM01_FSR
qmof-10f4743,True,575.517,0.8130999999999986,183.07999999999998,43.0,13.0,0.0,13.0,8.0,6.0,6.0,CIZMOP_FSR
qmof-45790a7,True,334.1800000000001,-5.658100000000001,237.71999999999997,24.0,13.0,1.0,12.0,4.0,1.0,2.0,CIZQAF_FSR
qmof-6b79e29,True,96.06299999999999,-0.9077999999999999,73.94,5.0,5.0,0.0,2.0,0.0,0.0,0.0,RIFQUU_FSR
qmof-107c642,True,96.06299999999999,-0.9077999999999999,73.94,5.0,5.0,0.0,2.0,0.0,0.0,0.0,RIFRAB_FSR
qmof-0ea4b27,True,122.10299999999997,-0.5549000000000002,53.019999999999996,9.0,3.0,0.0,3.0,1.0,1.0,1.0,RIGREF_FSR
qmof-2f61188,True,536.5650000000002,3.0570000000000013,140.18,39.0,9.0,0.0,8.0,6.0,5.0,5.0,RIHKAW_FSR
qmof-78f9b28,True,26.018,0.09637,23.79,2.0,1.0,0.0,1.0,0.0,0.0,0.0,RIRBIE01_FSR
qmof-469ff8c,True,248.19400000000002,-2.975209999999998,114.66999999999997,18.0,7.0,0.0,6.0,4.0,0.0,2.0,RIRSAN_FSR
qmof-098601a,False,,,,,,,,,,,RIHWOW_FSR
qmof-eca429e,True,230.17899999999997,-1.4006999999999998,98.08,17.0,6.0,0.0,6.0,3.0,2.0,2.0,RIKTOX_FSR
qmof-781236f,True,362.4360000000001,5.208600000000004,43.6,28.0,4.0,0.0,4.0,4.0,5.0,5.0,RILWEQ_FSR
qmof-f00119d,True,66.043,-0.44704000000000005,61.68,5.0,3.0,0.0,2.0,0.0,0.0,0.0,REWZEA_FSR
qmof-11dbcc3,True,58.085,0.66498,23.79,3.0,2.0,0.0,1.0,0.0,0.0,0.0,REWZIE_FSR
qmof-227bcd0,True,45.016999999999996,-1.6339000000000001,40.129999999999995,3.0,2.0,0.0,2.0,0.0,0.0,0.0,GATQAW_FSR
qmof-8ca8e56,True,45.016999999999996,-1.6339000000000001,40.129999999999995,3.0,2.0,0.0,2.0,0.0,0.0,0.0,GATQEA_FSR
qmof-4d3c423,True,224.16799999999995,-2.055999999999999,98.72,16.0,6.0,0.0,6.0,6.0,1.0,1.0,GATVAZ_FSR
qmof-c7a9c33,True,207.11699999999993,-3.2229,120.38999999999999,15.0,6.0,0.0,6.0,3.0,1.0,1.0,GAVDUD_FSR
qmof-fad9ff7,False,,,,,,,,,,,GAVTIH_FSR
qmof-27768ab,True,130.05499999999998,-3.7463999999999995,92.78999999999999,9.0,5.0,0.0,5.0,2.0,0.0,1.0,GAWJIZ_FSR
qmof-01aff47,False,,,,,,,,,,,COCYUP_FSR
qmof-e7e8378,False,,,,,,,,,,,COCZEA_FSR
qmof-4f44989,True,156.18799999999996,2.1435999999999993,25.78,12.0,2.0,0.0,2.0,1.0,2.0,2.0,COCZIE_FSR
qmof-5431036,False,,,,,,,,,,,CODWEA_FSR
qmof-307ad32,True,199.21300000000002,1.7288999999999999,54.88,15.0,4.0,1.0,3.0,2.0,2.0,2.0,CODWIE_FSR
qmof-7e67998,True,199.21300000000002,1.7288999999999999,54.88,15.0,4.0,1.0,3.0,2.0,2.0,2.0,CODWOK_FSR
qmof-928ae0f,True,199.21300000000002,1.7288999999999999,54.88,15.0,4.0,1.0,3.0,2.0,2.0,2.0,CODWUQ_FSR
qmof-d329f49,True,169.144,-1.985299999999998,103.34,12.0,7.0,1.0,6.0,5.0,0.0,1.0,REYNIU_FSR
qmof-f564469,True,88.106,0.03320000000000001,18.46,6.0,2.0,0.0,2.0,0.0,0.0,1.0,COJWUT_FSR
qmof-60ed3b0,True,88.106,0.03320000000000001,18.46,6.0,2.0,0.0,2.0,0.0,0.0,1.0,COKGAK_FSR
qmof-11a9c18,False,,,,,,,,,,,RELZUF_FSR
qmof-cf0c844,False,,,,,,,,,,,REMKAW_FSR
qmof-d7610ef,True,80.08999999999999,0.4765999999999999,25.78,6.0,2.0,0.0,2.0,0.0,1.0,1.0,REMPAB_FSR
qmof-dfe9e9b,True,188.186,0.6204000000000001,53.879999999999995,14.0,4.0,0.0,2.0,1.0,2.0,2.0,KOCLEW_FSR
qmof-6e1baa1,False,,,,,,,,,,,KOFRON_FSR
qmof-678f27b,True,80.08999999999999,0.4765999999999999,25.78,6.0,2.0,0.0,2.0,0.0,1.0,1.0,KOGFES_FSR
qmof-263da4f,True,149.60199999999998,1.1002,22.0,8.0,4.0,0.0,3.0,0.0,1.0,1.0,KOGXOU_FSR
qmof-2a0aeea,True,164.124,-1.996699999999999,111.72000000000001,12.0,6.0,0.0,3.0,1.0,1.0,1.0,REXHUX_FSR
qmof-f2fe5ba,True,94.057,-0.19131999999999993,74.97,7.0,5.0,0.0,4.0,0.0,0.0,1.0,REQDEY_FSR
qmof-faa99ba,True,183.21400000000003,2.2272,38.14,14.0,3.0,0.0,3.0,2.0,2.0,2.0,REQKUV_FSR
qmof-5b6ca4d,True,618.5180000000001,-0.8233999999999972,223.20999999999998,46.0,15.0,0.0,15.0,9.0,6.0,6.0,RERLAD_FSR
qmof-63d4309,True,186.20699999999997,-0.7830999999999997,80.25999999999999,13.0,4.0,0.0,4.0,8.0,0.0,0.0,RERRUC_FSR
qmof-987c95e,True,66.043,-0.44704000000000005,61.68,5.0,3.0,0.0,2.0,0.0,0.0,0.0,COGXUU_FSR
qmof-6e6dabb,True,66.043,-0.44704000000000005,61.68,5.0,3.0,0.0,2.0,0.0,0.0,0.0,REWYUP_FSR
qmof-ce677e5,True,310.36000000000007,4.3644000000000025,35.64,24.0,4.0,0.0,4.0,2.0,5.0,5.0,GAPCEH_FSR
qmof-76ace93,True,213.16499999999996,-3.731399999999998,120.38999999999999,15.0,6.0,0.0,6.0,3.0,0.0,1.0,GAPMUI_FSR
qmof-1a0cf71,True,326.21600000000007,-3.1923999999999992,160.51999999999998,24.0,8.0,0.0,8.0,5.0,2.0,2.0,GAPNIX_FSR
qmof-81c8796,True,206.60599999999997,2.6838000000000015,79.6,12.0,6.0,0.0,0.0,1.0,1.0,1.0,GAQMUJ_FSR
qmof-399b130,True,209.11299999999994,-1.6782000000000001,123.39999999999998,15.0,7.0,0.0,6.0,3.0,1.0,1.0,KOHWUA_FSR
qmof-c53c937,True,156.18799999999996,2.1435999999999993,25.78,12.0,2.0,0.0,2.0,1.0,2.0,2.0,KOHXIP_FSR
qmof-21c3882,False,,,,,,,,,,,KOLKOL01_FSR
qmof-5e593df,True,114.05599999999998,-2.9576000000000002,80.25999999999999,8.0,4.0,0.0,4.0,2.0,0.0,0.0,RENWEM01_FSR
qmof-6993068,True,188.11400000000003,-0.38264,149.94,14.0,10.0,0.0,8.0,0.0,0.0,2.0,REQCUN_FSR
qmof-54de7fe,True,156.18799999999996,2.1435999999999993,25.78,12.0,2.0,0.0,2.0,1.0,2.0,2.0,REFLAR_FSR
qmof-c2bd3f5,True,250.11799999999994,-4.859400000000001,160.51999999999998,18.0,8.0,0.0,8.0,4.0,1.0,1.0,REFLIZ_FSR
qmof-f23f39e,True,134.142,0.7997999999999998,57.36,10.0,4.0,2.0,2.0,1.0,2.0,2.0,REFLOE_FSR
qmof-f9cc0e4,True,560.5660000000003,0.7742000000000002,164.24,42.0,10.0,2.0,8.0,5.0,4.0,7.0,REHQOM_FSR
qmof-d3b1916,True,167.213,1.93427,46.93,11.0,4.0,0.0,2.0,0.0,0.0,1.0,REKBUF_FSR
qmof-4abb9dd,True,178.199,-0.04010000000000025,61.42,13.0,6.0,0.0,6.0,4.0,2.0,2.0,REKNUT_FSR
qmof-3ad57ad,True,180.09499999999997,-2.0476,113.05000000000001,13.0,6.0,0.0,5.0,2.0,1.0,1.0,COKPAU_FSR
qmof-7894e7a,True,231.167,-1.801299999999999,121.83,17.0,7.0,1.0,6.0,3.0,2.0,2.0,RATVEP_FSR
qmof-fccf4ef,True,273.269,-0.040200000000000125,93.15,19.0,6.0,0.0,6.0,4.0,2.0,2.0,RAVGIG_FSR
qmof-6e3e4eb,True,368.3290000000001,2.3041,102.88,26.0,7.0,0.0,5.0,5.0,3.0,3.0,RAVLUX_FSR
qmof-11ca141,True,368.3290000000001,2.3041,102.88,26.0,7.0,0.0,5.0,5.0,3.0,3.0,RAVMEI_FSR
qmof-9f8865f,True,224.16799999999995,-2.215299999999999,109.72,16.0,6.0,1.0,6.0,5.0,1.0,1.0,KOZPUM_FSR
qmof-26d536e,False,,,,,,,,,,,KUBYUC_FSR
qmof-6683238,True,310.36000000000007,4.3644000000000025,35.64,24.0,4.0,0.0,4.0,2.0,5.0,5.0,GANKUD_FSR
qmof-4c6d857,False,,,,,,,,,,,COLRUR_FSR
qmof-831f088,True,207.11699999999993,-3.2229,120.38999999999999,15.0,6.0,0.0,6.0,3.0,1.0,1.0,RAZBUR_FSR
qmof-08b67ba,False,,,,,,,,,,,RAZGEF_FSR
qmof-feb06f2,False,,,,,,,,,,,RAZGUW_FSR
qmof-f9f0858,True,113.04799999999999,-1.3882100000000002,71.44,8.0,4.0,1.0,4.0,0.0,0.0,1.0,RBHSQU01_FSR
qmof-da2b203,True,468.2040000000001,2.617500000000001,239.36999999999995,30.0,17.0,3.0,9.0,6.0,2.0,2.0,RECZUV_FSR
qmof-3473fc0,True,472.1920000000001,1.3596000000000008,282.14,30.0,18.0,2.0,8.0,6.0,2.0,2.0,REDBAE_FSR
qmof-1f68a31,True,175.165,-3.4826999999999995,92.28999999999999,11.0,6.0,1.0,6.0,2.0,0.0,1.0,REDWII_FSR
qmof-d610942,True,237.054,2.0441,72.59,11.0,6.0,0.0,1.0,1.0,1.0,1.0,GANLOY_FSR
qmof-9d2e66b,True,252.25100000000003,1.2357999999999998,99.72,17.0,7.0,0.0,4.0,1.0,2.0,2.0,COXQUB_FSR
qmof-26a3b14,True,164.11599999999996,-1.5864000000000003,80.25999999999999,12.0,4.0,0.0,4.0,2.0,1.0,1.0,RANJUO_FSR
qmof-91f17cd,True,194.14199999999997,-1.8211999999999997,89.49000000000001,14.0,5.0,0.0,5.0,4.0,1.0,1.0,GAMFUW01_FSR
qmof-0fd78a4,True,190.25,1.56,35.64,14.0,4.0,0.0,4.0,5.0,2.0,2.0,GAMMUF_FSR
qmof-dc0cbac,True,114.05599999999998,-2.9576000000000002,80.25999999999999,8.0,4.0,0.0,4.0,2.0,0.0,0.0,GANKOX_FSR
qmof-6d29b75,True,246.26999999999992,0.9864999999999999,100.19,18.0,6.0,0.0,2.0,3.0,1.0,2.0,KOVRIY_FSR
qmof-98b5b40,True,214.224,0.20598999999999945,56.26,16.0,4.0,0.0,4.0,3.0,1.0,2.0,KOZCIN01_FSR
qmof-a0daa8f,False,,,,,,,,,,,KOZFOW_FSR
qmof-bf9cc36,True,224.16799999999995,-2.215299999999999,109.72,16.0,6.0,1.0,6.0,5.0,1.0,1.0,KOZPIA_FSR
qmof-4abf5ee,True,62.004000000000005,-0.3914000000000001,63.04,4.0,4.0,0.0,2.0,0.0,0.0,0.0,RAWVUH_FSR
qmof-12df25d,False,,,,,,,,,,,RAQNUS_FSR
qmof-ae43cc7,True,233.18300000000002,-0.8665099999999999,118.14,17.0,7.0,3.0,5.0,3.0,1.0,2.0,RATTOX_FSR
qmof-8138810,True,348.4920000000001,1.3012000000000001,80.25999999999999,20.0,8.0,0.0,8.0,6.0,1.0,1.0,COMMUN_FSR
qmof-b86321e,True,296.23800000000006,0.24540000000000006,109.63,22.0,7.0,1.0,5.0,3.0,2.0,3.0,CONPAY_FSR
qmof-8d1a68a,False,,,,,,,,,,,COQYUD_FSR
qmof-5e2dc9c,False,,,,,,,,,,,CORHAS06_FSR
qmof-eaa8adc,True,88.106,0.03320000000000001,18.46,6.0,2.0,0.0,2.0,0.0,0.0,1.0,CUFODO11_FSR
qmof-22ff445,True,244.295,1.7373999999999998,53.019999999999996,17.0,4.0,0.0,4.0,4.0,2.0,2.0,RAFXUS_FSR
qmof-089a220,True,207.23,3.0398000000000014,59.699999999999996,14.0,4.0,0.0,0.0,1.0,2.0,2.0,RAHPUM_FSR
qmof-e0e24d6,True,45.016999999999996,-1.6339000000000001,40.129999999999995,3.0,2.0,0.0,2.0,0.0,0.0,0.0,CUFORM02_FSR
qmof-f01442f,True,200.06599999999995,-0.8755000000000004,109.89000000000001,13.0,7.0,0.0,4.0,2.0,1.0,1.0,KUNKEK_FSR
qmof-20f108f,True,259.221,-1.2512,120.97,19.0,7.0,2.0,6.0,5.0,2.0,2.0,KUBZEN_FSR
qmof-df50092,False,,,,,,,,,,,KUCFOF_FSR
qmof-c3289bb,True,252.342,3.922100000000003,25.78,18.0,3.0,0.0,3.0,3.0,3.0,3.0,KUCPUU_FSR
qmof-684e6eb,True,398.42600000000004,5.252200000000005,0.0,28.0,2.0,0.0,0.0,7.0,4.0,4.0,RAPZEP_FSR
qmof-b8b8984,False,,,,,,,,,,,RAQNIG_FSR
qmof-e09b2a7,False,,,,,,,,,,,RAJSIG_FSR
qmof-abf8164,True,286.286,3.2398000000000016,119.4,18.0,8.0,0.0,0.0,2.0,2.0,2.0,RAKYEH_FSR
qmof-f72ed6d,True,164.11599999999996,-1.5864000000000003,80.25999999999999,12.0,4.0,0.0,4.0,2.0,1.0,1.0,RAMHIW_FSR
qmof-7212ecd,True,164.11599999999996,-1.5864000000000003,80.25999999999999,12.0,4.0,0.0,4.0,2.0,1.0,1.0,RAMHOC_FSR
qmof-95786c6,True,240.27,0.6517799999999999,59.400000000000006,18.0,6.0,0.0,4.0,4.0,1.0,3.0,COWKIJ_FSR
qmof-5402e4d,True,402.2090000000001,-8.06261,285.63999999999993,27.0,17.0,0.0,13.0,4.0,0.0,2.0,COWVIU_FSR
qmof-70ea512,True,181.16699999999997,0.06729999999999992,58.59,13.0,4.0,0.0,4.0,3.0,1.0,1.0,CUKKIE_FSR
qmof-e74298d,True,181.16699999999997,0.06729999999999992,58.59,13.0,4.0,0.0,4.0,3.0,1.0,1.0,CUKKOK_FSR
qmof-ce6bf13,True,297.082,0.07759999999999989,139.76,17.0,9.0,0.0,4.0,1.0,2.0,2.0,GAHVIW_FSR
qmof-5a5686e,True,298.34599999999995,2.6142000000000003,83.98,22.0,6.0,2.0,4.0,7.0,2.0,2.0,GAHZAS_FSR
qmof-e9fbf5f,True,200.17099999999994,0.25009999999999993,99.82999999999998,13.0,6.0,0.0,2.0,2.0,1.0,1.0,GAKNAI_FSR
qmof-de03148,True,286.286,3.2398000000000016,119.4,18.0,8.0,0.0,0.0,2.0,2.0,2.0,GAKSOB_FSR
qmof-99da696,True,254.10999999999999,-6.3102,186.29999999999995,18.0,10.0,0.0,10.0,2.0,1.0,1.0,KUJFOM_FSR
qmof-cd4321a,False,,,,,,,,,,,KULCAX_FSR
qmof-8e31c0c,False,,,,,,,,,,,KULCEB_FSR
qmof-1dc30c4,True,165.10399999999996,-2.1914,93.15,12.0,5.0,0.0,5.0,2.0,1.0,1.0,KULJEI_FSR
qmof-ea0f641,False,,,,,,,,,,,CUGFIV_FSR
qmof-4366c64,True,145.11399999999998,-3.406299999999999,106.27999999999999,10.0,5.0,1.0,5.0,4.0,0.0,0.0,CUGLTM01_FSR
qmof-ccf3de7,True,207.11699999999993,-3.2229,120.38999999999999,15.0,6.0,0.0,6.0,3.0,1.0,1.0,QUZGEZ_FSR
qmof-dcc8ef6,True,88.01799999999999,-3.5138000000000003,80.25999999999999,6.0,4.0,0.0,4.0,0.0,0.0,0.0,RABNAL_FSR
qmof-e944ae4,False,,,,,,,,,,,CUBUTR02_FSR
qmof-398c96b,True,300.22200000000004,-0.0959000000000001,126.78999999999999,22.0,7.0,1.0,6.0,5.0,2.0,2.0,CUCRAV_FSR
qmof-f6f314a,True,448.55100000000016,0.4838999999999989,131.82,29.0,11.0,0.0,11.0,9.0,3.0,3.0,CUMBOC_FSR
qmof-07f47c8,True,448.55100000000016,0.4838999999999989,131.82,29.0,11.0,0.0,11.0,9.0,3.0,3.0,CUMBUI_FSR
qmof-7e031d2,True,448.55100000000016,0.4838999999999989,131.82,29.0,11.0,0.0,11.0,9.0,3.0,3.0,CUMCAP_FSR
qmof-ef89d0e,True,448.55100000000016,0.4838999999999989,131.82,29.0,11.0,0.0,11.0,9.0,3.0,3.0,CUMCET_FSR
qmof-0eb9cc3,True,195.12999999999997,-2.8381099999999986,103.4,14.0,6.0,0.0,5.0,3.0,0.0,1.0,QUVBOZ_FSR
qmof-826c19b,True,195.12999999999997,-2.8381099999999986,103.4,14.0,6.0,0.0,5.0,3.0,0.0,1.0,QUVBUF_FSR
qmof-61b30af,True,525.5610000000003,0.11403000000000185,130.10999999999999,39.0,9.0,0.0,9.0,9.0,1.0,4.0,KUYWEI_FSR
qmof-faedf85,True,510.4620000000001,1.962099999999999,162.43,38.0,11.0,1.0,10.0,7.0,5.0,5.0,LABKEH_FSR
qmof-d90b70a,True,358.3180000000001,-3.064619999999996,165.44,26.0,12.0,0.0,10.0,7.0,1.0,3.0,KURNAO_FSR
qmof-91c04d1,True,165.10399999999996,-2.1914,93.15,12.0,5.0,0.0,5.0,2.0,1.0,1.0,KURNES_FSR
qmof-10ddadb,False,,,,,,,,,,,RACBUU_FSR
qmof-2d4fbda,True,164.11599999999996,-1.5864000000000003,80.25999999999999,12.0,4.0,0.0,4.0,2.0,1.0,1.0,RADZAZ_FSR
qmof-dc3b732,True,164.11599999999996,-1.5864000000000003,80.25999999999999,12.0,4.0,0.0,4.0,2.0,1.0,1.0,RADZED_FSR
qmof-6026387,True,510.50600000000026,1.9293999999999991,134.35999999999999,38.0,10.0,0.0,10.0,9.0,5.0,5.0,QUVPAA_FSR
qmof-930f873,False,,,,,,,,,,,QUVWIP_FSR
qmof-432f5fb,True,138.10599999999997,-1.5777,91.92999999999999,10.0,5.0,1.0,5.0,1.0,1.0,1.0,QUXHAT_FSR
qmof-e397850,False,,,,,,,,,,,QUMVEA_FSR
qmof-d867ba7,False,,,,,,,,,,,QUMVOK_FSR
qmof-2fc7de6,True,416.4880000000001,6.206200000000005,58.040000000000006,32.0,6.0,0.0,6.0,6.0,5.0,5.0,CUSRAK_FSR
qmof-072e137,True,122.10299999999997,-0.5549000000000002,53.019999999999996,9.0,3.0,0.0,3.0,1.0,1.0,1.0,GADLED_FSR
qmof-b2fb769,True,236.05599999999998,0.1689999999999997,114.39999999999999,14.0,8.0,2.0,2.0,2.0,1.0,1.0,KUYLEW_FSR
qmof-56e9544,True,60.008,-2.447,63.19,4.0,3.0,0.0,3.0,0.0,0.0,0.0,KUYLUM_FSR
qmof-f9d3d84,True,80.08999999999999,0.4765999999999999,25.78,6.0,2.0,0.0,2.0,0.0,1.0,1.0,CUPYAR01_FSR
qmof-fac48cb,True,80.08999999999999,0.4765999999999999,25.78,6.0,2.0,0.0,2.0,0.0,1.0,1.0,CUPYZP02_FSR
qmof-85cce1c,True,190.25,1.56,35.64,14.0,4.0,0.0,4.0,5.0,2.0,2.0,CUQXOD_FSR
qmof-10b84fb,True,167.99699999999999,-3.2766999999999995,137.13,10.0,8.0,0.0,5.0,0.0,0.0,0.0,CUQZEV_FSR
qmof-9ae4bed,True,648.7700000000002,4.463040000000003,141.68,46.0,12.0,0.0,12.0,10.0,6.0,6.0,CUSGOO_FSR
qmof-4b6fe6e,True,416.4880000000001,6.206200000000005,58.040000000000006,32.0,6.0,0.0,6.0,6.0,5.0,5.0,CUSQUD_FSR
qmof-432b63a,True,460.35800000000006,-2.8013999999999966,196.15999999999997,34.0,12.0,0.0,12.0,6.0,4.0,4.0,CUNVAJ_FSR
qmof-68f6f0b,True,460.35800000000006,-2.8013999999999966,196.15999999999997,34.0,12.0,0.0,12.0,6.0,4.0,4.0,CUNVEN_FSR
qmof-aec8d16,False,,,,,,,,,,,CUPICH13_FSR
qmof-8ce5833,True,249.15800000000002,-3.587399999999999,149.06999999999996,18.0,8.0,1.0,7.0,1.0,2.0,2.0,QURYIM_FSR
qmof-5d505fa,True,58.085,0.66498,23.79,3.0,2.0,0.0,1.0,0.0,0.0,0.0,QUJPOB_FSR
qmof-3de7905,True,164.11599999999996,-1.5864000000000003,80.25999999999999,12.0,4.0,0.0,4.0,2.0,1.0,1.0,LAGQAN_FSR
qmof-cc8c19f,True,164.11599999999996,-1.5864000000000003,80.25999999999999,12.0,4.0,0.0,4.0,2.0,1.0,1.0,LAGQER_FSR
qmof-faec029,True,164.11599999999996,-1.5864000000000003,80.25999999999999,12.0,4.0,0.0,4.0,2.0,1.0,1.0,LAGQOB_FSR
qmof-8969958,True,592.5200000000001,-1.4521999999999953,213.23000000000002,44.0,13.0,0.0,13.0,10.0,5.0,5.0,LABROX_FSR
qmof-a7c5355,False,,,,,,,,,,,LACGON_FSR
qmof-1a08aae,True,328.232,-0.5230000000000001,154.86,24.0,8.0,2.0,6.0,5.0,2.0,2.0,LADSUH_FSR
qmof-a8e36ad,True,297.13100000000003,-5.191999999999999,203.65999999999997,21.0,11.0,0.0,10.0,3.0,1.0,1.0,LAFBEB_FSR
qmof-d4520a2,False,,,,,,,,,,,LAFMUC_FSR
qmof-b1cbe7a,True,208.22400000000002,1.62409,51.18,16.0,4.0,0.0,3.0,2.0,1.0,3.0,QUPZIM02_FSR
qmof-97cb8e3,True,42.021,-1.4418000000000002,58.7,3.0,3.0,0.0,0.0,0.0,0.0,0.0,QULFUZ_FSR
qmof-541c7e3,True,444.49100000000016,3.868800000000003,88.48,33.0,8.0,0.0,8.0,12.0,4.0,4.0,QULMUG_FSR
qmof-13c8eba,True,393.355,1.0822399999999999,149.18,29.0,9.0,0.0,8.0,4.0,3.0,3.0,QULVIE_FSR
qmof-8f8a69e,True,499.4550000000002,0.41169999999999973,164.63,37.0,10.0,0.0,10.0,9.0,4.0,4.0,QUMFAG_FSR
qmof-30c8ca9,False,,,,,,,,,,,QUMTEY_FSR
qmof-669b945,False,,,,,,,,,,,QUMVAW_FSR
qmof-f49b443,True,188.03199999999995,-2.2432000000000007,80.25999999999999,12.0,8.0,0.0,4.0,3.0,0.0,0.0,QUFBUP_FSR
qmof-07ef212,True,217.17799999999997,1.2904,117.23000000000002,14.0,7.0,2.0,2.0,2.0,1.0,1.0,QUFSUF_FSR
qmof-e607de3,True,138.10199999999998,-1.3165,67.07,10.0,4.0,0.0,3.0,1.0,1.0,1.0,QUGNOV_FSR
qmof-a5b6ce8,False,,,,,,,,,,,FUZXAA_FSR
qmof-2069140,True,164.11599999999996,-1.5864000000000003,80.25999999999999,12.0,4.0,0.0,4.0,2.0,1.0,1.0,LAGMUD_FSR
qmof-0e5c999,True,164.11599999999996,-1.5864000000000003,80.25999999999999,12.0,4.0,0.0,4.0,2.0,1.0,1.0,LAGNAK_FSR
qmof-edf0a1b,True,164.11599999999996,-1.5864000000000003,80.25999999999999,12.0,4.0,0.0,4.0,2.0,1.0,1.0,LAGNEO_FSR
qmof-aaf6969,True,330.21600000000007,-4.147219999999998,196.29000000000002,24.0,12.0,0.0,11.0,3.0,0.0,3.0,LAGNIT_FSR
qmof-e546ceb,True,416.4880000000001,6.206200000000005,58.040000000000006,32.0,6.0,0.0,6.0,6.0,5.0,5.0,CUSREO_FSR
qmof-d924de8,True,116.07199999999999,-2.733599999999999,80.25999999999999,8.0,4.0,0.0,4.0,3.0,0.0,0.0,CUSUCC02_FSR
qmof-1618ce0,True,366.4680000000001,4.619400000000003,51.56,28.0,4.0,0.0,4.0,7.0,4.0,4.0,QUGZIC_FSR
qmof-c3750eb,True,242.18999999999997,-1.1294000000000002,106.03999999999999,18.0,6.0,0.0,6.0,3.0,2.0,2.0,QUHPOZ_FSR
qmof-8c9e787,True,242.18999999999997,-1.1294000000000002,106.03999999999999,18.0,6.0,0.0,6.0,3.0,2.0,2.0,QUHPUF_FSR
qmof-a17a1a7,True,242.18999999999997,-1.1294000000000002,106.03999999999999,18.0,6.0,0.0,6.0,3.0,2.0,2.0,QUHQEQ_FSR
qmof-fa557d8,True,102.162,-0.5359000000000003,24.06,6.0,3.0,2.0,1.0,0.0,0.0,1.0,QUHQUG_FSR
qmof-9b79393,True,165.10399999999996,-2.1914,93.15,12.0,5.0,0.0,5.0,2.0,1.0,1.0,QUJPES_FSR
qmof-ebea65a,True,212.19600000000003,-0.5999100000000002,90.19999999999999,16.0,7.0,1.0,5.0,2.0,1.0,3.0,QOWSUS_FSR
qmof-64c9f07,True,154.081,-2.3212,103.89,11.0,6.0,1.0,4.0,2.0,0.0,1.0,LAJZIG_FSR
qmof-87530df,True,116.07199999999999,-2.733599999999999,80.25999999999999,8.0,4.0,0.0,4.0,3.0,0.0,0.0,LALDIN_FSR
qmof-f18ed85,True,276.303,2.2436999999999996,53.46,21.0,6.0,0.0,6.0,3.0,4.0,4.0,LALFEK_FSR
qmof-83e56fe,True,386.39300000000003,1.3949999999999998,127.39999999999999,27.0,11.0,0.0,8.0,4.0,4.0,4.0,LALFIO_FSR
qmof-ef4e692,True,204.14099999999996,-1.7101000000000002,108.94,15.0,6.0,1.0,5.0,2.0,2.0,2.0,FUYYUU_FSR
qmof-1e98fe6,False,,,,,,,,,,,CUTTIW_FSR
qmof-778c29c,False,,,,,,,,,,,CUWMEN_FSR
qmof-f8e0017,True,388.26800000000003,5.635100000000004,38.67,25.0,4.0,0.0,3.0,3.0,4.0,4.0,CUXCOO_FSR
qmof-1b756ab,True,88.01799999999999,-3.5138000000000003,80.25999999999999,6.0,4.0,0.0,4.0,0.0,0.0,0.0,QQQBNS06_FSR
qmof-137c759,True,164.11599999999996,-1.5864000000000003,80.25999999999999,12.0,4.0,0.0,4.0,2.0,1.0,1.0,QQQDHD01_FSR
qmof-ef0bed5,True,392.264,1.1135999999999995,106.03999999999999,28.0,10.0,0.0,6.0,3.0,3.0,3.0,QUKRIY_FSR
qmof-b2050b0,True,130.099,-2.343499999999999,80.25999999999999,9.0,4.0,0.0,4.0,4.0,0.0,0.0,QUBQIP_FSR
qmof-2134db0,False,,,,,,,,,,,QUBZIW_FSR
qmof-57d20b8,True,328.19200000000006,-4.4024,186.29999999999998,24.0,10.0,0.0,10.0,5.0,2.0,2.0,QUCDAV_FSR
qmof-182d6dc,True,236.07599999999994,-1.0300000000000002,80.25999999999999,16.0,8.0,0.0,4.0,2.0,1.0,1.0,QUFBID_FSR
qmof-1d78da0,True,158.164,1.4391999999999996,57.36,12.0,4.0,2.0,2.0,0.0,3.0,3.0,QOPTOG_FSR
qmof-be16f87,True,479.7000000000001,1.4636,80.25999999999999,16.0,8.0,0.0,4.0,2.0,1.0,1.0,QORYAY_FSR
qmof-76dc26a,True,165.11200000000002,-2.6016999999999992,124.61000000000001,12.0,7.0,0.0,4.0,1.0,1.0,1.0,QOTLIV_FSR
qmof-d450a60,True,348.36600000000004,3.7646000000000006,108.04,26.0,8.0,4.0,4.0,4.0,3.0,3.0,LAPJAQ_FSR
qmof-5847aa0,True,398.42600000000004,5.252200000000005,0.0,28.0,2.0,0.0,0.0,7.0,4.0,4.0,LALGAH_FSR
qmof-faec724,True,230.23100000000002,-0.4857100000000003,84.05,17.0,7.0,1.0,5.0,4.0,1.0,2.0,LALHEN_FSR
qmof-32382ab,True,170.14499999999995,-1.5249000000000001,80.25999999999999,11.0,5.0,0.0,5.0,2.0,1.0,1.0,LALTEY_FSR
qmof-1637dfc,True,170.14499999999995,-1.5249000000000001,80.25999999999999,11.0,5.0,0.0,5.0,2.0,1.0,1.0,LALTIC_FSR
qmof-7d5c3b3,True,206.22600000000003,0.40669999999999973,66.59,14.0,5.0,0.0,4.0,2.0,1.0,2.0,CUYDEG_FSR
qmof-dd44358,True,348.358,0.41499999999999915,106.03999999999999,26.0,6.0,0.0,6.0,5.0,3.0,3.0,CUYHEK_FSR
qmof-4db0d17,True,348.358,0.41499999999999915,106.03999999999999,26.0,6.0,0.0,6.0,5.0,3.0,3.0,CUYHOU01_FSR
qmof-673ecf4,True,348.358,0.4149999999999996,106.03999999999999,26.0,6.0,0.0,6.0,5.0,3.0,3.0,CUYJAI_FSR
qmof-b4e92f2,True,441.4640000000003,-2.573099999999992,152.64999999999998,32.0,10.0,0.0,10.0,9.0,2.0,3.0,CUYQIX_FSR
qmof-f38562c,True,180.13899999999995,-0.11280000000000079,83.26999999999998,13.0,5.0,0.0,4.0,3.0,1.0,1.0,QOVCIP_FSR
qmof-be6c3f5,True,452.47000000000025,2.2416399999999994,115.9,34.0,8.0,0.0,8.0,4.0,5.0,5.0,QOVRUQ_FSR
qmof-a96469f,True,480.5240000000003,2.35984,115.9,36.0,8.0,0.0,8.0,6.0,5.0,5.0,QOVWAB_FSR
qmof-4418d7f,True,270.26599999999996,2.1559999999999997,121.05999999999999,18.0,8.0,1.0,2.0,3.0,1.0,1.0,FUQMUB_FSR
qmof-765b27e,True,160.16,0.9156000000000001,77.19999999999999,12.0,5.0,1.0,4.0,1.0,1.0,2.0,FUVYEB01_FSR
qmof-7d4ccad,True,160.16,0.9156000000000001,77.19999999999999,12.0,5.0,1.0,4.0,1.0,1.0,2.0,FUVYEB_FSR
qmof-8a4c3d2,True,164.11599999999996,-1.5864000000000003,80.25999999999999,12.0,4.0,0.0,4.0,2.0,1.0,1.0,FUXLUF_FSR
qmof-3415203,True,334.31700000000006,0.20809999999999973,156.45,23.0,11.0,1.0,8.0,2.0,3.0,3.0,FUYTID01_FSR
qmof-ae58b33,True,287.207,-3.0066999999999977,146.16999999999996,21.0,8.0,0.0,8.0,2.0,2.0,2.0,FUYYAA_FSR
qmof-8312100,True,164.11599999999996,-1.5864000000000003,80.25999999999999,12.0,4.0,0.0,4.0,2.0,1.0,1.0,LAMRID_FSR
qmof-ead32c0,True,220.22399999999996,-0.3527199999999999,80.25999999999999,16.0,4.0,0.0,4.0,2.0,1.0,1.0,CUYXOK_FSR
qmof-8185826,True,164.11599999999996,-1.5864000000000003,80.25999999999999,12.0,4.0,0.0,4.0,2.0,1.0,1.0,CUZJIR_FSR
qmof-b0c4af1,True,111.104,0.21779999999999988,61.27,8.0,4.0,2.0,3.0,1.0,1.0,1.0,CUZKUF_FSR
qmof-9791d0d,True,125.13099999999997,0.5262199999999999,61.269999999999996,9.0,4.0,2.0,3.0,1.0,1.0,1.0,CUZLAM_FSR
qmof-9e38c97,True,462.36600000000027,-1.7013999999999985,178.98,34.0,10.0,0.0,10.0,10.0,3.0,3.0,QOKCID_FSR
qmof-18d33c2,True,144.126,-1.9533999999999987,80.25999999999999,10.0,4.0,0.0,4.0,5.0,0.0,0.0,QOPLEM01_FSR
qmof-f0e2ea0,True,80.08999999999999,0.47659999999999986,25.78,6.0,2.0,0.0,2.0,0.0,1.0,1.0,QOYDIR02_FSR
qmof-ab10508,True,209.11299999999994,-1.6782000000000001,123.39999999999998,15.0,7.0,0.0,6.0,3.0,1.0,1.0,QOZLUN_FSR
qmof-58cb521,True,191.53999999999996,0.9817,40.129999999999995,12.0,5.0,0.0,2.0,1.0,1.0,1.0,QOPRUK_FSR
qmof-9a8fdd8,True,96.98599999999999,-0.49040000000000006,77.43,5.0,5.0,2.0,1.0,0.0,0.0,0.0,QIYYAZ_FSR
qmof-4af6c02,True,60.09999999999999,-1.0962,52.04,4.0,2.0,2.0,2.0,1.0,0.0,0.0,QOBHEU01_FSR
qmof-b0ed692,True,74.127,-0.7060999999999997,52.04,5.0,2.0,2.0,2.0,2.0,0.0,0.0,QOBHIY_FSR
qmof-c9f0a33,True,312.33200000000005,1.6204999999999998,131.3,20.0,10.0,2.0,5.0,2.0,3.0,3.0,QOBZUF_FSR
qmof-0c33be9,True,312.298,-2.882899999999997,143.85999999999999,22.0,8.0,2.0,7.0,8.0,1.0,1.0,LASTAB_FSR
qmof-9f1e6d5,True,200.08599999999998,-3.64851,148.12,14.0,9.0,0.0,8.0,1.0,0.0,1.0,LAPRIG_FSR
qmof-bc6b36f,True,224.13600000000002,-0.4264100000000002,137.46,16.0,10.0,0.0,7.0,2.0,0.0,2.0,LAPROM_FSR
qmof-c218ed4,True,247.299,2.0148200000000003,61.13,17.0,5.0,0.0,3.0,3.0,2.0,2.0,LAQFEO_FSR
qmof-5f9623c,True,322.28,-0.1472000000000006,137.62,24.0,8.0,2.0,6.0,2.0,4.0,4.0,LAQNUN_FSR
qmof-e073388,True,146.133,0.7283999999999999,64.07,11.0,5.0,0.0,4.0,1.0,1.0,2.0,LARCIR01_FSR
qmof-c28f3c5,True,58.085,0.66498,23.79,3.0,2.0,0.0,1.0,0.0,0.0,0.0,DACVOT_FSR
qmof-1b7eed8,True,58.085,0.66498,23.79,3.0,2.0,0.0,1.0,0.0,0.0,0.0,DACWAG_FSR
qmof-6444ede,True,59.044,-1.2438,40.129999999999995,4.0,2.0,0.0,2.0,0.0,0.0,0.0,DADLIF_FSR
qmof-77c64e0,False,,,,,,,,,,,DAFSOT_FSR
qmof-b2e74b6,False,,,,,,,,,,,QOFRUB_FSR
qmof-d499930,True,207.11699999999993,-3.2229,120.38999999999999,15.0,6.0,0.0,6.0,3.0,1.0,1.0,LARLUN_FSR
qmof-993d33b,True,122.05999999999997,1.4505,56.87,7.0,4.0,0.0,1.0,2.0,0.0,0.0,DANTUJ_FSR
qmof-365e8e1,False,,,,,,,,,,,QIQHUT_FSR
qmof-f5b36f7,False,,,,,,,,,,,QIWRIY_FSR
qmof-257b072,True,164.11599999999996,-1.5864000000000003,80.25999999999999,12.0,4.0,0.0,4.0,2.0,1.0,1.0,QIYHAJ_FSR
qmof-33fda33,True,385.934,1.89019,51.18,12.0,6.0,0.0,3.0,0.0,0.0,2.0,QITCED_FSR
qmof-9bef09e,True,328.19200000000006,-4.4024,186.29999999999998,24.0,10.0,0.0,10.0,5.0,2.0,2.0,QITVOF_FSR
qmof-e80fd66,True,328.19200000000006,-4.4024,186.29999999999998,24.0,10.0,0.0,10.0,5.0,2.0,2.0,QITVUL_FSR
qmof-10f2b04,True,178.124,1.6931999999999998,77.1,11.0,5.0,1.0,2.0,1.0,0.0,1.0,DALQUD_FSR
qmof-458a962,False,,,,,,,,,,,LARZUB_FSR
qmof-ed92b64,False,,,,,,,,,,,DAFVAK_FSR
qmof-4b1f591,False,,,,,,,,,,,DAFVEO_FSR
qmof-b5805d2,True,168.197,-0.07640000000000025,53.019999999999996,11.0,4.0,0.0,4.0,3.0,1.0,1.0,DAFZAM_FSR
qmof-6b21d44,True,356.359,2.393700000000001,125.60999999999999,25.0,8.0,0.0,4.0,3.0,3.0,3.0,DAKJOQ_FSR
qmof-608be6c,True,297.13100000000003,-5.191999999999999,203.65999999999997,21.0,11.0,0.0,10.0,3.0,1.0,1.0,DAKLOS_FSR
qmof-5b955f2,True,404.38600000000014,-0.6201999999999988,141.68,30.0,10.0,0.0,10.0,6.0,4.0,4.0,QOGXEQ_FSR
qmof-97f0ee1,True,192.226,-0.2682199999999997,59.400000000000006,14.0,6.0,0.0,4.0,5.0,0.0,2.0,QIYSOH_FSR
qmof-6203b43,False,,,,,,,,,,,DAQVIC_FSR
qmof-e4d5e45,True,114.15299999999999,-0.23560000000000014,29.700000000000003,7.0,4.0,0.0,2.0,0.0,0.0,1.0,LAWQAD_FSR
qmof-2adfedd,True,114.15299999999999,-0.23560000000000014,29.700000000000003,7.0,4.0,0.0,2.0,0.0,0.0,1.0,LAWQEH_FSR
qmof-ef21412,False,,,,,,,,,,,LAWSEI_FSR
qmof-6f15100,True,102.04499999999999,-3.1236999999999995,80.25999999999999,7.0,4.0,0.0,4.0,2.0,0.0,0.0,LAXGID_FSR
qmof-5779945,True,498.49100000000027,1.9525999999999994,152.57,37.0,9.0,1.0,8.0,9.0,4.0,4.0,LATREG_FSR
qmof-2de6209,True,148.141,-0.1553000000000001,53.019999999999996,11.0,3.0,0.0,3.0,2.0,1.0,1.0,LAVDIW_FSR
qmof-4da8988,False,,,,,,,,,,,FUGCAL_FSR
qmof-5e17bde,True,393.1710000000002,0.87179,55.650000000000006,22.0,7.0,0.0,6.0,3.0,1.0,4.0,QISFUU_FSR
qmof-47607dd,True,190.15399999999997,-1.1868,80.25999999999999,14.0,4.0,0.0,4.0,3.0,1.0,1.0,QISVIZ_FSR
qmof-9fe4370,True,554.5590000000001,1.945999999999999,143.59000000000003,41.0,11.0,0.0,11.0,12.0,5.0,5.0,QISWUM_FSR
qmof-8ed2feb,True,114.05599999999998,-2.9576000000000002,80.25999999999999,8.0,4.0,0.0,4.0,2.0,0.0,0.0,QIKWOW_FSR
qmof-0a5db4d,True,189.12599999999995,-1.71472,104.05000000000001,14.0,5.0,0.0,5.0,2.0,1.0,1.0,DALTOC_FSR
qmof-3f6db6f,True,267.30499999999995,-1.2565099999999976,86.74,19.0,6.0,0.0,6.0,6.0,0.0,1.0,DAMTUJ_FSR
qmof-33540bf,True,128.13199999999998,-0.49340000000000017,53.019999999999996,8.0,4.0,0.0,4.0,1.0,1.0,1.0,DAMYIC_FSR
qmof-e8bfbcc,True,214.344,1.2992,25.78,15.0,3.0,0.0,2.0,2.0,2.0,2.0,DANTIW_FSR
qmof-c00e9c8,True,532.5200000000002,1.1108999999999996,172.63000000000002,40.0,12.0,1.0,12.0,6.0,6.0,6.0,FUBFEP_FSR
qmof-389e6cf,True,100.145,-0.6097299999999994,75.83,7.0,3.0,2.0,3.0,2.0,0.0,0.0,FUFLEY_FSR
qmof-d472284,False,,,,,,,,,,,QIMNUX_FSR
qmof-28beae4,True,66.043,-0.44704000000000005,61.68,5.0,3.0,0.0,2.0,0.0,0.0,0.0,DAPWOJ_FSR
qmof-5670f96,False,,,,,,,,,,,DAQRUK_FSR
qmof-d00d150,False,,,,,,,,,,,DAQSAR_FSR
qmof-9fb92cc,True,142.094,0.08519999999999983,88.82000000000001,10.0,6.0,0.0,4.0,0.0,1.0,1.0,DAQSOD_FSR
qmof-398b764,False,,,,,,,,,,,DAQSOF_FSR
qmof-82d9500,False,,,,,,,,,,,DAQSUL_FSR
qmof-fec1478,False,,,,,,,,,,,DAQTAS_FSR
qmof-81946c9,False,,,,,,,,,,,DAQTEW_FSR
qmof-50413d8,False,,,,,,,,,,,DAQTIA_FSR
qmof-d8e2563,False,,,,,,,,,,,DAQTOG_FSR
qmof-27a6bf9,False,,,,,,,,,,,DAQTUM_FSR
qmof-9462beb,False,,,,,,,,,,,DAQVAU_FSR
qmof-7c1f909,False,,,,,,,,,,,DAQVEY_FSR
qmof-7e79016,True,131.063,-3.3245999999999993,100.16,9.0,5.0,0.0,4.0,3.0,0.0,0.0,QEWMIP_FSR
qmof-852039c,False,,,,,,,,,,,QEWMOV_FSR
qmof-3fbd724,True,241.20199999999997,-0.5244000000000002,93.15,18.0,5.0,0.0,5.0,3.0,2.0,2.0,LAZMIK_FSR
qmof-de5b030,True,242.18999999999997,-1.1294000000000002,106.03999999999999,18.0,6.0,0.0,6.0,3.0,2.0,2.0,FOXYOH_FSR
qmof-35f4c59,True,242.18999999999997,-1.1294000000000002,106.03999999999999,18.0,6.0,0.0,6.0,3.0,2.0,2.0,FOXZAU_FSR
qmof-eae6585,True,413.38900000000007,1.7444999999999988,128.16,31.0,8.0,0.0,8.0,5.0,4.0,4.0,FOYFAC_FSR
qmof-01bd71a,True,138.10199999999998,-1.2616,72.99,10.0,4.0,1.0,3.0,1.0,1.0,1.0,QIBXAD_FSR
qmof-faced1a,True,58.085,0.66498,23.79,3.0,2.0,0.0,1.0,0.0,0.0,0.0,QIFLUM_FSR
qmof-b8022fd,True,208.10499999999996,-3.8278999999999996,133.28,15.0,7.0,0.0,7.0,3.0,1.0,1.0,QIHMOM_FSR
qmof-593a48e,False,,,,,,,,,,,QIHPOP_FSR
qmof-e7ab34a,False,,,,,,,,,,,QIHPUV_FSR
qmof-5b13ca9,True,155.089,-1.5286,106.11,11.0,6.0,2.0,4.0,2.0,1.0,1.0,QEYMIR01_FSR
qmof-1dddd27,False,,,,,,,,,,,QEYRIW01_FSR
qmof-618d03c,True,109.17299999999997,2.2429999999999994,0.0,7.0,1.0,0.0,0.0,0.0,1.0,1.0,FOZDUV_FSR
qmof-91128f9,True,88.01799999999999,-3.5138000000000003,80.25999999999999,6.0,4.0,0.0,4.0,0.0,0.0,0.0,FOZHUX11_FSR
qmof-27041f1,True,203.221,-0.21240000000000003,81.94,15.0,4.0,2.0,3.0,3.0,2.0,2.0,FUBCIP_FSR
qmof-4b0a536,True,258.34999999999997,1.6408999999999998,49.84,18.0,5.0,2.0,3.0,4.0,2.0,2.0,QEJCEO_FSR
qmof-cf8f928,True,326.363,3.3488000000000016,61.42,25.0,6.0,0.0,6.0,3.0,5.0,5.0,DAYJOE_FSR
qmof-7752027,True,80.987,-0.20110000000000006,57.2,4.0,4.0,1.0,1.0,0.0,0.0,0.0,LEDMOY01_FSR
qmof-4a920a2,True,42.021,-1.4418000000000002,58.7,3.0,3.0,0.0,0.0,0.0,0.0,0.0,LEGJEN_FSR
qmof-996dc07,True,413.2270000000001,1.2485999999999995,106.03999999999999,26.0,7.0,0.0,6.0,4.0,3.0,3.0,LEHHIR_FSR
qmof-09030cb,True,123.11499999999998,-0.4245000000000001,68.87,9.0,4.0,1.0,3.0,1.0,1.0,1.0,LEHKAM_FSR
qmof-480d9ca,True,215.232,0.8997999999999997,65.91,16.0,4.0,0.0,4.0,1.0,2.0,2.0,LEBNIQ_FSR
qmof-a3e1988,True,151.14099999999996,-0.5301,60.36,11.0,3.0,1.0,3.0,2.0,1.0,1.0,LEBSUH02_FSR
qmof-22a80df,True,122.10299999999997,-0.5549000000000004,53.019999999999996,9.0,3.0,0.0,3.0,1.0,1.0,1.0,QEPTAH_FSR
qmof-c27282a,True,492.53200000000044,-0.2907999999999986,164.24,36.0,10.0,2.0,8.0,7.0,2.0,6.0,QESVAO_FSR
qmof-3ca2407,True,144.126,-1.9533999999999987,80.25999999999999,10.0,4.0,0.0,4.0,5.0,0.0,0.0,QETCIC_FSR
qmof-f405a54,True,356.3100000000001,-1.8514999999999984,140.70000000000002,26.0,8.0,0.0,7.0,5.0,2.0,2.0,QEKLID01_FSR
qmof-9f111f7,False,,,,,,,,,,,QEMYEM_FSR
qmof-eec0cfe,False,,,,,,,,,,,DATNES_FSR
qmof-27afebe,True,194.14199999999997,-1.8211999999999997,89.49000000000001,14.0,5.0,0.0,5.0,4.0,1.0,1.0,DAWSEB_FSR
qmof-b5f19ca,True,230.255,-0.8881699999999992,84.33,17.0,7.0,0.0,7.0,0.0,0.0,4.0,QENHIA_FSR
qmof-20628ef,True,58.085,0.66498,23.79,3.0,2.0,0.0,1.0,0.0,0.0,0.0,FOWJIL_FSR
qmof-760037b,True,175.14099999999996,1.2921,89.91,11.0,6.0,0.0,2.0,2.0,1.0,1.0,FOWTIW_FSR
qmof-309f598,True,390.165,6.053500000000002,0.0,17.0,4.0,0.0,2.0,4.0,2.0,2.0,FOWXOG01_FSR
qmof-cbb0c75,True,232.373,4.528500000000003,0.0,15.0,2.0,0.0,2.0,4.0,2.0,2.0,FOWZIC_FSR
qmof-0a84707,True,414.4470000000001,1.5132000000000003,127.39999999999999,29.0,11.0,0.0,8.0,6.0,4.0,4.0,FOXQAL_FSR
qmof-e4f1759,True,318.197,-4.710099999999999,189.2,23.0,10.0,1.0,9.0,3.0,2.0,2.0,DAYKOF01_FSR
qmof-0749e57,False,,,,,,,,,,,DAYPUR_FSR
qmof-9d147d8,True,122.10299999999997,-0.5549000000000004,53.019999999999996,9.0,3.0,0.0,3.0,1.0,1.0,1.0,DAYRIG_FSR
qmof-05cb0f7,False,,,,,,,,,,,DAZDAK_FSR
qmof-4090ad3,False,,,,,,,,,,,QAXYAQ_FSR
qmof-23eba6f,True,327.391,4.185800000000004,40.57,25.0,5.0,0.0,5.0,3.0,5.0,5.0,QAZJOT_FSR
qmof-26ebc0e,False,,,,,,,,,,,DAXNOH_FSR
qmof-abb33dd,True,282.51800000000003,5.750000000000005,0.0,18.0,2.0,0.0,2.0,4.0,1.0,1.0,DAXNUN_FSR
qmof-c428516,True,198.35599999999997,3.412600000000002,0.0,12.0,2.0,0.0,2.0,4.0,1.0,1.0,DAXPAV_FSR
qmof-ebed62f,True,358.41,3.4512800000000015,93.17,26.0,8.0,0.0,7.0,3.0,4.0,4.0,QEHVIK_FSR
qmof-96b3e9d,True,258.34999999999997,1.6408999999999998,49.84,18.0,5.0,2.0,3.0,4.0,2.0,2.0,QEJCAK_FSR
qmof-27b9790,True,329.21999999999997,-3.7777999999999983,173.40999999999997,24.0,9.0,0.0,9.0,4.0,2.0,2.0,LEPVOT_FSR
qmof-013d7be,True,329.21999999999997,-3.7777999999999983,173.40999999999997,24.0,9.0,0.0,9.0,4.0,2.0,2.0,LEPVUZ_FSR
qmof-f934fdc,True,162.259,0.8009999999999999,12.47,9.0,4.0,0.0,2.0,0.0,0.0,1.0,LEHRUN_FSR
qmof-d9209b4,True,142.10999999999999,-2.343499999999999,80.25999999999999,10.0,4.0,0.0,4.0,2.0,0.0,1.0,LEHVAW_FSR
qmof-32b45cc,True,275.287,2.1741,65.91,21.0,4.0,0.0,4.0,3.0,3.0,3.0,LEHVOL_FSR
qmof-cf53258,False,,,,,,,,,,,LEHZIJ_FSR
qmof-b454284,False,,,,,,,,,,,LEJVUR01_FSR
qmof-d54f310,True,232.17499999999998,-0.7647100000000002,107.13,17.0,7.0,1.0,5.0,3.0,1.0,2.0,QEBMIW_FSR
qmof-b6d6a17,True,226.12,-4.814209999999999,152.32,16.0,8.0,1.0,7.0,1.0,0.0,1.0,QEBRAS_FSR
qmof-b0edd58,True,351.2460000000001,-2.1248999999999993,157.69,26.0,8.0,1.0,7.0,4.0,2.0,2.0,QAWCOI_FSR
qmof-243c82b,False,,,,,,,,,,,QAWGON_FSR
qmof-65cbaf5,False,,,,,,,,,,,QAWHAY_FSR
qmof-74f0957,False,,,,,,,,,,,QAWSUD_FSR
qmof-f269524,True,95.08099999999997,-0.32699999999999996,43.53,7.0,3.0,0.0,2.0,0.0,0.0,1.0,QAXBIB_FSR
qmof-914130f,True,177.20399999999995,3.295200000000002,36.97,11.0,3.0,0.0,1.0,6.0,0.0,0.0,DBUPCU_FSR
qmof-37eedc4,True,162.236,1.8483,16.130000000000003,12.0,2.0,0.0,2.0,1.0,1.0,2.0,DEBTUA_FSR
qmof-09dc27f,True,66.043,-0.44704000000000005,61.68,5.0,3.0,0.0,2.0,0.0,0.0,0.0,LEPCOZ_FSR
qmof-f4f5664,True,66.043,-0.44704000000000005,61.68,5.0,3.0,0.0,2.0,0.0,0.0,0.0,LEPCUF_FSR
qmof-4c32590,False,,,,,,,,,,,LEPFER_FSR
qmof-025cbf2,True,238.29399999999998,2.1761999999999997,35.64,18.0,4.0,0.0,4.0,4.0,3.0,3.0,QATXOA_FSR
qmof-d850c92,True,438.44700000000006,3.6285000000000016,125.97,33.0,9.0,3.0,6.0,6.0,4.0,4.0,QAVFAW_FSR
qmof-3a15a51,True,216.24,0.7386000000000003,53.879999999999995,16.0,4.0,0.0,2.0,3.0,2.0,2.0,QAQQIJ_FSR
qmof-c067576,True,368.32400000000007,1.8941999999999994,153.92,28.0,12.0,0.0,10.0,4.0,3.0,5.0,QARBUI_FSR
qmof-362cafe,True,59.044,-1.2438,40.129999999999995,4.0,2.0,0.0,2.0,0.0,0.0,0.0,QARNOO_FSR
qmof-cbf2d89,True,320.1930000000001,-3.9804000000000004,199.25999999999996,23.0,11.0,2.0,9.0,3.0,2.0,2.0,QARREI_FSR
qmof-95bf190,True,320.193,-3.9803999999999986,199.25999999999993,23.0,11.0,2.0,9.0,3.0,2.0,2.0,QARROS_FSR
qmof-068bc8e,True,320.193,-3.9803999999999986,199.25999999999993,23.0,11.0,2.0,9.0,3.0,2.0,2.0,QARRUY_FSR
qmof-4df1b78,False,,,,,,,,,,,DEDNUV_FSR
qmof-b40e587,False,,,,,,,,,,,DEDPAD01_FSR
qmof-187ab3a,False,,,,,,,,,,,DEDPAD_FSR
qmof-3f1f67b,True,224.267,2.1170999999999998,35.64,17.0,4.0,0.0,4.0,3.0,3.0,3.0,QATQIM_FSR
qmof-8287615,True,329.21999999999997,-3.7777999999999983,173.40999999999997,24.0,9.0,0.0,9.0,4.0,2.0,2.0,LEPVIN_FSR
qmof-290b93c,True,209.11299999999994,-1.6782000000000001,123.39999999999998,15.0,7.0,0.0,6.0,3.0,1.0,1.0,DEFREO_FSR
qmof-384cd6b,True,188.146,-0.30310000000000015,91.31,14.0,6.0,0.0,5.0,2.0,1.0,2.0,DEFSUE_FSR
qmof-31a720c,True,114.05599999999998,-2.9576000000000002,80.25999999999999,8.0,4.0,0.0,4.0,2.0,0.0,0.0,DEFYIX_FSR
qmof-6bc32fd,True,196.337,0.9137,34.14,11.0,4.0,0.0,2.0,6.0,0.0,0.0,DEGBAT_FSR
qmof-8b992f5,False,,,,,,,,,,,LEXLEH_FSR
qmof-2b27977,True,374.396,0.9183999999999992,106.03999999999999,28.0,6.0,0.0,6.0,6.0,3.0,3.0,LEYKEH_FSR
qmof-8aa40cd,False,,,,,,,,,,,LEQQUU_FSR
qmof-136c064,False,,,,,,,,,,,LERNIF_FSR
qmof-a36b5af,True,68.059,-0.42400000000000004,38.82,5.0,3.0,0.0,2.0,0.0,0.0,1.0,LETDAQ_FSR
qmof-172f006,True,448.959,1.1996900000000001,29.700000000000003,9.0,7.0,0.0,2.0,1.0,0.0,1.0,LETDOE_FSR
qmof-01c6cc9,True,135.142,0.35851999999999995,40.129999999999995,10.0,2.0,0.0,2.0,1.0,1.0,1.0,FOPVUC_FSR
qmof-c701205,True,446.41900000000015,0.2880000000000009,153.2,33.0,10.0,1.0,9.0,7.0,4.0,4.0,FOQBAP_FSR
qmof-d7f9a50,True,164.172,-0.43020000000000014,61.42,12.0,6.0,0.0,6.0,3.0,2.0,2.0,FOQSEK_FSR
qmof-2001a62,True,510.4140000000002,-1.4847999999999975,203.37,38.0,11.0,0.0,11.0,7.0,4.0,4.0,LELXIK_FSR
qmof-db1b55d,True,288.314,2.10069,76.96,22.0,6.0,0.0,5.0,2.0,2.0,4.0,LENRAY_FSR
qmof-f58091b,True,205.21800000000002,0.5685999999999998,65.91,14.0,5.0,0.0,5.0,2.0,2.0,2.0,LENRIG_FSR
qmof-4f9ba78,True,376.33200000000005,-0.7384000000000002,141.68,28.0,10.0,0.0,10.0,4.0,4.0,4.0,FOJVUX_FSR
qmof-569458e,True,396.4180000000001,3.761890000000003,111.54,30.0,10.0,0.0,9.0,2.0,4.0,6.0,FOKGOD_FSR
qmof-295bf42,False,,,,,,,,,,,FOMTEH_FSR
qmof-b8457d7,True,62.004000000000005,-0.3914000000000001,63.04,4.0,4.0,0.0,2.0,0.0,0.0,0.0,FOMTUX_FSR
qmof-20b5399,False,,,,,,,,,,,FOPJUR_FSR
qmof-f9dc87c,True,122.14699999999996,1.0546,32.79,9.0,2.0,0.0,1.0,2.0,1.0,1.0,LETKOL01_FSR
qmof-f734d57,True,145.167,-0.5342,62.29,9.0,6.0,1.0,4.0,2.0,0.0,1.0,LEVPAG_FSR
qmof-4f2b4da,True,88.01799999999999,-3.5138000000000003,80.25999999999999,6.0,4.0,0.0,4.0,0.0,0.0,0.0,LEWGUQ_FSR
qmof-297ee2d,False,,,,,,,,,,,LEWJIJ_FSR
qmof-2273e9b,True,239.05199999999994,-4.3332999999999995,177.26,15.0,10.0,0.0,7.0,3.0,0.0,0.0,QAKFIR_FSR
qmof-3619225,True,58.085,0.66498,23.79,3.0,2.0,0.0,1.0,0.0,0.0,0.0,QAMSIJ_FSR
qmof-d8bbac8,True,118.13899999999998,1.14048,49.81,9.0,2.0,1.0,2.0,0.0,1.0,1.0,QAGWOL_FSR
qmof-8992d68,False,,,,,,,,,,,QAHCAF_FSR
qmof-8bec27b,True,182.226,2.6470000000000002,25.78,14.0,2.0,0.0,2.0,2.0,2.0,2.0,QAHKUH_FSR
qmof-3a005e0,True,490.7780000000004,4.7130000000000045,36.92,30.0,8.0,0.0,8.0,0.0,1.0,3.0,QAJFOZ_FSR
qmof-5e98a79,False,,,,,,,,,,,DEGJOP_FSR
qmof-ab17fad,True,58.085,0.66498,23.79,3.0,2.0,0.0,1.0,0.0,0.0,0.0,FOHCIP_FSR
qmof-27df7c3,True,214.176,-0.43320000000000025,80.25999999999999,16.0,4.0,0.0,4.0,2.0,2.0,2.0,FOJKIA_FSR
qmof-7833495,False,,,,,,,,,,,LEZSIV_FSR
qmof-643a687,False,,,,,,,,,,,LEZSUH_FSR
qmof-1656ec0,True,231.16099999999997,0.09949999999999987,139.96,15.0,8.0,1.0,3.0,2.0,1.0,1.0,LEZTIW_FSR
qmof-14f2341,False,,,,,,,,,,,LIBZAZ_FSR
qmof-d0cb775,True,281.24699999999996,-0.211210000000001,104.32,21.0,6.0,2.0,6.0,3.0,2.0,3.0,DEGLEJ_FSR
qmof-9c01853,True,244.206,-1.1098,106.04,18.0,6.0,0.0,6.0,2.0,2.0,2.0,DEGSIS01_FSR
qmof-9be8b35,False,,,,,,,,,,,DEGTEP01_FSR
qmof-31214c6,False,,,,,,,,,,,DEGTIV_FSR
qmof-320f7c5,True,324.24100000000004,-3.8341999999999983,180.75,23.0,9.0,1.0,9.0,7.0,1.0,1.0,DEHGEF_FSR
qmof-d6a5524,True,324.24100000000004,-3.8341999999999983,180.75,23.0,9.0,1.0,9.0,7.0,1.0,1.0,DEHGOP_FSR
qmof-739a9ad,True,202.19299999999998,1.4254,79.67999999999999,15.0,5.0,0.0,2.0,1.0,2.0,2.0,DEHHEG_FSR
qmof-0e187ca,False,,,,,,,,,,,QACCUV_FSR
qmof-744e26e,True,540.519,2.933,170.10999999999999,41.0,11.0,0.0,10.0,6.0,5.0,6.0,QADQAQ_FSR
qmof-dc10859,False,,,,,,,,,,,FOJQAY_FSR
qmof-b2d0d8a,True,270.15299999999996,-1.3773000000000009,166.54,19.0,10.0,0.0,8.0,3.0,1.0,1.0,PUPMAQ01_FSR
qmof-6111c69,True,374.35600000000005,0.8803999999999997,137.62,28.0,8.0,2.0,6.0,4.0,4.0,4.0,PUPMUJ_FSR
qmof-7d2356b,False,,,,,,,,,,,QACCOP_FSR
qmof-c81b80b,False,,,,,,,,,,,DEKZEB_FSR
qmof-4956d5d,True,179.13099999999997,-2.0042,106.28,13.0,5.0,1.0,5.0,2.0,1.0,1.0,PUQTEB01_FSR
qmof-e5dde7a,True,287.339,0.7689999999999988,86.14,21.0,5.0,1.0,5.0,4.0,2.0,2.0,LIFLUI_FSR
qmof-4dc7542,True,42.021,-1.4418000000000002,58.7,3.0,3.0,0.0,0.0,0.0,0.0,0.0,FODROG_FSR
qmof-da04278,True,136.138,-0.6567800000000004,84.48,10.0,5.0,0.0,2.0,0.0,1.0,1.0,FODSAT_FSR
qmof-f0b9b6a,True,158.15799999999996,1.2815999999999999,72.59,10.0,5.0,0.0,1.0,1.0,1.0,1.0,FOFGUD_FSR
qmof-810bc6b,True,114.05599999999998,-2.9576000000000002,80.25999999999999,8.0,4.0,0.0,4.0,2.0,0.0,0.0,QAFDOR_FSR
qmof-f158543,True,188.16599999999997,-0.3692000000000002,70.84,14.0,5.0,0.0,5.0,2.0,2.0,2.0,QAFFUB_FSR
qmof-5cd94b8,True,164.11599999999996,-1.5864000000000003,80.25999999999999,12.0,4.0,0.0,4.0,2.0,1.0,1.0,PUYREH01_FSR
qmof-a7663ca,True,170.14499999999995,-1.5249000000000001,80.25999999999999,11.0,5.0,0.0,5.0,2.0,1.0,1.0,PUZJIF_FSR
qmof-3921f33,False,,,,,,,,,,,PYDSHG_FSR
qmof-e87e545,False,,,,,,,,,,,PYNICL01_FSR
qmof-89941ae,True,95.10099999999998,0.3200000000000002,26.939999999999998,7.0,2.0,0.0,1.0,0.0,1.0,1.0,PYNOCD_FSR
qmof-069e51d,True,156.18799999999996,2.1435999999999993,25.78,12.0,2.0,0.0,2.0,1.0,2.0,2.0,POTRUL_FSR
qmof-ed18da1,False,,,,,,,,,,,POXFOZ_FSR
qmof-8eeb480,True,210.121,-4.068699999999999,133.27999999999997,15.0,7.0,0.0,7.0,1.0,1.0,1.0,POXHIU_FSR
qmof-23c3b45,True,210.121,-4.068699999999999,133.27999999999997,15.0,7.0,0.0,7.0,1.0,1.0,1.0,POXHOA_FSR
qmof-1967cf1,True,286.286,3.2398000000000025,119.4,18.0,8.0,0.0,0.0,2.0,2.0,2.0,LIGQEZ_FSR
qmof-1791cbc,True,231.167,-1.801299999999999,121.83,17.0,7.0,1.0,6.0,3.0,2.0,2.0,LIHBUB_FSR
qmof-73112fe,False,,,,,,,,,,,PUQCIO_FSR
qmof-92bf85f,True,149.069,1.3473,59.699999999999996,8.0,7.0,0.0,0.0,0.0,0.0,0.0,DEMNOZ_FSR
qmof-f5f710d,True,62.004000000000005,-0.3914000000000001,63.04,4.0,4.0,0.0,2.0,0.0,0.0,0.0,DEMPER_FSR
qmof-15daa44,True,62.004000000000005,-0.3914000000000001,63.04,4.0,4.0,0.0,2.0,0.0,0.0,0.0,DEMPOB_FSR
qmof-dc6062c,True,149.069,1.3473,59.699999999999996,8.0,7.0,0.0,0.0,0.0,0.0,0.0,DEMQAO_FSR
qmof-61fb59a,True,210.24000000000004,1.3203799999999997,53.980000000000004,16.0,4.0,0.0,2.0,5.0,2.0,2.0,DEMVAT01_FSR
qmof-afe0823,True,198.269,2.4417999999999997,52.04,15.0,2.0,2.0,2.0,2.0,2.0,2.0,DENTEW_FSR
qmof-a0be11a,True,165.10399999999996,-2.1914,93.15,12.0,5.0,0.0,5.0,2.0,1.0,1.0,DENZIG_FSR
qmof-d73861b,True,108.14399999999998,0.9214799999999999,17.82,8.0,2.0,0.0,2.0,2.0,1.0,1.0,DEPVUQ_FSR
qmof-d5697d2,True,280.08900000000006,1.3358899999999994,146.0,17.0,10.0,2.0,4.0,4.0,0.0,1.0,PUNZEE_FSR
qmof-270723c,True,154.07699999999997,-1.9933999999999996,93.4,11.0,5.0,0.0,5.0,2.0,1.0,1.0,DEWNUR_FSR
qmof-caf7459,True,515.4100000000002,-1.5362999999999998,201.69,38.0,12.0,1.0,11.0,6.0,4.0,4.0,DEXDOB_FSR
qmof-7a92a43,False,,,,,,,,,,,DEXJOH_FSR
qmof-5b30551,True,250.11799999999994,-4.859400000000001,160.51999999999998,18.0,8.0,0.0,8.0,4.0,1.0,1.0,DEYDES_FSR
qmof-fd9ee59,True,299.30400000000003,-2.0780799999999973,126.42999999999998,20.0,8.0,1.0,6.0,7.0,1.0,1.0,LIQJIE_FSR
qmof-2590d97,False,,,,,,,,,,,FOCSUN_FSR
qmof-870a873,False,,,,,,,,,,,FOCTIC_FSR
qmof-2ef1553,True,504.58600000000024,4.464680000000004,106.03999999999999,38.0,6.0,0.0,6.0,6.0,4.0,4.0,FODFIP_FSR
qmof-9858c59,True,323.2880000000001,-1.0570000000000004,145.1,24.0,8.0,1.0,7.0,3.0,2.0,3.0,FODJAL_FSR
qmof-5d9b2c8,True,42.021,-1.4418000000000002,58.7,3.0,3.0,0.0,0.0,0.0,0.0,0.0,FODRIA_FSR
qmof-39d4547,True,88.106,0.03320000000000001,18.46,6.0,2.0,0.0,2.0,0.0,0.0,1.0,PRCUDX_FSR
qmof-75c4882,False,,,,,,,,,,,POQXOJ_FSR
qmof-3b46c12,False,,,,,,,,,,,PORKUE_FSR
qmof-33a3e83,True,316.24499999999995,-2.132699999999998,142.51,23.0,8.0,0.0,8.0,4.0,2.0,2.0,PORTIB_FSR
qmof-ff1d9b8,False,,,,,,,,,,,POTCOQ_FSR
qmof-afb876a,True,108.14399999999998,0.9214799999999999,17.82,8.0,2.0,0.0,2.0,2.0,1.0,1.0,DEPWAX_FSR
qmof-8f835a4,True,430.2250000000002,-7.031909999999997,289.44,31.0,17.0,0.0,16.0,5.0,1.0,3.0,DIBWUI_FSR
qmof-3e7238d,True,430.2250000000002,-7.031909999999997,289.44,31.0,17.0,0.0,16.0,5.0,1.0,3.0,DIBXOD_FSR
qmof-73cc336,False,,,,,,,,,,,DICGUU_FSR
qmof-49c86f7,True,412.40100000000007,2.3495,115.27000000000001,31.0,7.0,0.0,7.0,5.0,4.0,4.0,DICKOR_FSR
qmof-91b1821,False,,,,,,,,,,,DEYXEN_FSR
qmof-ce2d153,False,,,,,,,,,,,DEYXOX_FSR
qmof-ff5eefe,False,,,,,,,,,,,DIBCID_FSR
qmof-17dd299,True,122.10299999999997,-0.5549000000000002,53.019999999999996,9.0,3.0,0.0,3.0,1.0,1.0,1.0,POCPIG01_FSR
qmof-d33c7fe,True,302.26300000000003,-0.7732000000000001,114.4,21.0,7.0,0.0,6.0,2.0,2.0,3.0,LIPSUB_FSR
qmof-52c894b,True,96.06299999999999,-0.9077999999999999,73.94,5.0,5.0,0.0,2.0,0.0,0.0,0.0,LIQBAP_FSR
qmof-32364c9,True,218.245,0.8157899999999998,60.410000000000004,15.0,7.0,0.0,6.0,2.0,2.0,3.0,POKZAS_FSR
qmof-49ca3f7,True,256.21299999999997,0.20589999999999975,89.49000000000001,19.0,5.0,0.0,5.0,4.0,2.0,2.0,POKZOG_FSR
qmof-3bff865,True,198.256,-0.08140999999999998,56.160000000000004,12.0,7.0,0.0,5.0,2.0,0.0,2.0,PODREH_FSR
qmof-792ff35,False,,,,,,,,,,,PONHEG_FSR
qmof-d62afed,True,58.085,0.66498,23.79,3.0,2.0,0.0,1.0,0.0,0.0,0.0,POHQEJ_FSR
qmof-0b7af5b,False,,,,,,,,,,,POJTIS01_FSR
qmof-83d5543,True,88.01799999999999,-3.5138000000000003,80.25999999999999,6.0,4.0,0.0,4.0,0.0,0.0,0.0,FIYKAA02_FSR
qmof-dbd6833,True,287.27500000000003,-1.7805999999999966,118.07,21.0,7.0,1.0,7.0,5.0,2.0,2.0,FIZBEV01_FSR
qmof-8ac5157,True,287.207,-3.0066999999999977,146.16999999999996,21.0,8.0,0.0,8.0,2.0,2.0,2.0,FOBXOL_FSR
qmof-b1f0ef7,True,286.286,3.2398000000000016,119.4,18.0,8.0,0.0,0.0,2.0,2.0,2.0,FOBYAX_FSR
qmof-e45b793,True,58.085,0.66498,23.79,3.0,2.0,0.0,1.0,0.0,0.0,0.0,FOCKEP_FSR
qmof-212a59c,True,164.11599999999996,-1.5864000000000003,80.25999999999999,12.0,4.0,0.0,4.0,2.0,1.0,1.0,LISBIZ_FSR
qmof-5b5965b,True,256.21299999999997,0.20589999999999975,89.49000000000001,19.0,5.0,0.0,5.0,4.0,2.0,2.0,DICKUX_FSR
qmof-2eb4f02,True,170.14499999999998,-1.5249000000000001,80.25999999999999,11.0,5.0,0.0,5.0,2.0,1.0,1.0,DIDFIH_FSR
qmof-0f25712,True,222.245,2.6220000000000008,85.72,15.0,5.0,1.0,1.0,1.0,2.0,2.0,PILXEQ_FSR
qmof-e6dcf60,True,178.14299999999994,-1.6575000000000004,80.25999999999999,13.0,4.0,0.0,4.0,3.0,1.0,1.0,PIMDIB_FSR
qmof-d9a708b,True,252.13399999999996,-2.1899999999999995,154.85999999999999,18.0,8.0,2.0,6.0,4.0,1.0,1.0,PIMJAZ_FSR
qmof-c7d5864,True,470.44000000000005,-1.5833999999999993,186.29999999999995,32.0,12.0,0.0,12.0,7.0,3.0,3.0,PITRIV01_FSR
qmof-df558c0,True,412.2660000000002,-4.2822,218.72,30.0,12.0,2.0,10.0,6.0,2.0,2.0,PIVHAG_FSR
qmof-7489767,True,414.28200000000015,-1.6127999999999993,213.05999999999997,30.0,12.0,4.0,8.0,6.0,2.0,2.0,PIVHIO_FSR
qmof-7b530d7,False,,,,,,,,,,,PIWTUN_FSR
qmof-a01cb8a,True,312.281,-0.7193000000000003,117.5,23.0,7.0,0.0,5.0,7.0,2.0,2.0,PIYDUZ_FSR
qmof-b110f68,True,466.49400000000026,-0.6325999999999974,146.66,34.0,10.0,0.0,8.0,4.0,2.0,4.0,FIXCAS_FSR
qmof-882de91,True,58.085,0.66498,23.79,3.0,2.0,0.0,1.0,0.0,0.0,0.0,LIWMUA_FSR
qmof-cacb6b5,True,592.5200000000001,-1.4521999999999953,213.23000000000002,44.0,13.0,0.0,13.0,10.0,5.0,5.0,LIWXIZ_FSR
qmof-4978721,True,214.17599999999996,-0.43320000000000025,80.25999999999999,16.0,4.0,0.0,4.0,2.0,2.0,2.0,LIWYOG_FSR
qmof-44e870d,True,180.11499999999995,-1.8808,100.49000000000001,13.0,5.0,1.0,5.0,2.0,1.0,1.0,LIXDOM_FSR
qmof-ad64f0d,True,180.11499999999995,-1.8808,100.49000000000001,13.0,5.0,1.0,5.0,2.0,1.0,1.0,LIXDUS_FSR
qmof-96dbdd3,True,180.11499999999995,-1.8808,100.49000000000001,13.0,5.0,1.0,5.0,2.0,1.0,1.0,LIXFAA_FSR
qmof-23096ab,True,380.40400000000005,0.7593999999999997,137.62,28.0,8.0,2.0,6.0,4.0,3.0,4.0,LIXVAR_FSR
qmof-8e42f2f,True,380.40400000000005,0.7593999999999997,137.62,28.0,8.0,2.0,6.0,4.0,3.0,4.0,LIXVOF_FSR
qmof-7b91383,False,,,,,,,,,,,DIHSAR_FSR
qmof-76c4851,True,460.5340000000002,1.0807999999999995,130.1,34.0,8.0,2.0,8.0,8.0,3.0,4.0,DIHWAV_FSR
qmof-0b33bc0,False,,,,,,,,,,,DIJSIY_FSR
qmof-12e958e,True,306.30300000000005,1.1502,109.58,21.0,9.0,0.0,6.0,2.0,3.0,3.0,PIGYEK_FSR
qmof-afe4fbb,True,130.216,0.24430000000000002,24.06,8.0,3.0,2.0,1.0,0.0,0.0,1.0,DIFSUH_FSR
qmof-caca351,True,150.145,-1.0909200000000003,59.400000000000006,11.0,6.0,0.0,4.0,2.0,0.0,2.0,DIGROC_FSR
qmof-68a8246,True,278.26800000000003,-1.9537999999999978,115.9,20.0,8.0,0.0,8.0,5.0,2.0,2.0,DIHJEL_FSR
qmof-b65f961,True,309.07500000000005,-0.43380000000000013,108.94,18.0,7.0,1.0,5.0,3.0,2.0,2.0,PEWLOU_FSR
qmof-4b14a04,True,66.043,-0.44704000000000005,61.68,5.0,3.0,0.0,2.0,0.0,0.0,0.0,PEXMUB_FSR
qmof-5eee5ab,True,147.153,0.4497,40.129999999999995,11.0,2.0,0.0,2.0,2.0,1.0,1.0,PEXWAQ01_FSR
qmof-0b38925,True,325.39200000000005,1.9185199999999998,75.77000000000001,24.0,6.0,0.0,6.0,6.0,3.0,3.0,DIPPOJ_FSR
qmof-67657bd,False,,,,,,,,,,,LOJPEH_FSR
qmof-e39f87b,True,396.44700000000006,0.46880000000000144,115.89999999999999,29.0,8.0,0.0,8.0,8.0,3.0,3.0,LOBVAC_FSR
qmof-6dc8152,True,284.15600000000006,-3.1806,227.94,20.0,16.0,2.0,12.0,5.0,2.0,2.0,LOFDIW_FSR
qmof-b57edb0,True,284.15600000000006,-3.1806,227.94,20.0,16.0,2.0,12.0,5.0,2.0,2.0,LOFDOC_FSR
qmof-c679c80,True,284.15600000000006,-3.1806,227.94,20.0,16.0,2.0,12.0,5.0,2.0,2.0,LOFDUI_FSR
qmof-a9fb7e9,True,284.15600000000006,-3.1806,227.94,20.0,16.0,2.0,12.0,5.0,2.0,2.0,LOFFAQ_FSR
qmof-27e1206,True,324.33600000000007,0.3255000000000008,106.03999999999999,24.0,6.0,0.0,6.0,6.0,2.0,2.0,DIMGEO_FSR
qmof-1f74dfd,True,471.4450000000002,0.16891999999999951,155.28,35.0,9.0,0.0,9.0,5.0,4.0,4.0,PEZLOY_FSR
qmof-dbca09a,True,123.08699999999997,2.1179999999999994,59.699999999999996,9.0,3.0,0.0,0.0,0.0,1.0,1.0,PGALSB_FSR
qmof-204bfd2,True,164.11599999999996,-1.5864000000000003,80.25999999999999,12.0,4.0,0.0,4.0,2.0,1.0,1.0,PHALCV_FSR
qmof-c659bd8,True,231.14699999999996,-1.9395999999999998,131.44,17.0,8.0,0.0,7.0,3.0,1.0,2.0,PIBCAH_FSR
qmof-cc493e2,True,191.956,-0.10440000000000016,154.2,10.0,10.0,2.0,2.0,0.0,0.0,0.0,FIVTOU_FSR
qmof-b3f1619,True,142.10999999999999,-2.343499999999999,80.25999999999999,10.0,4.0,0.0,4.0,2.0,0.0,1.0,PESBAR_FSR
qmof-ad68593,False,,,,,,,,,,,PESGOL_FSR
qmof-90f63ba,True,124.14800000000001,-0.10584999999999989,73.6,8.0,4.0,1.0,3.0,1.0,0.0,0.0,PESQUA_FSR
qmof-55463ed,False,,,,,,,,,,,PESSUC_FSR
qmof-5bbcd9f,True,342.3100000000001,1.1769999999999998,106.03999999999999,26.0,6.0,0.0,6.0,3.0,4.0,4.0,PETSEO_FSR
qmof-6abd578,False,,,,,,,,,,,FIRFIX_FSR
qmof-d705ce8,True,326.45000000000005,3.851200000000003,51.56,22.0,6.0,0.0,6.0,6.0,3.0,3.0,FISHUL_FSR
qmof-e63ddfb,True,284.15600000000006,-3.1806,227.94,20.0,16.0,2.0,12.0,5.0,2.0,2.0,LOFFEU_FSR
qmof-38d79d7,False,,,,,,,,,,,DIQJOF08_FSR
qmof-caa947a,True,94.117,1.20386,47.58,7.0,2.0,0.0,2.0,2.0,0.0,0.0,DIRNEX10_FSR
qmof-7e159a3,True,626.45,-5.858199999999995,302.19999999999993,46.0,18.0,0.0,18.0,7.0,5.0,5.0,DISBIT_FSR
qmof-aa5700f,True,326.21600000000007,-3.1923999999999992,160.51999999999998,24.0,8.0,0.0,8.0,5.0,2.0,2.0,PETXES_FSR
qmof-f3f002d,True,198.227,0.2352200000000001,77.66999999999999,13.0,6.0,0.0,3.0,0.0,1.0,1.0,PEVZIA_FSR
qmof-0e8b60f,True,132.071,-3.7628,100.49,9.0,5.0,1.0,5.0,3.0,0.0,0.0,PIDTOO_FSR
qmof-751809e,False,,,,,,,,,,,PIDVII_FSR
qmof-e0b5cf3,True,619.1580000000001,0.9176899999999997,208.25999999999996,36.0,14.0,3.0,9.0,6.0,3.0,4.0,PEWKUZ_FSR
qmof-3636e77,True,193.207,0.242,79.03999999999999,13.0,5.0,1.0,5.0,1.0,2.0,2.0,PELWIO_FSR
qmof-ad5949e,False,,,,,,,,,,,PEGLIZ_FSR
qmof-18b151e,True,514.3040000000002,3.7397000000000027,197.70999999999992,33.0,14.0,4.0,5.0,7.0,3.0,3.0,PEGTUS02_FSR
qmof-ad844af,True,264.30899999999997,-1.7779000000000003,106.03999999999999,15.0,9.0,0.0,9.0,6.0,1.0,1.0,DIXKUR_FSR
qmof-1a20b4f,True,144.126,-1.9533999999999987,80.25999999999999,10.0,4.0,0.0,4.0,5.0,0.0,0.0,LOTDON_FSR
qmof-ae1386e,True,320.304,0.5571999999999998,106.03999999999999,24.0,6.0,0.0,6.0,3.0,3.0,3.0,LOTXOH01_FSR
qmof-f260694,True,90.065,0.13163,71.37,7.0,3.0,0.0,3.0,0.0,0.0,0.0,LORGEE_FSR
qmof-b326b48,True,240.21399999999997,0.08059999999999978,80.25999999999999,18.0,4.0,0.0,4.0,3.0,2.0,2.0,LORJIN_FSR
qmof-ef0fc9a,True,214.176,-0.43320000000000025,80.25999999999999,16.0,4.0,0.0,4.0,2.0,2.0,2.0,FIQZEM_FSR
qmof-fb12235,True,163.27200000000002,1.2565,26.46,8.0,5.0,0.0,4.0,0.0,0.0,1.0,PEQVEP_FSR
qmof-50b2007,False,,,,,,,,,,,PERREL_FSR
qmof-76257fc,False,,,,,,,,,,,PELWUA_FSR
qmof-956904d,True,324.25200000000007,1.1873999999999998,137.83999999999997,24.0,9.0,1.0,7.0,5.0,2.0,3.0,PEPHOJ_FSR
qmof-5611ed0,True,515.4100000000002,-1.5362999999999998,201.69,38.0,12.0,1.0,11.0,6.0,4.0,4.0,DIWLIG_FSR
qmof-a86cafd,True,88.01799999999999,-3.5138000000000003,80.25999999999999,6.0,4.0,0.0,4.0,0.0,0.0,0.0,DIWCAO_FSR
qmof-88c6ebd,True,250.11799999999994,-4.859400000000001,160.51999999999998,18.0,8.0,0.0,8.0,4.0,1.0,1.0,PEWFII01_FSR
qmof-278bbd2,True,216.19199999999998,-0.7872000000000001,80.25999999999999,16.0,4.0,0.0,4.0,4.0,1.0,1.0,LOYBEI_FSR
qmof-2255387,False,,,,,,,,,,,LOZWEE_FSR
qmof-acb9f64,True,343.22300000000007,-1.7323999999999993,166.92000000000002,25.0,9.0,1.0,8.0,6.0,2.0,2.0,LOZXAB01_FSR
qmof-3bb252f,True,343.22300000000007,-1.7323999999999993,166.92000000000002,25.0,9.0,1.0,8.0,6.0,2.0,2.0,LOZXAB_FSR
qmof-4534e74,True,216.19199999999998,-0.7872000000000001,80.25999999999999,16.0,4.0,0.0,4.0,4.0,1.0,1.0,LOZXIJ_FSR
qmof-51dc808,True,261.209,-2.4210999999999983,120.38999999999999,19.0,6.0,0.0,6.0,4.0,1.0,1.0,LOZYIK_FSR
qmof-c753207,True,138.10199999999998,-0.8492999999999999,73.25,10.0,4.0,1.0,4.0,1.0,1.0,1.0,LUBXIR_FSR
qmof-2c669f5,True,180.11499999999995,-1.8808000000000002,100.49000000000001,13.0,5.0,1.0,5.0,2.0,1.0,1.0,DOCGAG_FSR
qmof-ac9f387,True,172.17999999999998,-1.1731999999999994,80.25999999999999,12.0,4.0,0.0,4.0,7.0,0.0,0.0,DODJIQ_FSR
qmof-c10e1fd,True,26.018,0.09637,23.79,2.0,1.0,0.0,1.0,0.0,0.0,0.0,DODPIV_FSR
qmof-4493e93,True,60.008,-2.447,63.19,4.0,3.0,0.0,3.0,0.0,0.0,0.0,DOFHIQ01_FSR
qmof-0aaa20a,True,167.213,1.2934,50.73,11.0,4.0,0.0,2.0,0.0,1.0,1.0,PEDSUN_FSR
qmof-cbea231,True,262.272,3.0739600000000005,88.71000000000001,20.0,5.0,2.0,3.0,2.0,2.0,2.0,PEFJAM_FSR
qmof-c2c8e5e,True,241.20199999999997,-0.5244000000000002,93.15,18.0,5.0,0.0,5.0,3.0,2.0,2.0,PEFVIH_FSR
qmof-94cba77,True,241.20199999999997,-0.5244000000000002,93.15,18.0,5.0,0.0,5.0,3.0,2.0,2.0,PEFVON_FSR
qmof-907545a,True,254.12999999999994,-3.3121,163.52999999999997,18.0,9.0,0.0,8.0,3.0,1.0,1.0,PEGCEM_FSR
qmof-900340c,False,,,,,,,,,,,FIQBOW_FSR
qmof-ec286a6,True,123.09099999999998,-1.1599000000000004,65.91,9.0,4.0,0.0,4.0,1.0,1.0,1.0,FIQFUH_FSR
qmof-756a348,True,139.134,-0.7672000000000005,65.91,10.0,4.0,0.0,4.0,0.0,1.0,1.0,FIQHAR_FSR
qmof-130ca73,True,250.34199999999996,1.5424,40.620000000000005,18.0,4.0,0.0,2.0,2.0,0.0,3.0,PEGHOB_FSR
qmof-0922e5c,True,250.34199999999996,1.5424,40.620000000000005,18.0,4.0,0.0,2.0,2.0,0.0,3.0,PEGHUH_FSR
qmof-082961d,False,,,,,,,,,,,PEALCU10_FSR
qmof-f57d767,True,297.40200000000004,3.6121500000000024,28.07,22.0,4.0,0.0,4.0,2.0,1.0,3.0,PEBKIR_FSR
qmof-b1a0abf,True,314.27299999999997,-2.2834999999999974,133.27999999999997,23.0,7.0,0.0,7.0,5.0,2.0,2.0,PEBLAL_FSR
qmof-3c5676c,True,66.043,-0.44704000000000005,61.68,5.0,3.0,0.0,2.0,0.0,0.0,0.0,PEBMEQ_FSR
qmof-03dde57,True,370.3650000000002,-0.32079999999999975,136.13,27.0,9.0,1.0,9.0,7.0,3.0,3.0,PECNAO02_FSR
qmof-d10d70c,False,,,,,,,,,,,PEDPIZ_FSR
qmof-c6cd4fd,True,112.03999999999999,-1.7236000000000002,68.28,8.0,4.0,0.0,4.0,0.0,0.0,1.0,DOFWIF_FSR
qmof-82a64b1,False,,,,,,,,,,,DOGROI_FSR
qmof-157692e,True,512.3290000000002,3.231180000000002,211.74,33.0,15.0,2.0,6.0,2.0,0.0,4.0,LOXZEF01_FSR
qmof-240cb3f,True,512.3290000000002,3.231180000000002,211.74,33.0,15.0,2.0,6.0,2.0,0.0,4.0,LOXZEF_FSR
qmof-b0e2c87,True,512.3290000000002,3.231180000000002,211.74,33.0,15.0,2.0,6.0,2.0,0.0,4.0,LOXZOP_FSR
qmof-3b1c2bf,True,156.18799999999996,2.1435999999999993,25.78,12.0,2.0,0.0,2.0,1.0,2.0,2.0,DOLCUD_FSR
qmof-09cb4ce,True,408.33800000000014,-3.667499999999996,193.44,30.0,14.0,0.0,12.0,6.0,3.0,4.0,DOPKOK_FSR
qmof-736e605,True,239.33499999999992,2.8952000000000018,38.36,17.0,3.0,0.0,2.0,0.0,0.0,2.0,DOPVUA_FSR
qmof-129290f,True,108.14399999999999,1.09344,25.78,8.0,2.0,0.0,2.0,0.0,1.0,1.0,DOPYAJ_FSR
qmof-291d96d,True,108.14399999999999,1.09344,25.78,8.0,2.0,0.0,2.0,0.0,1.0,1.0,DOPYIR01_FSR
qmof-54a03a4,True,512.5220000000003,1.273399999999999,134.36,38.0,10.0,0.0,10.0,10.0,5.0,5.0,PASJUQ_FSR
qmof-5ded542,True,324.24100000000004,-3.8341999999999983,180.75,23.0,9.0,1.0,9.0,7.0,1.0,1.0,PATBUK_FSR
qmof-4930668,True,124.11899999999997,0.26247,57.93,9.0,3.0,0.0,3.0,2.0,0.0,0.0,LUJFED_FSR
qmof-fd1d516,True,234.27999999999997,1.4505000000000001,59.92,16.0,5.0,0.0,4.0,3.0,2.0,2.0,DOHKOD_FSR
qmof-23a2940,True,209.11299999999994,-1.6782000000000001,123.39999999999998,15.0,7.0,0.0,6.0,3.0,1.0,1.0,DOHPAS_FSR
qmof-5d52dfb,True,184.198,1.7076,42.85,14.0,3.0,0.0,3.0,2.0,2.0,2.0,PAYDOK_FSR
qmof-02a8243,True,138.10199999999998,-0.8493000000000004,73.25,10.0,4.0,1.0,4.0,1.0,1.0,1.0,PAYMAE_FSR
qmof-d044302,True,251.12599999999995,-3.5246999999999993,157.69,18.0,8.0,1.0,7.0,4.0,1.0,1.0,PAYTAM_FSR
qmof-936c1e7,True,186.12299999999996,-0.1289300000000001,120.97,13.0,7.0,0.0,5.0,2.0,0.0,0.0,LUJFIH_FSR
qmof-04e7ddd,True,232.286,3.8106000000000027,25.78,18.0,2.0,0.0,2.0,2.0,3.0,3.0,LUJLIL_FSR
qmof-6f454df,True,234.16499999999996,-2.2242999999999986,141.01,15.0,9.0,0.0,5.0,1.0,1.0,1.0,FIPMIB_FSR
qmof-6eddd11,True,147.153,0.4497,40.129999999999995,11.0,2.0,0.0,2.0,2.0,1.0,1.0,LUPZAY_FSR
qmof-4fb8d06,True,147.153,0.4497,40.129999999999995,11.0,2.0,0.0,2.0,2.0,1.0,1.0,LUPZEC_FSR
qmof-f172a75,True,58.085,0.66498,23.79,3.0,2.0,0.0,1.0,0.0,0.0,0.0,FIMJOC_FSR
qmof-24fe973,False,,,,,,,,,,,FINNAS_FSR
qmof-2023fc9,True,148.14099999999996,-0.1553000000000001,53.019999999999996,11.0,3.0,0.0,3.0,2.0,1.0,1.0,FIPFIU03_FSR
qmof-da538df,True,198.269,2.6519000000000013,25.78,15.0,2.0,0.0,2.0,4.0,2.0,2.0,FIPFOB_FSR
qmof-1c40391,True,324.24100000000004,-3.8341999999999983,180.75,23.0,9.0,1.0,9.0,7.0,1.0,1.0,PATCEV_FSR
qmof-a95a0d6,True,210.36399999999995,1.3037999999999998,34.14,12.0,4.0,0.0,2.0,7.0,0.0,0.0,PATPUW_FSR
qmof-d02ff27,False,,,,,,,,,,,PATQOS_FSR
qmof-fd2113b,True,346.3380000000001,1.6595999999999997,89.49000000000001,26.0,5.0,0.0,5.0,6.0,3.0,3.0,PATRUZ_FSR
qmof-298c1b2,True,164.11599999999996,-1.5864000000000003,80.25999999999999,12.0,4.0,0.0,4.0,2.0,1.0,1.0,PAVKAZ_FSR
qmof-c237471,True,234.27999999999997,2.8904700000000014,76.47999999999999,16.0,5.0,0.0,2.0,2.0,1.0,1.0,PAQHIZ_FSR
qmof-6346309,False,,,,,,,,,,,PARPIK_FSR
qmof-2b6d068,True,229.25499999999997,1.7017999999999993,49.36,17.0,3.0,0.0,3.0,3.0,2.0,2.0,PARQEG_FSR
qmof-c07a67d,True,421.33199999999994,4.139600000000003,40.129999999999995,29.0,9.0,0.0,2.0,2.0,2.0,6.0,PARYEN_FSR
qmof-f351ef7,True,299.38300000000004,2.751080000000001,72.32,21.0,7.0,0.0,6.0,4.0,3.0,3.0,DOKTAA_FSR
qmof-823ca7f,True,337.3350000000001,0.2424399999999996,132.06,25.0,7.0,1.0,7.0,2.0,3.0,3.0,FIJXON_FSR
qmof-5d04aea,True,331.21599999999995,-2.2330999999999985,176.41999999999996,24.0,10.0,0.0,9.0,4.0,2.0,2.0,FIKROI_FSR
qmof-0520d3c,True,331.21599999999995,-2.2330999999999985,176.41999999999996,24.0,10.0,0.0,9.0,4.0,2.0,2.0,FIKRUO_FSR
qmof-7cebcee,True,331.21599999999995,-2.2330999999999985,176.41999999999996,24.0,10.0,0.0,9.0,4.0,2.0,2.0,FIKSAV_FSR
qmof-01c5b7a,True,234.16499999999996,-2.2242999999999986,141.01,15.0,9.0,0.0,5.0,1.0,1.0,1.0,FILCIN_FSR
qmof-3b3cb71,True,116.20800000000001,0.46420000000000006,52.04,8.0,2.0,2.0,2.0,5.0,0.0,0.0,LUNRAO_FSR
qmof-eacac19,True,150.145,-0.6246000000000005,61.42,11.0,6.0,0.0,6.0,2.0,2.0,2.0,LUNWAS_FSR
qmof-11cf4b9,False,,,,,,,,,,,PASBAO_FSR
qmof-794dc0d,True,442.3640000000001,2.5658000000000003,149.41000000000003,31.0,10.0,1.0,7.0,6.0,3.0,3.0,PASDIY_FSR
qmof-19d834d,True,242.18999999999997,-1.1294000000000002,106.03999999999999,18.0,6.0,0.0,6.0,3.0,2.0,2.0,PASGEX01_FSR
qmof-0906587,False,,,,,,,,,,,PASGEY_FSR
qmof-14cbe50,True,190.25,1.56,35.64,14.0,4.0,0.0,4.0,5.0,2.0,2.0,PAPHIZ_FSR
qmof-c7a31b7,False,,,,,,,,,,,PAPWUA_FSR
qmof-98ca63c,False,,,,,,,,,,,PAPXAH_FSR
qmof-8c7d840,True,286.338,3.7250000000000023,35.64,22.0,4.0,0.0,4.0,3.0,4.0,4.0,PAPYIR_FSR
qmof-1c68c64,True,108.14399999999999,1.09344,25.78,8.0,2.0,0.0,2.0,0.0,1.0,1.0,DOPYIR_FSR
qmof-0344ac0,False,,,,,,,,,,,PADDOP_FSR
qmof-dde499b,True,151.14499999999998,-0.7855000000000001,92.16999999999999,11.0,4.0,2.0,4.0,1.0,1.0,1.0,FIHVUO_FSR
qmof-d134a3d,True,164.11599999999996,-1.5864000000000003,80.25999999999999,12.0,4.0,0.0,4.0,2.0,1.0,1.0,FIHXUQ_FSR
qmof-9c2642b,True,224.223,2.1936,64.7,17.0,5.0,0.0,5.0,2.0,3.0,3.0,FIJNUI_FSR
qmof-aa20a4b,False,,,,,,,,,,,FIJPEU_FSR
qmof-e89276b,True,147.153,0.4497,40.129999999999995,11.0,2.0,0.0,2.0,2.0,1.0,1.0,LUQCEG_FSR
qmof-e046486,True,398.37800000000016,0.7989999999999998,103.92,30.0,8.0,0.0,8.0,4.0,5.0,5.0,PALYOR_FSR
qmof-0a53ef7,True,102.162,-0.5359000000000003,24.06,6.0,3.0,2.0,1.0,0.0,0.0,1.0,PALZAE01_FSR
qmof-41c9dd8,True,102.162,-0.5359000000000003,24.06,6.0,3.0,2.0,1.0,0.0,0.0,1.0,PALZEI01_FSR
qmof-c77fb00,True,466.45700000000016,0.8523999999999998,141.68,35.0,10.0,0.0,10.0,6.0,5.0,5.0,PAFNOC_FSR
qmof-e29f3d6,True,112.131,-0.5762999999999999,56.87,5.0,5.0,0.0,2.0,0.0,0.0,0.0,PAHTAU_FSR
qmof-c49cab0,True,166.11199999999997,-0.04170000000000007,83.27,12.0,5.0,0.0,4.0,2.0,1.0,1.0,DORQAD01_FSR
qmof-ddabb70,True,300.352,4.283000000000003,24.72,22.0,4.0,0.0,2.0,7.0,2.0,2.0,PAJHAK_FSR
qmof-1a36e21,True,187.17799999999997,0.2358,57.949999999999996,14.0,4.0,0.0,4.0,2.0,2.0,2.0,PALHUI_FSR
qmof-a6c7492,True,219.249,2.105,75.6,15.0,6.0,0.0,5.0,1.0,2.0,2.0,PALRIG_FSR
qmof-5904229,True,66.043,-0.44704000000000005,61.68,5.0,3.0,0.0,2.0,0.0,0.0,0.0,PALTOO_FSR
qmof-692f848,True,281.17600000000004,-4.924999999999998,173.40999999999997,20.0,9.0,0.0,9.0,5.0,1.0,1.0,MABDIF_FSR
qmof-83e4c15,True,281.17600000000004,-4.924999999999998,173.40999999999997,20.0,9.0,0.0,9.0,5.0,1.0,1.0,MABDOL_FSR
qmof-d35757d,True,281.17600000000004,-4.924999999999998,173.40999999999997,20.0,9.0,0.0,9.0,5.0,1.0,1.0,MABDUR_FSR
qmof-6332593,True,164.11599999999996,-1.5864000000000003,80.25999999999999,12.0,4.0,0.0,4.0,2.0,1.0,1.0,LUWVUU_FSR
qmof-76ad7d9,True,164.11599999999996,-1.5864000000000003,80.25999999999999,12.0,4.0,0.0,4.0,2.0,1.0,1.0,LUWXUW_FSR
qmof-3ed8faf,False,,,,,,,,,,,LUXPUP_FSR
qmof-e9454a4,True,219.267,3.1587000000000014,26.46,17.0,2.0,0.0,1.0,2.0,2.0,3.0,LUXQAY_FSR
qmof-849e68b,True,238.15099999999995,-2.123,126.79000000000002,17.0,7.0,1.0,6.0,5.0,1.0,1.0,LUXWAE_FSR
qmof-7c055d2,True,90.122,0.2792,18.46,6.0,2.0,0.0,2.0,3.0,0.0,0.0,LUXXOT_FSR
qmof-ddec51e,False,,,,,,,,,,,DOWHII_FSR
qmof-264d2ec,True,406.4020000000001,1.6935899999999995,156.16,30.0,10.0,0.0,9.0,2.0,1.0,5.0,DOYWOE_FSR
qmof-0a1db90,False,,,,,,,,,,,DOYYEW_FSR
qmof-0be87d7,False,,,,,,,,,,,DOYYOG_FSR
qmof-0557cca,False,,,,,,,,,,,DOYZAT_FSR
qmof-a99a409,False,,,,,,,,,,,OYEKEJ_FSR
qmof-fe786c1,True,688.652,2.1996,196.15999999999997,52.0,12.0,0.0,12.0,9.0,7.0,7.0,OZISOH_FSR
qmof-947248f,True,274.18800000000005,-2.6525999999999987,134.14,20.0,8.0,0.0,6.0,3.0,2.0,2.0,FIBXIA_FSR
qmof-c5d05b0,True,241.20199999999997,-0.5244000000000002,93.15,18.0,5.0,0.0,5.0,3.0,2.0,2.0,FICKEJ_FSR
qmof-e7ec47b,True,271.22799999999995,-1.3763999999999998,102.25999999999999,20.0,6.0,0.0,6.0,4.0,2.0,2.0,FIHBIJ_FSR
qmof-416b2de,True,427.41600000000005,0.7671999999999992,128.04,32.0,8.0,0.0,8.0,5.0,4.0,4.0,FIHCEG_FSR
qmof-46a3716,True,26.018,0.09637,23.79,2.0,1.0,0.0,1.0,0.0,0.0,0.0,LUYKEX_FSR
qmof-6c5262d,True,201.20499999999998,0.5096999999999998,65.91,15.0,4.0,0.0,4.0,1.0,2.0,2.0,LUYZAH01_FSR
qmof-c61adfd,False,,,,,,,,,,,LUZGUI_FSR
qmof-7ffe660,False,,,,,,,,,,,OZAXOD_FSR
qmof-b0775d6,True,285.211,-2.414609999999998,123.63,21.0,7.0,0.0,7.0,4.0,1.0,2.0,OZAYEV_FSR
qmof-70dc434,True,182.10599999999997,-1.4473000000000003,80.25999999999999,13.0,5.0,0.0,4.0,2.0,1.0,1.0,OXOQOI_FSR
qmof-6546640,True,182.10599999999997,-1.4473000000000003,80.25999999999999,13.0,5.0,0.0,4.0,2.0,1.0,1.0,OXOQUO_FSR
qmof-0d53aed,True,182.10599999999997,-1.4473000000000003,80.25999999999999,13.0,5.0,0.0,4.0,2.0,1.0,1.0,OXORAV_FSR
qmof-7a9164a,True,266.30199999999996,1.49844,100.29,18.0,7.0,1.0,5.0,3.0,2.0,2.0,OXUDES02_FSR
qmof-4a4c8d7,False,,,,,,,,,,,OXUSOQ_FSR
qmof-63ed72f,True,318.28800000000007,0.5375999999999999,106.03999999999999,24.0,6.0,0.0,6.0,4.0,3.0,3.0,OYAPOV_FSR
qmof-d57ce36,True,166.09199999999998,-2.7964,106.03999999999999,12.0,6.0,0.0,6.0,2.0,1.0,1.0,DUBFIQ_FSR
qmof-59647cc,True,234.16499999999996,-2.1693999999999996,146.92999999999998,15.0,9.0,1.0,5.0,1.0,1.0,1.0,OVUTEF_FSR
qmof-48aaa9f,True,209.11299999999994,-1.6781999999999997,123.4,15.0,7.0,0.0,6.0,3.0,1.0,1.0,OWAYIW_FSR
qmof-1938adc,True,256.21299999999997,0.20589999999999975,89.49000000000001,19.0,5.0,0.0,5.0,4.0,2.0,2.0,OWAYUH_FSR
qmof-3d10c56,False,,,,,,,,,,,MAJKEO_FSR
qmof-664e406,True,95.10499999999999,0.05880000000000002,51.8,7.0,3.0,1.0,3.0,0.0,1.0,1.0,MAJLUF_FSR
qmof-67b0e05,True,575.5530000000003,2.0786999999999995,164.63,43.0,10.0,0.0,10.0,10.0,5.0,5.0,MAKSOI_FSR
qmof-5bd1c51,True,281.17600000000004,-4.924999999999998,173.40999999999997,20.0,9.0,0.0,9.0,5.0,1.0,1.0,MABFAZ_FSR
qmof-7d62fb2,True,120.242,2.1616,0.0,6.0,2.0,0.0,2.0,0.0,0.0,1.0,MADTOC_FSR
qmof-968da45,True,272.43799999999993,4.866800000000004,0.0,18.0,2.0,0.0,2.0,0.0,2.0,6.0,MADWEU_FSR
qmof-2657d57,True,26.018,0.09637,23.79,2.0,1.0,0.0,1.0,0.0,0.0,0.0,MAFVUM_FSR
qmof-8427100,True,166.09199999999998,-2.7964,106.03999999999999,12.0,6.0,0.0,6.0,2.0,1.0,1.0,DUBFOW_FSR
qmof-9213bc0,True,166.09199999999998,-2.7964,106.03999999999999,12.0,6.0,0.0,6.0,2.0,1.0,1.0,DUBGAJ_FSR
qmof-10dd694,True,166.09199999999998,-2.7964,106.03999999999999,12.0,6.0,0.0,6.0,2.0,1.0,1.0,DUBGEN_FSR
qmof-dbde131,True,118.11499999999997,1.7020799999999998,43.69,9.0,2.0,0.0,1.0,0.0,1.0,1.0,DUBWOO_FSR
qmof-8883bc6,True,88.01799999999999,-3.5138000000000003,80.25999999999999,6.0,4.0,0.0,4.0,0.0,0.0,0.0,OXAMCU_FSR
qmof-2695251,True,502.25200000000035,-7.0493999999999994,315.38,36.0,16.0,2.0,14.0,8.0,2.0,2.0,OXIXIE_FSR
qmof-e612e8b,True,360.32500000000016,0.7278999999999989,122.25,27.0,7.0,1.0,6.0,5.0,3.0,3.0,FEYPUX_FSR
qmof-65a932c,False,,,,,,,,,,,FEZWEN_FSR
qmof-11869b4,False,,,,,,,,,,,FIBHIJ_FSR
qmof-8b06bb4,True,310.269,-0.17759999999999976,129.67000000000002,23.0,8.0,1.0,6.0,3.0,2.0,3.0,FIBJEG_FSR
qmof-9944746,True,58.085,0.66498,23.79,3.0,2.0,0.0,1.0,0.0,0.0,0.0,FIBKOR_FSR
qmof-d108947,False,,,,,,,,,,,FIBMUA_FSR
qmof-7ed4e7b,True,300.31399999999996,-0.47179999999999844,106.03999999999999,22.0,6.0,0.0,6.0,6.0,2.0,2.0,DUKROR_FSR
qmof-9286298,True,340.43000000000006,6.850980000000005,49.44,26.0,4.0,0.0,4.0,3.0,2.0,4.0,DUKYOZ_FSR
qmof-f1a089b,False,,,,,,,,,,,DULWAJ_FSR
qmof-7e1197e,True,446.3160000000002,0.29037999999999975,134.24,32.0,12.0,0.0,6.0,7.0,3.0,3.0,OVEJAC_FSR
qmof-a8f402a,True,446.3160000000001,0.2903800000000002,134.24,32.0,12.0,0.0,6.0,7.0,3.0,3.0,OVEJUW_FSR
qmof-0e25fad,True,373.35700000000014,2.0652,89.54,26.0,10.0,0.0,8.0,4.0,2.0,3.0,OVICEC_FSR
qmof-857c2d1,True,210.24,2.058,35.64,16.0,4.0,0.0,4.0,2.0,3.0,3.0,DUHQON_FSR
qmof-b13204c,True,166.09199999999998,-2.7964,106.03999999999999,12.0,6.0,0.0,6.0,2.0,1.0,1.0,DUJPEF_FSR
qmof-d219c19,True,85.082,-0.6876,40.129999999999995,6.0,2.0,0.0,2.0,1.0,0.0,0.0,DUKPIJ_FSR
qmof-238574b,True,85.082,-0.6876,40.129999999999995,6.0,2.0,0.0,2.0,1.0,0.0,0.0,DUKPOP_FSR
qmof-4b810e7,True,512.3290000000002,3.231180000000002,211.74,33.0,15.0,2.0,6.0,2.0,0.0,4.0,OSUMEW_FSR
qmof-3af7fe3,True,512.3290000000002,3.231180000000002,211.74,33.0,15.0,2.0,6.0,2.0,0.0,4.0,OSUMOG01_FSR
qmof-ddb13bd,True,512.3290000000002,3.231180000000002,211.74,33.0,15.0,2.0,6.0,2.0,0.0,4.0,OSUMOG_FSR
qmof-8c5fcb0,True,512.3290000000002,3.231180000000002,211.74,33.0,15.0,2.0,6.0,2.0,0.0,4.0,OSUNAT01_FSR
qmof-ef0e530,True,512.3290000000002,3.231180000000002,211.74,33.0,15.0,2.0,6.0,2.0,0.0,4.0,OSUNAT_FSR
qmof-f8fb414,True,512.3290000000002,3.231180000000002,211.74,33.0,15.0,2.0,6.0,2.0,0.0,4.0,OSUNIB_FSR
qmof-5dabe7d,True,512.3290000000002,3.231180000000002,211.74,33.0,15.0,2.0,6.0,2.0,0.0,4.0,OSUNOH_FSR
qmof-f07e55e,True,171.203,2.2202,37.81,13.0,3.0,1.0,3.0,2.0,2.0,2.0,DUPMEH_FSR
qmof-3a11c2e,True,156.18799999999996,2.1435999999999993,25.78,12.0,2.0,0.0,2.0,1.0,2.0,2.0,MANZIL_FSR
qmof-1742993,True,209.13299999999995,-3.2203,120.38999999999999,15.0,6.0,0.0,6.0,2.0,1.0,1.0,MAPGOC_FSR
qmof-53872ef,True,306.32400000000007,0.0029999999999996696,106.03999999999999,20.0,8.0,0.0,8.0,5.0,2.0,2.0,OVICUS_FSR
qmof-8f84700,True,66.043,-0.44704000000000005,61.68,5.0,3.0,0.0,2.0,0.0,0.0,0.0,OVIYOI_FSR
qmof-546d219,False,,,,,,,,,,,OTUSON_FSR
qmof-6540d60,False,,,,,,,,,,,OTUTAA_FSR
qmof-b273f7c,False,,,,,,,,,,,OVEFIF_FSR
qmof-da7a7b4,False,,,,,,,,,,,FEYPEF_FSR
qmof-872f192,True,123.09099999999998,-1.1599000000000004,65.91,9.0,4.0,0.0,4.0,1.0,1.0,1.0,OROKUC_FSR
qmof-94e8b5f,False,,,,,,,,,,,ORUGOZ_FSR
qmof-c6b9ed2,True,66.043,-0.44704000000000005,61.68,5.0,3.0,0.0,2.0,0.0,0.0,0.0,OQIPEL_FSR
qmof-57c627b,False,,,,,,,,,,,FETHIW_FSR
qmof-b78c40b,False,,,,,,,,,,,FETHUI_FSR
qmof-cd05b75,True,198.134,-0.7591000000000001,129.19000000000003,14.0,7.0,1.0,5.0,1.0,1.0,1.0,FEVGOF_FSR
qmof-641b71e,True,61.040000000000006,-0.10710000000000008,43.14,4.0,3.0,0.0,2.0,0.0,0.0,0.0,FEVROP_FSR
qmof-f6e88bc,False,,,,,,,,,,,FEYDAP_FSR
qmof-6d57f92,False,,,,,,,,,,,OSOGAG_FSR
qmof-a7e269f,True,164.11599999999996,-1.5864000000000003,80.25999999999999,12.0,4.0,0.0,4.0,2.0,1.0,1.0,DUVPAN_FSR
qmof-b207e1f,True,593.3670000000003,4.222190000000003,171.32000000000002,34.0,13.0,0.0,3.0,6.0,3.0,4.0,DUWFEI_FSR
qmof-dd8163e,True,348.358,0.41499999999999915,106.03999999999999,26.0,6.0,0.0,6.0,5.0,3.0,3.0,DUWHUA_FSR
qmof-b2fc047,False,,,,,,,,,,,ORUGUF_FSR
qmof-07bf8f2,True,272.5,2.0860000000000003,25.78,18.0,4.0,0.0,2.0,3.0,2.0,2.0,ORUZEI_FSR
qmof-2389400,True,110.092,0.04189999999999994,41.9,8.0,3.0,0.0,2.0,0.0,1.0,1.0,OSANED_FSR
qmof-9ee6b62,True,512.3290000000002,3.231180000000002,211.74,33.0,15.0,2.0,6.0,2.0,0.0,4.0,OSUMEW01_FSR
qmof-bcce8c9,True,398.46600000000007,2.7965800000000005,83.98,30.0,6.0,2.0,4.0,6.0,2.0,4.0,OPANOJ_FSR
qmof-6614087,False,,,,,,,,,,,OPANUP_FSR
qmof-a3be4b1,True,321.312,1.8918999999999995,103.21,24.0,6.0,1.0,5.0,3.0,3.0,3.0,FEQSOK_FSR
qmof-60119ba,False,,,,,,,,,,,FEQYOP01_FSR
qmof-1f24a35,True,229.19699999999997,-0.6623000000000001,129.07999999999998,15.0,9.0,1.0,4.0,1.0,1.0,2.0,FERDOY_FSR
qmof-d33b04e,True,720.6940000000002,1.4710400000000006,213.23,54.0,13.0,0.0,13.0,10.0,7.0,7.0,MARLEZ_FSR
qmof-33ecd67,True,356.3380000000001,-0.7979999999999987,125.13000000000001,26.0,9.0,0.0,9.0,6.0,3.0,3.0,MARLOI_FSR
qmof-f2c44d6,False,,,,,,,,,,,OQOWAU_FSR
qmof-5a9f816,False,,,,,,,,,,,OPOBOL_FSR
qmof-5d6b047,True,126.07500000000002,-3.0175,104.96999999999998,9.0,6.0,1.0,5.0,1.0,0.0,1.0,OPOMOX_FSR
qmof-4e6ad11,True,313.17800000000005,-6.706199999999998,219.23999999999998,22.0,12.0,0.0,10.0,5.0,0.0,1.0,OPUCAE_FSR
qmof-2f10c76,True,264.292,1.8761999999999996,61.42,20.0,6.0,0.0,6.0,3.0,4.0,4.0,OPUXIH_FSR
qmof-7060e24,True,176.15500000000003,-0.8188000000000002,70.84,13.0,5.0,0.0,5.0,2.0,2.0,2.0,DUWQAO_FSR
qmof-8ecbd8f,True,176.15500000000003,-0.8188000000000002,70.84,13.0,5.0,0.0,5.0,2.0,2.0,2.0,DUWQIW01_FSR
qmof-9b3fc80,True,26.018,0.09637,23.79,2.0,1.0,0.0,1.0,0.0,0.0,0.0,OREMUU_FSR
qmof-8376bca,True,406.4420000000002,0.9694399999999992,115.9,30.0,8.0,0.0,8.0,5.0,4.0,4.0,ORIBIB_FSR
qmof-cd8a9f2,True,384.2600000000001,-4.728799999999998,196.15999999999997,28.0,12.0,0.0,12.0,4.0,3.0,3.0,ONIROU_FSR
qmof-edba6bb,True,392.3050000000002,-2.122799999999998,189.84,27.0,13.0,0.0,10.0,4.0,3.0,3.0,ONITEM_FSR
qmof-b9e9c9e,False,,,,,,,,,,,EBASIK_FSR
qmof-eb59e39,False,,,,,,,,,,,MASXUA_FSR
qmof-40f2e0c,True,96.06299999999999,-0.9077999999999999,73.94,5.0,5.0,0.0,2.0,0.0,0.0,0.0,MASZIP_FSR
qmof-aca3770,False,,,,,,,,,,,MAXKUR_FSR
qmof-baf2cce,True,348.28200000000004,3.0505000000000013,118.07,23.0,11.0,1.0,4.0,2.0,2.0,2.0,FEPCIO_FSR
qmof-11c14b0,True,473.27600000000024,0.3721800000000002,139.66,32.0,12.0,0.0,8.0,6.0,2.0,4.0,FEPPOI_FSR
qmof-4485660,True,290.266,1.7465599999999997,126.38,22.0,8.0,0.0,7.0,2.0,3.0,3.0,DUXTOG_FSR
qmof-3a0c988,True,290.266,1.7465599999999997,126.38,22.0,8.0,0.0,7.0,2.0,3.0,3.0,DUXTUM_FSR
qmof-5b43897,True,238.29399999999998,2.7098000000000004,50.5,18.0,4.0,0.0,4.0,3.0,2.0,2.0,DUYVAW_FSR
qmof-764c737,True,222.23999999999992,-0.9271999999999994,80.25999999999999,16.0,4.0,0.0,4.0,2.0,0.0,4.0,DUZJIS_FSR
qmof-3db7ad0,True,442.4070000000001,-0.2294999999999996,151.09999999999997,33.0,9.0,0.0,9.0,6.0,4.0,4.0,ONUPOD_FSR
qmof-b6d48a4,True,306.146,-7.154809999999998,211.69999999999996,22.0,12.0,0.0,11.0,4.0,0.0,2.0,ONUTIB_FSR
qmof-208d642,True,170.14499999999995,-1.5249000000000001,80.25999999999999,11.0,5.0,0.0,5.0,2.0,1.0,1.0,OPADIU_FSR
qmof-1e660af,True,287.27500000000003,-0.9107600000000002,132.06,21.0,7.0,1.0,7.0,2.0,2.0,2.0,OPANEZ_FSR
qmof-f9c3fbb,True,356.3420000000001,-1.2363999999999977,141.68,26.0,10.0,0.0,10.0,7.0,3.0,3.0,EBIPEM_FSR
qmof-5dbcf37,True,171.17499999999998,1.2032999999999998,40.129999999999995,13.0,2.0,0.0,2.0,1.0,2.0,2.0,MEDJUC_FSR
qmof-6a6c7b4,True,171.17499999999998,1.2032999999999998,40.129999999999995,13.0,2.0,0.0,2.0,1.0,2.0,2.0,MEDKAJ_FSR
qmof-dfad244,True,136.13,-0.36770000000000014,66.15,10.0,3.0,1.0,3.0,1.0,1.0,1.0,MEDQUI_FSR
qmof-56495b9,True,554.5740000000001,3.595880000000002,167.59000000000003,42.0,12.0,0.0,11.0,4.0,4.0,7.0,MEFJUD_FSR
qmof-8d35173,True,136.13,-0.36770000000000014,66.15,10.0,3.0,1.0,3.0,1.0,1.0,1.0,MEGBUW_FSR
qmof-e2455e8,False,,,,,,,,,,,MAXZUH_FSR
qmof-561ba01,True,183.99599999999998,-3.5659999999999994,157.35999999999999,11.0,9.0,1.0,5.0,0.0,0.0,0.0,MAYFOH01_FSR
qmof-943fcb0,False,,,,,,,,,,,MAYPUA_FSR
qmof-df90041,True,559.5180000000001,0.6877999999999993,173.84999999999997,42.0,12.0,0.0,12.0,7.0,6.0,6.0,EBAWAI_FSR
qmof-1743e6b,True,478.4640000000001,1.7025999999999994,132.97000000000003,36.0,9.0,0.0,9.0,6.0,5.0,5.0,ONAMUN_FSR
qmof-1e427c5,True,192.226,0.04088999999999965,60.410000000000004,14.0,6.0,0.0,5.0,5.0,1.0,2.0,ONAWIK01_FSR
qmof-2c5cf65,True,228.255,1.7982999999999998,66.91,17.0,5.0,2.0,3.0,3.0,2.0,2.0,EBICOK_FSR
qmof-ff2ad5a,False,,,,,,,,,,,OPILAC_FSR
qmof-a4946ba,True,184.24200000000002,2.2618,25.78,14.0,2.0,0.0,2.0,3.0,2.0,2.0,ONIDIZ_FSR
qmof-b5d466b,True,223.12800000000001,0.9466999999999998,87.58000000000001,15.0,7.0,0.0,4.0,2.0,2.0,2.0,ONIPIM_FSR
qmof-2e02fed,True,542.5510000000002,3.930900000000002,125.12999999999998,41.0,9.0,0.0,9.0,7.0,6.0,6.0,OKOSOY_FSR
qmof-ec93474,True,95.10499999999999,0.05880000000000002,51.8,7.0,3.0,1.0,3.0,0.0,1.0,1.0,OKOVOA_FSR
qmof-653a4ce,True,148.237,1.7551999999999999,24.72,7.0,5.0,0.0,3.0,0.0,0.0,1.0,EBOYOK_FSR
qmof-efe570d,False,,,,,,,,,,,FELQUL_FSR
qmof-21a0d3f,True,305.2490000000001,0.7599999999999998,103.97,23.0,7.0,0.0,5.0,2.0,2.0,4.0,FELRAR_FSR
qmof-4472634,True,338.48600000000005,1.854,25.78,25.0,3.0,0.0,2.0,4.0,4.0,4.0,FELVEY_FSR
qmof-785cf78,True,114.05599999999998,-2.9576000000000002,80.25999999999999,8.0,4.0,0.0,4.0,2.0,0.0,0.0,FELYEB_FSR
qmof-19caac2,True,26.018,0.09637,23.79,2.0,1.0,0.0,1.0,0.0,0.0,0.0,FEMTIB_FSR
qmof-daddfb7,True,190.15399999999997,-1.1868,80.25999999999999,14.0,4.0,0.0,4.0,3.0,1.0,1.0,OMEYIP01_FSR
qmof-8860d10,True,598.3950000000002,6.066300000000005,16.130000000000003,36.0,5.0,0.0,2.0,9.0,5.0,5.0,OMIQOS_FSR
qmof-6bed31f,True,251.247,-0.7901000000000007,103.96,17.0,8.0,1.0,8.0,4.0,2.0,2.0,OMODAW_FSR
qmof-5480f62,True,166.22899999999998,1.75842,49.57,11.0,4.0,0.0,3.0,0.0,1.0,1.0,OLERAA_FSR
qmof-999de53,True,144.126,-1.9533999999999987,80.25999999999999,10.0,4.0,0.0,4.0,5.0,0.0,0.0,OLIGAT_FSR
qmof-2cc657a,False,,,,,,,,,,,OLOJUU01_FSR
qmof-6ca3fde,True,326.3520000000001,0.6936,106.03999999999999,24.0,6.0,0.0,6.0,7.0,2.0,2.0,EBOBOP_FSR
qmof-2daa966,True,296.29,0.9587999999999997,117.09,22.0,8.0,0.0,7.0,4.0,2.0,3.0,EBOKAJ_FSR
qmof-3fdc76b,True,556.5260000000003,4.478000000000004,154.86,42.0,8.0,2.0,6.0,8.0,5.0,5.0,OKAZAD_FSR
qmof-623cc29,True,422.43700000000024,0.5958999999999999,124.5,31.0,8.0,0.0,8.0,10.0,3.0,3.0,ECUWUW_FSR
qmof-d427817,True,187.05699999999996,-1.8333999999999984,120.34,8.0,6.0,2.0,2.0,1.0,0.0,0.0,MEKVAA_FSR
qmof-c0a33f9,False,,,,,,,,,,,MELNIA_FSR
qmof-18add0a,False,,,,,,,,,,,MEGZII_FSR
qmof-af5679f,True,66.043,-0.44704000000000005,61.68,5.0,3.0,0.0,2.0,0.0,0.0,0.0,MEHBAF_FSR
qmof-6d04fee,True,145.11399999999998,-3.406299999999999,106.27999999999999,10.0,5.0,1.0,5.0,4.0,0.0,0.0,MEHPAQ_FSR
qmof-7d744c9,True,192.226,-0.2682199999999997,59.400000000000006,14.0,6.0,0.0,4.0,5.0,0.0,2.0,EBUKAP01_FSR
qmof-3288dd3,True,184.15099999999995,0.6631999999999999,95.82999999999998,13.0,6.0,0.0,3.0,2.0,1.0,1.0,ECAWIQ_FSR
qmof-ba9d6d9,True,182.15500000000003,-1.3923999999999987,95.98,13.0,5.0,0.0,4.0,2.0,1.0,1.0,ECAWOW_FSR
qmof-6226f23,True,352.2540000000001,-0.7902000000000007,154.85999999999999,26.0,8.0,2.0,6.0,4.0,2.0,2.0,ECEDEY_FSR
qmof-e590c4c,True,342.3950000000002,0.6984999999999997,106.03999999999999,25.0,6.0,0.0,6.0,9.0,2.0,2.0,ECINEM_FSR
qmof-f3344fd,True,148.141,-0.1553000000000001,53.019999999999996,11.0,3.0,0.0,3.0,2.0,1.0,1.0,ECIWAO_FSR
qmof-ef62024,True,114.14399999999999,1.1586,39.8,8.0,2.0,0.0,0.0,0.0,0.0,1.0,ECOXAX_FSR
qmof-3855e24,True,380.4250000000001,1.3235999999999994,106.03999999999999,27.0,7.0,0.0,7.0,6.0,3.0,3.0,OKIRIK_FSR
qmof-ae4d8c6,True,154.07699999999997,-1.9933999999999996,93.4,11.0,5.0,0.0,5.0,2.0,1.0,1.0,OKOLUX_FSR
qmof-f814e4c,True,198.56099999999998,-0.9329999999999998,80.25999999999999,13.0,5.0,0.0,4.0,2.0,1.0,1.0,FEHLAI_FSR
qmof-43f87f1,True,156.18799999999996,2.1435999999999993,25.78,12.0,2.0,0.0,2.0,1.0,2.0,2.0,FEJGEH_FSR
qmof-a94a47b,True,559.4900000000001,0.013200000000001877,199.18999999999994,42.0,11.0,0.0,11.0,7.0,5.0,5.0,FEJJUB_FSR
qmof-1bd6d19,True,204.14099999999996,-1.7101000000000002,108.94,15.0,6.0,1.0,5.0,2.0,2.0,2.0,FELBEG_FSR
qmof-6b45ff6,False,,,,,,,,,,,MEKJEU_FSR
qmof-3a22435,True,214.20499999999998,-2.9879399999999974,173.75,15.0,8.0,2.0,6.0,2.0,0.0,0.0,MEKPOI_FSR
qmof-8d610b4,True,148.13899999999998,-2.7805999999999997,80.25999999999999,9.0,5.0,0.0,5.0,4.0,0.0,0.0,ECUZIN01_FSR
qmof-7522244,True,122.10299999999997,-0.5549000000000002,53.019999999999996,9.0,3.0,0.0,3.0,1.0,1.0,1.0,EDABAO_FSR
qmof-f9e6ec3,True,164.11599999999996,-1.5864000000000003,80.25999999999999,12.0,4.0,0.0,4.0,2.0,1.0,1.0,OHIRUS_FSR
qmof-e2fcb15,True,224.223,2.1936,64.7,17.0,5.0,0.0,5.0,2.0,3.0,3.0,OHUJEG_FSR
qmof-e5e6b69,True,558.5500000000002,3.0618000000000007,164.24,42.0,10.0,2.0,8.0,7.0,5.0,5.0,OJAGOX_FSR
qmof-f37c2f5,True,195.16,-1.9386999999999999,167.54999999999998,12.0,10.0,3.0,6.0,0.0,1.0,1.0,OKISOR_FSR
qmof-cf16545,True,242.18999999999997,-1.1294000000000002,106.03999999999999,18.0,6.0,0.0,6.0,3.0,2.0,2.0,OKOLAD_FSR
qmof-61a6529,False,,,,,,,,,,,OKOLEH_FSR
qmof-4141366,True,467.48400000000015,5.272600000000004,158.07000000000002,32.0,11.0,0.0,3.0,5.0,4.0,4.0,OJARAU_FSR
qmof-ec3f86f,False,,,,,,,,,,,OJARUO_FSR
qmof-1deaa9a,True,528.4730000000003,1.8640999999999994,189.87,39.0,11.0,2.0,9.0,9.0,4.0,4.0,MEWFEC_FSR
qmof-57c1aa0,False,,,,,,,,,,,MELZOT_FSR
qmof-0249469,True,320.304,0.5571999999999998,106.03999999999999,24.0,6.0,0.0,6.0,3.0,3.0,3.0,MENMAU_FSR
qmof-600a290,True,243.19799999999998,0.20529999999999987,103.21,18.0,6.0,1.0,5.0,3.0,2.0,2.0,MEPVEI_FSR
qmof-5692fe2,True,58.085,0.66498,23.79,3.0,2.0,0.0,1.0,0.0,0.0,0.0,MEPVEJ_FSR
qmof-902d62b,True,366.24600000000004,-6.989309999999997,220.93,26.0,14.0,0.0,13.0,8.0,1.0,2.0,MERFEX_FSR
qmof-a93afa1,True,442.2980000000003,-1.9565999999999957,201.14,28.0,14.0,2.0,8.0,6.0,0.0,2.0,EDAWOY_FSR
qmof-545160f,True,442.2980000000003,-1.9565999999999957,201.14,28.0,14.0,2.0,8.0,6.0,0.0,2.0,EDAWUE_FSR
qmof-66d54b3,True,216.309,2.910000000000001,25.78,15.0,3.0,0.0,3.0,4.0,2.0,2.0,EDEYES_FSR
qmof-2a9daea,True,387.26000000000016,-5.174299999999999,228.52999999999997,28.0,12.0,2.0,11.0,5.0,2.0,2.0,EDIPUF_FSR
qmof-f35d56b,True,122.10299999999997,-0.5549000000000004,53.019999999999996,9.0,3.0,0.0,3.0,1.0,1.0,1.0,EDOVIC_FSR
qmof-2f09f08,True,145.11399999999998,-3.581999999999999,83.5,10.0,5.0,0.0,5.0,4.0,0.0,0.0,EDOXEB_FSR
qmof-7e43c1c,False,,,,,,,,,,,OGUMUZ_FSR
qmof-a0e80c5,True,279.974,-3.618199999999999,234.45999999999998,16.0,14.0,2.0,6.0,0.0,0.0,0.0,OGUXOE_FSR
qmof-6c4f676,True,238.29399999999998,2.7098000000000004,50.5,18.0,4.0,0.0,4.0,3.0,2.0,2.0,OHAJIR01_FSR
qmof-4ac7df5,True,78.094,0.88179,12.89,6.0,1.0,0.0,1.0,0.0,1.0,1.0,OHAYON_FSR
qmof-0bbbcb5,True,346.517,5.014500000000004,18.46,23.0,4.0,0.0,4.0,0.0,2.0,3.0,FEDZOG_FSR
qmof-30fc825,True,229.18899999999996,-2.7687,120.38999999999999,15.0,7.0,0.0,7.0,2.0,1.0,1.0,FEFWOF_FSR
qmof-807d57a,True,360.366,1.5236,96.84000000000002,26.0,8.0,0.0,8.0,11.0,2.0,2.0,FEGFAA_FSR
qmof-1c732af,True,164.11599999999996,-1.5864000000000003,80.25999999999999,12.0,4.0,0.0,4.0,2.0,1.0,1.0,FEHKUB_FSR
qmof-9e4d3cd,True,154.256,-0.25659999999999994,34.14,8.0,4.0,0.0,2.0,3.0,0.0,0.0,METZEQ_FSR
qmof-10ef6bd,True,102.162,-0.5359000000000003,24.06,6.0,3.0,2.0,1.0,0.0,0.0,1.0,MEVBOF_FSR
qmof-b01516c,True,171.969,1.0520999999999998,113.74000000000001,9.0,8.0,0.0,2.0,2.0,0.0,0.0,EFUMUN_FSR
qmof-d841e1f,True,191.186,-0.18416000000000055,71.30000000000001,14.0,4.0,0.0,3.0,1.0,1.0,1.0,EGAGOK_FSR
qmof-0cba3b3,True,228.20999999999998,-1.5201999999999998,106.03999999999999,14.0,8.0,0.0,8.0,2.0,2.0,2.0,EGIMEN_FSR
qmof-6480f30,True,154.081,-2.3686100000000003,98.66,11.0,6.0,1.0,4.0,1.0,0.0,1.0,OFUCOH_FSR
qmof-258ea8e,True,155.08899999999997,-2.5733000000000006,105.85,11.0,6.0,2.0,4.0,1.0,1.0,1.0,OFUQIR_FSR
qmof-7c6cbbc,True,156.18799999999996,2.1435999999999993,25.78,12.0,2.0,0.0,2.0,1.0,2.0,2.0,EDUNOH_FSR
qmof-d2f0d63,True,331.21599999999995,-2.2330999999999985,176.41999999999996,24.0,10.0,0.0,9.0,4.0,2.0,2.0,EFEYOF_FSR
qmof-75551f3,True,369.11499999999995,-2.616109999999998,226.58999999999997,23.0,14.0,3.0,8.0,4.0,0.0,1.0,OGATEX_FSR
qmof-17b62c4,True,128.083,-2.733599999999999,80.25999999999999,9.0,4.0,0.0,4.0,2.0,0.0,1.0,OGOWAK_FSR
qmof-ee73557,True,58.085,0.66498,23.79,3.0,2.0,0.0,1.0,0.0,0.0,0.0,MEWCEY_FSR
qmof-da8af82,True,310.095,-1.6259099999999997,178.58999999999997,19.0,12.0,4.0,6.0,5.0,0.0,1.0,MICBAD_FSR
qmof-e6d5869,True,414.3990000000001,2.0733999999999995,157.92,29.0,11.0,2.0,6.0,4.0,3.0,3.0,MEXHUU_FSR
qmof-b4f1709,True,164.11599999999996,-1.5864000000000003,80.25999999999999,12.0,4.0,0.0,4.0,2.0,1.0,1.0,MEXZEX_FSR
qmof-59df15e,True,304.279,-0.7536,114.4,21.0,7.0,0.0,6.0,4.0,2.0,2.0,MEYJAD_FSR
qmof-552e5fd,True,180.11499999999995,-1.8808,100.49000000000001,13.0,5.0,1.0,5.0,2.0,1.0,1.0,EGOXOO_FSR
qmof-882b66c,True,242.18999999999997,-1.1294000000000002,106.03999999999999,18.0,6.0,0.0,6.0,3.0,2.0,2.0,EGUMIC01_FSR
qmof-0fac6c2,True,170.14499999999998,-1.5249000000000001,80.25999999999999,11.0,5.0,0.0,5.0,2.0,1.0,1.0,EGUQII01_FSR
qmof-76513ab,False,,,,,,,,,,,EGUQOO_FSR
qmof-176c460,True,250.11799999999994,-4.859400000000001,160.51999999999998,18.0,8.0,0.0,8.0,4.0,1.0,1.0,EHAGOL_FSR
qmof-7b77cf8,True,69.067,-0.19530000000000008,41.57,5.0,3.0,1.0,2.0,0.0,1.0,1.0,EHEXEW_FSR
qmof-ff3e7ef,True,300.3140000000001,-0.8986199999999978,86.74,22.0,6.0,0.0,6.0,7.0,0.0,2.0,ODOJID_FSR
qmof-e5c7eaf,False,,,,,,,,,,,OFALOY_FSR
qmof-845e57e,True,241.20199999999997,-0.5244000000000002,93.15,18.0,5.0,0.0,5.0,3.0,2.0,2.0,OFANAM_FSR
qmof-9fbdc0b,True,116.07199999999999,-2.733599999999999,80.25999999999999,8.0,4.0,0.0,4.0,3.0,0.0,0.0,OFEFAG_FSR
qmof-7acd702,True,204.14099999999996,-1.7101000000000002,108.94,15.0,6.0,1.0,5.0,2.0,2.0,2.0,OFITAZ01_FSR
qmof-bec2181,True,166.09199999999998,-2.7964,106.03999999999999,12.0,6.0,0.0,6.0,2.0,1.0,1.0,FEDBEX_FSR
qmof-e9ef2f6,True,213.204,0.24299999999999977,74.31,16.0,7.0,0.0,7.0,2.0,3.0,3.0,MIHMOG_FSR
qmof-a1ea762,True,66.043,-0.44704000000000005,61.68,5.0,3.0,0.0,2.0,0.0,0.0,0.0,FAYVOR_FSR
qmof-f83c6ad,True,164.124,-1.996699999999999,111.72000000000001,12.0,6.0,0.0,3.0,1.0,1.0,1.0,FAZPIH_FSR
qmof-4f07795,True,276.39,2.7072000000000003,51.56,18.0,6.0,0.0,6.0,6.0,2.0,2.0,FAZQIH_FSR
qmof-04c1c24,True,156.18799999999996,2.1435999999999993,25.78,12.0,2.0,0.0,2.0,1.0,2.0,2.0,FAZSAD_FSR
qmof-95f2218,True,42.021,-1.4418000000000002,58.7,3.0,3.0,0.0,0.0,0.0,0.0,0.0,FEBKED_FSR
qmof-ef64fbc,True,362.56,4.8864000000000045,18.46,24.0,4.0,0.0,4.0,13.0,2.0,2.0,FEBNEG_FSR
qmof-705c734,True,204.27700000000002,1.7867399999999998,35.64,15.0,4.0,0.0,4.0,4.0,2.0,2.0,MEYKOS_FSR
qmof-c3d8aec,True,172.12099999999998,-2.7349,106.03999999999999,11.0,7.0,0.0,7.0,2.0,1.0,1.0,ODONUR_FSR
qmof-025281e,True,94.97,0.3859999999999999,76.77,5.0,5.0,0.0,1.0,0.0,0.0,0.0,OFABIG_FSR
qmof-f330af1,False,,,,,,,,,,,OFACIJ_FSR
qmof-08c54a1,True,296.4069999999999,5.239300000000003,0.0,19.0,4.0,0.0,2.0,6.0,2.0,2.0,OFAJEN_FSR
qmof-a4c4cee,True,224.267,2.1170999999999998,35.64,17.0,4.0,0.0,4.0,3.0,3.0,3.0,ODISEA_FSR
qmof-b4c22c7,True,276.303,2.2436999999999996,53.46,21.0,6.0,0.0,6.0,3.0,4.0,4.0,ODISUQ_FSR
qmof-3db33b3,True,384.4030000000001,2.6832000000000003,100.34,29.0,9.0,0.0,9.0,6.0,5.0,5.0,ODITUR_FSR
qmof-f524161,True,218.304,2.1768400000000003,35.64,16.0,4.0,0.0,4.0,5.0,2.0,2.0,ODIXUW01_FSR
qmof-16502f8,True,268.1769999999999,-2.3577999999999992,136.01999999999998,19.0,8.0,1.0,7.0,7.0,1.0,1.0,FAXCUF_FSR
qmof-970adef,True,217.17799999999997,1.2904,117.23000000000002,14.0,7.0,2.0,2.0,2.0,1.0,1.0,FAXGAN_FSR
qmof-e716d7b,True,255.217,-0.9759200000000001,99.53,19.0,8.0,0.0,6.0,3.0,1.0,3.0,FAXLIC_FSR
qmof-76b7f39,True,314.249,-0.30920000000000014,126.78999999999999,23.0,7.0,1.0,6.0,6.0,2.0,2.0,FAXPOM_FSR
qmof-1912143,True,207.11699999999993,-3.2229,120.38999999999999,15.0,6.0,0.0,6.0,3.0,1.0,1.0,FAXQAX_FSR
qmof-38494f2,True,156.18799999999996,2.1435999999999993,25.78,12.0,2.0,0.0,2.0,1.0,2.0,2.0,MIGKOD_FSR
qmof-8bc47d5,True,164.11599999999996,-1.5864000000000003,80.25999999999999,12.0,4.0,0.0,4.0,2.0,1.0,1.0,ODIKET_FSR
qmof-406c44b,True,26.018,0.09637,23.79,2.0,1.0,0.0,1.0,0.0,0.0,0.0,OCOQUU01_FSR
qmof-ed035f8,False,,,,,,,,,,,OCUKOP_FSR
qmof-1da59a9,False,,,,,,,,,,,OCUKUV_FSR
qmof-9e56850,False,,,,,,,,,,,OCULAC_FSR
qmof-a708f30,False,,,,,,,,,,,OCULEG_FSR
qmof-12edc8c,True,116.07199999999999,-2.877699999999999,80.25999999999999,8.0,4.0,0.0,4.0,2.0,0.0,0.0,ODOBAL_FSR
qmof-a26dce2,False,,,,,,,,,,,ODOCER_FSR
qmof-bbb6c74,False,,,,,,,,,,,EHIZAX_FSR
qmof-496b57a,True,304.084,-2.5153999999999983,194.65999999999997,18.0,12.0,2.0,6.0,6.0,0.0,0.0,ODENIW_FSR
qmof-4a63e87,True,181.10299999999995,-2.9529999999999994,107.19999999999999,13.0,6.0,0.0,5.0,2.0,1.0,1.0,OBOQUU_FSR
qmof-4b85944,False,,,,,,,,,,,MIMZIT_FSR
qmof-6b10fb5,True,178.15099999999998,-1.809499999999999,124.85000000000001,13.0,6.0,1.0,3.0,1.0,1.0,1.0,MINBEQ_FSR
qmof-1cf5db4,True,512.4740000000003,1.738799999999999,180.64,38.0,10.0,2.0,8.0,8.0,4.0,4.0,MIHPAV_FSR
qmof-cfa8e24,True,312.325,-0.09799999999999898,106.03999999999999,23.0,6.0,0.0,6.0,3.0,2.0,3.0,MIKKUP_FSR
qmof-43cd502,False,,,,,,,,,,,MILBEO_FSR
qmof-4c4f35c,False,,,,,,,,,,,MILTAC_FSR
qmof-0ded643,False,,,,,,,,,,,FAVRAY_FSR
qmof-89f83b7,False,,,,,,,,,,,OCULIK_FSR
qmof-239bb4d,False,,,,,,,,,,,OCULOQ_FSR
qmof-131b24c,True,112.03999999999999,-1.7236000000000002,68.28,8.0,4.0,0.0,4.0,0.0,0.0,1.0,ODAVAS_FSR
qmof-9d2fe7e,True,167.1,-1.4617,103.21000000000001,12.0,6.0,1.0,5.0,2.0,1.0,1.0,OCAVAS_FSR
qmof-1976a36,True,259.261,0.7965999999999999,82.03,19.0,5.0,0.0,4.0,2.0,2.0,2.0,OCEGOT_FSR
qmof-f484ec8,True,300.32500000000005,2.7863000000000007,69.38,23.0,6.0,0.0,6.0,3.0,4.0,4.0,OCIBEK_FSR
qmof-1798d3b,True,363.305,-1.079299999999999,146.16999999999996,27.0,8.0,0.0,8.0,4.0,3.0,3.0,EJEMUB_FSR
qmof-29ae4a3,True,59.044,-1.2438,40.129999999999995,4.0,2.0,0.0,2.0,0.0,0.0,0.0,FAWHAP_FSR
qmof-e91307b,True,112.03999999999998,-3.5104,80.25999999999999,8.0,4.0,0.0,4.0,0.0,0.0,0.0,MIQWOZ_FSR
qmof-f14aaa7,True,240.14699999999996,-4.196799999999998,147.32999999999998,17.0,8.0,0.0,7.0,2.0,1.0,1.0,FASSOJ_FSR
qmof-a4bad47,False,,,,,,,,,,,FASZEG01_FSR
qmof-b35eaba,True,125.10699999999997,-1.367,57.949999999999996,9.0,4.0,0.0,4.0,2.0,1.0,1.0,FATRID_FSR
qmof-58ce40e,True,511.58200000000033,2.9086800000000004,128.79000000000002,38.0,9.0,0.0,9.0,7.0,5.0,5.0,FAVHIV_FSR
qmof-00762f1,False,,,,,,,,,,,FAVMEX_FSR
qmof-56a07fd,True,236.07599999999996,-1.0299999999999998,80.25999999999999,16.0,8.0,0.0,4.0,2.0,1.0,1.0,MIMHIB_FSR
qmof-59e4a61,True,419.2340000000002,-6.561899999999998,263.72999999999996,30.0,14.0,1.0,13.0,4.0,2.0,2.0,EKAPOW_FSR
qmof-916080a,True,382.42000000000013,-1.1631999999999951,112.51999999999998,28.0,8.0,0.0,8.0,6.0,2.0,3.0,EKAWAP_FSR
qmof-24832d5,True,340.379,0.9703999999999997,106.03999999999999,25.0,6.0,0.0,6.0,5.0,2.0,3.0,EKERES_FSR
qmof-9b21ed3,True,122.10299999999997,-0.5549000000000004,53.019999999999996,9.0,3.0,0.0,3.0,1.0,1.0,1.0,NUZSOR_FSR
qmof-bd3dde7,True,165.10399999999996,-2.1914,93.15,12.0,5.0,0.0,5.0,2.0,1.0,1.0,NUZWIQ_FSR
qmof-1d3b3d3,True,268.27000000000004,0.3538899999999999,80.75,18.0,7.0,0.0,5.0,1.0,1.0,2.0,OBAWAS_FSR
qmof-3179f18,True,58.085,0.66498,23.79,3.0,2.0,0.0,1.0,0.0,0.0,0.0,EJIHEM_FSR
qmof-0c10f91,True,66.043,-0.44704000000000005,61.68,5.0,3.0,0.0,2.0,0.0,0.0,0.0,EJIQIX_FSR
qmof-5d21254,True,231.16699999999994,-2.005699999999999,110.97,17.0,7.0,0.0,7.0,3.0,2.0,2.0,EJONIB_FSR
qmof-b4eb1a1,True,112.131,-0.5762999999999999,56.87,5.0,5.0,0.0,2.0,0.0,0.0,0.0,MIPWAJ_FSR
qmof-98871d7,True,304.194,0.4076999999999997,114.4,21.0,7.0,1.0,4.0,4.0,2.0,2.0,MIQKAB_FSR
qmof-e81754b,True,486.42000000000013,3.0547000000000013,140.18,35.0,9.0,1.0,6.0,6.0,4.0,4.0,MIQKOP_FSR
qmof-970d4a2,False,,,,,,,,,,,EKEVAR01_FSR
qmof-e4d40d7,True,545.2270000000002,-8.311209999999994,310.7099999999999,35.0,17.0,0.0,12.0,6.0,2.0,3.0,EKEXEY01_FSR
qmof-66b8c2b,True,460.5340000000003,0.06580000000000186,112.51999999999998,34.0,8.0,0.0,8.0,8.0,3.0,4.0,EKIRUM_FSR
qmof-8828925,True,460.5340000000003,0.06580000000000275,112.51999999999998,34.0,8.0,0.0,8.0,8.0,3.0,4.0,EKISAT_FSR
qmof-d90261d,True,200.17099999999994,0.25009999999999993,99.82999999999998,13.0,6.0,0.0,2.0,2.0,1.0,1.0,EKOYAF_FSR
qmof-4f9c014,False,,,,,,,,,,,EKUDIX01_FSR
qmof-d65a785,False,,,,,,,,,,,EKUDUJ_FSR
qmof-ca7241d,False,,,,,,,,,,,EKUFAR_FSR
qmof-b1105ea,True,58.085,0.66498,23.79,3.0,2.0,0.0,1.0,0.0,0.0,0.0,NUSSAW_FSR
qmof-a9be0f4,False,,,,,,,,,,,OBECUT_FSR
qmof-13fe18c,True,297.13100000000003,-5.191999999999999,203.65999999999997,21.0,11.0,0.0,10.0,3.0,1.0,1.0,OBEPAN_FSR
qmof-6d1205f,True,387.355,-0.7028099999999988,144.52999999999997,29.0,9.0,1.0,8.0,4.0,3.0,4.0,NUWWIM_FSR
qmof-a149d95,True,185.996,1.0945999999999998,113.74000000000001,10.0,8.0,0.0,2.0,3.0,0.0,0.0,NUXLUN01_FSR
qmof-14548f8,True,335.3390000000001,0.8013399999999995,106.72,25.0,6.0,0.0,5.0,3.0,2.0,3.0,NOWWUT_FSR
qmof-d9d0b10,True,204.14099999999996,-1.7101000000000002,108.94,15.0,6.0,1.0,5.0,2.0,2.0,2.0,NUCGUO_FSR
qmof-0ae2a1b,True,253.12199999999996,-2.795,167.74999999999997,18.0,9.0,2.0,7.0,4.0,1.0,1.0,NUNPOC_FSR
qmof-a7aff20,True,348.358,0.4149999999999996,106.03999999999999,26.0,6.0,0.0,6.0,5.0,3.0,3.0,NUHCAV_FSR
qmof-4f99ccc,True,192.16999999999996,-1.7286,80.25999999999999,14.0,4.0,0.0,4.0,4.0,1.0,1.0,NUJNUC_FSR
qmof-1d9274b,True,220.322,3.2760000000000016,25.78,14.0,4.0,0.0,4.0,3.0,2.0,2.0,FARLIU_FSR
qmof-ffb8c94,True,238.29399999999998,2.1761999999999997,35.64,18.0,4.0,0.0,4.0,4.0,3.0,3.0,FARVAW_FSR
qmof-2afaf52,True,240.14699999999996,-4.196799999999998,147.32999999999998,17.0,8.0,0.0,7.0,2.0,1.0,1.0,FASSEZ_FSR
qmof-80f89a0,False,,,,,,,,,,,MISJUU_FSR
qmof-d6632db,False,,,,,,,,,,,NUSSUQ_FSR
qmof-f2bdce1,True,112.131,-0.5762999999999999,56.87,5.0,5.0,0.0,2.0,0.0,0.0,0.0,NUTLUJ_FSR
qmof-c39ae4b,True,387.355,-0.7028099999999988,144.52999999999997,29.0,9.0,1.0,8.0,4.0,3.0,4.0,NUWVUX_FSR
qmof-59fc722,True,331.21600000000007,-5.129909999999997,185.44,24.0,10.0,1.0,10.0,4.0,1.0,2.0,NUMPIV_FSR
qmof-ccf41ca,True,166.09199999999998,-2.7964,106.03999999999999,12.0,6.0,0.0,6.0,2.0,1.0,1.0,MISQUB_FSR
qmof-c397213,False,,,,,,,,,,,MIPPEI_FSR
qmof-db77bc4,False,,,,,,,,,,,MIPPIM_FSR
qmof-5bcace3,True,228.15999999999994,-4.842999999999998,120.88,16.0,8.0,0.0,6.0,4.0,0.0,1.0,NOMGAZ_FSR
qmof-8d6dc8f,False,,,,,,,,,,,ELUBES_FSR
qmof-708b292,True,231.29699999999997,2.16758,85.48,15.0,6.0,0.0,2.0,0.0,1.0,1.0,ELUKAY_FSR
qmof-acee021,False,,,,,,,,,,,EMADEC_FSR
qmof-c93c7ae,True,286.286,3.2398000000000016,119.4,18.0,8.0,0.0,0.0,2.0,2.0,2.0,NOPCOL_FSR
qmof-69fe45b,False,,,,,,,,,,,NOPLUB_FSR
qmof-1825bea,True,202.14100000000002,-0.2967,131.04,15.0,10.0,1.0,7.0,2.0,1.0,3.0,MIVDON_FSR
qmof-75cf53c,True,301.896,1.0272000000000001,80.25999999999999,16.0,8.0,0.0,4.0,2.0,1.0,1.0,MIWROB_FSR
qmof-608d619,True,362.5680000000001,4.945080000000004,51.56,24.0,6.0,0.0,6.0,9.0,2.0,2.0,ELACID_FSR
qmof-5f57dd4,True,344.37000000000006,2.8122000000000007,145.18,22.0,10.0,0.0,2.0,4.0,2.0,2.0,ELAFUT_FSR
qmof-afa2ff5,True,205.26600000000002,0.968,42.59,14.0,5.0,0.0,3.0,2.0,1.0,2.0,ELEXUQ_FSR
qmof-a7a93aa,True,348.358,0.4149999999999996,106.03999999999999,26.0,6.0,0.0,6.0,5.0,3.0,3.0,ELINAP_FSR
qmof-57b6935,True,192.16999999999996,-1.7286,80.25999999999999,14.0,4.0,0.0,4.0,4.0,1.0,1.0,ELINIX_FSR
qmof-0b59814,True,166.11199999999997,-0.8567,90.32,12.0,5.0,1.0,4.0,2.0,1.0,1.0,ELOBOY_FSR
qmof-a7f487c,True,135.09,-0.7551000000000001,90.0,10.0,7.0,0.0,5.0,1.0,0.0,2.0,NOWMUJ_FSR
qmof-870f65c,True,272.196,-1.0970000000000002,185.5,20.0,14.0,2.0,10.0,2.0,2.0,4.0,NOWNAQ_FSR
qmof-4779340,True,238.29399999999998,2.1761999999999997,35.64,18.0,4.0,0.0,4.0,4.0,3.0,3.0,NOBVOQ01_FSR
qmof-7bc9775,False,,,,,,,,,,,NOCBOW_FSR
qmof-c113508,True,66.043,-0.44704000000000005,61.68,5.0,3.0,0.0,2.0,0.0,0.0,0.0,NODJAT_FSR
qmof-3e56926,True,66.043,-0.44704000000000005,61.68,5.0,3.0,0.0,2.0,0.0,0.0,0.0,NODJEX_FSR
qmof-ac615b9,True,236.07599999999996,-1.0299999999999998,80.25999999999999,16.0,8.0,0.0,4.0,2.0,1.0,1.0,MODGUI_FSR
qmof-4b38c0b,True,277.09700000000004,1.8745999999999998,53.019999999999996,16.0,4.0,0.0,3.0,2.0,2.0,2.0,MODZAJ_FSR
qmof-1f5009f,True,156.188,2.1435999999999993,25.78,12.0,2.0,0.0,2.0,1.0,2.0,2.0,MIYZID_FSR
qmof-79a21b4,True,104.978,-0.36402000000000007,23.79,3.0,2.0,0.0,1.0,0.0,0.0,0.0,FAPGAG_FSR
qmof-5e78e03,True,198.201,1.1120999999999999,53.019999999999996,15.0,3.0,0.0,3.0,2.0,2.0,2.0,FAPYOM_FSR
qmof-e7f8efa,True,272.26,-0.589999999999999,106.03999999999999,20.0,6.0,0.0,6.0,4.0,2.0,2.0,FAQSEW_FSR
qmof-64b5161,True,317.30000000000007,1.1425999999999996,93.15,24.0,5.0,0.0,5.0,4.0,3.0,3.0,NOMQAJ01_FSR
qmof-9034501,True,156.18799999999996,2.1435999999999993,25.78,12.0,2.0,0.0,2.0,1.0,2.0,2.0,EMEJAJ_FSR
qmof-13e7961,True,68.059,-0.42400000000000004,38.82,5.0,3.0,0.0,2.0,0.0,0.0,1.0,NOGQIK_FSR
qmof-ff7658b,True,180.11499999999995,-1.8808,100.49000000000001,13.0,5.0,1.0,5.0,2.0,1.0,1.0,NOHFEX01_FSR
qmof-2d65e89,True,478.50800000000027,2.755440000000001,115.9,36.0,8.0,0.0,8.0,5.0,5.0,5.0,NORZAX_FSR
qmof-5d8b5d1,True,228.15999999999994,-4.842999999999998,120.88,16.0,8.0,0.0,6.0,4.0,0.0,1.0,NOMFOM_FSR
qmof-9c07461,True,419.2340000000002,-6.561899999999998,263.72999999999996,30.0,14.0,1.0,13.0,4.0,2.0,2.0,NIYPET_FSR
qmof-34988a2,True,419.2340000000002,-6.561899999999998,263.72999999999996,30.0,14.0,1.0,13.0,4.0,2.0,2.0,NIYPIX_FSR
qmof-e049710,False,,,,,,,,,,,NIYVAU_FSR
qmof-3b20031,True,284.223,-0.22120000000000034,117.56,21.0,6.0,1.0,5.0,4.0,2.0,2.0,NIZJOY_FSR
qmof-087c398,True,207.04899999999998,1.4534900000000002,34.14,13.0,8.0,0.0,2.0,2.0,0.0,0.0,NIZMEQ_FSR
qmof-ed7cf13,True,264.30899999999997,-1.7779000000000003,106.03999999999999,15.0,9.0,0.0,9.0,6.0,1.0,1.0,NOBLUM01_FSR
qmof-2168cb9,False,,,,,,,,,,,NIWTUJ_FSR
qmof-f689494,True,264.24399999999997,1.3638999999999997,91.31,20.0,6.0,0.0,5.0,3.0,2.0,3.0,NIXPUI_FSR
qmof-f580d00,True,110.16099999999999,1.15869,12.36,7.0,2.0,0.0,1.0,0.0,0.0,1.0,MOGNUR_FSR
qmof-4a6e2c5,True,164.11599999999996,-1.5864000000000003,80.25999999999999,12.0,4.0,0.0,4.0,2.0,1.0,1.0,MOBDIR_FSR
qmof-5e3d4b5,True,389.3390000000002,0.023099999999999676,129.62,29.0,7.0,0.0,7.0,7.0,3.0,3.0,NODQUU_FSR
qmof-b7bdda5,False,,,,,,,,,,,EMOVUY_FSR
qmof-b3e0651,True,253.12199999999999,-5.705199999999999,173.40999999999997,18.0,9.0,0.0,9.0,2.0,1.0,1.0,NIYNIV_FSR
qmof-51d65d4,False,,,,,,,,,,,NOJBAR_FSR
qmof-d93f39f,False,,,,,,,,,,,NOJBUL_FSR
qmof-e256739,True,131.08699999999996,-3.7963999999999993,106.27999999999999,9.0,5.0,1.0,5.0,3.0,0.0,0.0,NOKDIA_FSR
qmof-75dd8f6,True,513.4340000000003,1.7464999999999995,176.14999999999998,38.0,10.0,1.0,9.0,8.0,4.0,4.0,NILBAN_FSR
qmof-a862aee,True,513.4340000000003,1.7464999999999995,176.14999999999998,38.0,10.0,1.0,9.0,8.0,4.0,4.0,NILBER_FSR
qmof-ad8b425,True,513.4340000000003,1.7464999999999995,176.14999999999998,38.0,10.0,1.0,9.0,8.0,4.0,4.0,NILBIV_FSR
qmof-c89a5ff,True,513.4340000000003,1.7464999999999995,176.14999999999998,38.0,10.0,1.0,9.0,8.0,4.0,4.0,NILBOB_FSR
qmof-7239acd,True,88.01799999999999,-3.5138000000000003,80.25999999999999,6.0,4.0,0.0,4.0,0.0,0.0,0.0,NIMBOB_FSR
qmof-f4bb6af,True,464.38200000000023,0.9679999999999995,173.32,34.0,10.0,2.0,8.0,10.0,3.0,3.0,FAMBIG_FSR
qmof-5f619ed,True,180.13899999999995,-2.596309999999999,83.5,13.0,5.0,0.0,5.0,3.0,0.0,1.0,FAMDII_FSR
qmof-99a2b9f,True,138.17499999999998,1.14158,49.57,9.0,4.0,0.0,3.0,0.0,1.0,1.0,FAPFAF_FSR
qmof-c12cbdc,True,138.17499999999998,1.14158,49.57,9.0,4.0,0.0,3.0,0.0,1.0,1.0,FAPFEJ_FSR
qmof-cde22cb,True,138.17499999999998,1.14158,49.57,9.0,4.0,0.0,3.0,0.0,1.0,1.0,FAPFIN_FSR
qmof-a5592dd,False,,,,,,,,,,,ENAMIR_FSR
qmof-ad42031,True,137.12199999999999,-0.8623100000000001,90.63,10.0,5.0,1.0,1.0,0.0,0.0,1.0,NIXQOB_FSR
qmof-c386b14,True,122.11099999999999,-0.9652000000000005,84.48,9.0,5.0,0.0,2.0,0.0,1.0,1.0,NIXQUH_FSR
qmof-396c838,True,215.16399999999996,-1.0382,93.15,16.0,5.0,0.0,5.0,2.0,2.0,2.0,NIYBOP_FSR
qmof-52547c5,True,240.29100000000003,2.6621000000000006,51.56,17.0,5.0,0.0,5.0,2.0,3.0,3.0,NIWKEK_FSR
qmof-a132e45,True,419.2340000000002,-6.561899999999998,263.72999999999996,30.0,14.0,1.0,13.0,4.0,2.0,2.0,NIYNUH_FSR
qmof-152c5b0,True,370.3650000000001,-0.7899999999999987,125.13,27.0,9.0,0.0,9.0,8.0,3.0,3.0,MOHLUR_FSR
qmof-05752ab,True,246.182,-2.5801999999999987,131.82,18.0,8.0,0.0,8.0,1.0,2.0,2.0,MOHMIH_FSR
qmof-1a8e535,True,264.24399999999997,1.3638999999999997,91.31,20.0,6.0,0.0,5.0,3.0,2.0,3.0,MOHSAF01_FSR
qmof-e85d193,False,,,,,,,,,,,MOKQAG_FSR
qmof-cae2bc1,True,166.09199999999998,-2.7964,106.03999999999999,12.0,6.0,0.0,6.0,2.0,1.0,1.0,MOKZOC01_FSR
qmof-aec43f9,True,122.10299999999997,-0.5549000000000002,53.019999999999996,9.0,3.0,0.0,3.0,1.0,1.0,1.0,EPAKEM_FSR
qmof-2f521a7,False,,,,,,,,,,,EPAKIQ_FSR
qmof-c555174,True,169.15599999999998,-1.5610099999999987,80.25999999999999,12.0,4.0,0.0,4.0,2.0,0.0,0.0,EPAXID_FSR
qmof-ac2a5eb,True,444.57600000000014,1.860800000000002,69.18,32.0,8.0,0.0,8.0,4.0,2.0,3.0,EPAYUR_FSR
qmof-5b0949c,True,308.12200000000007,-6.477009999999998,236.42000000000002,22.0,14.0,0.0,13.0,4.0,0.0,2.0,NIGRAY_FSR
qmof-855bf9c,True,204.161,-0.9675000000000002,77.50999999999999,15.0,5.0,0.0,4.0,2.0,1.0,2.0,NIGRIH_FSR
qmof-bb8f123,False,,,,,,,,,,,NIHFIU_FSR
qmof-a3307e0,False,,,,,,,,,,,NIHFOA_FSR
qmof-50ebe70,False,,,,,,,,,,,NIHFUG_FSR
qmof-9c14bbf,True,247.01099999999997,0.6547,40.129999999999995,10.0,3.0,0.0,2.0,1.0,1.0,1.0,NIJVEI_FSR
qmof-9c21542,True,513.4340000000003,1.7464999999999995,176.14999999999998,38.0,10.0,1.0,9.0,8.0,4.0,4.0,NIKZUE_FSR
qmof-abd6069,True,345.382,2.4811999999999994,75.77,26.0,6.0,0.0,6.0,3.0,4.0,4.0,MOTNEP_FSR
qmof-9c9f0ca,True,314.249,-0.30920000000000014,126.78999999999999,23.0,7.0,1.0,6.0,6.0,2.0,2.0,FAHMIM_FSR
qmof-87f3627,True,642.593,-1.7878199999999933,247.60999999999996,47.0,19.0,1.0,16.0,12.0,4.0,6.0,FAHMUY_FSR
qmof-c03b323,False,,,,,,,,,,,FAKKAG_FSR
qmof-d6e0710,True,240.21399999999997,0.08059999999999978,80.25999999999999,18.0,4.0,0.0,4.0,3.0,2.0,2.0,FALGIK_FSR
qmof-07fbe14,False,,,,,,,,,,,MOLKAA_FSR
qmof-f842c12,True,156.18799999999996,2.1435999999999993,25.78,12.0,2.0,0.0,2.0,1.0,2.0,2.0,EPELIV_FSR
qmof-e993e6b,False,,,,,,,,,,,EPIXUX_FSR
qmof-8ddce79,False,,,,,,,,,,,EPOZIU_FSR
qmof-5b5b49f,False,,,,,,,,,,,EQADEH_FSR
qmof-da6d484,True,186.16599999999997,1.3470999999999997,60.03,14.0,3.0,0.0,2.0,1.0,2.0,2.0,NEZQER_FSR
qmof-d12960f,True,322.28000000000003,-0.6527999999999994,131.82,24.0,8.0,0.0,8.0,3.0,3.0,3.0,NEZRUG_FSR
qmof-1b5f81b,True,238.15099999999995,-2.123,126.79000000000002,17.0,7.0,1.0,6.0,5.0,1.0,1.0,MOMQAI_FSR
qmof-9a5badd,True,328.232,-0.5230000000000001,154.85999999999999,24.0,8.0,2.0,6.0,5.0,2.0,2.0,MOMQIQ_FSR
qmof-b23c02b,True,240.29100000000003,2.6621000000000006,51.56,17.0,5.0,0.0,5.0,2.0,3.0,3.0,MONNAE_FSR
qmof-9883216,True,164.11599999999996,-1.5864000000000003,80.25999999999999,12.0,4.0,0.0,4.0,2.0,1.0,1.0,MOHLOL01_FSR
qmof-c7fe47a,False,,,,,,,,,,,NESHIE_FSR
qmof-397dea5,True,204.23,1.1735999999999998,53.019999999999996,14.0,4.0,0.0,4.0,2.0,2.0,2.0,NETTAK_FSR
qmof-2d8d0ff,True,114.15299999999999,-0.23560000000000014,29.700000000000003,7.0,4.0,0.0,2.0,0.0,0.0,1.0,NEVXAP01_FSR
qmof-3d9c6c0,True,154.081,-2.3686100000000003,98.66,11.0,6.0,1.0,4.0,1.0,0.0,1.0,FAFMOO_FSR
qmof-f6a2c50,True,323.2440000000001,-0.1473000000000002,140.67,24.0,9.0,0.0,8.0,5.0,2.0,3.0,FAGWUI_FSR
qmof-b273f3b,False,,,,,,,,,,,MOPJUY_FSR
qmof-bbb6f1d,True,156.18799999999996,2.1435999999999993,25.78,12.0,2.0,0.0,2.0,1.0,2.0,2.0,MOPLIO_FSR
qmof-4156823,True,382.42000000000013,-1.1631999999999951,112.51999999999998,28.0,8.0,0.0,8.0,6.0,2.0,3.0,MORCOM_FSR
qmof-2ee608c,True,164.11599999999996,-1.5864000000000003,80.25999999999999,12.0,4.0,0.0,4.0,2.0,1.0,1.0,NIDQEY_FSR
qmof-2b5cf00,True,94.11699999999999,0.6638000000000001,38.91,7.0,2.0,1.0,2.0,0.0,1.0,1.0,NIFNOH_FSR
qmof-902b24f,True,156.18799999999996,2.1435999999999993,25.78,12.0,2.0,0.0,2.0,1.0,2.0,2.0,NEWTOZ_FSR
qmof-e24ce4f,True,160.136,1.4771999999999996,71.08,12.0,5.0,0.0,3.0,1.0,1.0,2.0,NEYQUG_FSR
qmof-0f7c4eb,True,62.004000000000005,-0.3914000000000001,63.04,4.0,4.0,0.0,2.0,0.0,0.0,0.0,NEYRIV_FSR
qmof-e2524bf,True,564.6460000000003,3.197800000000001,139.96,42.0,10.0,2.0,10.0,13.0,5.0,5.0,EQEJIU_FSR
qmof-fb5e34c,True,720.8740000000001,6.629000000000006,139.96,54.0,10.0,2.0,10.0,15.0,7.0,7.0,EQEJUG_FSR
qmof-a2fcb93,False,,,,,,,,,,,MOSZOK_FSR
qmof-343cdba,True,238.21400000000003,0.43979999999999986,122.77,18.0,8.0,0.0,4.0,1.0,2.0,3.0,NESGEZ_FSR
qmof-a5d83e7,True,196.193,1.8816,64.07,15.0,5.0,0.0,4.0,1.0,2.0,3.0,NESGID_FSR
qmof-f6d96e9,True,414.23400000000015,-6.4458,240.77999999999997,30.0,12.0,0.0,12.0,6.0,2.0,2.0,NENHEV_FSR
qmof-b8a2f41,True,387.355,-0.7028099999999988,144.52999999999997,29.0,9.0,1.0,8.0,4.0,3.0,4.0,NENJOH_FSR
qmof-10dd4ae,True,252.13399999999996,-2.1899999999999995,154.86,18.0,8.0,2.0,6.0,4.0,1.0,1.0,NENJUN_FSR
qmof-67ca802,False,,,,,,,,,,,MOYVUS_FSR
qmof-061ae68,True,247.23000000000002,-0.6233999999999991,94.00999999999999,18.0,6.0,0.0,4.0,1.0,2.0,2.0,MOTRAQ_FSR
qmof-476a5b8,True,184.24200000000002,2.2618,25.78,14.0,2.0,0.0,2.0,3.0,2.0,2.0,MOTXUO_FSR
qmof-4eadc5e,True,116.07199999999999,-2.733599999999999,80.25999999999999,8.0,4.0,0.0,4.0,3.0,0.0,0.0,MOWSOI_FSR
qmof-fd541d7,True,166.11599999999996,0.5618799999999999,99.72,12.0,6.0,0.0,4.0,0.0,1.0,1.0,ERAQOD_FSR
qmof-09f6927,True,298.298,-0.6957999999999991,106.03999999999999,22.0,6.0,0.0,6.0,5.0,2.0,2.0,EREGEN_FSR
qmof-ef2e56c,True,114.05599999999998,-2.9576000000000002,80.25999999999999,8.0,4.0,0.0,4.0,2.0,0.0,0.0,EREGIR_FSR
qmof-ceecaf2,True,350.3340000000001,2.1738,104.16,26.0,8.0,0.0,8.0,4.0,3.0,3.0,EREQAV_FSR
qmof-b09a392,False,,,,,,,,,,,EREQEZ_FSR
qmof-cfd2beb,True,114.15299999999999,-0.23560000000000014,29.700000000000003,7.0,4.0,0.0,2.0,0.0,0.0,1.0,NEVXAP_FSR
qmof-2762336,True,514.4890000000003,3.2083000000000013,181.15999999999997,39.0,13.0,0.0,11.0,3.0,5.0,7.0,NESGOJ_FSR
qmof-311f528,True,558.5940000000002,3.1374000000000013,141.05,42.0,9.0,0.0,9.0,7.0,5.0,6.0,NEHCAG_FSR
qmof-fb95d60,True,88.01799999999999,-3.5138000000000003,80.25999999999999,6.0,4.0,0.0,4.0,0.0,0.0,0.0,NEHQAT_FSR
qmof-548283f,True,286.286,3.2398000000000016,119.4,18.0,8.0,0.0,0.0,2.0,2.0,2.0,NELXIL_FSR
qmof-696e454,True,237.23799999999997,1.389,57.949999999999996,18.0,4.0,0.0,4.0,2.0,3.0,3.0,NEJYOS_FSR
qmof-f3b3f44,True,237.23799999999997,1.389,57.949999999999996,18.0,4.0,0.0,4.0,2.0,3.0,3.0,NEJZAF_FSR
qmof-7b4dbbf,True,165.10399999999996,-2.1914,93.15,12.0,5.0,0.0,5.0,2.0,1.0,1.0,NELBUD_FSR
qmof-f360972,False,,,,,,,,,,,NELJIZ_FSR
qmof-62f023c,False,,,,,,,,,,,FADWIR_FSR
qmof-47ccac3,False,,,,,,,,,,,MOXYII_FSR
qmof-a85f2bb,True,277.303,2.1936999999999998,65.91,21.0,4.0,0.0,4.0,2.0,3.0,3.0,MOYGUD_FSR
qmof-1302ca9,True,490.51600000000013,1.8079999999999998,164.24,36.0,10.0,2.0,8.0,11.0,3.0,3.0,ERUDAY_FSR
qmof-c70fd52,True,214.17599999999996,-0.43320000000000003,80.25999999999999,16.0,4.0,0.0,4.0,2.0,2.0,2.0,ESATIC_FSR
qmof-ad4003c,False,,,,,,,,,,,ESEHOZ01_FSR
qmof-c098fd3,False,,,,,,,,,,,NELMIA01_FSR
qmof-4f35422,True,246.18200000000002,-2.319799999999999,131.82,18.0,8.0,0.0,8.0,2.0,2.0,2.0,NELWIL_FSR
qmof-d86c15e,True,209.11299999999994,-1.6782000000000001,123.39999999999998,15.0,7.0,0.0,6.0,3.0,1.0,1.0,NERZIW02_FSR
qmof-8bc7424,True,250.18599999999995,-3.643699999999999,123.63,18.0,7.0,0.0,7.0,6.0,1.0,1.0,MUMBIH_FSR
qmof-2c3bc74,True,424.4120000000001,1.7881999999999993,123.11000000000001,32.0,7.0,0.0,7.0,5.0,4.0,4.0,MOZCIP_FSR
qmof-6581895,True,236.22599999999994,2.0866,119.4,14.0,8.0,0.0,0.0,2.0,1.0,1.0,MUCFEX_FSR
qmof-3dabaa3,False,,,,,,,,,,,MUCNAA_FSR
qmof-d971cd4,True,280.27500000000003,-0.3259000000000003,141.21,21.0,9.0,1.0,6.0,2.0,3.0,3.0,MUFHAX_FSR
qmof-c45f4aa,True,69.047,-0.08510000000000004,51.18,5.0,4.0,0.0,3.0,0.0,0.0,1.0,MUFKEE_FSR
qmof-9753f6c,True,128.562,1.3172,38.91,8.0,3.0,1.0,2.0,0.0,1.0,1.0,MUGJAZ_FSR
qmof-17d2d80,True,477.4400000000001,1.371799999999999,176.28999999999996,36.0,11.0,2.0,9.0,4.0,6.0,6.0,ETICAN_FSR
qmof-0338cb2,True,204.238,1.3272799999999996,67.39,14.0,6.0,0.0,5.0,1.0,2.0,2.0,ETOFID_FSR
qmof-63fddcc,False,,,,,,,,,,,ETOYIW_FSR
qmof-6cf15a6,False,,,,,,,,,,,NEBVIC_FSR
qmof-8edbca3,True,410.4170000000001,5.3060700000000045,23.79,29.0,3.0,0.0,1.0,6.0,4.0,4.0,NECCUU_FSR
qmof-5cd0603,False,,,,,,,,,,,ETCRBI_FSR
qmof-cbd885d,True,240.21399999999997,0.08059999999999978,80.25999999999999,18.0,4.0,0.0,4.0,3.0,2.0,2.0,ETEHAN01_FSR
qmof-508b13f,True,376.41200000000015,1.3739199999999994,106.03999999999999,28.0,6.0,0.0,6.0,6.0,3.0,3.0,ETEHUH_FSR
qmof-804a983,False,,,,,,,,,,,NEFHAK_FSR
qmof-54be6c9,True,252.09399999999997,-6.0694,186.3,18.0,10.0,0.0,10.0,4.0,1.0,1.0,NEBRUK_FSR
qmof-1e90576,True,179.13099999999997,-2.0042,106.28,13.0,5.0,1.0,5.0,2.0,1.0,1.0,NEBTIA_FSR
qmof-002a6da,True,210.24,2.058,35.64,16.0,4.0,0.0,4.0,2.0,3.0,3.0,ETUSIW_FSR
qmof-5bf7e0d,False,,,,,,,,,,,ETUVUL_FSR
qmof-9ed028e,True,156.18799999999996,2.1435999999999993,25.78,12.0,2.0,0.0,2.0,1.0,2.0,2.0,EYUVEA_FSR
qmof-8533641,True,207.25300000000001,-0.05429999999999957,65.05,15.0,4.0,1.0,4.0,5.0,1.0,1.0,EZAWOT_FSR
qmof-4b62488,True,214.17599999999996,-0.43320000000000025,80.25999999999999,16.0,4.0,0.0,4.0,2.0,2.0,2.0,EZULAO_FSR
qmof-746a078,True,26.018,0.09637,23.79,2.0,1.0,0.0,1.0,0.0,0.0,0.0,MUHNOT01_FSR
qmof-9bca83d,True,26.018,0.09637,23.79,2.0,1.0,0.0,1.0,0.0,0.0,0.0,MUHPIP_FSR
qmof-10ea1fe,True,196.16199999999998,-1.1508999999999994,103.89000000000001,14.0,6.0,1.0,4.0,4.0,0.0,1.0,NEDGUB_FSR
qmof-44da106,True,320.304,0.5571999999999998,106.03999999999999,24.0,6.0,0.0,6.0,3.0,3.0,3.0,NEDXOJ_FSR
qmof-95e993b,True,156.18799999999996,2.1435999999999993,25.78,12.0,2.0,0.0,2.0,1.0,2.0,2.0,NAZGON01_FSR
qmof-721c324,False,,,,,,,,,,,NEBKIO_FSR
qmof-b697d31,True,214.176,-0.43320000000000025,80.25999999999999,16.0,4.0,0.0,4.0,2.0,2.0,2.0,NEBMEP_FSR
qmof-c9c2b82,True,299.214,-1.4306000000000003,129.62,22.0,7.0,0.0,7.0,5.0,2.0,2.0,NEBQOD_FSR
qmof-acddbab,True,80.08999999999999,0.4765999999999999,25.78,6.0,2.0,0.0,2.0,0.0,1.0,1.0,MUJSAL01_FSR
qmof-fe2b16d,True,164.11599999999996,-1.5864000000000003,80.25999999999999,12.0,4.0,0.0,4.0,2.0,1.0,1.0,MUMNAL_FSR
qmof-b07ce39,True,136.12999999999994,-0.3677000000000001,66.14999999999999,10.0,3.0,1.0,3.0,1.0,1.0,1.0,MUMNIR_FSR
qmof-26b83f7,True,240.21399999999997,0.08059999999999978,80.25999999999999,18.0,4.0,0.0,4.0,3.0,2.0,2.0,MUNLEN_FSR
qmof-60450dd,True,478.50800000000015,2.2568,115.89999999999999,36.0,8.0,0.0,8.0,7.0,5.0,5.0,MUNPUH_FSR
qmof-df3291a,True,88.01799999999999,-3.5138000000000003,80.25999999999999,6.0,4.0,0.0,4.0,0.0,0.0,0.0,MUNZAW_FSR
qmof-cf311e6,False,,,,,,,,,,,NAXVUE_FSR
qmof-305d51c,False,,,,,,,,,,,NAXWAL_FSR
qmof-a5724e4,True,175.19100000000003,1.0458999999999998,39.94,13.0,4.0,0.0,4.0,3.0,2.0,2.0,NAYMEG_FSR
qmof-29c01e6,True,114.05599999999998,-2.9576000000000002,80.25999999999999,8.0,4.0,0.0,4.0,2.0,0.0,0.0,NATCER_FSR
qmof-c63cbd6,True,220.322,3.2760000000000016,25.78,14.0,4.0,0.0,4.0,3.0,2.0,2.0,NATKEB_FSR
qmof-d29bb99,True,502.25200000000035,-7.0493999999999994,315.38,36.0,16.0,2.0,14.0,8.0,2.0,2.0,NATRAD_FSR
qmof-76d49d3,True,502.25200000000035,-7.0493999999999994,315.38,36.0,16.0,2.0,14.0,8.0,2.0,2.0,NATREH02_FSR
qmof-ae0a390,True,502.25200000000035,-7.0493999999999994,315.38,36.0,16.0,2.0,14.0,8.0,2.0,2.0,NATREH_FSR
qmof-3e9bb7b,True,166.09199999999998,-2.7964,106.03999999999999,12.0,6.0,0.0,6.0,2.0,1.0,1.0,NATXIR_FSR
qmof-694fdb2,True,88.106,0.03320000000000001,18.46,6.0,2.0,0.0,2.0,0.0,0.0,1.0,NAVDIZ_FSR
qmof-12229f3,False,,,,,,,,,,,NAVFAT_FSR
qmof-2e9f64b,True,156.18799999999996,2.1435999999999993,25.78,12.0,2.0,0.0,2.0,1.0,2.0,2.0,NAPCUF_FSR
qmof-babba36,True,164.11599999999996,-1.5864000000000003,80.25999999999999,12.0,4.0,0.0,4.0,2.0,1.0,1.0,NAPHCU01_FSR
qmof-a3bb677,True,58.085,0.66498,23.79,3.0,2.0,0.0,1.0,0.0,0.0,0.0,EYEGIZ_FSR
qmof-422216b,True,88.01799999999999,-3.5138000000000003,80.25999999999999,6.0,4.0,0.0,4.0,0.0,0.0,0.0,EYEMAW_FSR
qmof-6663831,False,,,,,,,,,,,EYERUW_FSR
qmof-acd85e0,True,241.20199999999997,-0.5244000000000002,93.15,18.0,5.0,0.0,5.0,3.0,2.0,2.0,EYIVOY_FSR
qmof-3015833,True,348.35800000000006,0.6753999999999993,106.03999999999999,26.0,6.0,0.0,6.0,5.0,3.0,3.0,MUPZED_FSR
qmof-b99f6b2,True,173.985,0.17569999999999986,114.39999999999999,9.0,8.0,2.0,2.0,2.0,0.0,0.0,NAVLOO_FSR
qmof-21e5b1b,True,238.29399999999998,2.1761999999999997,35.64,18.0,4.0,0.0,4.0,4.0,3.0,3.0,EWAXOP_FSR
qmof-f40863b,True,214.17599999999996,-0.43320000000000025,80.25999999999999,16.0,4.0,0.0,4.0,2.0,2.0,2.0,EWEVAD_FSR
qmof-5b836cb,False,,,,,,,,,,,EWIPEG_FSR
qmof-c74e6fb,False,,,,,,,,,,,EWIPIK_FSR
qmof-0ad5dc5,False,,,,,,,,,,,EWORAJ_FSR
qmof-14dd1bb,True,119.14500000000002,-1.7388999999999992,66.14999999999999,7.0,4.0,1.0,3.0,2.0,0.0,0.0,NARLEZ_FSR
qmof-439555b,False,,,,,,,,,,,MUQCEH_FSR
qmof-430b4c6,True,250.11799999999994,-4.859400000000001,160.51999999999998,18.0,8.0,0.0,8.0,4.0,1.0,1.0,MUMKUA_FSR
qmof-35a16f0,False,,,,,,,,,,,MUTJER_FSR
qmof-6e49166,True,236.232,1.7385999999999995,98.37,16.0,7.0,0.0,3.0,2.0,2.0,2.0,MUTNAR_FSR
qmof-d105fa0,True,171.09199999999998,1.6357,69.75999999999999,11.0,5.0,0.0,2.0,2.0,1.0,1.0,MUTREA_FSR
qmof-d513970,False,,,,,,,,,,,MUQWEB_FSR
qmof-7000e4d,True,368.3640000000001,3.123800000000001,128.14000000000001,28.0,10.0,0.0,8.0,3.0,3.0,5.0,MURFAI_FSR
qmof-ce2e8c8,True,279.297,1.48759,96.16000000000001,19.0,7.0,1.0,3.0,2.0,1.0,2.0,MURVAY_FSR
qmof-9e69850,False,,,,,,,,,,,EYEGEW_FSR
qmof-aa35cfd,True,232.15499999999997,-2.6106999999999996,123.86000000000001,17.0,8.0,0.0,8.0,3.0,2.0,2.0,EWUCOP_FSR
qmof-2acb35b,False,,,,,,,,,,,EWURAR_FSR
qmof-0b7afa6,False,,,,,,,,,,,EXABEL_FSR
qmof-86433db,True,211.10899999999995,-0.13350000000000017,126.41,15.0,8.0,0.0,6.0,3.0,1.0,1.0,EXATUT_FSR
qmof-3ff05ac,True,211.10899999999995,-0.13350000000000017,126.41,15.0,8.0,0.0,6.0,3.0,1.0,1.0,EXAVAB_FSR
qmof-5d5b5cf,True,116.07199999999999,-2.733599999999999,80.25999999999999,8.0,4.0,0.0,4.0,3.0,0.0,0.0,EXEKUO_FSR
qmof-c897ec7,True,250.11799999999994,-4.859400000000001,160.51999999999998,18.0,8.0,0.0,8.0,4.0,1.0,1.0,EXELOJ_FSR
qmof-bcab2b6,False,,,,,,,,,,,EXEMAX_FSR
qmof-d835dd7,True,179.13099999999997,-2.0042,106.28,13.0,5.0,1.0,5.0,2.0,1.0,1.0,NALKET_FSR
qmof-53a014c,False,,,,,,,,,,,EXOYOF_FSR
qmof-c1eb32e,True,342.2400000000001,-6.408299999999997,186.39,24.0,12.0,0.0,12.0,9.0,1.0,1.0,EXOZEX_FSR
qmof-ed7b57e,False,,,,,,,,,,,MUTJAN_FSR
qmof-b1020c2,True,206.185,-1.7271999999999987,88.66000000000001,15.0,7.0,0.0,7.0,4.0,2.0,2.0,NAFWUP_FSR
qmof-856de1b,True,393.35500000000013,1.0822399999999992,149.18,29.0,9.0,0.0,8.0,4.0,3.0,3.0,NAFYAX_FSR
qmof-1cb7973,True,393.35500000000013,1.0822399999999992,149.18,29.0,9.0,0.0,8.0,4.0,3.0,3.0,NAFYEB_FSR
qmof-2b0af1b,True,184.242,2.760440000000001,25.78,14.0,2.0,0.0,2.0,1.0,2.0,2.0,NAGDEH_FSR
qmof-a536eda,False,,,,,,,,,,,MUZYUB_FSR
qmof-5ec4f3d,False,,,,,,,,,,,NABBEA01_FSR
qmof-9940a4e,True,300.314,0.19019999999999992,106.03999999999999,22.0,6.0,0.0,6.0,6.0,2.0,2.0,NABMUZ_FSR
qmof-60df73a,False,,,,,,,,,,,NACDOL_FSR
qmof-bff6e3a,False,,,,,,,,,,,NACXUM_FSR
qmof-6d11fd4,True,472.5420000000003,1.1412000000000018,103.32000000000001,34.0,10.0,0.0,8.0,2.0,2.0,3.0,NAHQUJ_FSR
qmof-f872600,True,154.081,-2.8633000000000006,108.94,11.0,6.0,1.0,5.0,2.0,1.0,1.0,NAKTAW_FSR
qmof-f103f24,True,136.13,-0.36770000000000014,66.15,10.0,3.0,1.0,3.0,1.0,1.0,1.0,NALBAF_FSR
qmof-c2e0cee,True,157.06499999999997,0.7609999999999998,69.75999999999999,10.0,5.0,0.0,2.0,1.0,1.0,1.0,NAFDUV_FSR
qmof-d260db4,True,250.18599999999995,-3.643699999999999,123.63,18.0,7.0,0.0,7.0,6.0,1.0,1.0,AGOWID_FSR
qmof-6651c5d,True,165.10399999999996,-2.1914,93.15,12.0,5.0,0.0,5.0,2.0,1.0,1.0,YIMPAN_FSR
qmof-5859c87,False,,,,,,,,,,,YINFOR_FSR
qmof-7c778f1,True,326.333,0.6186999999999996,106.03999999999999,23.0,7.0,0.0,7.0,3.0,3.0,3.0,AGOZED01_FSR
qmof-c767d72,True,164.11599999999996,-1.5864000000000003,80.25999999999999,12.0,4.0,0.0,4.0,2.0,1.0,1.0,HOPXAM_FSR
qmof-a5caf55,True,472.2820000000001,2.2556000000000007,233.8,28.0,16.0,2.0,2.0,4.0,2.0,2.0,HOQYIW_FSR
qmof-0c7f9b0,False,,,,,,,,,,,HIZFIH_FSR
qmof-bb66e0f,False,,,,,,,,,,,HIZJEG_FSR
qmof-763d52f,True,244.206,-1.3416000000000001,98.08,18.0,6.0,0.0,6.0,4.0,2.0,2.0,HIZKEI_FSR
qmof-8a16860,False,,,,,,,,,,,YOKDOR_FSR
qmof-9e26cd7,True,537.5810000000002,0.11398000000000197,179.6,39.0,14.0,0.0,12.0,16.0,2.0,4.0,YITZOS_FSR
qmof-db6e082,True,184.08099999999996,-4.421600000000001,154.2,11.0,9.0,0.0,6.0,0.0,0.0,0.0,YIWCEO_FSR
qmof-a6c81dd,True,344.20000000000005,1.2624399999999998,140.18,22.0,10.0,2.0,4.0,2.0,2.0,2.0,YOLVUS_FSR
qmof-de33c92,True,204.16900000000004,-1.5149999999999997,96.62,15.0,7.0,0.0,7.0,3.0,2.0,2.0,YOMROJ_FSR
qmof-12612e8,True,156.18799999999996,2.1435999999999993,25.78,12.0,2.0,0.0,2.0,1.0,2.0,2.0,YOQMOI_FSR
qmof-55e2cda,True,198.269,2.6519000000000013,25.78,15.0,2.0,0.0,2.0,4.0,2.0,2.0,YOCZOG01_FSR
qmof-9883029,True,210.24,2.466799999999999,57.36,16.0,4.0,2.0,2.0,2.0,3.0,3.0,ABIWAL_FSR
qmof-6b5da26,True,138.10199999999998,-1.3165,67.07,10.0,4.0,0.0,3.0,1.0,1.0,1.0,YOTQUV_FSR
qmof-d9102fc,False,,,,,,,,,,,GAJWAR_FSR
qmof-6e89a67,True,128.067,-0.8564,89.37,9.0,6.0,2.0,3.0,0.0,0.0,1.0,KUXFAK_FSR
qmof-eaf8acb,True,59.044,-1.2438,40.129999999999995,4.0,2.0,0.0,2.0,0.0,0.0,0.0,CUHGER_FSR
qmof-6601f16,True,165.10399999999996,-2.1914,93.15,12.0,5.0,0.0,5.0,2.0,1.0,1.0,QUYCET_FSR
qmof-f755f31,True,164.11599999999996,-1.5864000000000003,80.25999999999999,12.0,4.0,0.0,4.0,2.0,1.0,1.0,QUXNON_FSR
qmof-d01208e,True,155.55999999999995,0.7034999999999999,40.129999999999995,10.0,3.0,0.0,2.0,1.0,1.0,1.0,KURQEU_FSR
qmof-fbba869,False,,,,,,,,,,,KURKUE_FSR
qmof-8fef316,True,251.10599999999997,-5.4644,173.41,18.0,9.0,0.0,9.0,4.0,1.0,1.0,KUQXIE_FSR
qmof-e5f7e89,True,592.5200000000001,-1.4521999999999953,213.23000000000002,44.0,13.0,0.0,13.0,10.0,5.0,5.0,LABQOW_FSR
qmof-43efc53,True,552.4950000000003,-0.9764999999999981,203.37,41.0,11.0,0.0,11.0,10.0,4.0,4.0,LABQIQ_FSR
qmof-b7a1e1f,True,510.4620000000001,1.962099999999999,162.43,38.0,11.0,1.0,10.0,7.0,5.0,5.0,LABHII_FSR
qmof-1b70dc7,True,460.4700000000001,2.6236000000000015,80.25999999999999,30.0,10.0,0.0,6.0,3.0,2.0,6.0,QUTQUS_FSR
qmof-513ea44,True,160.16,0.9156000000000001,77.19999999999999,12.0,5.0,1.0,4.0,1.0,1.0,2.0,RAFQOF_FSR
qmof-e9531be,True,371.28900000000004,-3.6530999999999967,181.80999999999995,27.0,12.0,0.0,12.0,6.0,3.0,3.0,CUBMUJ_FSR
qmof-76f719c,True,182.135,-2.6066000000000003,119.16999999999999,13.0,6.0,1.0,6.0,1.0,1.0,1.0,KULMIP_FSR
qmof-841116e,False,,,,,,,,,,,RAGVED_FSR
qmof-7003032,False,,,,,,,,,,,AGOJOX_FSR
qmof-6c3e399,False,,,,,,,,,,,AGIMIN_FSR
qmof-149c367,False,,,,,,,,,,,YIVBIQ_FSR
qmof-1bc3291,False,,,,,,,,,,,YITPUM_FSR
qmof-1a0195d,True,166.09199999999998,-2.7964,106.03999999999999,12.0,6.0,0.0,6.0,2.0,1.0,1.0,YODSEQ_FSR
qmof-aada0e2,True,201.133,-0.5583000000000001,128.82,15.0,10.0,0.0,7.0,2.0,0.0,3.0,HIZLOU_FSR
qmof-4f2bf7e,True,208.16899999999998,-1.4326999999999999,89.49000000000001,15.0,5.0,0.0,5.0,4.0,1.0,1.0,MUZMUQ_FSR
qmof-bdc4c33,True,368.3930000000001,-0.09750000000000014,115.9,27.0,8.0,0.0,8.0,8.0,3.0,3.0,MUZMOL_FSR
qmof-dd6ea7a,True,99.10899999999998,-0.2975000000000001,40.129999999999995,7.0,2.0,0.0,2.0,1.0,0.0,0.0,MUZCUF_FSR
qmof-419d66a,True,116.07199999999999,-2.733599999999999,80.25999999999999,8.0,4.0,0.0,4.0,3.0,0.0,0.0,MUXHOD_FSR
qmof-ae70be0,True,79.979,0.23709999999999992,56.87,4.0,4.0,0.0,1.0,0.0,0.0,0.0,NADWOG_FSR
qmof-88f93c8,True,95.10099999999998,0.57949,31.93,7.0,2.0,1.0,1.0,0.0,0.0,1.0,YOTCAM_FSR
qmof-4d41937,False,,,,,,,,,,,YOSWUZ_FSR
qmof-f361ef2,True,208.10499999999996,-3.8278999999999996,133.28,15.0,7.0,0.0,7.0,3.0,1.0,1.0,YORYUA_FSR
qmof-ef07e73,True,243.17199999999994,-1.3864,139.95999999999998,16.0,8.0,0.0,4.0,3.0,1.0,1.0,ADAVEJ01_FSR
qmof-2b64584,False,,,,,,,,,,,GAKXIB_FSR
qmof-0daa5d3,True,224.16799999999995,-2.055999999999999,98.72,16.0,6.0,0.0,6.0,6.0,1.0,1.0,AJIFEF_FSR
qmof-af4be9c,True,143.147,-0.7899800000000001,65.91,9.0,5.0,0.0,5.0,1.0,1.0,1.0,MUVCAJ_FSR
qmof-b13bcc9,True,201.21300000000002,1.49248,75.9,15.0,6.0,0.0,5.0,0.0,0.0,3.0,MUTKUH01_FSR
qmof-91ba713,False,,,,,,,,,,,MUTKES_FSR
qmof-e79329c,True,194.16599999999997,-2.2078099999999985,83.5,14.0,5.0,0.0,5.0,4.0,0.0,1.0,NALGAK_FSR
qmof-11c9682,False,,,,,,,,,,,NALFEN_FSR
qmof-f609513,True,402.41,0.5897999999999983,115.89999999999999,30.0,8.0,0.0,8.0,6.0,4.0,4.0,NALFAJ_FSR
qmof-df44cd7,True,304.279,-0.7536,114.4,21.0,7.0,0.0,6.0,4.0,2.0,2.0,NAKXEE_FSR
qmof-8d22df6,False,,,,,,,,,,,NAKGUD_FSR
qmof-3ce81cd,True,128.087,-1.2575,75.27,9.0,5.0,2.0,3.0,0.0,0.0,1.0,NAHQAQ_FSR
qmof-a4bafa1,False,,,,,,,,,,,YIKJIO_FSR
qmof-0db3229,True,208.10499999999996,-3.8278999999999996,133.28,15.0,7.0,0.0,7.0,3.0,1.0,1.0,YIKGEF01_FSR
qmof-2f8901b,True,267.1689999999999,-3.6925,138.85,19.0,8.0,0.0,8.0,7.0,1.0,1.0,AHISER_FSR
qmof-a160a88,True,245.10099999999997,0.47099999999999986,54.37,13.0,5.0,1.0,3.0,2.0,0.0,1.0,AHERUC_FSR
qmof-b0f27f3,True,346.47000000000014,1.0714800000000004,88.50999999999999,22.0,7.0,1.0,5.0,4.0,0.0,2.0,AHEPEK_FSR
qmof-33c75d7,True,245.10099999999997,0.47099999999999986,54.37,13.0,5.0,1.0,3.0,2.0,0.0,1.0,AHEPAG_FSR
qmof-dcb6b1b,True,236.07599999999996,-1.0299999999999998,80.25999999999999,16.0,8.0,0.0,4.0,2.0,1.0,1.0,NARROQ_FSR
qmof-923d007,True,236.07599999999996,-1.0299999999999998,80.25999999999999,16.0,8.0,0.0,4.0,2.0,1.0,1.0,NARRIK_FSR
qmof-a5b3a99,True,306.27400000000006,-2.5737999999999976,138.46,22.0,8.0,2.0,6.0,8.0,1.0,1.0,EXEMIE_FSR
qmof-2bab714,True,241.20199999999997,-0.5244000000000002,93.15,18.0,5.0,0.0,5.0,3.0,2.0,2.0,EXAJUK_FSR
qmof-707a554,True,380.10800000000006,1.1223999999999996,33.7,11.0,6.0,1.0,3.0,2.0,0.0,1.0,EWOYUL_FSR
qmof-bec9762,True,188.09900000000002,0.5639899999999998,89.13,12.0,6.0,2.0,3.0,2.0,0.0,1.0,NAQCAK_FSR
qmof-72887f0,True,58.085,0.66498,23.79,3.0,2.0,0.0,1.0,0.0,0.0,0.0,EYEGEV_FSR
qmof-a36de4b,True,146.133,0.7283999999999999,64.07,11.0,5.0,0.0,4.0,1.0,1.0,2.0,MUQZEE_FSR
qmof-94cbfb4,True,384.48000000000013,0.6738000000000013,150.60000000000002,24.0,12.0,0.0,4.0,9.0,0.0,1.0,MUWFEP_FSR
qmof-7a6145a,True,242.25800000000004,0.18979999999999914,81.17,18.0,5.0,1.0,4.0,5.0,2.0,2.0,HOVRAM_FSR
qmof-f0ac387,True,217.17799999999997,1.2904,117.23000000000002,14.0,7.0,2.0,2.0,2.0,1.0,1.0,YIDJAX01_FSR
qmof-62aef15,True,132.164,-1.3746999999999998,43.370000000000005,8.0,4.0,0.0,3.0,0.0,0.0,0.0,YICHEX_FSR
qmof-c49776b,False,,,,,,,,,,,YEXVOP_FSR
qmof-3e21699,False,,,,,,,,,,,YEXCIO_FSR
qmof-2383028,True,150.15699999999998,-0.23590000000000044,53.019999999999996,11.0,3.0,0.0,3.0,3.0,1.0,1.0,YEVGAI_FSR
qmof-044255f,True,286.21899999999994,-2.1412999999999984,133.27999999999997,21.0,7.0,0.0,7.0,3.0,2.0,2.0,AJIPIT_FSR
qmof-433f472,False,,,,,,,,,,,EYETOS_FSR
qmof-0cb4f49,False,,,,,,,,,,,EYESIL_FSR
qmof-e3b01b7,True,379.2810000000001,-4.539599999999997,204.85999999999996,27.0,12.0,4.0,8.0,9.0,1.0,1.0,NARTOR_FSR
qmof-0a8808d,False,,,,,,,,,,,AJASIO_FSR
qmof-459830d,True,124.16699999999999,1.1364,38.82,9.0,3.0,0.0,2.0,2.0,0.0,1.0,AJABIX01_FSR
qmof-9cb2899,True,418.26600000000013,-1.1069999999999982,229.45999999999995,30.0,12.0,4.0,8.0,6.0,2.0,2.0,YETQOG_FSR
qmof-2d04c0a,True,374.35600000000005,0.47159999999999935,115.89999999999999,28.0,8.0,0.0,8.0,4.0,4.0,4.0,YERGIO_FSR
qmof-8fa99e8,True,313.26900000000006,-1.2286999999999995,135.14,23.0,8.0,1.0,7.0,4.0,2.0,2.0,YEPFEF_FSR
qmof-65e5c0d,True,238.294,2.1761999999999997,35.64,18.0,4.0,0.0,4.0,4.0,3.0,3.0,YEMWOF_FSR
qmof-d1f990a,True,164.11599999999996,-1.5864000000000003,80.25999999999999,12.0,4.0,0.0,4.0,2.0,1.0,1.0,YEMGIH_FSR
qmof-a80578f,True,154.081,-2.8633000000000006,108.94,11.0,6.0,1.0,5.0,2.0,1.0,1.0,YELYIY01_FSR
qmof-9784985,True,345.2190000000001,-4.949299999999998,182.51999999999998,25.0,10.0,0.0,10.0,3.0,2.0,2.0,YIFGOL_FSR
qmof-44ac7ae,True,345.2190000000001,-4.949299999999998,182.51999999999998,25.0,10.0,0.0,10.0,3.0,2.0,2.0,YIFFUQ_FSR
qmof-cc8a4be,True,184.24200000000002,2.2618,25.78,14.0,2.0,0.0,2.0,3.0,2.0,2.0,YIDQOS_FSR
qmof-ac2b430,True,220.322,3.2760000000000016,25.78,14.0,4.0,0.0,4.0,3.0,2.0,2.0,YEJDAU_FSR
qmof-d8a055c,True,236.07599999999996,-1.0299999999999998,80.25999999999999,16.0,8.0,0.0,4.0,2.0,1.0,1.0,NARRUW_FSR
qmof-d53fad7,True,251.12599999999995,-3.5246999999999993,157.69,18.0,8.0,1.0,7.0,4.0,1.0,1.0,ALIMAL_FSR
qmof-3754b4e,False,,,,,,,,,,,AKECOK_FSR
qmof-892e427,True,251.10599999999997,-5.4644,173.41,18.0,9.0,0.0,9.0,4.0,1.0,1.0,HOXSEU_FSR
qmof-cf5df73,True,211.109,-4.673699999999999,146.16999999999996,15.0,8.0,0.0,8.0,1.0,1.0,1.0,HUCFIV_FSR
qmof-3454f05,True,173.246,1.1426699999999996,57.4,10.0,6.0,1.0,4.0,0.0,1.0,1.0,MUQJUF_FSR
qmof-6dd4a25,True,420.31800000000015,1.2318,106.03999999999999,30.0,10.0,0.0,6.0,5.0,3.0,3.0,MUQDUY_FSR
qmof-ebb8ba1,True,236.07599999999996,-1.0299999999999998,80.25999999999999,16.0,8.0,0.0,4.0,2.0,1.0,1.0,NARREG_FSR
qmof-f51bd53,True,236.07599999999996,-1.0299999999999998,80.25999999999999,16.0,8.0,0.0,4.0,2.0,1.0,1.0,NARRAC_FSR
qmof-18c2abc,True,236.07599999999996,-1.0299999999999998,80.25999999999999,16.0,8.0,0.0,4.0,2.0,1.0,1.0,NARQOP_FSR
qmof-82af598,True,236.07599999999996,-1.0299999999999998,80.25999999999999,16.0,8.0,0.0,4.0,2.0,1.0,1.0,NARQIJ_FSR
qmof-91daed1,True,236.07599999999996,-1.0299999999999998,80.25999999999999,16.0,8.0,0.0,4.0,2.0,1.0,1.0,NARQEF_FSR
qmof-e50c0c6,True,231.283,-0.37210000000000004,75.24,17.0,6.0,2.0,5.0,2.0,0.0,3.0,EWIHIC_FSR
qmof-f9c5ca5,True,243.17199999999994,-1.3864,139.95999999999998,16.0,8.0,0.0,4.0,3.0,1.0,1.0,EWAZIL_FSR
qmof-e71cda6,True,348.35800000000006,0.6753999999999993,106.03999999999999,26.0,6.0,0.0,6.0,5.0,3.0,3.0,MUQBEG_FSR
qmof-03660e7,True,158.153,-1.563299999999999,80.25999999999999,11.0,4.0,0.0,4.0,6.0,0.0,0.0,EYUGOV_FSR
qmof-cb9c91d,True,390.2810000000002,-4.026599999999998,194.66,27.0,11.0,0.0,10.0,6.0,2.0,2.0,EYEZIS_FSR
qmof-12b0750,True,418.39300000000014,4.719700000000003,92.51,30.0,8.0,0.0,5.0,4.0,5.0,5.0,YECQED_FSR
qmof-0d42aa5,True,150.15699999999995,0.007499999999999951,53.019999999999996,11.0,3.0,0.0,3.0,2.0,1.0,1.0,YEBBEN_FSR
qmof-280956a,True,328.28400000000005,-1.2953999999999994,136.13,24.0,9.0,1.0,9.0,4.0,3.0,3.0,YEJYUJ_FSR
qmof-25c87ad,True,168.197,-0.07640000000000025,53.019999999999996,11.0,4.0,0.0,4.0,3.0,1.0,1.0,ETUSES_FSR
qmof-b096a2f,False,,,,,,,,,,,ETUMOW_FSR
qmof-9ffadde,True,269.52700000000004,1.943,48.24,12.0,6.0,0.0,2.0,2.0,1.0,1.0,ETUGUW_FSR
qmof-234f87e,True,220.322,3.2760000000000016,25.78,14.0,4.0,0.0,4.0,3.0,2.0,2.0,NATGOH_FSR
qmof-057b4a2,True,220.322,3.2760000000000016,25.78,14.0,4.0,0.0,4.0,3.0,2.0,2.0,NATGIB_FSR
qmof-39003fc,True,398.42600000000004,5.252200000000005,0.0,28.0,2.0,0.0,0.0,7.0,4.0,4.0,NAYWIU_FSR
qmof-dd44956,True,183.16299999999995,-1.1457000000000006,93.14999999999999,13.0,5.0,1.0,4.0,2.0,1.0,1.0,MUPFOU_FSR
qmof-ef156dd,False,,,,,,,,,,,MUNSEV_FSR
qmof-bad0c1f,True,136.12999999999994,-0.3677000000000001,66.14999999999999,10.0,3.0,1.0,3.0,1.0,1.0,1.0,MUMNOX_FSR
qmof-ca0f1bb,True,136.12999999999994,-0.3677000000000001,66.14999999999999,10.0,3.0,1.0,3.0,1.0,1.0,1.0,MUMNEN_FSR
qmof-8f65a3c,True,188.11499999999995,-5.461899999999998,123.63,13.0,7.0,0.0,7.0,6.0,0.0,0.0,YEHBUJ_FSR
qmof-84941c7,True,193.142,-2.1304999999999996,103.69999999999999,14.0,7.0,1.0,6.0,2.0,2.0,2.0,YEGYAM_FSR
qmof-e09dfa4,True,164.11599999999996,-1.5864000000000003,80.25999999999999,12.0,4.0,0.0,4.0,2.0,1.0,1.0,YEGWEP_FSR
qmof-13af5eb,True,164.11599999999996,-1.5864000000000003,80.25999999999999,12.0,4.0,0.0,4.0,2.0,1.0,1.0,ALUJUN_FSR
qmof-14c2b89,True,164.11599999999996,-1.5864000000000003,80.25999999999999,12.0,4.0,0.0,4.0,2.0,1.0,1.0,ALOJOA_FSR
qmof-985a6f6,True,252.13399999999996,-2.1899999999999995,154.86,18.0,8.0,2.0,6.0,4.0,1.0,1.0,HOZFAF_FSR
qmof-f5e3e49,True,26.018,0.09637,23.79,2.0,1.0,0.0,1.0,0.0,0.0,0.0,HIWHIE_FSR
qmof-4cb438f,True,323.26199999999994,-0.9098000000000004,165.73999999999995,22.0,10.0,0.0,6.0,3.0,2.0,2.0,HISVOV_FSR
qmof-5dfdc69,True,496.56700000000023,3.3686200000000017,115.9,37.0,8.0,0.0,8.0,9.0,5.0,5.0,HISVIR_FSR
qmof-6e939e4,True,526.5090000000004,0.4806800000000002,158.12,39.0,12.0,0.0,10.0,10.0,3.0,5.0,EZEROS_FSR
qmof-0543584,True,142.09799999999998,-2.9947999999999997,109.75,10.0,7.0,1.0,7.0,2.0,1.0,1.0,NAXQUA_FSR
qmof-c2b0f64,True,166.09199999999998,-2.7964,106.03999999999999,12.0,6.0,0.0,6.0,2.0,1.0,1.0,NAXMOQ01_FSR
qmof-46b501d,True,192.16999999999996,-1.7286,80.25999999999999,14.0,4.0,0.0,4.0,4.0,1.0,1.0,HUBHES_FSR
qmof-c207cf7,True,192.16999999999996,-1.7286,80.25999999999999,14.0,4.0,0.0,4.0,4.0,1.0,1.0,HUBHAO_FSR
qmof-03c87d7,False,,,,,,,,,,,HOZXOL_FSR
qmof-b8d9ea0,True,316.368,2.3187800000000003,59.400000000000006,24.0,6.0,0.0,4.0,5.0,2.0,4.0,ALIVUN_FSR
qmof-d01066a,True,316.368,2.3187800000000003,59.400000000000006,24.0,6.0,0.0,4.0,5.0,2.0,4.0,ALIVOH_FSR
qmof-c027270,True,255.22899999999996,-0.2159800000000005,93.15,19.0,5.0,0.0,5.0,3.0,2.0,2.0,YEFKAY01_FSR
qmof-b8b849f,True,203.08999999999997,0.36500000000000016,104.04,13.0,7.0,1.0,3.0,2.0,1.0,1.0,YEDPED_FSR
qmof-4b0e2c0,False,,,,,,,,,,,YAPKOQ_FSR
qmof-2fb75c8,True,164.11599999999996,-1.5864000000000003,80.25999999999999,12.0,4.0,0.0,4.0,2.0,1.0,1.0,MULMOX_FSR
qmof-2cb8e34,True,370.23000000000013,-4.072599999999999,252.67999999999998,26.0,14.0,6.0,10.0,6.0,2.0,2.0,NEBQES_FSR
qmof-b8acaeb,True,164.11599999999996,-1.5864000000000003,80.25999999999999,12.0,4.0,0.0,4.0,2.0,1.0,1.0,NAZNEJ_FSR
qmof-6353b9a,True,164.11599999999996,-1.5864000000000003,80.25999999999999,12.0,4.0,0.0,4.0,2.0,1.0,1.0,NAZNAF_FSR
qmof-5b45378,False,,,,,,,,,,,NAYYAQ_FSR
qmof-43dde62,True,320.304,0.5571999999999998,106.03999999999999,24.0,6.0,0.0,6.0,3.0,3.0,3.0,NEDXEZ_FSR
qmof-597f45f,True,405.4340000000001,1.5951999999999995,124.11000000000001,30.0,8.0,2.0,6.0,6.0,3.0,3.0,MUHXUK_FSR
qmof-c00f8d0,True,233.00599999999997,-0.27960000000000007,80.25999999999999,14.0,6.0,0.0,4.0,2.0,1.0,1.0,MUHVOC_FSR
qmof-a7f9c95,True,233.00599999999997,-0.27960000000000007,80.25999999999999,14.0,6.0,0.0,4.0,2.0,1.0,1.0,MUHVIW_FSR
qmof-1e89e8e,False,,,,,,,,,,,YAVJUC_FSR
qmof-2e121b8,True,154.07699999999997,-1.9933999999999996,93.4,11.0,5.0,0.0,5.0,2.0,1.0,1.0,YAVGEJ_FSR
qmof-5cfb629,True,176.15500000000003,-0.8188000000000002,70.84,13.0,5.0,0.0,5.0,2.0,2.0,2.0,YATPAM01_FSR
qmof-d1ec783,True,285.21099999999996,-0.8262,130.45,21.0,7.0,1.0,6.0,4.0,2.0,2.0,AMAZEV_FSR
qmof-1df1f71,True,123.09099999999998,-1.1599000000000004,65.91,9.0,4.0,0.0,4.0,1.0,1.0,1.0,AMAFIE_FSR
qmof-e212836,True,164.11599999999996,-1.5864000000000003,80.25999999999999,12.0,4.0,0.0,4.0,2.0,1.0,1.0,ALUKAU_FSR
qmof-ad655ba,True,660.6350000000003,0.9504999999999999,204.76,49.0,12.0,0.0,12.0,14.0,5.0,5.0,HULZOF_FSR
qmof-090a16a,True,216.16999999999996,-0.044300000000000006,120.06,14.0,7.0,1.0,3.0,2.0,1.0,1.0,YAFZUB_FSR
qmof-9d8a6b2,True,268.364,1.7944,32.260000000000005,20.0,4.0,0.0,4.0,4.0,2.0,3.0,YAFYUA_FSR
qmof-2a66ccf,True,131.087,-3.924199999999999,92.28999999999999,9.0,5.0,1.0,5.0,4.0,0.0,0.0,YADVUW_FSR
qmof-d611084,True,112.03999999999999,-1.7236000000000002,68.28,8.0,4.0,0.0,4.0,0.0,0.0,1.0,NEDCAD_FSR
qmof-e11462d,True,223.13999999999996,-4.476209999999999,123.63,16.0,7.0,0.0,7.0,4.0,0.0,1.0,NEBVEY_FSR
qmof-98f67f3,True,176.177,0.11919999999999986,90.41,11.0,7.0,0.0,3.0,3.0,1.0,1.0,ETUGAD_FSR
qmof-d51f680,True,225.07600000000002,1.7869,48.24,12.0,6.0,0.0,2.0,2.0,1.0,1.0,ETUFIJ_FSR
qmof-9e0f4d2,True,165.10399999999996,-2.1914,93.15,12.0,5.0,0.0,5.0,2.0,1.0,1.0,ETOTAJ_FSR
qmof-538ac2e,True,146.153,0.6622999999999999,43.6,11.0,4.0,0.0,4.0,1.0,2.0,2.0,ETOFEZ_FSR
qmof-4bfccae,False,,,,,,,,,,,ETEVEE_FSR
qmof-8bdb6a2,True,280.08899999999994,1.3358899999999998,146.0,17.0,10.0,2.0,4.0,4.0,0.0,1.0,HIRJOJ_FSR
qmof-fa9db14,True,86.118,-0.9998299999999998,75.83,6.0,3.0,2.0,3.0,1.0,0.0,0.0,YARYOF_FSR
qmof-986f968,True,324.296,-0.8995999999999988,115.89999999999999,24.0,8.0,0.0,8.0,4.0,3.0,3.0,YARRIU_FSR
qmof-b10bfd5,True,402.4100000000001,0.5897999999999992,115.89999999999999,30.0,8.0,0.0,8.0,6.0,4.0,4.0,YARDEC_FSR
qmof-4cb5efd,True,208.12499999999994,-1.8881999999999997,117.56,15.0,6.0,1.0,5.0,3.0,1.0,1.0,YAQJEH_FSR
qmof-df7fc19,True,132.16400000000002,-1.6012,52.16,8.0,4.0,1.0,4.0,1.0,0.0,1.0,ANAMOT_FSR
qmof-309cef3,True,165.10399999999996,-2.1914,93.15,12.0,5.0,0.0,5.0,2.0,1.0,1.0,ANABAT_FSR
qmof-0a59800,True,214.228,2.1205999999999996,66.91,16.0,5.0,2.0,3.0,2.0,2.0,2.0,NEMJUL_FSR
qmof-076fd13,False,,,,,,,,,,,NEMJOF01_FSR
qmof-4ad12c3,True,286.286,3.2398000000000025,119.4,18.0,8.0,0.0,0.0,2.0,2.0,2.0,NELXUX_FSR
qmof-c4e8360,True,312.32400000000007,3.753600000000003,119.4,20.0,8.0,0.0,0.0,3.0,2.0,2.0,NELXOR_FSR
qmof-c706712,True,42.021,-1.4418000000000002,58.7,3.0,3.0,0.0,0.0,0.0,0.0,0.0,NEJSED_FSR
qmof-19d3c65,True,687.6850000000001,2.3781999999999996,183.72000000000003,51.0,13.0,0.0,13.0,14.0,6.0,6.0,NEHNEV_FSR
qmof-863a165,True,687.6850000000001,2.3781999999999996,183.72000000000003,51.0,13.0,0.0,13.0,14.0,6.0,6.0,NEHNEV01_FSR
qmof-dd2349b,True,241.00199999999995,2.1900000000000004,56.87,10.0,6.0,0.0,2.0,1.0,1.0,1.0,NEGMOD_FSR
qmof-23c23d8,True,303.247,-5.6851999999999965,164.17000000000002,21.0,10.0,1.0,9.0,12.0,0.0,0.0,ESUZAU_FSR
qmof-a4482ac,False,,,,,,,,,,,ESOMAC_FSR
qmof-7b6134f,False,,,,,,,,,,,HUHCOD_FSR
qmof-1dda4b8,False,,,,,,,,,,,HUGVOV_FSR
qmof-839a2a7,False,,,,,,,,,,,HUGVAH_FSR
qmof-27db329,True,59.044,-1.2438,40.129999999999995,4.0,2.0,0.0,2.0,0.0,0.0,0.0,HURMIQ_FSR
qmof-ed5f29b,True,298.34599999999995,1.4165999999999999,83.98,22.0,6.0,2.0,4.0,7.0,2.0,2.0,FADZIW_FSR
qmof-dbcf346,True,45.016999999999996,-1.6339000000000001,40.129999999999995,3.0,2.0,0.0,2.0,0.0,0.0,0.0,FADZEP01_FSR
qmof-f09c00f,True,176.17499999999998,0.35209999999999964,66.59,13.0,4.0,0.0,3.0,0.0,1.0,2.0,FABYUE_FSR
qmof-33ca745,True,405.43600000000015,1.3922999999999996,161.49,28.0,11.0,1.0,7.0,7.0,3.0,3.0,EZUSAV_FSR
qmof-4f44bf1,True,299.214,-1.4305999999999994,129.62,22.0,7.0,0.0,7.0,5.0,2.0,2.0,NEKMEX_FSR
qmof-0434c87,True,237.23799999999997,1.389,57.949999999999996,18.0,4.0,0.0,4.0,2.0,3.0,3.0,NEJZEJ_FSR
qmof-53df3c7,True,201.20499999999998,0.29489999999999994,57.949999999999996,15.0,4.0,0.0,4.0,3.0,2.0,2.0,NENDAL_FSR
qmof-854b146,True,251.10599999999997,-5.4644,173.41,18.0,9.0,0.0,9.0,4.0,1.0,1.0,AMOZAE_FSR
qmof-270f527,True,137.11399999999998,-0.24430000000000013,60.36,10.0,3.0,1.0,3.0,1.0,1.0,1.0,AMINEP_FSR
qmof-6068fe2,True,520.0120000000002,5.418700000000005,91.69,38.0,7.0,0.0,6.0,5.0,5.0,6.0,AMIKIR_FSR
qmof-c988586,True,296.3299999999999,1.0748000000000002,66.4,22.0,6.0,0.0,4.0,2.0,2.0,3.0,XUYNUB_FSR
qmof-bea7cab,True,296.3299999999999,1.0748000000000002,66.4,22.0,6.0,0.0,4.0,2.0,2.0,3.0,XUYNOV_FSR
qmof-8fa9c85,True,233.00599999999997,-0.27960000000000007,80.25999999999999,14.0,6.0,0.0,4.0,2.0,1.0,1.0,ANEQAN_FSR
qmof-d1cbf2f,True,128.087,-1.2575,75.27,9.0,5.0,2.0,3.0,0.0,0.0,1.0,ANAZEW_FSR
qmof-7ef0e18,True,128.087,-1.2575,75.27,9.0,5.0,2.0,3.0,0.0,0.0,1.0,ANAZAS_FSR
qmof-43a7019,True,128.087,-1.2575,75.27,9.0,5.0,2.0,3.0,0.0,0.0,1.0,ANAYUL_FSR
qmof-08696b5,True,248.376,3.3610000000000015,25.78,16.0,4.0,0.0,4.0,5.0,2.0,2.0,HUKSEM_FSR
qmof-6f69f19,False,,,,,,,,,,,HUJTUB_FSR
qmof-c4350d4,True,164.11599999999996,-1.5864000000000003,80.25999999999999,12.0,4.0,0.0,4.0,2.0,1.0,1.0,HIQVUZ_FSR
qmof-3c60a84,True,600.6310000000002,3.570100000000001,164.24,45.0,10.0,2.0,8.0,10.0,5.0,5.0,HIQVAH_FSR
qmof-f7e01af,True,183.14299999999994,-3.3057099999999986,86.74,13.0,6.0,0.0,6.0,4.0,0.0,1.0,NERYAL_FSR
qmof-14869a5,True,272.0,0.5376999999999997,65.91,14.0,8.0,0.0,4.0,0.0,1.0,1.0,NERDUM_FSR
qmof-63c7101,True,286.286,3.2398000000000025,119.4,18.0,8.0,0.0,0.0,2.0,2.0,2.0,NELXEH_FSR
qmof-bb4d5bb,False,,,,,,,,,,,ESIFIX_FSR
qmof-c5a6ce1,True,256.21299999999997,0.20589999999999975,89.49000000000001,19.0,5.0,0.0,5.0,4.0,2.0,2.0,ESADUZ01_FSR
qmof-1f6b65e,True,602.6250000000002,1.8606,198.38,43.0,13.0,2.0,10.0,11.0,4.0,4.0,ESADIN_FSR
qmof-c818b8d,True,406.12800000000016,-0.6774999999999991,105.2,26.0,11.0,0.0,10.0,0.0,1.0,7.0,NENVOU_FSR
qmof-ed024a5,True,474.5980000000004,4.308200000000004,86.33000000000001,34.0,8.0,1.0,6.0,3.0,1.0,4.0,NENSAD_FSR
qmof-a952798,False,,,,,,,,,,,MOXKEQ_FSR
qmof-10741df,False,,,,,,,,,,,MOXKEQ01_FSR
qmof-fee1ad3,True,355.2340000000001,-2.2936999999999994,174.76000000000002,26.0,9.0,1.0,8.0,6.0,2.0,2.0,FAFCUM_FSR
qmof-9cace33,True,254.10999999999996,-3.4,180.64,18.0,10.0,2.0,8.0,4.0,1.0,1.0,FAFCAS_FSR
qmof-eac3337,True,312.32400000000007,3.753600000000003,119.4,20.0,8.0,0.0,0.0,3.0,2.0,2.0,HIQKEY_FSR
qmof-5cbb170,True,405.3740000000002,-1.382409999999998,153.56,30.0,11.0,0.0,10.0,6.0,3.0,4.0,ANIDEH_FSR
qmof-3c12109,True,554.4350000000002,-4.014209999999996,246.70999999999998,41.0,16.0,0.0,15.0,8.0,4.0,5.0,XUHFOX_FSR
qmof-c590924,False,,,,,,,,,,,XUDHAG_FSR
qmof-b88a8fa,True,165.10399999999996,-2.1914,93.15,12.0,5.0,0.0,5.0,2.0,1.0,1.0,XUCHOS01_FSR
qmof-7e5cbc5,True,456.39800000000014,4.779200000000004,63.04,32.0,6.0,0.0,2.0,4.0,4.0,4.0,MOXGAH_FSR
qmof-6c4ef07,False,,,,,,,,,,,MOWFOU_FSR
qmof-8e0ab66,True,286.338,3.7250000000000023,35.64,22.0,4.0,0.0,4.0,3.0,4.0,4.0,MOTNOZ_FSR
qmof-be776e0,False,,,,,,,,,,,MOYVIG_FSR
qmof-d44edd6,False,,,,,,,,,,,NENROQ_FSR
qmof-6ec1b25,True,80.08999999999999,0.4765999999999999,25.78,6.0,2.0,0.0,2.0,0.0,1.0,1.0,NENLIB_FSR
qmof-2fa122f,True,414.23400000000015,-6.4458,240.77999999999997,30.0,12.0,0.0,12.0,6.0,2.0,2.0,NENHIZ_FSR
qmof-4dfba06,True,115.141,0.10330000000000006,42.06,7.0,5.0,0.0,3.0,0.0,0.0,1.0,NESFAT_FSR
qmof-a7c578d,True,150.14100000000002,-0.27398000000000006,63.05,11.0,5.0,1.0,4.0,0.0,2.0,2.0,NESDUK_FSR
qmof-6524f20,True,122.10299999999997,-0.5549000000000004,53.019999999999996,9.0,3.0,0.0,3.0,1.0,1.0,1.0,XUNTUX_FSR
qmof-dc774d8,True,58.085,0.66498,23.79,3.0,2.0,0.0,1.0,0.0,0.0,0.0,YACKAO_FSR
qmof-2e63a4b,True,300.266,-0.12860000000000005,98.72,22.0,6.0,0.0,6.0,7.0,2.0,2.0,XORROL_FSR
qmof-01f2716,True,59.044,-1.2438,40.129999999999995,4.0,2.0,0.0,2.0,0.0,0.0,0.0,NEVZUM_FSR
qmof-220370b,True,166.09199999999998,-2.7964,106.03999999999999,12.0,6.0,0.0,6.0,2.0,1.0,1.0,NEQNAZ02_FSR
qmof-46c0431,True,166.09199999999998,-2.7964,106.03999999999999,12.0,6.0,0.0,6.0,2.0,1.0,1.0,NEQNAZ01_FSR
qmof-f8e9ee1,True,229.10399999999998,-1.8530999999999995,166.25,16.0,10.0,1.0,7.0,2.0,1.0,1.0,NEPRUX_FSR
qmof-493832f,True,186.10299999999998,-1.977909999999999,127.56,13.0,8.0,1.0,6.0,1.0,0.0,1.0,ERIMEY_FSR
qmof-41d6067,True,340.3390000000001,-0.4165000000000003,115.9,25.0,8.0,0.0,8.0,6.0,3.0,3.0,XOZGOK_FSR
qmof-a933acc,True,286.36300000000006,1.9162000000000001,74.46000000000001,21.0,7.0,0.0,6.0,5.0,2.0,3.0,XOYSUB_FSR
qmof-9d9119c,True,419.39700000000016,-0.7767999999999975,142.83999999999997,31.0,10.0,0.0,9.0,6.0,4.0,4.0,XOVXIQ_FSR
qmof-52d91e0,False,,,,,,,,,,,XOVTEJ_FSR
qmof-88bea54,False,,,,,,,,,,,APAYEW_FSR
qmof-6db2252,True,546.4560000000002,-2.309209999999992,241.68,40.0,16.0,2.0,13.0,8.0,3.0,5.0,APAXOF_FSR
qmof-9e3b2f6,False,,,,,,,,,,,ANOROL_FSR
qmof-a715883,True,133.079,-2.4280999999999993,97.66,9.0,5.0,2.0,4.0,3.0,0.0,0.0,ANIYUS_FSR
qmof-fe94e1d,True,181.10299999999998,-2.4858000000000002,113.38,13.0,6.0,1.0,6.0,2.0,1.0,1.0,HUTRIY_FSR
qmof-694bbd9,True,181.10299999999998,-2.4858000000000002,113.38,13.0,6.0,1.0,6.0,2.0,1.0,1.0,HUTREU_FSR
qmof-a07366c,True,88.01799999999999,-3.5138000000000003,80.25999999999999,6.0,4.0,0.0,4.0,0.0,0.0,0.0,AQAZUN_FSR
qmof-3657264,True,418.40900000000016,0.295399999999999,136.13,31.0,9.0,1.0,9.0,6.0,4.0,4.0,AQANOW01_FSR
qmof-0614d31,True,538.5600000000003,2.0475999999999996,134.35999999999999,40.0,10.0,0.0,10.0,11.0,5.0,5.0,APOKAS_FSR
qmof-29b2925,True,256.21299999999997,0.20589999999999975,89.49000000000001,19.0,5.0,0.0,5.0,4.0,2.0,2.0,HUTZAX_FSR
qmof-8878ef9,True,247.85399999999998,-2.3508,120.05999999999999,8.0,8.0,2.0,2.0,0.0,0.0,0.0,EQIWAD_FSR
qmof-363ec40,True,477.4090000000003,-1.388899999999999,204.37,35.0,12.0,2.0,10.0,8.0,3.0,3.0,EQIHIX_FSR
qmof-04d864c,True,402.2090000000002,-8.06261,285.64,27.0,17.0,0.0,13.0,4.0,0.0,2.0,NEVHUS_FSR
qmof-07657b5,True,402.2090000000002,-8.06261,285.64,27.0,17.0,0.0,13.0,4.0,0.0,2.0,NEVHOM_FSR
qmof-51d44f0,True,402.2090000000002,-8.06261,285.64,27.0,17.0,0.0,13.0,4.0,0.0,2.0,NEVHEC_FSR
qmof-70b56d2,False,,,,,,,,,,,NEWRUE_FSR
qmof-f15e054,False,,,,,,,,,,,NEWROY_FSR
qmof-3eecf64,True,322.416,2.0662,61.42,24.0,6.0,0.0,6.0,2.0,2.0,9.0,HUSQOC_FSR
qmof-ff9ba6c,True,322.41599999999994,2.0662,61.42,24.0,6.0,0.0,6.0,2.0,2.0,9.0,HUSQIW_FSR
qmof-1c6ad32,True,178.199,-0.04010000000000025,61.42,13.0,6.0,0.0,6.0,4.0,2.0,2.0,HUSPUH_FSR
qmof-647f18b,True,182.08699999999996,-2.6331999999999995,110.47,13.0,6.0,0.0,6.0,2.0,1.0,1.0,XOTVUY_FSR
qmof-ec80935,True,88.106,0.03320000000000001,18.46,6.0,2.0,0.0,2.0,0.0,0.0,1.0,XORVAB_FSR
qmof-f6ebd2b,True,374.35600000000005,0.8803999999999996,137.62,28.0,8.0,2.0,6.0,4.0,4.0,4.0,XOHBED_FSR
qmof-fb77b5b,False,,,,,,,,,,,XOGXUN02_FSR
qmof-6cf2cff,True,272.22400000000005,2.2841400000000007,86.63999999999999,17.0,9.0,0.0,1.0,0.0,1.0,1.0,XOBBAT_FSR
qmof-b2a8e0e,True,150.145,-1.0909200000000003,59.400000000000006,11.0,6.0,0.0,4.0,2.0,0.0,2.0,AQOFOC_FSR
qmof-6840e6b,True,155.08899999999997,-2.5733000000000006,105.85,11.0,6.0,2.0,4.0,1.0,1.0,1.0,AQEGUZ_FSR
qmof-816a24e,False,,,,,,,,,,,IBIMEM_FSR
qmof-72620ad,False,,,,,,,,,,,NEVLAC_FSR
qmof-0caf0c5,True,358.5770000000001,-0.2523000000000004,105.20000000000003,22.0,10.0,0.0,9.0,0.0,1.0,6.0,NEVJUV_FSR
qmof-b181ab8,True,402.2090000000002,-8.06261,285.64,27.0,17.0,0.0,13.0,4.0,0.0,2.0,NEVJUU_FSR
qmof-5079f8c,True,402.2090000000002,-8.06261,285.64,27.0,17.0,0.0,13.0,4.0,0.0,2.0,NEVJOO_FSR
qmof-c398d5c,True,402.2090000000002,-8.06261,285.64,27.0,17.0,0.0,13.0,4.0,0.0,2.0,NEVJAA_FSR
qmof-e4535b8,True,299.214,-1.4306000000000003,129.62,22.0,7.0,0.0,7.0,5.0,2.0,2.0,EQOYEQ_FSR
qmof-240c244,True,299.214,-1.4306000000000003,129.62,22.0,7.0,0.0,7.0,5.0,2.0,2.0,EQOYAM_FSR
qmof-9a595a3,True,299.214,-1.4306000000000003,129.62,22.0,7.0,0.0,7.0,5.0,2.0,2.0,EQOXUF_FSR
qmof-957913b,True,164.172,-0.43020000000000014,61.42,12.0,6.0,0.0,6.0,3.0,2.0,2.0,XUCGIM_FSR
qmof-fe40eaa,True,26.018,0.09637,23.79,2.0,1.0,0.0,1.0,0.0,0.0,0.0,XOPXIK_FSR
qmof-bcc1269,True,374.0060000000001,4.7002,119.4,18.0,12.0,0.0,0.0,2.0,1.0,1.0,AQOWOT_FSR
qmof-cbe57c8,True,112.108,-1.33351,54.23,8.0,3.0,0.0,2.0,1.0,0.0,1.0,HIBTOB_FSR
qmof-a5a3f01,True,164.11599999999996,-1.5864000000000003,80.25999999999999,12.0,4.0,0.0,4.0,2.0,1.0,1.0,ICENUB_FSR
qmof-a0aca25,True,158.291,1.8565,0.0,9.0,2.0,0.0,2.0,0.0,0.0,3.0,FAJNUZ_FSR
qmof-e7fbc5e,True,118.13899999999998,1.1404799999999997,49.81,9.0,2.0,1.0,2.0,0.0,1.0,1.0,NEZNAJ_FSR
qmof-0344ec9,True,329.22,-3.7777999999999983,173.40999999999997,24.0,9.0,0.0,9.0,4.0,2.0,2.0,NEYWEW_FSR
qmof-a4f16de,True,329.22,-3.7777999999999983,173.40999999999997,24.0,9.0,0.0,9.0,4.0,2.0,2.0,NEYVIZ_FSR
qmof-f65c85b,True,329.22,-3.7777999999999983,173.40999999999997,24.0,9.0,0.0,9.0,4.0,2.0,2.0,NEYVAR_FSR
qmof-8034830,True,275.196,-3.277999999999998,138.20999999999998,20.0,8.0,0.0,8.0,2.0,2.0,2.0,NEXHAB_FSR
qmof-da8e3de,True,140.118,-0.34506000000000014,66.16,10.0,4.0,0.0,4.0,1.0,1.0,1.0,NEWTUF_FSR
qmof-4648c4d,False,,,,,,,,,,,IBETAM_FSR
qmof-a4260ff,True,129.05900000000003,-1.3727000000000005,111.69999999999999,9.0,8.0,1.0,5.0,2.0,1.0,1.0,IBEDUP_FSR
qmof-6c9cd43,True,223.239,0.8835899999999999,64.27000000000001,17.0,5.0,1.0,4.0,2.0,2.0,3.0,IBATIR_FSR
qmof-82c907a,True,158.164,0.9335999999999999,51.56,12.0,4.0,0.0,4.0,1.0,2.0,2.0,HIFYIF_FSR
qmof-44db121,True,58.085,0.66498,23.79,3.0,2.0,0.0,1.0,0.0,0.0,0.0,HIDNAM_FSR
qmof-918cd0a,True,445.4110000000001,-1.0466999999999977,156.02999999999997,33.0,10.0,0.0,10.0,7.0,4.0,4.0,HICJIN_FSR
qmof-38e5535,True,112.03999999999999,-1.7236000000000002,68.28,8.0,4.0,0.0,4.0,0.0,0.0,1.0,EQACUV_FSR
qmof-9b906f4,False,,,,,,,,,,,EPOQUX_FSR
qmof-7541f7a,False,,,,,,,,,,,EPIXIL_FSR
qmof-a2d1221,True,278.291,1.5886999999999993,78.8,21.0,5.0,0.0,5.0,2.0,3.0,3.0,MOLKOP_FSR
qmof-3b01793,True,267.169,-3.692499999999998,138.85,19.0,8.0,0.0,8.0,7.0,1.0,1.0,MOLBOF_FSR
qmof-b18f8ac,False,,,,,,,,,,,FALKEL_FSR
qmof-65e6355,True,578.5340000000003,0.006800000000000472,238.83999999999997,42.0,14.0,4.0,10.0,13.0,3.0,3.0,FALJOU_FSR
qmof-162d49a,False,,,,,,,,,,,FAJPAH_FSR
qmof-8542c76,True,424.35200000000015,1.9603999999999997,204.72000000000006,32.0,16.0,0.0,12.0,4.0,2.0,6.0,ICEGED_FSR
qmof-a75c84c,True,146.13299999999998,0.7283999999999999,64.07,11.0,5.0,0.0,4.0,1.0,1.0,2.0,IBUDIT_FSR
qmof-63717fa,True,210.121,-4.068699999999999,133.27999999999997,15.0,7.0,0.0,7.0,1.0,1.0,1.0,IBUBAK_FSR
qmof-c288dff,True,359.15600000000006,-4.128899999999998,214.45999999999998,26.0,14.0,2.0,10.0,4.0,2.0,2.0,IDAYET_FSR
qmof-e036ae1,True,340.32800000000015,-0.7557999999999987,117.18,24.0,8.0,0.0,8.0,12.0,1.0,1.0,AREGAH_FSR
qmof-aba9c6c,False,,,,,,,,,,,XISRAV_FSR
qmof-1a6228b,True,372.3410000000002,-1.9270099999999986,149.9,27.0,11.0,0.0,10.0,7.0,2.0,3.0,XIRQEW_FSR
qmof-1b51066,True,355.2750000000001,-0.9673099999999988,131.50000000000003,25.0,10.0,0.0,10.0,5.0,0.0,1.0,XIVQOL_FSR
qmof-1c6930e,True,165.10399999999996,-2.1914,93.15,12.0,5.0,0.0,5.0,2.0,1.0,1.0,NIPWIT01_FSR
qmof-bb73825,True,201.07399999999996,0.45919999999999994,107.06,13.0,7.0,1.0,3.0,2.0,1.0,1.0,NIPRUA_FSR
qmof-d4ec501,False,,,,,,,,,,,NIHMUO_FSR
qmof-0d6ee63,True,216.19199999999998,-1.12642,80.25999999999999,16.0,4.0,0.0,4.0,2.0,0.0,2.0,EPAWEZ_FSR
qmof-492f2fb,False,,,,,,,,,,,MOKTAI_FSR
qmof-22ca4f8,True,165.10399999999996,-2.1914,93.15,12.0,5.0,0.0,5.0,2.0,1.0,1.0,MOJPAE_FSR
qmof-39429bc,True,170.14499999999995,-1.5249000000000001,80.25999999999999,11.0,5.0,0.0,5.0,2.0,1.0,1.0,MOHQIK_FSR
qmof-77d8bc6,True,490.3880000000003,-3.931709999999997,220.92999999999998,36.0,14.0,0.0,13.0,8.0,3.0,4.0,MOMMIM_FSR
qmof-5e43007,False,,,,,,,,,,,XIPGEK_FSR
qmof-098de98,True,170.14499999999995,-1.5249000000000001,80.25999999999999,11.0,5.0,0.0,5.0,2.0,1.0,1.0,XIYDOY01_FSR
qmof-c855c74,True,580.5970000000003,3.0661000000000014,173.47,43.0,11.0,2.0,9.0,8.0,4.0,5.0,XIXQAZ_FSR
qmof-99fa841,True,294.38199999999995,1.89077,56.050000000000004,22.0,5.0,0.0,5.0,4.0,2.0,3.0,XIWJUJ_FSR
qmof-216ba86,True,294.38199999999995,1.89077,56.050000000000004,22.0,5.0,0.0,5.0,4.0,2.0,3.0,XIWJOD_FSR
qmof-cb7e2e5,False,,,,,,,,,,,XIHXUJ_FSR
qmof-778efcb,True,392.264,1.1135999999999995,106.03999999999999,28.0,10.0,0.0,6.0,3.0,3.0,3.0,ARUTAK_FSR
qmof-1088b38,True,136.10599999999997,0.19389999999999985,60.029999999999994,10.0,3.0,0.0,2.0,1.0,1.0,1.0,NEZQAN_FSR
qmof-52b3d57,False,,,,,,,,,,,IDIGAF_FSR
qmof-89b9880,False,,,,,,,,,,,XIBWIO_FSR
qmof-0ec4fb0,True,144.04199999999997,-3.0930100000000005,103.67,10.0,7.0,0.0,5.0,1.0,0.0,1.0,XEZXOQ_FSR
qmof-56f72fb,True,519.3550000000002,2.6524,115.9,34.0,9.0,0.0,8.0,6.0,5.0,5.0,MOFQEF_FSR
qmof-fe7c85d,True,159.15,-1.9144100000000002,86.63,10.0,7.0,1.0,6.0,2.0,1.0,1.0,FALMOW_FSR
qmof-fa69f14,False,,,,,,,,,,,NILNON_FSR
qmof-ad8ca85,True,312.377,1.5856400000000002,68.63,23.0,7.0,0.0,5.0,5.0,1.0,3.0,NIKZIT_FSR
qmof-acaab75,True,148.169,0.5853999999999999,35.64,11.0,4.0,0.0,4.0,2.0,2.0,2.0,NIRCIB_FSR
qmof-e4ec22b,True,139.10499999999996,0.18919999999999992,40.129999999999995,10.0,3.0,0.0,2.0,1.0,1.0,1.0,AROTEG_FSR
qmof-d65fd56,True,313.24100000000004,-1.6438999999999993,129.62,23.0,7.0,0.0,7.0,6.0,2.0,2.0,XIGXAO_FSR
qmof-ea234a7,False,,,,,,,,,,,XIFXAM_FSR
qmof-51097b4,True,433.42400000000015,-0.8620999999999985,137.89999999999998,32.0,10.0,0.0,10.0,7.0,4.0,4.0,XIDJUR_FSR
qmof-624a8f0,True,165.10399999999996,-2.1914,93.15,12.0,5.0,0.0,5.0,2.0,1.0,1.0,XINJUA01_FSR
qmof-c47cf99,True,304.30600000000004,-1.3975999999999982,115.9,22.0,8.0,0.0,8.0,7.0,2.0,2.0,XIMPIU01_FSR
qmof-9911345,True,176.223,1.2022399999999998,35.64,13.0,4.0,0.0,4.0,2.0,2.0,2.0,XIMGAC_FSR
qmof-cd46002,True,256.354,3.316880000000002,49.57,18.0,4.0,0.0,3.0,4.0,2.0,2.0,IDAKAZ_FSR
qmof-9845d29,True,165.10399999999996,-2.1914,93.15,12.0,5.0,0.0,5.0,2.0,1.0,1.0,ASAWAT_FSR
qmof-67b74c4,True,156.548,0.09849999999999992,53.019999999999996,10.0,4.0,0.0,3.0,1.0,1.0,1.0,NIMWEN_FSR
qmof-4fdf906,True,235.13299999999992,1.5659999999999998,116.57,14.0,8.0,0.0,1.0,2.0,1.0,1.0,ENIZEH01_FSR
qmof-0836a64,True,236.31999999999996,2.22858,56.99,16.0,5.0,0.0,3.0,3.0,1.0,1.0,ENICCD_FSR
qmof-7633c4b,True,222.184,-2.158199999999999,129.72,16.0,8.0,2.0,7.0,3.0,2.0,2.0,EMUHAX_FSR
qmof-355761e,True,60.09999999999999,-1.0962,52.04,4.0,2.0,2.0,2.0,1.0,0.0,0.0,MOFWUA_FSR
qmof-5de5775,True,188.146,-0.30310000000000015,91.31,14.0,6.0,0.0,5.0,2.0,1.0,2.0,MOFTIL01_FSR
qmof-97ced67,True,197.17,-0.5761000000000001,106.11,14.0,6.0,2.0,4.0,4.0,1.0,1.0,ICOWOO_FSR
qmof-b750fde,True,197.17,-0.5761000000000001,106.11,14.0,6.0,2.0,4.0,4.0,1.0,1.0,ICOWII01_FSR
qmof-b62318d,True,189.24099999999999,-0.31148000000000053,65.91,11.0,6.0,0.0,6.0,3.0,1.0,1.0,ICOVIH_FSR
qmof-009a8f3,True,58.085,0.66498,23.79,3.0,2.0,0.0,1.0,0.0,0.0,0.0,IDOXIK_FSR
qmof-bffc6bd,True,66.043,-0.44704000000000005,61.68,5.0,3.0,0.0,2.0,0.0,0.0,0.0,IDORID_FSR
qmof-a0ac3c3,True,131.087,-3.924199999999999,92.28999999999999,9.0,5.0,1.0,5.0,4.0,0.0,0.0,IDIZAX_FSR
qmof-64499d3,True,571.4200000000003,4.203000000000003,115.89999999999999,40.0,10.0,0.0,8.0,6.0,6.0,6.0,IDIGIO_FSR
qmof-11bde68,True,190.18200000000004,-0.4287000000000005,70.84,14.0,5.0,0.0,5.0,3.0,2.0,2.0,IDIGIN_FSR
qmof-f957853,True,190.18200000000004,-0.4287000000000005,70.84,14.0,5.0,0.0,5.0,3.0,2.0,2.0,IDIGEJ_FSR
qmof-43a7c42,True,96.113,0.35619999999999996,38.82,7.0,3.0,0.0,2.0,0.0,0.0,1.0,ASUQIO04_FSR
qmof-0056327,True,218.304,2.1768400000000003,35.64,16.0,4.0,0.0,4.0,5.0,2.0,2.0,ASUCOI01_FSR
qmof-aca49e8,True,218.304,2.1768400000000003,35.64,16.0,4.0,0.0,4.0,5.0,2.0,2.0,ASUCIC01_FSR
qmof-bfea88e,True,149.12499999999997,-0.13740000000000008,57.2,11.0,3.0,0.0,3.0,2.0,1.0,1.0,XEYREZ01_FSR
qmof-4815e94,True,264.30899999999997,-1.7779000000000003,106.03999999999999,15.0,9.0,0.0,9.0,6.0,1.0,1.0,NOBMAT_FSR
qmof-6914ac9,True,80.08999999999999,0.4765999999999999,25.78,6.0,2.0,0.0,2.0,0.0,1.0,1.0,NIWTIX_FSR
qmof-6a1b02d,True,155.08899999999997,-2.5733000000000006,105.85,11.0,6.0,2.0,4.0,1.0,1.0,1.0,NIWLIR_FSR
qmof-b02e343,True,88.175,1.5134,0.0,5.0,1.0,0.0,1.0,0.0,0.0,1.0,NIVTIW_FSR
qmof-e5f2ec1,False,,,,,,,,,,,NISWUI_FSR
qmof-09e46be,True,326.21600000000007,-3.1924,160.51999999999998,24.0,8.0,0.0,8.0,5.0,2.0,2.0,NIRPIQ_FSR
qmof-d9fb957,False,,,,,,,,,,,NIXRUK_FSR
qmof-8ea1795,True,377.35600000000017,0.07139999999999969,135.14,28.0,8.0,1.0,7.0,5.0,3.0,3.0,XEYYOR_FSR
qmof-e18a048,True,264.62399999999997,-0.5429000000000004,108.94,18.0,7.0,1.0,5.0,3.0,2.0,2.0,ASELER_FSR
qmof-6e5f0d6,True,231.14699999999996,-1.9395999999999998,131.44,17.0,8.0,0.0,7.0,3.0,1.0,2.0,ASEJOZ01_FSR
qmof-83e07e9,True,462.2940000000002,-3.8791999999999973,262.88,34.0,16.0,0.0,14.0,6.0,2.0,4.0,ASEJIT_FSR
qmof-8b88ed3,False,,,,,,,,,,,ASEFUZ_FSR
qmof-520ebea,True,173.15599999999998,0.04129999999999989,26.790000000000006,11.0,5.0,0.0,4.0,0.0,0.0,4.0,AVEMIY_FSR
qmof-b1c70fd,True,261.167,-3.0991999999999997,167.09,17.0,10.0,0.0,7.0,2.0,1.0,1.0,ATIRUS_FSR
qmof-918da97,True,114.192,-0.13640000000000008,6.48,8.0,2.0,0.0,2.0,0.0,0.0,1.0,XEMJIJ_FSR
qmof-73c6760,False,,,,,,,,,,,IDEJAE_FSR
qmof-07d83a4,True,164.11599999999996,-1.5864000000000003,80.25999999999999,12.0,4.0,0.0,4.0,2.0,1.0,1.0,IDEHAC_FSR
qmof-0103b7b,True,395.4590000000001,1.6964999999999997,110.96999999999998,29.0,7.0,0.0,7.0,10.0,3.0,3.0,IDEGOP_FSR
qmof-8025257,True,253.12199999999999,-5.705199999999999,173.40999999999997,18.0,9.0,0.0,9.0,2.0,1.0,1.0,IDEBIE_FSR
qmof-4453ec1,True,181.10299999999995,-2.9529999999999994,107.19999999999999,13.0,6.0,0.0,5.0,2.0,1.0,1.0,MOBFOB_FSR
qmof-0c3622c,False,,,,,,,,,,,MOGVAG_FSR
qmof-0e7dcd2,True,69.047,-0.08510000000000004,51.18,5.0,4.0,0.0,3.0,0.0,0.0,1.0,NOBNOK_FSR
qmof-b65b9bc,True,145.078,-0.08640000000000003,114.22,10.0,8.0,0.0,5.0,0.0,0.0,1.0,NOBNEA_FSR
qmof-60306e3,True,433.42400000000015,-0.8620999999999985,137.89999999999998,32.0,10.0,0.0,10.0,7.0,4.0,4.0,XIDJOL_FSR
qmof-2abab09,True,435.40000000000015,-2.0720999999999954,163.68,32.0,12.0,0.0,12.0,7.0,4.0,4.0,XIDJIF_FSR
qmof-da91405,True,207.11699999999993,-3.2229,120.38999999999999,15.0,6.0,0.0,6.0,3.0,1.0,1.0,ATAHAE_FSR
qmof-e0e4dbd,True,207.11699999999993,-3.2229,120.38999999999999,15.0,6.0,0.0,6.0,3.0,1.0,1.0,ATADUU01_FSR
qmof-b1eac6f,False,,,,,,,,,,,ASUQIO_FSR
qmof-89eb540,True,219.18400000000003,-1.5589999999999993,109.51,16.0,8.0,0.0,8.0,3.0,2.0,2.0,AVOGID_FSR
qmof-94200c0,True,177.21200000000002,1.6781,42.06,12.0,5.0,0.0,3.0,1.0,1.0,2.0,AVOCAR_FSR
qmof-d3f2126,False,,,,,,,,,,,XEGGEW_FSR
qmof-c5741d9,True,123.09099999999998,-1.1599000000000004,65.91,9.0,4.0,0.0,4.0,1.0,1.0,1.0,XECSUV_FSR
qmof-5918275,True,310.17800000000005,-5.518709999999999,210.42999999999995,22.0,12.0,4.0,10.0,4.0,1.0,2.0,XEJVEP_FSR
qmof-440e04a,True,154.081,-2.8633000000000006,108.94,11.0,6.0,1.0,5.0,2.0,1.0,1.0,XEJVAL_FSR
qmof-2593fae,True,118.11499999999997,1.7020799999999998,43.69,9.0,2.0,0.0,1.0,0.0,1.0,1.0,XEJTEN_FSR
qmof-963616d,False,,,,,,,,,,,XEJSUC_FSR
qmof-655a596,True,158.15799999999996,1.2815999999999996,72.59,10.0,5.0,0.0,1.0,1.0,1.0,1.0,IFACOH_FSR
qmof-b12c68c,True,164.11599999999996,-1.5864000000000003,80.25999999999999,12.0,4.0,0.0,4.0,2.0,1.0,1.0,IFABIA01_FSR
qmof-ba0d6c4,True,419.2740000000001,0.22769999999999946,226.62999999999994,30.0,12.0,5.0,7.0,6.0,2.0,2.0,EMOVUZ_FSR
qmof-37fb37e,True,114.15299999999999,-0.23560000000000014,29.700000000000003,7.0,4.0,0.0,2.0,0.0,0.0,1.0,EMIYOP_FSR
qmof-bfac7fa,True,287.591,-1.3770000000000002,185.84,19.0,10.0,1.0,5.0,2.0,2.0,2.0,HIBQIU_FSR
qmof-151eb43,True,414.3220000000002,-2.621399999999996,178.98,30.0,10.0,0.0,10.0,11.0,2.0,2.0,HEZKED_FSR
qmof-327b773,False,,,,,,,,,,,HEWVUD_FSR
qmof-2600589,False,,,,,,,,,,,XEJDAU_FSR
qmof-b27a057,False,,,,,,,,,,,IFELEL_FSR
qmof-7b4729c,False,,,,,,,,,,,IFEKUA_FSR
qmof-fb04384,False,,,,,,,,,,,IGEMOX_FSR
qmof-364ee4b,True,498.5430000000002,5.772300000000006,18.46,35.0,4.0,0.0,2.0,8.0,4.0,5.0,IGEHOS_FSR
qmof-6fa2d3c,True,201.162,-2.3743999999999987,119.69,14.0,8.0,2.0,4.0,2.0,0.0,1.0,IFUKIE_FSR
qmof-8ae539d,True,258.163,-5.0387,160.51999999999998,17.0,9.0,0.0,9.0,2.0,1.0,1.0,AVUJOR_FSR
qmof-fcbd00c,True,242.18999999999997,-1.1294000000000002,106.03999999999999,18.0,6.0,0.0,6.0,3.0,2.0,2.0,AVUJOQ_FSR
qmof-6c014ac,True,111.07599999999996,-0.3569000000000001,53.269999999999996,8.0,3.0,0.0,3.0,1.0,1.0,1.0,FAPREV_FSR
qmof-a2b2c64,True,402.3700000000002,-0.47050000000000125,162.77,30.0,10.0,1.0,10.0,4.0,4.0,4.0,MIXROB_FSR
qmof-611c6bf,True,42.021,-1.4418000000000002,58.7,3.0,3.0,0.0,0.0,0.0,0.0,0.0,NODCOZ_FSR
qmof-58a2369,True,329.22,-3.7777999999999983,173.40999999999997,24.0,9.0,0.0,9.0,4.0,2.0,2.0,NOCPUR_FSR
qmof-7212f9b,False,,,,,,,,,,,NOBREC_FSR
qmof-7188d32,False,,,,,,,,,,,NOJPOT_FSR
qmof-16e6fa0,True,153.11299999999997,-0.5387,80.59,11.0,4.0,2.0,4.0,1.0,1.0,1.0,IFIBAB_FSR
qmof-057afa8,True,224.16799999999995,-2.055999999999999,98.72,16.0,6.0,0.0,6.0,6.0,1.0,1.0,IFEZUP01_FSR
qmof-dfef72a,True,224.16799999999995,-2.055999999999999,98.72,16.0,6.0,0.0,6.0,6.0,1.0,1.0,IFEZOJ_FSR
qmof-e3a9c54,False,,,,,,,,,,,XAMPAF_FSR
qmof-d4d2d19,True,114.05599999999998,-2.9576000000000002,80.25999999999999,8.0,4.0,0.0,4.0,2.0,0.0,0.0,XAMCUK_FSR
qmof-a560beb,True,164.124,-1.996699999999999,111.72000000000001,12.0,6.0,0.0,3.0,1.0,1.0,1.0,XALXIS01_FSR
qmof-1135fc0,True,66.043,-0.44704000000000005,61.68,5.0,3.0,0.0,2.0,0.0,0.0,0.0,HEWCOD_FSR
qmof-9aedda6,True,252.13399999999996,-2.1899999999999995,154.86,18.0,8.0,2.0,6.0,4.0,1.0,1.0,EMEZEB_FSR
qmof-1ff599f,True,170.164,-1.7073999999999987,80.25999999999999,12.0,4.0,0.0,4.0,2.0,0.0,1.0,EMECOO_FSR
qmof-0c1d1fc,True,236.16700000000003,2.3807,82.64999999999999,16.0,6.0,0.0,3.0,1.0,2.0,2.0,EMAVAP01_FSR
qmof-ed51700,True,150.10500000000002,-0.0260999999999999,102.36000000000001,11.0,8.0,0.0,6.0,2.0,0.0,2.0,FAQTUO_FSR
qmof-42ce45c,False,,,,,,,,,,,XALGEX_FSR
qmof-bc6e9ad,True,546.6240000000001,3.368400000000001,164.24,40.0,10.0,2.0,8.0,15.0,3.0,3.0,XAKPOQ_FSR
qmof-5950fb0,True,284.223,1.2033999999999998,180.09000000000003,17.0,11.0,3.0,3.0,2.0,1.0,1.0,XAKNOO_FSR
qmof-84cf692,True,59.044,-1.2438,40.129999999999995,4.0,2.0,0.0,2.0,0.0,0.0,0.0,XAJWAH_FSR
qmof-e21e341,True,266.252,2.1006199999999997,139.63,16.0,9.0,1.0,1.0,2.0,1.0,1.0,AWEHAM_FSR
qmof-6dd9a5a,False,,,,,,,,,,,AWAYEC_FSR
qmof-6efe8f8,True,258.163,-5.0387,160.51999999999998,17.0,9.0,0.0,9.0,2.0,1.0,1.0,AVUJUX_FSR
qmof-ba7b967,False,,,,,,,,,,,IFELOV_FSR
qmof-9f73619,True,403.3980000000002,0.48343999999999965,128.79000000000002,30.0,9.0,0.0,9.0,4.0,4.0,4.0,IGITID_FSR
qmof-84db2cd,True,58.085,0.66498,23.79,3.0,2.0,0.0,1.0,0.0,0.0,0.0,IGIROG_FSR
qmof-58098d3,True,134.14199999999997,0.36479000000000006,51.18,10.0,4.0,0.0,3.0,0.0,0.0,2.0,HESBAI01_FSR
qmof-6840970,True,304.279,-0.7536,114.4,21.0,7.0,0.0,6.0,4.0,2.0,2.0,HEVCAN01_FSR
qmof-bdd607c,False,,,,,,,,,,,HESMIE_FSR
qmof-1b99f64,True,197.17,-0.5761000000000001,106.11,14.0,6.0,2.0,4.0,4.0,1.0,1.0,XADTON01_FSR
qmof-2d98e86,True,187.09099999999998,0.8741000000000001,83.81,12.0,6.0,0.0,2.0,2.0,1.0,1.0,XADROL_FSR
qmof-e7c9e5e,True,168.10799999999998,-2.55488,108.94,12.0,6.0,1.0,5.0,2.0,1.0,1.0,ELUTUB_FSR
qmof-19002f5,False,,,,,,,,,,,ELUKUT_FSR
qmof-0f2f881,False,,,,,,,,,,,NUFPAG_FSR
qmof-292b063,True,251.27499999999998,2.8743200000000018,95.16,16.0,6.0,0.0,4.0,6.0,0.0,0.0,NOKLOQ_FSR
qmof-4a5984e,False,,,,,,,,,,,NOKKUV_FSR
qmof-c08687d,True,135.126,0.2512,61.54,10.0,4.0,2.0,2.0,0.0,2.0,2.0,NOKKIJ_FSR
qmof-8c04c0e,True,246.298,0.60835,83.19,18.0,7.0,0.0,5.0,7.0,0.0,2.0,NORYAW_FSR
qmof-52d1cdd,True,42.016999999999996,-0.10202000000000001,43.69,3.0,2.0,0.0,1.0,0.0,0.0,0.0,XAHGOE_FSR
qmof-d4b9a86,True,234.03999999999996,1.0453999999999999,113.74000000000001,14.0,8.0,0.0,2.0,2.0,1.0,1.0,XANBOE_FSR
qmof-807839f,True,207.11699999999993,-3.2229,120.38999999999999,15.0,6.0,0.0,6.0,3.0,1.0,1.0,IJALOV_FSR
qmof-44da7b6,True,26.018,0.09637,23.79,2.0,1.0,0.0,1.0,0.0,0.0,0.0,WUSDAQ_FSR
qmof-02eaa2a,True,210.24,2.058,35.64,16.0,4.0,0.0,4.0,2.0,3.0,3.0,WUZVAP_FSR
qmof-73b0d64,False,,,,,,,,,,,WUZRIU_FSR
qmof-891da5e,True,235.268,1.2773999999999999,71.95,16.0,6.0,1.0,4.0,3.0,2.0,2.0,WUYRIS_FSR
qmof-22d1c6f,True,328.19200000000006,-4.4024,186.3,24.0,10.0,0.0,10.0,5.0,2.0,2.0,HENYUV_FSR
qmof-041a99d,True,207.11699999999993,-3.2229,120.38999999999999,15.0,6.0,0.0,6.0,3.0,1.0,1.0,HELDOU_FSR
qmof-6c82b41,False,,,,,,,,,,,IHECAB_FSR
qmof-11836ed,True,66.043,-0.44704000000000005,61.68,5.0,3.0,0.0,2.0,0.0,0.0,0.0,IHAWET_FSR
qmof-775dcac,True,241.226,0.6973999999999998,82.12,18.0,5.0,1.0,4.0,3.0,2.0,2.0,NOPNAJ_FSR
qmof-932c046,True,152.202,1.32878,62.699999999999996,10.0,4.0,1.0,3.0,0.0,1.0,1.0,NOPFAA_FSR
qmof-72725f4,True,58.085,0.66498,23.79,3.0,2.0,0.0,1.0,0.0,0.0,0.0,EMASIU_FSR
qmof-1d1d359,True,168.10799999999998,-2.55488,108.94,12.0,6.0,1.0,5.0,2.0,1.0,1.0,ELUVAJ_FSR
qmof-7d95374,False,,,,,,,,,,,WUXROY_FSR
qmof-3470a15,True,171.201,0.24040000000000006,83.96000000000001,11.0,5.0,1.0,3.0,1.0,1.0,1.0,AWOLUU_FSR
qmof-bf96a9f,True,331.12100000000004,2.5547000000000017,139.63,16.0,10.0,1.0,1.0,2.0,1.0,1.0,AWEHOA_FSR
qmof-4ffb71f,True,212.196,0.8203899999999998,80.88,16.0,7.0,0.0,5.0,2.0,1.0,3.0,AXUVIA_FSR
qmof-60b56bd,True,212.19600000000003,0.9140999999999999,81.89,16.0,7.0,0.0,6.0,2.0,2.0,3.0,AXUVEW_FSR
qmof-4a2dcce,True,212.196,0.8203899999999998,80.88,16.0,7.0,0.0,5.0,2.0,1.0,3.0,AXUVAS_FSR
qmof-a86f85c,False,,,,,,,,,,,WUGLOZ01_FSR
qmof-6fbadf4,True,398.32700000000006,-4.001899999999996,186.29999999999995,29.0,10.0,0.0,10.0,5.0,2.0,3.0,NUCSOU_FSR
qmof-185a494,True,328.376,2.2,108.04,24.0,8.0,4.0,4.0,7.0,2.0,2.0,NUCFIB_FSR
qmof-ff0313d,True,208.12499999999994,-1.8881999999999997,117.56,15.0,6.0,1.0,5.0,3.0,1.0,1.0,EKUNON02_FSR
qmof-408d287,True,184.24200000000002,2.2618,25.78,14.0,2.0,0.0,2.0,3.0,2.0,2.0,FARJOZ_FSR
qmof-2684b38,False,,,,,,,,,,,MIWHUW_FSR
qmof-7ee523e,True,402.18800000000005,1.2519999999999998,189.0,26.0,12.0,4.0,4.0,4.0,2.0,2.0,IGUSOU_FSR
qmof-494d576,False,,,,,,,,,,,IGUSIO_FSR
qmof-ff1391f,False,,,,,,,,,,,AXAZEE_FSR
qmof-7e3ab62,True,586.6520000000004,4.610600000000004,124.6,44.0,10.0,2.0,6.0,2.0,4.0,7.0,AXAWIH_FSR
qmof-36f1dad,True,586.6520000000004,4.610600000000004,124.6,44.0,10.0,2.0,6.0,2.0,4.0,7.0,AXAWED_FSR
qmof-9702053,True,164.11599999999996,-1.5864000000000003,80.25999999999999,12.0,4.0,0.0,4.0,2.0,1.0,1.0,IJASES01_FSR
qmof-ba5cb75,False,,,,,,,,,,,IJALUC_FSR
qmof-e64b388,True,418.3430000000001,-1.055,211.56,29.0,13.0,2.0,8.0,2.0,4.0,4.0,AYOMUX_FSR
qmof-a0884cd,True,250.66099999999997,1.0234999999999999,67.07,17.0,5.0,0.0,3.0,1.0,2.0,2.0,AYOBUN_FSR
qmof-6d89826,True,42.021,-1.4418000000000002,58.7,3.0,3.0,0.0,0.0,0.0,0.0,0.0,WUBSIV_FSR
qmof-e78085a,True,278.265,1.3125999999999998,109.03,18.0,7.0,1.0,4.0,4.0,0.0,1.0,WUBDII_FSR
qmof-e14a6bb,True,245.11899999999994,-5.679499999999999,166.92000000000002,17.0,9.0,1.0,8.0,4.0,0.0,1.0,AYATOL_FSR
qmof-c9bcdde,True,175.19100000000003,1.0458999999999998,39.94,13.0,4.0,0.0,4.0,3.0,2.0,2.0,AXUYIC_FSR
qmof-b460db9,True,240.14699999999996,-4.196799999999998,147.32999999999998,17.0,8.0,0.0,7.0,2.0,1.0,1.0,FASSID_FSR
qmof-caacf39,False,,,,,,,,,,,FASKOZ_FSR
qmof-6ebffae,True,66.043,-0.44704000000000005,61.68,5.0,3.0,0.0,2.0,0.0,0.0,0.0,NUJWEW_FSR
qmof-e0961ec,True,426.4800000000001,6.032400000000006,0.0,30.0,2.0,0.0,0.0,9.0,4.0,4.0,NUJTAN_FSR
qmof-5e989c6,True,199.217,1.1335999999999995,48.53,15.0,5.0,0.0,5.0,2.0,3.0,3.0,NUJROA_FSR
qmof-ecd9526,True,199.217,1.1335999999999995,48.53,15.0,5.0,0.0,5.0,2.0,3.0,3.0,NUJREQ_FSR
qmof-5508e61,True,165.10399999999996,-2.1914,93.15,12.0,5.0,0.0,5.0,2.0,1.0,1.0,IJOWAG_FSR
qmof-c8d8074,True,45.016999999999996,-1.6339000000000001,40.129999999999995,3.0,2.0,0.0,2.0,0.0,0.0,0.0,IJOMOJ01_FSR
qmof-5f07dc3,False,,,,,,,,,,,IJIYOQ_FSR
qmof-ed3b382,True,212.196,0.8203899999999998,80.88,16.0,7.0,0.0,5.0,2.0,1.0,3.0,AXUVOG_FSR
qmof-d3b7ad4,True,62.004000000000005,-0.3914000000000001,63.04,4.0,4.0,0.0,2.0,0.0,0.0,0.0,WOFBAV_FSR
qmof-edd7431,True,362.3850000000001,1.0654999999999997,106.03999999999999,27.0,6.0,0.0,6.0,6.0,3.0,3.0,WOCKOP_FSR
qmof-a2d4eaa,True,183.123,2.2732000000000006,57.2,12.0,4.0,1.0,1.0,2.0,1.0,1.0,AZEKIZ_FSR
qmof-82c1116,True,236.16099999999994,0.35688999999999993,154.67,15.0,10.0,1.0,3.0,1.0,0.0,1.0,NUMZUR_FSR
qmof-d60bb3e,True,236.16099999999997,0.18349999999999994,155.6,15.0,10.0,1.0,3.0,1.0,1.0,1.0,NUMZIF_FSR
qmof-ab58af7,True,338.1360000000001,-8.3732,240.77999999999997,24.0,12.0,0.0,12.0,4.0,1.0,1.0,NULYAV_FSR
qmof-3ffa5b9,True,300.204,-2.6178999999999997,182.88,20.0,11.0,1.0,7.0,2.0,2.0,2.0,NUWTAB_FSR
qmof-b59197e,False,,,,,,,,,,,NUSTAX_FSR
qmof-18ee42c,True,560.1380000000003,-2.1822799999999978,153.70000000000002,32.0,15.0,0.0,11.0,2.0,1.0,5.0,MISLAC_FSR
qmof-b71f6b7,True,292.15900000000005,-5.2238999999999995,189.2,21.0,10.0,1.0,9.0,2.0,2.0,2.0,HEHBON_FSR
qmof-8f34360,True,292.15900000000005,-5.2238999999999995,189.2,21.0,10.0,1.0,9.0,2.0,2.0,2.0,HEHBED01_FSR
qmof-a4a4999,True,292.15900000000005,-5.2238999999999995,189.2,21.0,10.0,1.0,9.0,2.0,2.0,2.0,HEHBAZ01_FSR
qmof-0685926,True,292.15900000000005,-5.2238999999999995,189.2,21.0,10.0,1.0,9.0,2.0,2.0,2.0,HEGZUQ_FSR
qmof-ed13cd9,True,251.10599999999997,-5.4644,173.41,18.0,9.0,0.0,9.0,4.0,1.0,1.0,HEGVUM_FSR
qmof-a54ae56,True,244.262,-0.5185,92.37000000000002,18.0,8.0,1.0,8.0,4.0,3.0,3.0,AZEBAK01_FSR
qmof-9443441,True,191.956,-0.10440000000000016,154.2,10.0,10.0,2.0,2.0,0.0,0.0,0.0,WONYOO_FSR
qmof-c660d46,True,137.11399999999998,-0.24430000000000013,60.36,10.0,3.0,1.0,3.0,1.0,1.0,1.0,ILUWUH01_FSR
qmof-4279f07,False,,,,,,,,,,,NUSMOD_FSR
qmof-d655f8d,True,338.41400000000004,4.482600000000003,35.64,26.0,4.0,0.0,4.0,4.0,5.0,5.0,EKUFUN_FSR
qmof-a297351,True,323.33000000000004,0.0483000000000009,151.63,22.0,9.0,1.0,5.0,4.0,2.0,2.0,EKOFIU01_FSR
qmof-075d3eb,True,114.05599999999998,-2.9576000000000002,80.25999999999999,8.0,4.0,0.0,4.0,2.0,0.0,0.0,NUZHIB_FSR
qmof-1e99374,True,246.222,-1.0079999999999993,98.08,18.0,6.0,0.0,6.0,2.0,2.0,2.0,NUYWIO01_FSR
qmof-ebe52cf,False,,,,,,,,,,,MIQTOX_FSR
qmof-23af1a9,True,143.086,-1.3623000000000005,100.84,10.0,8.0,0.0,6.0,2.0,1.0,1.0,MINQOQ_FSR
qmof-a96bee3,True,143.086,-1.3623000000000005,100.84,10.0,8.0,0.0,6.0,2.0,1.0,1.0,MINQIK_FSR
qmof-0cecd6b,True,143.086,-1.3623000000000005,100.84,10.0,8.0,0.0,6.0,2.0,1.0,1.0,MINQEG_FSR
qmof-e51b7be,True,143.086,-1.3623000000000005,100.84,10.0,8.0,0.0,6.0,2.0,1.0,1.0,MINQAC_FSR
qmof-f9b57f1,True,143.086,-1.3623000000000005,100.84,10.0,8.0,0.0,6.0,2.0,1.0,1.0,MINPUV_FSR
qmof-298eb52,False,,,,,,,,,,,MITRAL_FSR
qmof-d8e2d5a,False,,,,,,,,,,,AYINAX_FSR
qmof-285773f,True,154.081,-2.8633000000000006,108.94,11.0,6.0,1.0,5.0,2.0,1.0,1.0,WOGKOT01_FSR
qmof-5c4b8f9,True,26.018,0.09637,23.79,2.0,1.0,0.0,1.0,0.0,0.0,0.0,WOFWIX_FSR
qmof-66d0b97,True,508.5780000000003,1.8749999999999996,112.51999999999998,38.0,8.0,0.0,8.0,7.0,4.0,5.0,ILAHEJ_FSR
qmof-1a60fe1,True,504.5430000000003,0.9188200000000009,164.23999999999995,37.0,10.0,2.0,8.0,11.0,3.0,3.0,HEFRUI_FSR
qmof-054db11,True,207.11699999999993,-3.2229,120.38999999999999,15.0,6.0,0.0,6.0,3.0,1.0,1.0,FASWED_FSR
qmof-9f43508,True,112.03999999999998,-3.5104,80.25999999999999,8.0,4.0,0.0,4.0,0.0,0.0,0.0,MIRLEF_FSR
qmof-8b2104f,True,187.17799999999997,0.2358,57.949999999999996,14.0,4.0,0.0,4.0,2.0,2.0,2.0,NUYWEK_FSR
qmof-3db6ff9,True,295.17900000000003,-4.910999999999999,180.42,21.0,9.0,0.0,8.0,5.0,1.0,1.0,NUYTIL_FSR
qmof-a6c6942,True,184.198,1.7076,42.85,14.0,3.0,0.0,3.0,2.0,2.0,2.0,OBITOK_FSR
qmof-35dd9a5,True,180.13899999999995,-2.596309999999999,83.5,13.0,5.0,0.0,5.0,3.0,0.0,1.0,OBEPAP_FSR
qmof-42f74ee,True,195.202,1.8172000000000001,42.06,13.0,6.0,0.0,3.0,1.0,1.0,2.0,WITXOP_FSR
qmof-c6a63af,True,180.09499999999997,-2.0476,113.05000000000001,13.0,6.0,0.0,5.0,2.0,1.0,1.0,BADFOD01_FSR
qmof-732dc1a,True,58.085,0.66498,23.79,3.0,2.0,0.0,1.0,0.0,0.0,0.0,BADCIU_FSR
qmof-ce19bbe,True,96.06299999999999,-0.9077999999999999,73.94,5.0,5.0,0.0,2.0,0.0,0.0,0.0,BADCEQ_FSR
qmof-f78137f,True,199.19700000000003,0.6527999999999997,70.06,15.0,6.0,0.0,5.0,2.0,2.0,3.0,BADBUF_FSR
qmof-eebdff7,True,230.128,-3.245799999999999,154.85999999999999,16.0,8.0,2.0,6.0,4.0,0.0,0.0,AZOCAU_FSR
qmof-c00d5f9,True,379.43300000000005,0.79935,112.89000000000001,27.0,11.0,0.0,7.0,6.0,1.0,4.0,WOGLEL_FSR
qmof-11abec0,True,284.203,-2.160899999999999,133.28,21.0,7.0,0.0,7.0,4.0,2.0,2.0,IKENAP_FSR
qmof-38f895c,True,271.228,-0.6124000000000003,102.38,20.0,6.0,0.0,6.0,5.0,2.0,2.0,EJOWAD01_FSR
qmof-fa17d4c,True,147.121,0.12339999999999998,76.96000000000001,11.0,6.0,0.0,5.0,1.0,1.0,2.0,EJOPUP_FSR
qmof-f491166,True,147.121,0.12339999999999998,76.96000000000001,11.0,6.0,0.0,5.0,1.0,1.0,2.0,EJOPID_FSR
qmof-fec4114,True,166.09199999999998,-2.7964,106.03999999999999,12.0,6.0,0.0,6.0,2.0,1.0,1.0,OCATUK_FSR
qmof-f8b577a,True,201.07399999999996,-0.6768099999999999,109.03,13.0,7.0,1.0,4.0,2.0,0.0,1.0,FAVNEY_FSR
qmof-5b082ad,True,295.223,-2.915499999999998,138.85000000000002,21.0,8.0,0.0,8.0,7.0,1.0,1.0,FAVHES_FSR
qmof-5edfb51,True,295.223,-2.915499999999998,138.85000000000002,21.0,8.0,0.0,8.0,7.0,1.0,1.0,FAVGUH_FSR
qmof-7b18880,True,295.223,-2.915499999999998,138.85000000000002,21.0,8.0,0.0,8.0,7.0,1.0,1.0,FAVGIV_FSR
qmof-d4eba6e,True,376.41200000000015,0.9943999999999997,106.03999999999999,28.0,6.0,0.0,6.0,7.0,3.0,3.0,WIHPUA_FSR
qmof-61def2f,True,283.554,2.2514200000000004,48.24,13.0,6.0,0.0,2.0,2.0,1.0,1.0,WIHDAT_FSR
qmof-cffa37f,True,272.26099999999997,-4.516999999999996,102.44999999999999,19.0,9.0,0.0,9.0,4.0,0.0,4.0,BAHLUS_FSR
qmof-88c0dcd,True,158.15799999999996,1.2815999999999996,72.59,10.0,5.0,0.0,1.0,1.0,1.0,1.0,BAFNUR01_FSR
qmof-0a0718a,True,180.09499999999997,-2.0476,113.05000000000001,13.0,6.0,0.0,5.0,2.0,1.0,1.0,BADGAQ01_FSR
qmof-68f7719,True,180.09499999999997,-2.0476,113.05000000000001,13.0,6.0,0.0,5.0,2.0,1.0,1.0,BADFUJ_FSR
qmof-a4041be,True,131.087,-3.924199999999999,92.28999999999999,9.0,5.0,1.0,5.0,4.0,0.0,0.0,IMAOXU_FSR
qmof-3253161,False,,,,,,,,,,,WIZDUG_FSR
qmof-4c2c9ee,True,141.17099999999996,0.4200199999999999,40.129999999999995,9.0,3.0,0.0,3.0,1.0,1.0,1.0,OBODIU_FSR
qmof-69a8041,True,300.322,1.4197999999999997,108.04,22.0,8.0,4.0,4.0,5.0,2.0,2.0,EJISIA_FSR
qmof-73a5875,True,136.19799999999995,0.604,52.04,10.0,2.0,2.0,2.0,2.0,1.0,1.0,EJIRUM_FSR
qmof-4e5da67,True,136.19799999999995,0.604,52.04,10.0,2.0,2.0,2.0,2.0,1.0,1.0,EJIROG_FSR
qmof-cc96959,True,137.11399999999998,-0.24430000000000013,60.36,10.0,3.0,1.0,3.0,1.0,1.0,1.0,ILUWUH02_FSR
qmof-60562ae,True,122.10299999999997,-0.5549000000000002,53.019999999999996,9.0,3.0,0.0,3.0,1.0,1.0,1.0,INALIT_FSR
qmof-8f1ddfa,True,42.021,-1.4418000000000002,58.7,3.0,3.0,0.0,0.0,0.0,0.0,0.0,INAKIT_FSR
qmof-4b5e7db,True,170.215,2.0673999999999997,25.78,13.0,2.0,0.0,2.0,2.0,2.0,2.0,IMUXAP_FSR
qmof-1e0e02e,False,,,,,,,,,,,WIGMII_FSR
qmof-5db7a83,True,151.14099999999996,-0.5301,60.36,11.0,3.0,1.0,3.0,2.0,1.0,1.0,WEXZIJ_FSR
qmof-b05923b,True,276.04200000000003,-1.7977999999999992,107.19999999999999,15.0,7.0,0.0,5.0,1.0,1.0,1.0,WIKPOY_FSR
qmof-173ea6a,True,276.04200000000003,-1.7977999999999992,107.19999999999999,15.0,7.0,0.0,5.0,1.0,1.0,1.0,WIKPEO_FSR
qmof-fe0c306,True,59.044,-1.2438,40.129999999999995,4.0,2.0,0.0,2.0,0.0,0.0,0.0,IMIFUG_FSR
qmof-f67c515,False,,,,,,,,,,,IMEXEF_FSR
qmof-ec2c894,True,281.17600000000004,-4.924999999999998,173.40999999999997,20.0,9.0,0.0,9.0,5.0,1.0,1.0,INERAW01_FSR
qmof-2acdb6d,True,88.01799999999999,-3.5138000000000003,80.25999999999999,6.0,4.0,0.0,4.0,0.0,0.0,0.0,EKEGUX_FSR
qmof-c389047,True,492.14600000000024,2.5872,115.9,30.0,12.0,0.0,8.0,7.0,3.0,3.0,OCEYIH_FSR
qmof-850b075,True,264.292,1.8761999999999996,61.42,20.0,6.0,0.0,6.0,3.0,4.0,4.0,OCETEW_FSR
qmof-df3ccf7,False,,,,,,,,,,,OCEQOD_FSR
qmof-9c5aaea,True,183.14299999999997,-2.4727099999999984,104.97999999999999,13.0,6.0,0.0,6.0,3.0,0.0,1.0,OCEQIX_FSR
qmof-bbd9bf5,True,112.03999999999999,-1.7236000000000002,68.28,8.0,4.0,0.0,4.0,0.0,0.0,1.0,ODAVIA_FSR
qmof-04fca8c,True,112.03999999999999,-1.7236000000000002,68.28,8.0,4.0,0.0,4.0,0.0,0.0,1.0,ODATOE_FSR
qmof-c4f5db2,True,112.03999999999999,-1.7236000000000002,68.28,8.0,4.0,0.0,4.0,0.0,0.0,1.0,ODATIY_FSR
qmof-161f324,True,488.5000000000002,0.36119999999999974,164.24,36.0,10.0,2.0,8.0,6.0,3.0,4.0,MIKHOF_FSR
qmof-18273eb,True,488.5000000000002,0.36119999999999974,164.24,36.0,10.0,2.0,8.0,6.0,3.0,4.0,MIKHIZ_FSR
qmof-781d4d1,True,412.4930000000001,3.693290000000002,75.77000000000001,31.0,6.0,0.0,6.0,7.0,4.0,5.0,MIJSAA_FSR
qmof-f26e1fa,True,155.08899999999997,-2.5732999999999997,105.85,11.0,6.0,2.0,4.0,1.0,1.0,1.0,MIJLUN_FSR
qmof-2001b2e,True,165.10399999999996,-2.1914,93.15,12.0,5.0,0.0,5.0,2.0,1.0,1.0,MIMREF01_FSR
qmof-4dc2cd0,True,154.07699999999997,-1.9933999999999996,93.4,11.0,5.0,0.0,5.0,2.0,1.0,1.0,MIMKIE_FSR
qmof-fb04ded,True,241.20199999999997,-0.5244000000000002,93.15,18.0,5.0,0.0,5.0,3.0,2.0,2.0,MIMHOH_FSR
qmof-2851cc5,True,224.16799999999995,-2.055999999999999,98.72,16.0,6.0,0.0,6.0,6.0,1.0,1.0,OCADIG_FSR
qmof-ae6a4ef,False,,,,,,,,,,,OBOSUU_FSR
qmof-379f83f,True,211.22800000000004,1.4529999999999996,48.53,16.0,5.0,0.0,5.0,2.0,3.0,3.0,MIHKEU_FSR
qmof-4124b8d,False,,,,,,,,,,,MIFVII_FSR
qmof-3abd6b1,True,496.65800000000024,7.9240000000000075,35.64,38.0,4.0,0.0,4.0,6.0,6.0,7.0,MIDZIJ_FSR
qmof-8ad9c54,True,281.17600000000004,-4.924999999999998,173.40999999999997,20.0,9.0,0.0,9.0,5.0,1.0,1.0,INEQUP01_FSR
qmof-0300d77,True,281.17600000000004,-4.924999999999998,173.40999999999997,20.0,9.0,0.0,9.0,5.0,1.0,1.0,INEQID01_FSR
qmof-9c977f5,True,281.17600000000004,-4.924999999999998,173.40999999999997,20.0,9.0,0.0,9.0,5.0,1.0,1.0,INEQEZ01_FSR
qmof-a770d67,True,281.17600000000004,-4.924999999999998,173.40999999999997,20.0,9.0,0.0,9.0,5.0,1.0,1.0,INEPUO01_FSR
qmof-0150f2b,True,334.1800000000001,-5.658100000000001,237.71999999999997,24.0,13.0,1.0,12.0,4.0,1.0,2.0,INEPIC_FSR
qmof-bd5ae88,True,281.17600000000004,-4.924999999999998,173.40999999999997,20.0,9.0,0.0,9.0,5.0,1.0,1.0,INEFEO01_FSR
qmof-3d7d270,False,,,,,,,,,,,INEFEN_FSR
qmof-1a5f96c,True,281.17600000000004,-4.924999999999998,173.40999999999997,20.0,9.0,0.0,9.0,5.0,1.0,1.0,INEFAK01_FSR
qmof-d967b7b,True,150.15699999999998,-0.23590000000000044,53.019999999999996,11.0,3.0,0.0,3.0,3.0,1.0,1.0,INAZAY01_FSR
qmof-5546ee9,True,353.2700000000001,-2.654309999999998,162.98,26.0,10.0,0.0,9.0,4.0,2.0,3.0,WEWXAA_FSR
qmof-8332999,True,396.271,-4.197099999999998,204.11999999999995,29.0,12.0,0.0,12.0,5.0,3.0,3.0,WEWVOM_FSR
qmof-11d85cf,True,189.154,-0.9742000000000004,83.73,14.0,6.0,0.0,6.0,2.0,2.0,2.0,WEWVAY_FSR
qmof-7bff871,False,,,,,,,,,,,FAXCOZ_FSR
qmof-1e65e0c,True,336.20400000000006,0.30567999999999984,205.32,24.0,15.0,0.0,11.0,3.0,0.0,3.0,WEPHAD_FSR
qmof-db2fad9,True,216.16999999999996,-0.04430000000000017,120.05999999999999,14.0,7.0,1.0,3.0,2.0,1.0,1.0,WENXAR_FSR
qmof-7d23e4a,False,,,,,,,,,,,WEXNIW_FSR
qmof-858bd1d,True,122.91899999999998,-0.7372000000000001,59.699999999999996,4.0,4.0,0.0,0.0,0.0,0.0,0.0,WEWZOP_FSR
qmof-4518686,True,164.11599999999996,-1.5864000000000003,80.25999999999999,12.0,4.0,0.0,4.0,2.0,1.0,1.0,FAYNID_FSR
qmof-8d08cd1,True,88.01799999999999,-3.5138000000000003,80.25999999999999,6.0,4.0,0.0,4.0,0.0,0.0,0.0,MIHNEX_FSR
qmof-27c2f69,True,363.3730000000001,0.2576000000000007,132.06,27.0,7.0,1.0,7.0,5.0,3.0,3.0,ODEKAK_FSR
qmof-e5a60a8,True,108.144,0.851,52.04,8.0,2.0,2.0,2.0,0.0,1.0,1.0,EHOXUV_FSR
qmof-7e2fd26,True,180.09499999999997,-2.0476,113.05000000000001,13.0,6.0,0.0,5.0,2.0,1.0,1.0,EHOLET_FSR
qmof-1eb9333,True,558.414,1.2539999999999998,307.0800000000001,42.0,24.0,0.0,18.0,6.0,2.0,8.0,EHIVOH_FSR
qmof-7a9afb6,True,165.10399999999996,-2.1914,93.15,12.0,5.0,0.0,5.0,2.0,1.0,1.0,EHIBUT_FSR
qmof-a6eba10,True,143.086,-1.3623000000000005,100.84,10.0,8.0,0.0,6.0,2.0,1.0,1.0,OCOLAV_FSR
qmof-740efb1,True,279.279,0.9836999999999991,91.69,21.0,6.0,0.0,6.0,2.0,3.0,3.0,ODERAT_FSR
qmof-03a0b22,False,,,,,,,,,,,ODEQIX01_FSR
qmof-45e1a1c,False,,,,,,,,,,,ODEQET01_FSR
qmof-41468e7,False,,,,,,,,,,,ODEQAP01_FSR
qmof-10d5eb8,True,96.06299999999999,-0.9077999999999999,73.94,5.0,5.0,0.0,2.0,0.0,0.0,0.0,WEDLAV_FSR
qmof-47e505d,True,798.3780000000003,5.919120000000011,343.2,48.0,24.0,6.0,6.0,12.0,2.0,2.0,WEMLAD_FSR
qmof-2754592,True,317.19,2.9387,35.64,19.0,5.0,0.0,4.0,4.0,3.0,3.0,ODISOK_FSR
qmof-9659d87,True,184.24200000000002,2.2618,25.78,14.0,2.0,0.0,2.0,3.0,2.0,2.0,ODIPUN_FSR
qmof-0691242,False,,,,,,,,,,,ODOWAF_FSR
qmof-52dc25d,False,,,,,,,,,,,ODOVUY_FSR
qmof-2590e01,True,165.10399999999996,-2.1914,93.15,12.0,5.0,0.0,5.0,2.0,1.0,1.0,FEBMUV01_FSR
qmof-b24bd16,False,,,,,,,,,,,FAZREE_FSR
qmof-d51d399,True,242.18999999999997,-1.1294000000000002,106.03999999999999,18.0,6.0,0.0,6.0,3.0,2.0,2.0,BARJAG_FSR
qmof-cd5c084,False,,,,,,,,,,,BAQXIC_FSR
qmof-9dedbbd,False,,,,,,,,,,,BAQXEY_FSR
qmof-8e117f6,True,384.4520000000001,0.39088999999999974,121.83000000000001,28.0,12.0,0.0,11.0,10.0,3.0,4.0,BANTIV_FSR
qmof-290d012,True,192.226,-0.2682199999999997,59.400000000000006,14.0,6.0,0.0,4.0,5.0,0.0,2.0,BANTIV02_FSR
qmof-5ad197c,True,425.05500000000006,1.7028400000000001,132.06,25.0,11.0,1.0,7.0,2.0,2.0,2.0,BANMIO_FSR
qmof-5fea5b6,True,96.06299999999999,-0.9077999999999999,73.94,5.0,5.0,0.0,2.0,0.0,0.0,0.0,INAMIT_FSR
qmof-45f099f,True,188.16599999999997,-0.3692000000000002,70.84,14.0,5.0,0.0,5.0,2.0,2.0,2.0,HEBNAF_FSR
qmof-ecb167c,False,,,,,,,,,,,INIZAG01_FSR
qmof-e9f53c2,False,,,,,,,,,,,WELWIW_FSR
qmof-247e926,True,181.10299999999998,-2.8981000000000003,113.12,13.0,6.0,1.0,5.0,2.0,1.0,1.0,BARKOV_FSR
qmof-d8c5293,True,242.18999999999997,-1.1294000000000002,106.03999999999999,18.0,6.0,0.0,6.0,3.0,2.0,2.0,BARKIP_FSR
qmof-a19fb5f,True,181.10299999999998,-3.1803099999999995,112.19,13.0,6.0,1.0,5.0,2.0,0.0,1.0,BARJIO_FSR
qmof-fc93e58,True,530.2820000000002,-0.1728099999999999,140.67000000000002,31.0,11.0,0.0,9.0,6.0,3.0,4.0,WECQAZ_FSR
qmof-ccef97a,True,310.492,3.686180000000002,19.72,20.0,6.0,0.0,6.0,7.0,2.0,2.0,WAYXOM_FSR
qmof-128a8ad,False,,,,,,,,,,,WAYTOF_FSR
qmof-59aae71,True,58.085,0.66498,23.79,3.0,2.0,0.0,1.0,0.0,0.0,0.0,EHEYOF_FSR
qmof-d622bf2,True,165.10399999999996,-2.1914,93.15,12.0,5.0,0.0,5.0,2.0,1.0,1.0,EHESUH_FSR
qmof-8c8b556,True,374.35600000000005,0.47159999999999935,115.89999999999999,28.0,8.0,0.0,8.0,4.0,4.0,4.0,EHAGUQ_FSR
qmof-00be260,False,,,,,,,,,,,EGUGAP_FSR
qmof-4fbebc6,True,242.18999999999997,-1.1294000000000002,106.03999999999999,18.0,6.0,0.0,6.0,3.0,2.0,2.0,MEWWET_FSR
qmof-46fc54f,True,250.18599999999995,-3.643699999999999,123.63,18.0,7.0,0.0,7.0,6.0,1.0,1.0,HAZYUE_FSR
qmof-a645700,True,200.999,0.20759999999999987,53.019999999999996,10.0,4.0,0.0,3.0,1.0,1.0,1.0,HAZPIJ01_FSR
qmof-69c4e7d,True,198.269,2.6519000000000013,25.78,15.0,2.0,0.0,2.0,4.0,2.0,2.0,INOZIU_FSR
qmof-efe3730,True,158.053,0.15599999999999986,82.65,10.0,6.0,0.0,3.0,1.0,1.0,1.0,WAMZAN_FSR
qmof-7344c24,True,222.257,0.23477999999999988,85.21,15.0,8.0,0.0,7.0,3.0,2.0,2.0,WAVFAB_FSR
qmof-02b9923,True,108.14399999999998,0.5403000000000001,38.91,8.0,2.0,1.0,2.0,1.0,1.0,1.0,WAVBOL_FSR
qmof-26ca78e,False,,,,,,,,,,,OFUWOD_FSR
qmof-67def0f,False,,,,,,,,,,,OFUWIX_FSR
qmof-4e1f5c1,True,116.07199999999999,-2.733599999999999,80.25999999999999,8.0,4.0,0.0,4.0,3.0,0.0,0.0,OFIFAL_FSR
qmof-8780f49,True,304.123,2.429100000000001,61.13,18.0,5.0,0.0,3.0,2.0,2.0,2.0,OFEYOP_FSR
qmof-e218f10,True,241.20199999999997,-0.5244000000000002,93.15,18.0,5.0,0.0,5.0,3.0,2.0,2.0,OFANEQ_FSR
qmof-419f835,False,,,,,,,,,,,OFOYIR_FSR
qmof-821f27d,True,490.5160000000002,0.6103999999999994,164.24,36.0,10.0,2.0,8.0,11.0,3.0,3.0,WEHDAR_FSR
qmof-ec5caac,False,,,,,,,,,,,WEHDAR01_FSR
qmof-cfe9c1c,True,312.15400000000005,1.8360000000000003,114.39999999999999,20.0,8.0,2.0,2.0,3.0,2.0,2.0,WAPZIY_FSR
qmof-4c83c49,True,108.08,-0.90665,90.66999999999999,8.0,4.0,1.0,3.0,1.0,0.0,0.0,BAVYIH_FSR
qmof-531406b,False,,,,,,,,,,,BATVEA_FSR
qmof-bcf3e10,True,170.14499999999995,-1.5249000000000001,80.25999999999999,11.0,5.0,0.0,5.0,2.0,1.0,1.0,INOMOP01_FSR
qmof-d30afbd,True,431.4520000000002,0.6016399999999997,128.79000000000002,32.0,9.0,0.0,9.0,6.0,4.0,4.0,INIZAH_FSR
qmof-da53b42,False,,,,,,,,,,,WABBUY_FSR
qmof-482a38c,True,220.03099999999998,1.1220999999999997,49.36,13.0,5.0,0.0,3.0,3.0,1.0,1.0,VUYCUO_FSR
qmof-632d8e4,True,230.128,-3.245799999999999,154.85999999999999,16.0,8.0,2.0,6.0,4.0,0.0,0.0,WADDAJ_FSR
qmof-390913b,False,,,,,,,,,,,BAWMOC_FSR
qmof-b0527f5,False,,,,,,,,,,,IPAYIH_FSR
qmof-f54855a,True,96.06299999999999,-0.9077999999999999,73.94,5.0,5.0,0.0,2.0,0.0,0.0,0.0,MEYKAE_FSR
qmof-0d83a18,True,172.16299999999998,0.5982999999999998,53.019999999999996,13.0,3.0,0.0,3.0,1.0,2.0,2.0,OFIXOR_FSR
qmof-6b58e65,True,510.4340000000002,-1.858129999999997,200.07,38.0,16.0,0.0,13.0,6.0,3.0,6.0,OGAPIY_FSR
qmof-84f1ff5,False,,,,,,,,,,,OGAPAQ_FSR
qmof-e392a20,True,255.217,-0.9759200000000001,99.53,19.0,8.0,0.0,6.0,3.0,1.0,3.0,OGAGEL_FSR
qmof-f17bfa5,True,237.14299999999994,-3.4577,129.62,17.0,7.0,0.0,7.0,5.0,1.0,1.0,OFUWUJ_FSR
qmof-d234b42,False,,,,,,,,,,,INICPB01_FSR
qmof-cc82b11,True,114.05599999999998,-2.9576000000000002,80.25999999999999,8.0,4.0,0.0,4.0,2.0,0.0,0.0,INIBIR_FSR
qmof-18de3c4,True,156.18799999999996,2.1435999999999993,25.78,12.0,2.0,0.0,2.0,1.0,2.0,2.0,IPEBIO01_FSR
qmof-25fb70b,False,,,,,,,,,,,IPAZOO_FSR
qmof-756ef2e,False,,,,,,,,,,,IPAZAA_FSR
qmof-e08f21e,True,223.13999999999996,-2.184779999999999,130.45,16.0,7.0,1.0,6.0,3.0,1.0,1.0,WAGQIH_FSR
qmof-63cb6eb,True,116.07199999999999,-2.733599999999999,80.25999999999999,8.0,4.0,0.0,4.0,3.0,0.0,0.0,WADJOB_FSR
qmof-17cd56b,True,276.42999999999995,4.141200000000003,25.78,18.0,4.0,0.0,4.0,7.0,2.0,2.0,BEGJIH_FSR
qmof-ba5b808,True,152.097,-0.7014000000000005,116.12,11.0,8.0,1.0,7.0,1.0,1.0,2.0,BEGHAZ_FSR
qmof-c018ace,False,,,,,,,,,,,OFUVUI_FSR
qmof-5a1b056,False,,,,,,,,,,,EGIROD_FSR
qmof-66e3860,False,,,,,,,,,,,EGEXOD01_FSR
qmof-7ec7d41,True,45.061,0.4368,19.9,3.0,1.0,0.0,0.0,0.0,0.0,0.0,EGAHOK_FSR
qmof-8e757ac,False,,,,,,,,,,,OGOXOX_FSR
qmof-6f41f72,False,,,,,,,,,,,OGOXIR_FSR
qmof-0c240a1,True,229.18899999999996,-2.7687,120.38999999999999,15.0,7.0,0.0,7.0,2.0,1.0,1.0,FEFXEW_FSR
qmof-da56d35,True,26.018,0.09637,23.79,2.0,1.0,0.0,1.0,0.0,0.0,0.0,FECDAT_FSR
qmof-fa22844,False,,,,,,,,,,,IPADEI_FSR
qmof-edc5795,True,200.999,0.20759999999999987,53.019999999999996,10.0,4.0,0.0,3.0,1.0,1.0,1.0,HAZNAZ_FSR
qmof-ef56436,True,360.3180000000001,0.11499999999999977,117.18,26.0,8.0,0.0,8.0,7.0,2.0,2.0,HAYQIK_FSR
qmof-e40b980,True,526.4210000000002,-2.615699999999997,213.97999999999996,39.0,14.0,0.0,14.0,7.0,5.0,5.0,WACZOS_FSR
qmof-b0dde37,False,,,,,,,,,,,IQUCAZ_FSR
qmof-c74db95,True,249.15800000000002,-3.587399999999999,149.06999999999996,18.0,8.0,1.0,7.0,1.0,2.0,2.0,IQOZAQ_FSR
qmof-195f435,True,426.52100000000013,5.966580000000004,68.03,31.0,6.0,0.0,5.0,7.0,4.0,4.0,IQOZAP_FSR
qmof-eb06803,True,62.004000000000005,-0.3914000000000001,63.04,4.0,4.0,0.0,2.0,0.0,0.0,0.0,MEVDAS_FSR
qmof-3376567,False,,,,,,,,,,,OGOXEN_FSR
qmof-e220ad6,True,456.38200000000006,-0.1296000000000017,208.39999999999998,34.0,14.0,0.0,12.0,4.0,3.0,5.0,OGEXEF_FSR
qmof-e2baa0d,True,138.10199999999998,-1.2616,72.99,10.0,4.0,1.0,3.0,1.0,1.0,1.0,EFOZIK_FSR
qmof-57605e0,True,164.11599999999996,-1.5864000000000003,80.25999999999999,12.0,4.0,0.0,4.0,2.0,1.0,1.0,EFOCUZ_FSR
qmof-7b9e8d1,True,156.18799999999996,2.1435999999999993,25.78,12.0,2.0,0.0,2.0,1.0,2.0,2.0,EDUNIB_FSR
qmof-1041602,False,,,,,,,,,,,OFUWAP_FSR
qmof-e419ee4,False,,,,,,,,,,,VOXTIL_FSR
qmof-c12b0bf,True,245.21399999999997,-1.4875099999999997,86.74,18.0,6.0,0.0,6.0,4.0,1.0,2.0,VOTXAF_FSR
qmof-ffeae31,True,242.19600000000003,-0.17940000000000011,138.01,16.0,10.0,0.0,6.0,1.0,1.0,2.0,VUMZAG01_FSR
qmof-fdd816c,False,,,,,,,,,,,VUKWUV_FSR
qmof-859646d,True,45.016999999999996,-1.6339000000000001,40.129999999999995,3.0,2.0,0.0,2.0,0.0,0.0,0.0,VUKSAV02_FSR
qmof-e8c5eb2,True,45.016999999999996,-1.6339000000000001,40.129999999999995,3.0,2.0,0.0,2.0,0.0,0.0,0.0,VUKRUO_FSR
qmof-288158a,True,297.32099999999997,2.3828000000000005,76.77,16.0,10.0,0.0,3.0,0.0,0.0,1.0,IQOLEF_FSR
qmof-78bceac,True,488.50000000000017,0.6519999999999999,162.52,36.0,10.0,4.0,6.0,10.0,3.0,3.0,FELJAJ_FSR
qmof-bd1b869,True,205.14899999999997,-1.6297099999999998,104.32,15.0,6.0,2.0,6.0,2.0,1.0,2.0,FELBAC_FSR
qmof-369fa70,True,168.197,-0.07640000000000025,53.019999999999996,11.0,4.0,0.0,4.0,3.0,1.0,1.0,FEJYID01_FSR
qmof-f23d0c7,False,,,,,,,,,,,FEJROE_FSR
qmof-863a9f2,True,166.09199999999998,-2.7964,106.03999999999999,12.0,6.0,0.0,6.0,2.0,1.0,1.0,EDUDAK01_FSR
qmof-201a793,True,275.35499999999996,4.293200000000003,18.46,16.0,5.0,0.0,2.0,3.0,1.0,1.0,MERXIR_FSR
qmof-5e1f138,False,,,,,,,,,,,MEQMON_FSR
qmof-c6a46ca,True,183.14299999999994,-3.3057099999999986,86.74,13.0,6.0,0.0,6.0,4.0,0.0,1.0,MEQGOF_FSR
qmof-cdeaaaa,False,,,,,,,,,,,MENGIV_FSR
qmof-ea2e5ae,True,170.164,-1.7073999999999987,80.25999999999999,12.0,4.0,0.0,4.0,2.0,0.0,1.0,BEKMEM_FSR
qmof-8d0f063,True,170.164,-1.7073999999999987,80.25999999999999,12.0,4.0,0.0,4.0,2.0,0.0,1.0,BEKMAI_FSR
qmof-c2973f6,True,453.49600000000027,0.6727999999999996,115.84,32.0,9.0,1.0,7.0,6.0,2.0,4.0,BEHWIU_FSR
qmof-dd67326,True,228.22699999999998,1.0240999999999998,62.25,17.0,4.0,0.0,4.0,4.0,2.0,2.0,IQAGEN_FSR
qmof-a724328,True,168.197,-0.07640000000000025,53.019999999999996,11.0,4.0,0.0,4.0,3.0,1.0,1.0,IPUWAR_FSR
qmof-cbd2f4b,True,329.28900000000004,-6.272399999999995,153.57999999999998,23.0,11.0,1.0,11.0,5.0,0.0,4.0,IPIFAP_FSR
qmof-9d2522c,False,,,,,,,,,,,EDAMOM_FSR
qmof-713f435,True,398.4190000000002,0.2960399999999999,136.13,29.0,9.0,1.0,9.0,7.0,3.0,3.0,ECUYAE_FSR
qmof-d2a32bb,True,268.1329999999999,-5.3946,180.75,19.0,9.0,1.0,9.0,2.0,1.0,1.0,MEJPUP_FSR
qmof-abdd3ed,True,268.1329999999999,-5.3946,180.75,19.0,9.0,1.0,9.0,2.0,1.0,1.0,MEJPID_FSR
qmof-77b56e0,True,268.1329999999999,-5.3946,180.75,19.0,9.0,1.0,9.0,2.0,1.0,1.0,MEJPEZ_FSR
qmof-47ddc3f,True,168.08199999999997,-4.5179,131.47,10.0,8.0,0.0,7.0,0.0,0.0,0.0,FELJAK_FSR
qmof-fc59056,True,321.272,-0.11420000000000002,135.4,24.0,8.0,1.0,6.0,2.0,3.0,4.0,IQOYET_FSR
qmof-bf184e0,True,83.074,-1.1376000000000002,64.84,6.0,4.0,1.0,3.0,0.0,0.0,1.0,IQOWUH02_FSR
qmof-6a95fdb,True,231.16699999999997,-2.005699999999999,110.97,17.0,7.0,0.0,7.0,3.0,2.0,2.0,IQOWER_FSR
qmof-7cf79e0,True,173.173,0.8638,98.60999999999999,11.0,6.0,1.0,2.0,1.0,1.0,1.0,VOFQEN_FSR
qmof-32f31b5,True,204.14099999999996,-1.7101000000000002,108.94,15.0,6.0,1.0,5.0,2.0,2.0,2.0,VIYZOU01_FSR
qmof-ea98c1b,True,201.20499999999998,0.5096999999999998,65.91,15.0,4.0,0.0,4.0,1.0,2.0,2.0,VOQBUZ_FSR
qmof-357d2c4,False,,,,,,,,,,,VONQAS_FSR
qmof-871f894,True,138.015,0.12509999999999993,94.16999999999999,8.0,6.0,1.0,2.0,2.0,0.0,0.0,VOLNOA07_FSR
qmof-cc5aa5e,True,122.05999999999997,1.4505,56.87,7.0,4.0,0.0,1.0,2.0,0.0,0.0,VOKMUE_FSR
qmof-f0c0ed2,True,231.16699999999997,-2.005699999999999,110.97,17.0,7.0,0.0,7.0,3.0,2.0,2.0,IQOVUG_FSR
qmof-a684504,True,154.07699999999997,-1.9933999999999996,93.4,11.0,5.0,0.0,5.0,2.0,1.0,1.0,HAYGIZ_FSR
qmof-1f83181,True,211.208,1.5191,69.0,16.0,6.0,0.0,5.0,2.0,2.0,3.0,HAYFIY01_FSR
qmof-7ab1fd8,True,314.392,3.843200000000002,35.64,24.0,4.0,0.0,4.0,5.0,4.0,4.0,HAYDUI_FSR
qmof-ca516ce,False,,,,,,,,,,,HAWVOT_FSR
qmof-1081e63,True,88.01799999999999,-3.5138000000000003,80.25999999999999,6.0,4.0,0.0,4.0,0.0,0.0,0.0,HAWJUM_FSR
qmof-769821d,True,376.4120000000001,0.5332000000000001,106.03999999999999,28.0,6.0,0.0,6.0,7.0,3.0,3.0,BEPBAC_FSR
qmof-592ec32,False,,,,,,,,,,,MEHRIA_FSR
qmof-8e2d290,True,26.018,0.09637,23.79,2.0,1.0,0.0,1.0,0.0,0.0,0.0,MEHFOX_FSR
qmof-d50fc3b,False,,,,,,,,,,,OJOZIY_FSR
qmof-eccb8aa,True,242.23499999999996,-4.143499999999996,93.22,17.0,8.0,0.0,8.0,2.0,0.0,4.0,OJOBIY01_FSR
qmof-f0d5aa0,True,85.04199999999999,-0.05153000000000002,66.93,6.0,4.0,0.0,3.0,1.0,0.0,0.0,OJENUO_FSR
qmof-29aba0a,False,,,,,,,,,,,OHUVIY_FSR
qmof-3d31da5,True,806.4500000000002,1.5274999999999999,274.66999999999996,40.0,19.0,2.0,8.0,7.0,3.0,3.0,OHUCUQ_FSR
qmof-628adc7,True,292.266,1.4567999999999999,128.14,22.0,10.0,0.0,8.0,2.0,2.0,4.0,OHOREI_FSR
qmof-9cf785b,True,211.22800000000004,1.4529999999999996,48.53,16.0,5.0,0.0,5.0,2.0,3.0,3.0,OHIXIO_FSR
qmof-8099795,True,211.22800000000004,1.4529999999999996,48.53,16.0,5.0,0.0,5.0,2.0,3.0,3.0,OHIXEK_FSR
qmof-56aaa8f,True,355.3540000000001,-0.6314000000000002,128.79000000000002,26.0,9.0,0.0,9.0,7.0,3.0,3.0,VIDZEP_FSR
qmof-03d685b,True,164.11599999999996,-1.5864000000000003,80.25999999999999,12.0,4.0,0.0,4.0,2.0,1.0,1.0,EBOXUO_FSR
qmof-fa1d0ec,True,223.23900000000003,0.8835899999999999,64.27000000000001,17.0,5.0,1.0,4.0,2.0,2.0,3.0,EBOQIX_FSR
qmof-0600de4,False,,,,,,,,,,,EBONOA_FSR
qmof-aed4c70,True,216.309,2.910000000000001,25.78,15.0,3.0,0.0,3.0,4.0,2.0,2.0,OKIQUV_FSR
qmof-cb7bfe3,False,,,,,,,,,,,FELMIU_FSR
qmof-fe8fa3d,True,165.10399999999996,-2.1914,93.15,12.0,5.0,0.0,5.0,2.0,1.0,1.0,MEHTOL_FSR
qmof-3c78578,True,165.10399999999996,-2.1914,93.15,12.0,5.0,0.0,5.0,2.0,1.0,1.0,MEHTEB_FSR
qmof-ccd25e1,True,165.10399999999996,-2.1914,93.15,12.0,5.0,0.0,5.0,2.0,1.0,1.0,MEHTAX_FSR
qmof-92fd99a,True,165.10399999999996,-2.1914,93.15,12.0,5.0,0.0,5.0,2.0,1.0,1.0,MEHSUQ_FSR
qmof-ce719c0,True,180.151,-0.9159000000000002,89.84,13.0,8.0,0.0,7.0,1.0,1.0,2.0,VIQCAA_FSR
qmof-dd788d7,True,249.267,2.3688000000000007,74.27,17.0,5.0,1.0,3.0,2.0,2.0,2.0,VINWEX_FSR
qmof-8c4d2f0,True,185.17000000000002,1.1405999999999998,69.0,14.0,6.0,0.0,5.0,0.0,2.0,3.0,VIYGOB_FSR
qmof-ba47039,True,193.142,-2.1304999999999996,103.69999999999999,14.0,7.0,1.0,6.0,2.0,2.0,2.0,VIXMIA_FSR
qmof-14733c4,False,,,,,,,,,,,HAVFAM_FSR
qmof-ec16514,True,179.155,-1.438699999999999,82.11999999999999,13.0,5.0,1.0,4.0,3.0,1.0,1.0,HASQUQ_FSR
qmof-3417f6c,False,,,,,,,,,,,HAMLAJ_FSR
qmof-73b30fd,True,94.093,1.2253999999999998,32.79,7.0,2.0,0.0,1.0,0.0,1.0,1.0,FENBUW_FSR
qmof-b981b73,True,125.10699999999999,-1.2164000000000004,57.949999999999996,9.0,4.0,0.0,4.0,1.0,1.0,1.0,FENBIM_FSR
qmof-4f92624,True,180.13899999999995,-2.596309999999999,83.5,13.0,5.0,0.0,5.0,3.0,0.0,1.0,FELTEX_FSR
qmof-3961e57,True,344.35200000000003,1.9839999999999998,109.58,24.0,9.0,0.0,6.0,2.0,4.0,4.0,OLAXEG_FSR
qmof-07f6650,True,344.35200000000003,1.9839999999999998,109.58,24.0,9.0,0.0,6.0,2.0,4.0,4.0,OLAXAC_FSR
qmof-77fd0aa,False,,,,,,,,,,,OLADIQ_FSR
qmof-98d94aa,False,,,,,,,,,,,OKUNEP_FSR
qmof-a1aff6a,True,139.10499999999996,0.18919999999999992,40.129999999999995,10.0,3.0,0.0,2.0,1.0,1.0,1.0,OKUBIF_FSR
qmof-3d83673,True,242.20999999999998,0.8102999999999998,90.32000000000001,18.0,5.0,1.0,4.0,3.0,2.0,2.0,OKOXAP_FSR
qmof-9168a42,True,164.11599999999996,-1.5864000000000003,80.25999999999999,12.0,4.0,0.0,4.0,2.0,1.0,1.0,IRIFEW_FSR
qmof-46598be,True,114.05599999999998,-2.9576000000000002,80.25999999999999,8.0,4.0,0.0,4.0,2.0,0.0,0.0,IQUCUT_FSR
qmof-b8741a5,True,244.17999999999995,-0.051700000000000135,137.13,16.0,8.0,1.0,3.0,3.0,1.0,1.0,BEPNOC_FSR
qmof-2dbac39,True,248.259,2.8070000000000013,73.94,17.0,5.0,0.0,2.0,2.0,2.0,2.0,VINKAH_FSR
qmof-2959e3b,True,269.066,0.23638999999999993,149.24,16.0,11.0,2.0,5.0,4.0,0.0,1.0,VIMXIZ_FSR
qmof-1f1fa29,True,418.4130000000001,-0.6912999999999989,141.68,31.0,10.0,0.0,10.0,7.0,4.0,4.0,VIFCIY_FSR
qmof-9fb39d7,True,462.36600000000027,-1.7013999999999985,178.98,34.0,10.0,0.0,10.0,10.0,3.0,3.0,BEXTIJ_FSR
qmof-a29f85e,True,702.6359999999999,-0.7351999999999961,240.39999999999998,52.0,16.0,0.0,16.0,14.0,6.0,6.0,BEXTEF_FSR
qmof-0032860,True,356.33400000000006,1.0252,96.84000000000002,26.0,8.0,0.0,8.0,4.0,2.0,4.0,BESNET_FSR
qmof-1af2219,True,140.126,-0.23120000000000002,80.28,10.0,6.0,1.0,4.0,1.0,0.0,1.0,BERROH_FSR
qmof-750d788,True,482.54000000000025,2.896840000000001,115.9,36.0,8.0,0.0,8.0,7.0,5.0,5.0,EBIROY_FSR
qmof-4780535,True,318.42400000000004,4.483240000000004,35.64,24.0,4.0,0.0,4.0,5.0,4.0,4.0,EBIRAK_FSR
qmof-374a046,True,192.226,0.34999999999999987,61.42,14.0,6.0,0.0,6.0,5.0,2.0,2.0,EBINEK_FSR
qmof-c43ce88,False,,,,,,,,,,,EBONEQ_FSR
qmof-12e9727,False,,,,,,,,,,,EBOMUF_FSR
qmof-9faa0fb,True,204.14099999999996,-1.7101000000000002,108.94,15.0,6.0,1.0,5.0,2.0,2.0,2.0,OMOBEY_FSR
qmof-d078b33,True,300.23400000000004,-0.5438100000000001,156.16,22.0,10.0,0.0,9.0,2.0,1.0,3.0,MAZSUD_FSR
qmof-2f0cdb2,True,252.178,-2.539699999999998,140.29,18.0,7.0,0.0,6.0,4.0,1.0,1.0,FENCEJ_FSR
qmof-cd3e104,False,,,,,,,,,,,BERHOV_FSR
qmof-03558fb,True,243.178,-1.7343999999999997,118.93,18.0,7.0,0.0,7.0,3.0,2.0,2.0,BEQPAQ_FSR
qmof-27a5321,True,112.03999999999999,-1.7236000000000002,68.28,8.0,4.0,0.0,4.0,0.0,0.0,1.0,HAPGUD_FSR
qmof-fbd27bc,True,198.35599999999997,3.412600000000002,0.0,12.0,2.0,0.0,2.0,4.0,1.0,1.0,HAMNIV_FSR
qmof-fa3a819,True,375.344,-0.13340000000000107,128.78999999999996,28.0,9.0,0.0,9.0,4.0,4.0,4.0,VEKPOT_FSR
qmof-7576c28,True,376.33200000000005,-0.7384000000000002,141.68,28.0,10.0,0.0,10.0,4.0,4.0,4.0,VEHMUS_FSR
qmof-9f9f3a1,True,369.11499999999995,-2.616109999999998,226.58999999999997,23.0,14.0,3.0,8.0,4.0,0.0,1.0,VEGXAI_FSR
qmof-5ad4ee3,True,58.085,0.66498,23.79,3.0,2.0,0.0,1.0,0.0,0.0,0.0,VEGQIJ_FSR
qmof-9247cfe,True,94.97,0.3859999999999999,76.77,5.0,5.0,0.0,1.0,0.0,0.0,0.0,MECTIA_FSR
qmof-bd32375,False,,,,,,,,,,,MECLEM_FSR
qmof-ed2aaa7,False,,,,,,,,,,,MCYTAG10_FSR
qmof-f44d599,False,,,,,,,,,,,OMETEH_FSR
qmof-7f0ff56,False,,,,,,,,,,,OMEDOZ_FSR
qmof-b78d43f,True,466.4530000000001,2.2639000000000005,125.13000000000001,35.0,9.0,0.0,9.0,6.0,5.0,5.0,OMEBAK_FSR
qmof-00324c8,True,227.292,2.995800000000001,30.71,16.0,4.0,0.0,4.0,2.0,3.0,3.0,EBIYAR_FSR
qmof-82fe308,True,382.42000000000013,0.7537999999999998,115.9,28.0,8.0,0.0,8.0,9.0,3.0,3.0,EBISOA_FSR
qmof-2bf9ae7,True,482.54000000000025,2.896840000000001,115.9,36.0,8.0,0.0,8.0,7.0,5.0,5.0,EBISEP_FSR
qmof-ba779ff,True,432.4800000000002,1.5256399999999992,115.9,32.0,8.0,0.0,8.0,7.0,4.0,4.0,EBIRUE_FSR
qmof-340d0d4,True,201.20499999999996,0.5442199999999999,57.949999999999996,15.0,4.0,0.0,4.0,2.0,2.0,2.0,HALMOZ_FSR
qmof-d5f5593,True,314.7340000000001,2.2024,106.64000000000001,20.0,10.0,0.0,7.0,4.0,2.0,2.0,HAHTOB_FSR
qmof-73ef0e4,True,88.01799999999999,-3.5138000000000003,80.25999999999999,6.0,4.0,0.0,4.0,0.0,0.0,0.0,VAXCAZ_FSR
qmof-a00d7e9,True,165.10399999999996,-2.1914,93.15,12.0,5.0,0.0,5.0,2.0,1.0,1.0,VECCUC_FSR
qmof-17096b3,True,396.4470000000002,1.0622199999999997,115.9,29.0,8.0,0.0,8.0,9.0,3.0,3.0,HAHDUR_FSR
qmof-75b017c,True,488.5880000000003,0.8460000000000019,112.51999999999998,36.0,8.0,0.0,8.0,10.0,3.0,4.0,IVARUT_FSR
qmof-0618e72,True,358.3140000000002,-2.5391199999999987,159.89000000000001,26.0,11.0,1.0,9.0,6.0,1.0,3.0,IVARAZ01_FSR
qmof-e65ee4a,True,440.4190000000001,0.6572999999999996,133.72000000000003,33.0,10.0,0.0,10.0,5.0,5.0,5.0,ITAFIU_FSR
qmof-5d8aca4,False,,,,,,,,,,,OMZIAG_FSR
qmof-3f17550,False,,,,,,,,,,,OMOMOU_FSR
qmof-8fecff8,True,330.34399999999994,3.054000000000001,102.44000000000001,24.0,8.0,2.0,6.0,7.0,2.0,2.0,EBEREK_FSR
qmof-8ccac7c,True,319.324,2.3762,96.87,24.0,7.0,2.0,5.0,4.0,3.0,3.0,EBAVAG_FSR
qmof-9a1b21d,True,553.5310000000002,0.8995000000000019,193.33999999999997,41.0,12.0,3.0,9.0,8.0,4.0,4.0,MAXWOA_FSR
qmof-7f57c73,True,26.018,0.09637,23.79,2.0,1.0,0.0,1.0,0.0,0.0,0.0,MEFTEY_FSR
qmof-cb391ec,True,221.196,1.2258999999999998,93.75,16.0,7.0,0.0,5.0,2.0,2.0,2.0,VAZXUR_FSR
qmof-80b4f23,True,242.09499999999997,-5.507199999999999,173.65999999999997,17.0,9.0,0.0,9.0,2.0,1.0,1.0,VAZMIU_FSR
qmof-790e2d4,True,242.09499999999997,-5.507199999999999,173.65999999999997,17.0,9.0,0.0,9.0,2.0,1.0,1.0,VAZMEQ_FSR
qmof-796ed67,False,,,,,,,,,,,VELRAI_FSR
qmof-bb971ba,True,165.10399999999996,-2.1914,93.15,12.0,5.0,0.0,5.0,2.0,1.0,1.0,HAFPUB_FSR
qmof-9556813,True,290.464,2.8908400000000007,51.56,16.0,8.0,0.0,8.0,5.0,2.0,2.0,HADYAN_FSR
qmof-b05561e,False,,,,,,,,,,,BICHED_FSR
qmof-4a4f095,False,,,,,,,,,,,VASCID_FSR
qmof-68e2724,True,167.1,-1.4617,103.21000000000001,12.0,6.0,1.0,5.0,2.0,1.0,1.0,VAQROW_FSR
qmof-87f81b7,True,242.09499999999997,-5.507199999999999,173.65999999999997,17.0,9.0,0.0,9.0,2.0,1.0,1.0,VAZMAM_FSR
qmof-7f3ae47,True,242.09499999999997,-5.507199999999999,173.65999999999997,17.0,9.0,0.0,9.0,2.0,1.0,1.0,VAZLUF_FSR
qmof-4f2ea18,True,370.3650000000002,-0.32079999999999975,136.13,27.0,9.0,1.0,9.0,7.0,3.0,3.0,MASDEQ_FSR
qmof-6b03e0d,False,,,,,,,,,,,MAZBAT_FSR
qmof-94a607c,False,,,,,,,,,,,MAYZUK_FSR
qmof-05c2fce,True,250.11799999999994,-4.859400000000001,160.51999999999998,18.0,8.0,0.0,8.0,4.0,1.0,1.0,EBANAY_FSR
qmof-3a234ae,False,,,,,,,,,,,ONOCOL01_FSR
qmof-c709b2d,True,223.12800000000001,0.9466999999999998,87.58000000000001,15.0,7.0,0.0,4.0,2.0,2.0,2.0,ONIPOS_FSR
qmof-0e5d254,True,204.16900000000004,-1.5149999999999997,96.62,15.0,7.0,0.0,7.0,3.0,2.0,2.0,OPIRIQ_FSR
qmof-dbcabd3,True,268.224,1.4978000000000002,159.86,16.0,10.0,2.0,2.0,2.0,1.0,1.0,VAYCOP_FSR
qmof-6923e32,False,,,,,,,,,,,VAYCIJ_FSR
qmof-6e76548,False,,,,,,,,,,,FESVOQ03_FSR
qmof-6f21a6f,True,159.19199999999998,1.3264,30.71,12.0,3.0,0.0,3.0,2.0,2.0,2.0,FEPTIE_FSR
qmof-e209021,True,159.19199999999998,1.3264,30.71,12.0,3.0,0.0,3.0,2.0,2.0,2.0,FEPTEA_FSR
qmof-afcd814,True,159.19199999999998,1.3264,30.71,12.0,3.0,0.0,3.0,2.0,2.0,2.0,FEPTAW_FSR
qmof-408a8f3,True,330.2760000000001,-2.5472599999999996,172.19,24.0,9.0,1.0,9.0,3.0,2.0,2.0,OPANAV_FSR
qmof-b6897ab,True,253.12199999999999,-5.705199999999999,173.40999999999997,18.0,9.0,0.0,9.0,2.0,1.0,1.0,EBALIF_FSR
qmof-173f556,True,301.25800000000004,-1.9012999999999993,148.26999999999998,22.0,8.0,2.0,7.0,3.0,2.0,2.0,MAWPUY_FSR
qmof-8ca775a,True,139.10499999999996,0.18919999999999992,40.129999999999995,10.0,3.0,0.0,2.0,1.0,1.0,1.0,MASPOM_FSR
qmof-d66fafb,True,250.16600000000003,-3.5070099999999993,144.45,18.0,8.0,2.0,8.0,1.0,1.0,2.0,VAMGEX_FSR
qmof-e3caa7b,False,,,,,,,,,,,VALWUC_FSR
qmof-d3eba84,True,212.17600000000002,0.9802,102.36000000000001,16.0,8.0,0.0,6.0,2.0,1.0,3.0,VAHWOS01_FSR
qmof-5d34c5a,False,,,,,,,,,,,BIFDOK01_FSR
qmof-aa9cbff,False,,,,,,,,,,,BIFDEA_FSR
qmof-64401e3,True,165.10399999999996,-2.1914,93.15,12.0,5.0,0.0,5.0,2.0,1.0,1.0,HABGID_FSR
qmof-eb72bac,True,346.4780000000001,5.100080000000005,35.64,26.0,4.0,0.0,4.0,5.0,4.0,4.0,IWAXUA_FSR
qmof-7790ae0,True,474.4730000000002,-0.5826999999999973,146.66,35.0,10.0,0.0,8.0,5.0,3.0,4.0,IVOWUM_FSR
qmof-fe08164,True,408.33800000000014,-3.667499999999996,193.44,30.0,14.0,0.0,12.0,6.0,3.0,4.0,OPISAJ_FSR
qmof-48d7590,True,261.20599999999996,-3.3522999999999987,157.69,18.0,8.0,1.0,7.0,8.0,0.0,0.0,OQOHEJ_FSR
qmof-ac06537,True,261.20599999999996,-3.3522999999999987,157.69,18.0,8.0,1.0,7.0,8.0,0.0,0.0,OQOGUY_FSR
qmof-fe6f735,True,532.5970000000003,2.43834,134.36,39.0,10.0,0.0,10.0,13.0,4.0,4.0,MARMEZ_FSR
qmof-00aefa9,True,304.279,-0.7536,114.4,21.0,7.0,0.0,6.0,4.0,2.0,2.0,MARKEX_FSR
qmof-16ba929,True,304.279,-0.7536,114.4,21.0,7.0,0.0,6.0,4.0,2.0,2.0,MARJEW_FSR
qmof-c1af071,True,165.10399999999996,-2.1914,93.15,12.0,5.0,0.0,5.0,2.0,1.0,1.0,IVAZOU_FSR
qmof-5a932f7,True,138.91799999999998,-0.8560000000000001,88.19999999999999,5.0,5.0,0.0,0.0,0.0,0.0,0.0,IWEQIK_FSR
qmof-3343744,True,42.021,-1.4418000000000002,58.7,3.0,3.0,0.0,0.0,0.0,0.0,0.0,VAGTOM_FSR
qmof-35bc54f,True,166.09199999999998,-2.7964,106.03999999999999,12.0,6.0,0.0,6.0,2.0,1.0,1.0,UZIDIR01_FSR
qmof-3adcede,True,250.11799999999994,-4.859400000000001,160.51999999999998,18.0,8.0,0.0,8.0,4.0,1.0,1.0,UZATAR_FSR
qmof-9a60b76,True,88.15400000000001,-0.3159999999999998,52.04,6.0,2.0,2.0,2.0,3.0,0.0,0.0,VAMWEM_FSR
qmof-14c9367,True,480.52400000000017,2.1418399999999993,115.9,36.0,8.0,0.0,8.0,6.0,5.0,5.0,IWENOO_FSR
qmof-1b64037,True,530.5840000000002,3.513040000000002,115.9,40.0,8.0,0.0,8.0,6.0,6.0,6.0,IWENII_FSR
qmof-229c7a4,True,466.47500000000014,-0.4500999999999993,146.66,33.0,11.0,0.0,9.0,4.0,3.0,4.0,IWECUK_FSR
qmof-4c0e216,True,450.40700000000015,-0.9185999999999981,159.8,33.0,11.0,0.0,9.0,4.0,3.0,4.0,IWECAQ_FSR
qmof-235245e,True,344.3310000000001,-0.6042099999999986,137.79,25.0,10.0,1.0,9.0,7.0,2.0,3.0,GUWHAI_FSR
qmof-db46c4e,True,136.078,-0.41619999999999996,102.36000000000001,10.0,8.0,0.0,6.0,1.0,0.0,2.0,UYEWIG02_FSR
qmof-18fece0,True,310.25399999999996,2.7326000000000015,35.64,22.0,8.0,0.0,4.0,4.0,3.0,3.0,UYEWIF_FSR
qmof-01fcf4b,False,,,,,,,,,,,BINSAV_FSR
qmof-993b30b,True,134.14199999999997,0.36478999999999995,51.18,10.0,4.0,0.0,3.0,0.0,0.0,2.0,IXIHUS01_FSR
qmof-a3a73b2,True,166.15599999999998,-0.15620000000000012,62.25,12.0,4.0,0.0,4.0,3.0,1.0,1.0,FEWFOE_FSR
qmof-6d53500,True,166.15599999999998,-0.15620000000000012,62.25,12.0,4.0,0.0,4.0,3.0,1.0,1.0,FEWFIY_FSR
qmof-65e44a3,True,217.17799999999997,1.2904,117.23000000000002,14.0,7.0,2.0,2.0,2.0,1.0,1.0,FETHES_FSR
qmof-a03e4a5,True,66.043,-0.44704000000000005,61.68,5.0,3.0,0.0,2.0,0.0,0.0,0.0,OQIMOS_FSR
qmof-d208f10,True,66.043,-0.44704000000000005,61.68,5.0,3.0,0.0,2.0,0.0,0.0,0.0,OQIMIM_FSR
qmof-c49d30b,True,66.043,-0.44704000000000005,61.68,5.0,3.0,0.0,2.0,0.0,0.0,0.0,OQIMEI_FSR
qmof-0fc9e65,True,308.12200000000007,-6.477009999999998,236.42000000000002,22.0,14.0,0.0,13.0,4.0,0.0,2.0,OROMIS_FSR
qmof-b88da61,True,122.10299999999997,-0.5549000000000002,53.019999999999996,9.0,3.0,0.0,3.0,1.0,1.0,1.0,OROLEN01_FSR
qmof-87af48e,True,346.478,4.9912000000000045,35.64,26.0,4.0,0.0,4.0,7.0,4.0,4.0,ORIBOH_FSR
qmof-36dafb7,True,234.16499999999996,-2.2242999999999986,141.01,15.0,9.0,0.0,5.0,1.0,1.0,1.0,DUWSAQ_FSR
qmof-3e4c924,True,234.16499999999996,-2.2242999999999986,141.01,15.0,9.0,0.0,5.0,1.0,1.0,1.0,DUWRUJ_FSR
qmof-d218fc0,True,376.4120000000001,0.5331999999999997,106.03999999999999,28.0,6.0,0.0,6.0,7.0,3.0,3.0,DUWHOU_FSR
qmof-f264bce,False,,,,,,,,,,,DUTMOU10_FSR
qmof-4ae2a20,True,146.153,0.6622999999999998,43.6,11.0,4.0,0.0,4.0,1.0,2.0,2.0,DURVUI01_FSR
qmof-eae6c15,False,,,,,,,,,,,OSOGEK_FSR
qmof-e11d70a,True,42.021,-1.4418000000000002,58.7,3.0,3.0,0.0,0.0,0.0,0.0,0.0,MAQLAU_FSR
qmof-f22364d,True,369.4210000000001,0.05900000000000216,118.07,27.0,7.0,1.0,7.0,6.0,2.0,3.0,IXAWIP_FSR
qmof-4a5ca9f,True,168.197,-0.07640000000000025,53.019999999999996,11.0,4.0,0.0,4.0,3.0,1.0,1.0,IXACAL_FSR
qmof-c5e9015,True,172.18499999999997,1.4687999999999999,85.72,11.0,5.0,1.0,1.0,1.0,1.0,1.0,IWOXOH01_FSR
qmof-5d3a22f,True,102.121,-2.5379999999999994,110.74,7.0,5.0,2.0,2.0,1.0,0.0,0.0,IWOLOV_FSR
qmof-328e112,True,306.32200000000006,-1.1735999999999984,115.9,22.0,8.0,0.0,8.0,8.0,2.0,2.0,IYEQEK_FSR
qmof-fe4edc7,True,370.3650000000002,-0.32079999999999975,136.13,27.0,9.0,1.0,9.0,7.0,3.0,3.0,IYARIL_FSR
qmof-cc6a37f,False,,,,,,,,,,,UYACUT_FSR
qmof-25451e6,True,394.2440000000002,-6.8127999999999975,240.77999999999997,28.0,12.0,0.0,12.0,9.0,1.0,1.0,UXEQIY_FSR
qmof-3deb783,False,,,,,,,,,,,UWIHAL_FSR
qmof-d242cec,True,183.14299999999997,-0.9662,106.11000000000001,13.0,6.0,2.0,4.0,3.0,1.0,1.0,UWIGUD_FSR
qmof-7556fd5,True,127.08300000000001,-2.2496,107.72,9.0,6.0,2.0,5.0,1.0,1.0,1.0,UYUSAJ_FSR
qmof-b116057,True,235.13899999999998,-3.3903999999999987,157.22,17.0,10.0,0.0,9.0,1.0,1.0,2.0,DURGIH01_FSR
qmof-77cfb89,True,197.17,-0.5761000000000001,106.11000000000001,14.0,6.0,2.0,4.0,4.0,1.0,1.0,DUPWOB01_FSR
qmof-3af1a22,True,164.11599999999996,-1.5864000000000003,80.25999999999999,12.0,4.0,0.0,4.0,2.0,1.0,1.0,DUPSIR_FSR
qmof-148ed99,True,127.08300000000001,-3.3369100000000005,104.64,9.0,6.0,2.0,5.0,1.0,0.0,1.0,UYURUC_FSR
qmof-089b614,True,299.238,-2.4190099999999983,123.63,22.0,7.0,0.0,7.0,5.0,1.0,2.0,UYOHIB_FSR
qmof-c6cf80e,True,282.164,-6.0405999999999995,212.55999999999997,20.0,10.0,2.0,10.0,4.0,1.0,1.0,UYOGOF_FSR
qmof-3f3a532,True,231.14699999999996,-1.9395999999999998,131.44,17.0,8.0,0.0,7.0,3.0,1.0,2.0,UVOQED_FSR
qmof-3a344c4,True,231.14699999999996,-1.9395999999999998,131.44,17.0,8.0,0.0,7.0,3.0,1.0,2.0,UVOPUS_FSR
qmof-e12e14d,True,391.2890000000001,-2.6918999999999995,191.82999999999996,27.0,11.0,1.0,9.0,6.0,2.0,2.0,UVOBAK_FSR
qmof-ab815f3,True,315.24500000000006,0.030100000000000238,138.81,23.0,10.0,0.0,8.0,3.0,3.0,3.0,UVEPAN_FSR
qmof-8e1f1ff,True,166.09199999999998,-2.7964,106.03999999999999,12.0,6.0,0.0,6.0,2.0,1.0,1.0,BIRFIT_FSR
qmof-8bc481b,True,170.14499999999995,-1.5249000000000001,80.25999999999999,11.0,5.0,0.0,5.0,2.0,1.0,1.0,BIQZEG_FSR
qmof-9b98e57,True,442.3850000000002,0.3424999999999996,194.84,31.0,12.0,1.0,7.0,5.0,3.0,3.0,BIPCUA_FSR
qmof-e686033,False,,,,,,,,,,,IXUDAI_FSR
qmof-15eff87,True,404.386,-0.6202000000000005,141.68,30.0,10.0,0.0,10.0,6.0,4.0,4.0,IXOVOI_FSR
qmof-aed6490,True,376.4120000000001,0.5332000000000001,106.03999999999999,28.0,6.0,0.0,6.0,7.0,3.0,3.0,DUWKAJ_FSR
qmof-ac1dbd3,True,240.23,1.369,102.36000000000001,18.0,8.0,0.0,6.0,4.0,1.0,3.0,IXIROY_FSR
qmof-d24ba56,True,198.269,2.6519000000000013,25.78,15.0,2.0,0.0,2.0,4.0,2.0,2.0,IXIQAH01_FSR
qmof-934ba54,True,249.18600000000004,-0.48210000000000025,131.08999999999997,18.0,9.0,2.0,7.0,4.0,2.0,2.0,IYOSEW_FSR
qmof-d9772e5,False,,,,,,,,,,,UVAREP_FSR
qmof-37e47d6,True,375.344,-0.13340000000000107,128.78999999999996,28.0,9.0,0.0,9.0,4.0,4.0,4.0,UVAPEN_FSR
qmof-b3dc886,True,375.344,-0.13340000000000107,128.78999999999996,28.0,9.0,0.0,9.0,4.0,4.0,4.0,UVAPAJ_FSR
qmof-555bddc,True,184.24200000000002,2.2618,25.78,14.0,2.0,0.0,2.0,3.0,2.0,2.0,UTOSAY_FSR
qmof-46e30a0,True,227.27100000000002,1.696,48.53,17.0,5.0,0.0,5.0,3.0,3.0,3.0,UTOGIU_FSR
qmof-237b271,True,419.2350000000001,0.34599999999999853,115.89999999999999,26.0,9.0,0.0,8.0,6.0,3.0,3.0,UTEYUO_FSR
qmof-59fd38f,True,419.2350000000001,0.34599999999999853,115.89999999999999,26.0,9.0,0.0,8.0,6.0,3.0,3.0,UTEYOI_FSR
qmof-75317e2,True,194.14199999999997,-1.5777999999999999,89.49000000000001,14.0,5.0,0.0,5.0,3.0,1.0,1.0,MAQYIO_FSR
qmof-f61d5ce,True,326.21600000000007,-3.1924,160.51999999999998,24.0,8.0,0.0,8.0,5.0,2.0,2.0,OTEGOL01_FSR
qmof-b533ad1,False,,,,,,,,,,,OSONOB_FSR
qmof-9cb58fb,True,199.189,0.5070999999999998,65.91,15.0,4.0,0.0,4.0,2.0,2.0,2.0,OVEHAZ_FSR
qmof-1faa948,True,199.189,0.5070999999999998,65.91,15.0,4.0,0.0,4.0,2.0,2.0,2.0,OVEGUS_FSR
qmof-31d939d,True,208.10499999999996,-3.8278999999999996,133.28,15.0,7.0,0.0,7.0,3.0,1.0,1.0,OVEGIG_FSR
qmof-3c669f0,True,289.38000000000005,2.940080000000002,61.13,20.0,5.0,0.0,3.0,3.0,2.0,2.0,FEYPIJ_FSR
qmof-e4cd9c2,True,208.10499999999996,-3.8278999999999996,133.28,15.0,7.0,0.0,7.0,3.0,1.0,1.0,OVEGEC_FSR
qmof-a5171a8,True,235.19499999999994,-1.2379,109.36000000000001,17.0,6.0,1.0,5.0,4.0,1.0,1.0,OVIPAM_FSR
qmof-cd01b25,True,504.5930000000002,2.6549000000000005,131.82,35.0,10.0,0.0,10.0,9.0,4.0,4.0,OVIDED_FSR
qmof-0c6dba4,True,490.56600000000026,2.2648,131.82,34.0,10.0,0.0,10.0,8.0,4.0,4.0,OVIDAZ_FSR
qmof-d53409f,True,164.11599999999996,-1.5864000000000003,80.25999999999999,12.0,4.0,0.0,4.0,2.0,1.0,1.0,MAQDUD01_FSR
qmof-4e41fb5,True,164.11599999999996,-1.5864000000000003,80.25999999999999,12.0,4.0,0.0,4.0,2.0,1.0,1.0,MAPGUI_FSR
qmof-9909f44,True,562.6300000000003,1.7893999999999999,122.37999999999998,42.0,10.0,0.0,10.0,8.0,5.0,6.0,UWABOL_FSR
qmof-b6a8795,False,,,,,,,,,,,UQOROI_FSR
qmof-1580705,True,214.152,-0.22980000000000006,128.14,16.0,10.0,0.0,8.0,2.0,1.0,3.0,BIYTEJ_FSR
qmof-180ee5c,True,350.3340000000001,-0.5345999999999993,131.82,26.0,8.0,0.0,8.0,5.0,3.0,3.0,BIYSAG_FSR
qmof-ecf4801,True,171.10199999999995,1.0549,51.07,12.0,5.0,0.0,1.0,1.0,1.0,1.0,BIYSAE_FSR
qmof-82b967d,True,247.21,-2.0741999999999994,110.97,18.0,7.0,0.0,7.0,3.0,2.0,2.0,BIYQEI_FSR
qmof-6a5147b,True,104.978,-0.36402000000000007,23.79,3.0,2.0,0.0,1.0,0.0,0.0,0.0,BIWTOR_FSR
qmof-d01976c,True,262.40299999999996,3.7511000000000028,25.78,17.0,4.0,0.0,4.0,6.0,2.0,2.0,IYEWEO_FSR
qmof-8019572,True,183.123,-3.3000799999999995,110.97,13.0,7.0,0.0,7.0,3.0,1.0,1.0,IXOJOW_FSR
qmof-a72a815,True,402.41,0.7381999999999987,137.62,30.0,8.0,2.0,6.0,6.0,4.0,4.0,BODXOK_FSR
qmof-14872a0,True,264.30899999999997,-1.7779000000000003,106.03999999999999,15.0,9.0,0.0,9.0,6.0,1.0,1.0,BIZSEJ_FSR
qmof-fdf1f3a,False,,,,,,,,,,,BIZSEJ01_FSR
qmof-5dd5f1f,True,292.3380000000001,2.1066,44.0,22.0,4.0,0.0,4.0,4.0,3.0,3.0,UNAJIC_FSR
qmof-c6f48da,True,123.09099999999998,-1.1599000000000004,65.91,9.0,4.0,0.0,4.0,1.0,1.0,1.0,UNODAD_FSR
qmof-77701f4,True,138.10199999999998,-0.8492999999999999,73.25,10.0,4.0,1.0,4.0,1.0,1.0,1.0,IZECIA_FSR
qmof-7dfea43,True,373.3570000000001,2.0652,89.54,26.0,10.0,0.0,8.0,4.0,2.0,3.0,OVIBUR_FSR
qmof-2a6bcbd,True,138.10199999999998,-1.3165,67.07,10.0,4.0,0.0,3.0,1.0,1.0,1.0,DUMXEQ01_FSR
qmof-cfb0f9e,True,242.07899999999992,-1.9070000000000003,137.13,16.0,8.0,0.0,5.0,3.0,1.0,1.0,MAFZOK_FSR
qmof-540738e,True,181.10299999999995,-2.9529999999999994,107.19999999999999,13.0,6.0,0.0,5.0,2.0,1.0,1.0,MAFYAV_FSR
qmof-f0ed3d6,True,66.043,-0.44704000000000005,61.68,5.0,3.0,0.0,2.0,0.0,0.0,0.0,GUVFEJ_FSR
qmof-e139c58,False,,,,,,,,,,,GUTZAX01_FSR
qmof-43f2897,True,102.04499999999999,-3.1236999999999995,80.25999999999999,7.0,4.0,0.0,4.0,2.0,0.0,0.0,GURZID_FSR
qmof-a996d0c,True,102.04499999999999,-3.1236999999999995,80.25999999999999,7.0,4.0,0.0,4.0,2.0,0.0,0.0,GURZID01_FSR
qmof-1ab1346,True,208.12499999999994,-1.8881999999999994,117.56,15.0,6.0,1.0,5.0,3.0,1.0,1.0,GUQXIZ02_FSR
qmof-25fa36f,False,,,,,,,,,,,BOCCOM_FSR
qmof-6b1e6f2,True,164.11599999999996,-1.5864000000000003,80.25999999999999,12.0,4.0,0.0,4.0,2.0,1.0,1.0,JAGPOX01_FSR
qmof-9dd8102,False,,,,,,,,,,,MAJPIX_FSR
qmof-25fee54,True,136.285,2.1025,0.0,7.0,2.0,0.0,2.0,4.0,0.0,0.0,MAJCUX_FSR
qmof-43cb308,True,104.978,-0.36402000000000007,23.79,3.0,2.0,0.0,1.0,0.0,0.0,0.0,OWOHOY_FSR
qmof-d08b9c2,True,326.21600000000007,-3.1924,160.51999999999998,24.0,8.0,0.0,8.0,5.0,2.0,2.0,OWIHUZ_FSR
qmof-0cebdfd,True,784.097,5.556740000000003,115.9,39.0,12.0,0.0,8.0,6.0,5.0,5.0,DUKPIK_FSR
qmof-1d2c247,True,440.4190000000001,0.6572999999999989,133.71999999999997,33.0,10.0,0.0,10.0,5.0,5.0,5.0,DUJDAP_FSR
qmof-dbfd3f6,True,88.01799999999999,-3.5138000000000003,80.25999999999999,6.0,4.0,0.0,4.0,0.0,0.0,0.0,DUHLIC_FSR
qmof-134958c,True,204.16900000000004,-1.5149999999999997,96.62,15.0,7.0,0.0,7.0,3.0,2.0,2.0,IZAWUD_FSR
qmof-a4b3531,True,132.19299999999998,-0.14779999999999993,52.480000000000004,7.0,5.0,1.0,4.0,0.0,0.0,1.0,GUQNAI_FSR
qmof-af8d1a9,True,143.16899999999998,1.5223999999999998,26.46,11.0,2.0,0.0,1.0,1.0,1.0,2.0,GUPDUR_FSR
qmof-c1c5c57,True,164.11599999999996,-1.5864000000000003,80.25999999999999,12.0,4.0,0.0,4.0,2.0,1.0,1.0,ULIGUR_FSR
qmof-be99418,True,495.34200000000004,4.583600000000002,98.06,32.0,13.0,0.0,2.0,1.0,3.0,4.0,BOJMIY_FSR
qmof-65d9b71,True,151.09300000000002,-0.9116,114.38999999999999,11.0,9.0,1.0,7.0,0.0,0.0,2.0,BOJLOC01_FSR
qmof-a98e632,False,,,,,,,,,,,BOHFAF_FSR
qmof-a303212,False,,,,,,,,,,,BOFSUL_FSR
qmof-c9ad215,True,181.10299999999995,-2.9529999999999994,107.19999999999999,13.0,6.0,0.0,5.0,2.0,1.0,1.0,MAFXUO_FSR
qmof-ba5af2f,True,240.21399999999997,0.08059999999999978,80.25999999999999,18.0,4.0,0.0,4.0,3.0,2.0,2.0,MAFXAU_FSR
qmof-b3a4056,True,165.10399999999996,-2.1914,93.15,12.0,5.0,0.0,5.0,2.0,1.0,1.0,DUHHUK_FSR
qmof-e54494c,True,207.11699999999993,-3.2229,120.38999999999999,15.0,6.0,0.0,6.0,3.0,1.0,1.0,OXEWUL_FSR
qmof-25d67cf,False,,,,,,,,,,,DUFXOT_FSR
qmof-d1f7039,False,,,,,,,,,,,DUCHIS01_FSR
qmof-c7868c3,True,300.23400000000004,-0.5438100000000001,156.16,22.0,10.0,0.0,9.0,2.0,1.0,3.0,MAFMOY01_FSR
qmof-1278662,True,116.07199999999999,-2.733599999999999,80.25999999999999,8.0,4.0,0.0,4.0,3.0,0.0,0.0,UMEZOB_FSR
qmof-3e99727,True,488.5000000000003,1.2737999999999996,164.24,36.0,10.0,2.0,8.0,6.0,3.0,4.0,UMAZOZ_FSR
qmof-3e65e42,True,388.2400000000001,-3.6096999999999975,207.04999999999995,28.0,11.0,1.0,10.0,5.0,2.0,2.0,ULUPIC_FSR
qmof-a9f66e2,True,388.2400000000001,-3.6096999999999975,207.04999999999995,28.0,11.0,1.0,10.0,5.0,2.0,2.0,ULUPEY_FSR
qmof-f771839,False,,,,,,,,,,,ULINIO_FSR
qmof-2fa85e9,False,,,,,,,,,,,ULINAG_FSR
qmof-11ffb01,True,430.4240000000001,5.014600000000004,34.14,30.0,4.0,0.0,2.0,7.0,4.0,4.0,GULNOR_FSR
qmof-02875e0,False,,,,,,,,,,,GUKREJ_FSR
qmof-bd45ea2,True,493.00500000000034,3.656500000000002,115.66999999999999,33.0,10.0,2.0,5.0,8.0,2.0,3.0,JAHKIP_FSR
qmof-2827567,True,160.26600000000002,0.7390800000000002,75.83,10.0,4.0,2.0,3.0,4.0,0.0,0.0,GUJFOG_FSR
qmof-20cc2c2,False,,,,,,,,,,,LUXQEA_FSR
qmof-274118b,True,164.11599999999996,-1.5864000000000003,80.25999999999999,12.0,4.0,0.0,4.0,2.0,1.0,1.0,LUWSUR_FSR
qmof-d3f5e9a,True,198.275,-0.3548199999999999,36.75,13.0,6.0,0.0,5.0,0.0,0.0,4.0,DOZZOI_FSR
qmof-e6fc101,True,167.142,-2.095299999999999,125.85000000000002,10.0,7.0,1.0,3.0,3.0,0.0,0.0,DOZQUF_FSR
qmof-e3311db,True,180.13899999999995,-2.596309999999999,83.5,13.0,5.0,0.0,5.0,2.0,0.0,1.0,OXUNUR_FSR
qmof-e73fe5e,True,318.19700000000006,-4.449699999999999,189.2,23.0,10.0,1.0,9.0,4.0,2.0,2.0,OXORID_FSR
qmof-cfb4f79,True,350.33400000000006,0.45259999999999834,103.92,26.0,8.0,0.0,8.0,4.0,3.0,4.0,OYUJUP_FSR
qmof-c8edfaa,True,373.24900000000014,-2.109399999999998,176.15,27.0,10.0,1.0,9.0,8.0,2.0,2.0,UJASUU_FSR
qmof-0bc3629,True,373.24900000000014,-2.109399999999998,176.15,27.0,10.0,1.0,9.0,8.0,2.0,2.0,UJASOO_FSR
qmof-417cefc,True,164.11599999999996,-1.5864000000000003,80.25999999999999,12.0,4.0,0.0,4.0,2.0,1.0,1.0,UHUXAW01_FSR
qmof-72c4b23,True,150.15699999999995,-0.059280000000000166,66.14999999999999,11.0,3.0,1.0,3.0,1.0,1.0,1.0,ULIBIC_FSR
qmof-a1e518a,False,,,,,,,,,,,ULABEO_FSR
qmof-e2e5a46,True,167.213,1.2933999999999999,50.73,11.0,4.0,0.0,2.0,0.0,1.0,1.0,UKILIL_FSR
qmof-8e9e492,True,198.229,2.2485,50.17,15.0,4.0,1.0,3.0,3.0,2.0,2.0,JAQQIE_FSR
qmof-18430ef,False,,,,,,,,,,,JEBBUQ_FSR
qmof-a6dea53,True,122.10299999999997,-0.5549000000000002,53.019999999999996,9.0,3.0,0.0,3.0,1.0,1.0,1.0,JEDJOR_FSR
qmof-1aee7e9,True,122.10299999999997,-0.5549000000000002,53.019999999999996,9.0,3.0,0.0,3.0,1.0,1.0,1.0,JEDJOR01_FSR
qmof-17ed363,True,179.13099999999997,-2.0042,106.28,13.0,5.0,1.0,5.0,2.0,1.0,1.0,UFULEM01_FSR
qmof-7ab621a,True,344.2310000000001,-3.3078999999999983,169.74999999999997,25.0,9.0,0.0,9.0,4.0,2.0,2.0,DOSWIS_FSR
qmof-c0d2614,True,277.307,3.714500000000002,12.89,20.0,2.0,0.0,1.0,4.0,3.0,3.0,DOSRAF_FSR
qmof-6b743f6,False,,,,,,,,,,,OYIGUA_FSR
qmof-3d43b5a,True,250.11799999999994,-4.859400000000001,160.51999999999998,18.0,8.0,0.0,8.0,4.0,1.0,1.0,PADPIW_FSR
qmof-63b633e,True,288.21500000000003,-1.3811000000000004,124.5,21.0,8.0,0.0,8.0,6.0,2.0,2.0,FIHLEP_FSR
qmof-1cd981a,False,,,,,,,,,,,LUXQIE_FSR
qmof-45a5d71,True,286.472,4.040200000000002,25.78,16.0,6.0,0.0,6.0,6.0,2.0,2.0,JAXLOK_FSR
qmof-5c97ebc,True,243.17199999999994,-1.3864,139.95999999999998,16.0,8.0,0.0,4.0,3.0,1.0,1.0,JAWFAR_FSR
qmof-e0e6794,False,,,,,,,,,,,BOLGUF_FSR
qmof-c63dd25,True,334.37800000000004,0.3184000000000001,106.03999999999999,22.0,8.0,0.0,8.0,5.0,2.0,2.0,BOKXOP_FSR
qmof-d461695,True,189.19400000000002,0.0946199999999997,57.949999999999996,14.0,4.0,0.0,4.0,2.0,2.0,2.0,BOKJES_FSR
qmof-ef49c96,True,164.11599999999996,-1.5864000000000003,80.25999999999999,12.0,4.0,0.0,4.0,2.0,1.0,1.0,JAVQIH01_FSR
qmof-f088d9c,True,42.021,-1.4418000000000002,58.7,3.0,3.0,0.0,0.0,0.0,0.0,0.0,JAVMEY_FSR
qmof-d178e9b,True,199.25499999999997,0.18619000000000008,40.620000000000005,13.0,5.0,0.0,3.0,2.0,0.0,1.0,BOSJUQ_FSR
qmof-2102fc6,True,250.11799999999994,-4.859400000000001,160.51999999999998,18.0,8.0,0.0,8.0,4.0,1.0,1.0,LURCUX_FSR
qmof-c494037,True,286.227,1.8022,127.74000000000001,21.0,9.0,0.0,7.0,2.0,3.0,3.0,FIJNOC_FSR
qmof-4913f79,True,450.4120000000001,-0.025200000000000333,178.47,32.0,12.0,0.0,10.0,5.0,3.0,4.0,FIHYOM_FSR
qmof-6185da3,True,296.378,1.88546,59.400000000000006,22.0,6.0,0.0,4.0,4.0,1.0,3.0,FIHYAY_FSR
qmof-81bd926,False,,,,,,,,,,,DOTTAI_FSR
qmof-ff3d2c1,True,344.2310000000001,-3.3078999999999983,169.74999999999997,25.0,9.0,0.0,9.0,4.0,2.0,2.0,DOSWUE_FSR
qmof-f93998c,True,344.2310000000001,-3.3078999999999983,169.74999999999997,25.0,9.0,0.0,9.0,4.0,2.0,2.0,DOSWOY_FSR
qmof-94a4870,True,476.72400000000016,-3.238109999999998,190.71999999999997,31.0,14.0,0.0,11.0,2.0,3.0,7.0,JELNUM_FSR
qmof-a7f87ce,True,208.10299999999998,-2.6313999999999997,142.22,13.0,9.0,0.0,6.0,0.0,0.0,1.0,JELMOD_FSR
qmof-debf6ac,True,320.304,0.5571999999999998,106.03999999999999,24.0,6.0,0.0,6.0,3.0,3.0,3.0,JEKTUP01_FSR
qmof-dd494b4,True,340.39000000000004,3.2726000000000015,61.42,26.0,6.0,0.0,6.0,4.0,5.0,5.0,UFOMIO_FSR
qmof-87c0fca,True,453.4040000000002,2.5712,101.55000000000001,33.0,11.0,0.0,8.0,4.0,5.0,5.0,UFOLIN_FSR
qmof-203b252,False,,,,,,,,,,,BOPVEI_FSR
qmof-fc9b6fb,True,242.18999999999997,-1.1294000000000002,106.03999999999999,18.0,6.0,0.0,6.0,3.0,2.0,2.0,JEGKAK_FSR
qmof-ffcb23f,True,132.212,-0.04111999999999949,75.83,8.0,4.0,2.0,3.0,2.0,0.0,0.0,GUJFEW_FSR
qmof-db33b5e,True,166.09199999999998,-2.7964,106.03999999999999,12.0,6.0,0.0,6.0,2.0,1.0,1.0,UFEWUY_FSR
qmof-7c284f0,True,166.09199999999998,-2.7964,106.03999999999999,12.0,6.0,0.0,6.0,2.0,1.0,1.0,UFEWOS_FSR
qmof-9fc2ee4,True,366.56200000000007,4.591040000000002,51.56,22.0,8.0,0.0,8.0,6.0,3.0,3.0,PAHRAS_FSR
qmof-5d1b432,True,296.155,2.901200000000001,83.17,19.0,7.0,0.0,3.0,4.0,2.0,2.0,PAGTUP_FSR
qmof-3f29ec2,True,132.071,-3.4971999999999994,89.49000000000001,9.0,5.0,0.0,5.0,4.0,0.0,0.0,PADROD02_FSR
qmof-6dfba5c,True,342.28700000000003,-2.2271999999999963,158.2,25.0,9.0,1.0,9.0,6.0,2.0,2.0,PALWEG_FSR
qmof-d72f498,False,,,,,,,,,,,LUVKET01_FSR
qmof-ff1a19b,True,184.107,-2.9587000000000003,124.12,13.0,7.0,2.0,5.0,3.0,0.0,1.0,LUVBAH_FSR
qmof-8636073,True,454.38000000000017,1.14684,115.9,32.0,12.0,0.0,8.0,7.0,3.0,3.0,LUTKES_FSR
qmof-c799254,False,,,,,,,,,,,LUSYOP_FSR
qmof-600884a,True,226.12,-4.775399999999999,153.24999999999997,16.0,8.0,1.0,7.0,1.0,1.0,1.0,GUDTIJ_FSR
qmof-219ec96,True,226.12,-4.775399999999999,153.24999999999997,16.0,8.0,1.0,7.0,1.0,1.0,1.0,GUDTAB_FSR
qmof-9344e10,True,242.099,-6.3770999999999995,189.2,17.0,10.0,1.0,9.0,2.0,1.0,1.0,GUCDIT_FSR
qmof-320e8c9,True,88.01799999999999,-3.5138000000000003,80.25999999999999,6.0,4.0,0.0,4.0,0.0,0.0,0.0,UFEMUO_FSR
qmof-cc5bcaa,True,122.10299999999997,-0.5549000000000004,53.019999999999996,9.0,3.0,0.0,3.0,1.0,1.0,1.0,UFATEA01_FSR
qmof-e16b9a1,True,199.25499999999997,0.18619000000000008,40.620000000000005,13.0,5.0,0.0,3.0,2.0,0.0,1.0,BOSKAX_FSR
qmof-3af99cd,True,96.113,0.35619999999999996,38.82,7.0,3.0,0.0,2.0,0.0,0.0,1.0,JETQOP_FSR
qmof-893d0b0,True,479.7000000000001,1.4636,80.25999999999999,16.0,8.0,0.0,4.0,2.0,1.0,1.0,JETJAW_FSR
qmof-bcf7225,True,127.14399999999998,0.11159999999999992,40.129999999999995,8.0,3.0,0.0,3.0,1.0,1.0,1.0,JERYUA_FSR
qmof-2773926,True,188.146,-0.30310000000000015,91.31,14.0,6.0,0.0,5.0,2.0,1.0,2.0,FIKSID_FSR
qmof-cc2f06a,True,446.343,1.9624999999999992,80.25999999999999,31.0,10.0,0.0,4.0,4.0,2.0,6.0,FIJRAS_FSR
qmof-4dab847,False,,,,,,,,,,,PAKQOK_FSR
qmof-7fe879e,True,135.14199999999997,0.35851999999999995,40.129999999999995,10.0,2.0,0.0,2.0,1.0,1.0,1.0,PAKGIT_FSR
qmof-4a00ee0,False,,,,,,,,,,,PAJTIE_FSR
qmof-07ca298,True,168.076,-2.2862,127.0,12.0,10.0,0.0,8.0,1.0,2.0,2.0,DOQLUS_FSR
qmof-1adaa9b,True,168.076,-2.2862,127.0,12.0,10.0,0.0,8.0,1.0,2.0,2.0,DOQLIG01_FSR
qmof-17124a7,True,168.076,-2.2862,127.0,12.0,10.0,0.0,8.0,1.0,2.0,2.0,DOQLEC01_FSR
qmof-45846c3,True,199.25499999999997,0.18619000000000008,40.620000000000005,13.0,5.0,0.0,3.0,2.0,0.0,1.0,BOSJOK_FSR
qmof-99bd2ff,True,143.086,-1.3623000000000005,100.84,10.0,8.0,0.0,6.0,2.0,1.0,1.0,BOSGOG_FSR
qmof-1a0c62d,False,,,,,,,,,,,BOSGIA_FSR
qmof-13df431,True,59.044,-1.2438,40.129999999999995,4.0,2.0,0.0,2.0,0.0,0.0,0.0,UDUKOV_FSR
qmof-54f2810,True,59.044,-1.2438,40.129999999999995,4.0,2.0,0.0,2.0,0.0,0.0,0.0,UDUGEH_FSR
qmof-727c9e2,False,,,,,,,,,,,BOXNAF02_FSR
qmof-6dd2dd5,True,165.10399999999996,-2.1914,93.15,12.0,5.0,0.0,5.0,2.0,1.0,1.0,BOXMOS_FSR
qmof-8928501,True,165.10399999999996,-2.1914,93.15,12.0,5.0,0.0,5.0,2.0,1.0,1.0,BOXMIM_FSR
qmof-ed07c17,True,412.4460000000002,0.59904,125.13000000000001,30.0,9.0,0.0,9.0,8.0,3.0,3.0,BOWFEA01_FSR
qmof-628fed6,True,432.43600000000015,1.5067999999999997,125.12999999999998,32.0,9.0,0.0,9.0,8.0,4.0,4.0,FIMYIL_FSR
qmof-9706669,True,294.26599999999996,-0.18840000000000057,98.08,22.0,6.0,0.0,6.0,4.0,3.0,3.0,FIMNAS_FSR
qmof-17096cd,True,294.26599999999996,-0.18840000000000057,98.08,22.0,6.0,0.0,6.0,4.0,3.0,3.0,FIMMUL_FSR
qmof-f0e967a,True,131.087,-3.924199999999999,92.28999999999999,9.0,5.0,1.0,5.0,4.0,0.0,0.0,PAPRUU_FSR
qmof-adde133,True,190.25,1.56,35.64,14.0,4.0,0.0,4.0,5.0,2.0,2.0,PAPGOE_FSR
qmof-69a8a24,False,,,,,,,,,,,PAMGOB_FSR
qmof-6797aee,True,156.548,0.09849999999999992,53.019999999999996,10.0,4.0,0.0,3.0,1.0,1.0,1.0,LUPCUW_FSR
qmof-0b12ae3,True,392.37500000000006,0.011990000000001055,137.79000000000002,29.0,10.0,1.0,9.0,6.0,3.0,4.0,LUMLUC_FSR
qmof-e84b289,True,307.15400000000005,-5.820109999999998,208.87,22.0,12.0,1.0,10.0,4.0,0.0,2.0,LUMLIQ_FSR
qmof-9ba23c7,True,175.116,-1.5349,106.89000000000001,12.0,6.0,3.0,5.0,2.0,0.0,1.0,UCOCEV_FSR
qmof-2fc4e1d,False,,,,,,,,,,,UFASUQ_FSR
qmof-aa18cd2,True,303.972,2.596400000000001,48.24,13.0,7.0,0.0,2.0,2.0,1.0,1.0,UFADIP_FSR
qmof-1e2bfe2,True,278.907,1.5751,40.129999999999995,11.0,4.0,0.0,2.0,1.0,1.0,1.0,BOZROZ_FSR
qmof-28e1e79,True,171.09199999999998,1.6356999999999997,69.75999999999999,11.0,5.0,0.0,2.0,2.0,1.0,1.0,UDOYUJ_FSR
qmof-d76cb3a,False,,,,,,,,,,,TUZLOR_FSR
qmof-415ffc4,True,394.2440000000002,-6.8127999999999975,240.77999999999997,28.0,12.0,0.0,12.0,9.0,1.0,1.0,UCAQOG_FSR
qmof-0efeac7,True,88.01799999999999,-3.5138000000000003,80.25999999999999,6.0,4.0,0.0,4.0,0.0,0.0,0.0,JEVVAI_FSR
qmof-8a18c1a,False,,,,,,,,,,,JIHVAA_FSR
qmof-603a442,True,235.13899999999998,-3.3903999999999987,157.22,17.0,10.0,0.0,9.0,1.0,1.0,2.0,DOKJIX_FSR
qmof-1fe98cd,True,161.14,-0.07360000000000005,68.81,12.0,4.0,1.0,3.0,1.0,2.0,2.0,PARMIG_FSR
qmof-06ea742,True,230.17899999999997,-1.4006999999999998,98.08,17.0,6.0,0.0,6.0,3.0,2.0,2.0,PARCAP_FSR
qmof-4b8b3f9,True,536.5880000000003,3.2196000000000016,125.13000000000002,40.0,9.0,0.0,9.0,11.0,5.0,5.0,PATSIO_FSR
qmof-bd1d69c,True,58.085,0.66498,23.79,3.0,2.0,0.0,1.0,0.0,0.0,0.0,PATFEY_FSR
qmof-50b9f96,True,261.167,-3.0991999999999997,167.09,17.0,10.0,0.0,7.0,2.0,1.0,1.0,FINTOO_FSR
qmof-4e27741,True,211.109,-4.673699999999999,146.16999999999996,15.0,8.0,0.0,8.0,1.0,1.0,1.0,JEXRUA_FSR
qmof-c32b599,True,211.109,-4.673699999999999,146.16999999999996,15.0,8.0,0.0,8.0,1.0,1.0,1.0,JEXROU_FSR
qmof-1db97cf,False,,,,,,,,,,,UBOBIW01_FSR
qmof-5440933,False,,,,,,,,,,,UBOBES01_FSR
qmof-4484e42,True,272.25999999999993,1.4903999999999997,78.38000000000001,20.0,6.0,0.0,6.0,5.0,2.0,2.0,GOWQIU_FSR
qmof-a020491,True,384.43800000000005,1.6895999999999998,106.03999999999999,26.0,8.0,0.0,8.0,5.0,3.0,3.0,GOVYOH_FSR
qmof-db5c49f,False,,,,,,,,,,,TUFSUK_FSR
qmof-0133865,True,292.266,1.4567999999999999,128.14,22.0,10.0,0.0,8.0,2.0,2.0,4.0,LUGLUU_FSR
qmof-6fbe426,True,204.16900000000004,-1.5149999999999997,96.62,15.0,7.0,0.0,7.0,3.0,2.0,2.0,LUFHUR_FSR
qmof-42f7d2d,True,546.4560000000002,-2.309209999999992,241.68,40.0,16.0,2.0,13.0,8.0,3.0,5.0,LUMLEM_FSR
qmof-cb9b390,True,382.42000000000013,0.5904399999999996,115.9,28.0,8.0,0.0,8.0,7.0,3.0,3.0,LUMKUB_FSR
qmof-9853d9b,True,116.07199999999999,-2.733599999999999,80.25999999999999,8.0,4.0,0.0,4.0,3.0,0.0,0.0,LUKSAM_FSR
qmof-fdde254,True,556.5820000000002,2.713800000000001,141.68,42.0,10.0,0.0,10.0,8.0,6.0,6.0,DOMRII_FSR
qmof-1274274,True,45.016999999999996,-1.6339000000000001,40.129999999999995,3.0,2.0,0.0,2.0,0.0,0.0,0.0,DOKPOI01_FSR
qmof-c735ed2,True,222.19999999999996,-2.6165999999999983,96.39,16.0,6.0,0.0,6.0,6.0,1.0,1.0,GUBTIH_FSR
qmof-05f902b,True,330.19200000000006,-3.509199999999999,243.55000000000004,24.0,18.0,2.0,13.0,4.0,1.0,4.0,JIQMAA_FSR
qmof-bf8301b,True,96.06299999999999,-0.9077999999999999,73.94,5.0,5.0,0.0,2.0,0.0,0.0,0.0,TUNROL_FSR
qmof-b0faa59,True,229.04999999999998,-2.3900999999999994,154.48000000000002,11.0,8.0,2.0,2.0,2.0,0.0,0.0,BUCCIL_FSR
qmof-6250e1f,True,156.548,0.09849999999999992,53.019999999999996,10.0,4.0,0.0,3.0,1.0,1.0,1.0,BUBPOF_FSR
qmof-f46e3f3,True,578.5370000000001,-1.0923999999999952,196.15999999999997,43.0,12.0,0.0,12.0,10.0,5.0,5.0,BUBLIV_FSR
qmof-5fa46bb,False,,,,,,,,,,,TUDKAE_FSR
qmof-46659d2,False,,,,,,,,,,,TUTQAB_FSR
qmof-de066b7,True,430.24200000000013,3.0014000000000016,189.0,28.0,12.0,4.0,4.0,6.0,2.0,2.0,TUCCIF_FSR
qmof-928425c,False,,,,,,,,,,,TUBYAR_FSR
qmof-2888e3d,True,26.018,0.09637,23.79,2.0,1.0,0.0,1.0,0.0,0.0,0.0,TOPPIZ_FSR
qmof-9e15453,True,250.21,-2.2871999999999986,121.38999999999999,18.0,7.0,2.0,5.0,2.0,1.0,2.0,FIPJAR01_FSR
qmof-e9cc368,True,60.09999999999999,-1.0962,52.04,4.0,2.0,2.0,2.0,1.0,0.0,0.0,PAXKIL_FSR
qmof-31b7998,True,124.11899999999997,0.26247,57.93,9.0,3.0,0.0,3.0,2.0,0.0,0.0,PAXJEG_FSR
qmof-66c96d5,True,104.978,-0.36402000000000007,23.79,3.0,2.0,0.0,1.0,0.0,0.0,0.0,DOJBEK_FSR
qmof-614fa01,True,182.18,0.13350000000000029,65.31,12.0,5.0,0.0,3.0,0.0,1.0,2.0,DOHVOM_FSR
qmof-35b6774,False,,,,,,,,,,,DOHJOZ01_FSR
qmof-91cf2d0,True,253.12199999999999,-5.705199999999999,173.40999999999997,18.0,9.0,0.0,9.0,2.0,1.0,1.0,LUHDAV_FSR
qmof-47c79cf,True,211.208,1.5191,69.0,16.0,6.0,0.0,5.0,2.0,2.0,3.0,GOWZUP_FSR
qmof-813b695,True,211.208,1.5191,69.0,16.0,6.0,0.0,5.0,2.0,2.0,3.0,GOWZOJ_FSR
qmof-fde365d,True,211.208,1.5191,69.0,16.0,6.0,0.0,5.0,2.0,2.0,3.0,GOWZEZ_FSR
qmof-dbbe195,True,454.38000000000017,1.14684,115.9,32.0,12.0,0.0,8.0,7.0,3.0,3.0,GOWVOF_FSR
qmof-48b4ad4,True,179.10699999999994,-1.4426000000000003,100.16,13.0,5.0,0.0,4.0,2.0,1.0,1.0,TOLCEC_FSR
qmof-284eadc,False,,,,,,,,,,,PCAUPY01_FSR
qmof-ff588b7,True,200.17099999999994,0.25009999999999993,99.82999999999998,13.0,6.0,0.0,2.0,2.0,1.0,1.0,PEGGOY_FSR
qmof-913038d,True,144.126,-1.9533999999999987,80.25999999999999,10.0,4.0,0.0,4.0,5.0,0.0,0.0,FIQPAZ_FSR
qmof-fe49acf,True,263.276,1.9027999999999998,57.949999999999996,20.0,4.0,0.0,4.0,3.0,3.0,3.0,FIQGEU_FSR
qmof-d0263a7,True,234.16499999999996,-2.2242999999999986,141.01,15.0,9.0,0.0,5.0,1.0,1.0,1.0,FIPNUO_FSR
qmof-574ecbc,True,234.16499999999996,-2.2242999999999986,141.01,15.0,9.0,0.0,5.0,1.0,1.0,1.0,FIPNOI_FSR
qmof-427595d,True,234.16499999999996,-2.2242999999999986,141.01,15.0,9.0,0.0,5.0,1.0,1.0,1.0,FIPNIC_FSR
qmof-2e692fd,True,234.16499999999996,-2.2242999999999986,141.01,15.0,9.0,0.0,5.0,1.0,1.0,1.0,FIPNAU_FSR
qmof-78378ae,True,234.16499999999996,-2.2242999999999986,141.01,15.0,9.0,0.0,5.0,1.0,1.0,1.0,FIPMUN_FSR
qmof-55b0928,False,,,,,,,,,,,TOFPUB_FSR
qmof-b9c611d,True,126.07500000000002,-1.5749,91.31,9.0,6.0,0.0,5.0,2.0,0.0,1.0,BUQRUB_FSR
qmof-38b3dd0,False,,,,,,,,,,,BUNJUQ_FSR
qmof-014a43f,True,89.07,-1.6173000000000002,49.36,6.0,3.0,0.0,3.0,2.0,0.0,0.0,JITTEO_FSR
qmof-7aa85c3,True,328.288,-2.0165999999999977,141.68,24.0,10.0,0.0,10.0,5.0,3.0,3.0,JISJUT_FSR
qmof-8f407b6,True,172.09199999999998,-3.1126999999999994,117.55999999999999,12.0,6.0,1.0,5.0,4.0,0.0,0.0,TUFFOQ_FSR
qmof-0a4f53b,True,168.197,-0.07640000000000025,53.019999999999996,11.0,4.0,0.0,4.0,3.0,1.0,1.0,JIWSAK_FSR
qmof-defff0e,True,384.3670000000001,0.7650000000000003,156.97999999999996,25.0,11.0,2.0,6.0,6.0,2.0,2.0,GOTJAA_FSR
qmof-3da2ac3,True,384.3670000000001,0.7650000000000003,156.97999999999996,25.0,11.0,2.0,6.0,6.0,2.0,2.0,GOTHOM_FSR
qmof-ab4113e,False,,,,,,,,,,,PEGLET_FSR
qmof-233c525,True,241.20199999999997,-0.5244000000000002,93.15,18.0,5.0,0.0,5.0,3.0,2.0,2.0,PEFVUT_FSR
qmof-2cfc395,True,194.16599999999997,-1.0857999999999999,92.45,14.0,5.0,1.0,4.0,4.0,1.0,1.0,DODGUY_FSR
qmof-7f1491f,False,,,,,,,,,,,PEJSOO_FSR
qmof-5e9d023,True,139.10499999999996,0.18919999999999992,40.129999999999995,10.0,3.0,0.0,2.0,1.0,1.0,1.0,LOSCOM_FSR
qmof-9ab32b4,False,,,,,,,,,,,JOBKOD_FSR
qmof-bbe0c07,False,,,,,,,,,,,JOBKIX_FSR
qmof-a9b0e38,True,242.18999999999997,-1.1294000000000002,106.03999999999999,18.0,6.0,0.0,6.0,3.0,2.0,2.0,JOBHUF_FSR
qmof-339e345,True,120.24199999999999,1.814,0.0,6.0,2.0,0.0,2.0,0.0,0.0,1.0,JIZPEQ_FSR
qmof-ce367cc,True,116.07199999999999,-2.733599999999999,80.25999999999999,8.0,4.0,0.0,4.0,3.0,0.0,0.0,JIZKIO_FSR
qmof-3a7ba2f,True,221.16799999999995,-1.628,109.36000000000001,16.0,6.0,1.0,5.0,3.0,1.0,1.0,BUSHUU_FSR
qmof-a001201,True,282.26300000000003,0.5686999999999998,117.09,21.0,8.0,0.0,7.0,3.0,2.0,3.0,BUQSAI_FSR
qmof-b2272eb,True,158.15299999999996,-1.7073999999999987,80.25999999999999,11.0,4.0,0.0,4.0,4.0,0.0,0.0,TOBQEI_FSR
qmof-6339cda,False,,,,,,,,,,,JOBXAA_FSR
qmof-7db4ed0,True,164.11599999999996,-1.5864000000000003,80.25999999999999,12.0,4.0,0.0,4.0,2.0,1.0,1.0,DIZYUH_FSR
qmof-4caa2e3,True,656.4960000000001,-7.650700000000007,335.11999999999995,48.0,24.0,0.0,22.0,12.0,5.0,6.0,DIYXER_FSR
qmof-7d54a2d,True,516.4660000000003,-1.6323999999999976,196.16,38.0,12.0,0.0,12.0,10.0,4.0,4.0,DIYTAI_FSR
qmof-bc178bf,True,264.30899999999997,-1.7779000000000003,106.03999999999999,15.0,9.0,0.0,9.0,6.0,1.0,1.0,DIXKUR01_FSR
qmof-049d829,False,,,,,,,,,,,DIXGOG_FSR
qmof-f39f138,True,340.15200000000004,-2.793599999999999,229.45999999999998,24.0,12.0,4.0,8.0,6.0,1.0,1.0,DIXCET_FSR
qmof-6a2739d,True,284.27099999999996,-0.6211000000000002,106.03999999999999,21.0,6.0,0.0,6.0,6.0,2.0,2.0,PEJFAN_FSR
qmof-aceaa1d,True,181.10299999999995,-2.9529999999999994,107.19999999999999,13.0,6.0,0.0,5.0,2.0,1.0,1.0,PEHPEY_FSR
qmof-92dadde,False,,,,,,,,,,,PEGROK_FSR
qmof-70309b4,True,88.01799999999999,-3.5138000000000003,80.25999999999999,6.0,4.0,0.0,4.0,0.0,0.0,0.0,TOKYOI_FSR
qmof-c00ae29,True,138.106,-1.5013000000000005,70.84,10.0,5.0,0.0,5.0,2.0,1.0,1.0,BUVQUF_FSR
qmof-e1c0fed,False,,,,,,,,,,,BUVKAG_FSR
qmof-2f39bbb,False,,,,,,,,,,,TIVXIH_FSR
qmof-55c6fce,False,,,,,,,,,,,JIZCIH_FSR
qmof-cbb978c,True,180.11499999999995,-1.8808,100.49000000000001,13.0,5.0,1.0,5.0,2.0,1.0,1.0,JIYKOU_FSR
qmof-45d40cb,True,209.09299999999996,-4.432900000000001,146.17,15.0,8.0,0.0,8.0,3.0,1.0,1.0,GOPGID_FSR
qmof-936651b,True,324.47400000000005,5.061200000000003,25.78,22.0,4.0,0.0,4.0,6.0,3.0,3.0,GONXEM_FSR
qmof-d5145e0,True,251.12599999999995,-3.5246999999999993,157.69,18.0,8.0,1.0,7.0,4.0,1.0,1.0,TINCAV_FSR
qmof-b8f1e8e,True,80.064,-1.0040999999999998,51.21,4.0,4.0,0.0,3.0,0.0,0.0,0.0,TILZIY_FSR
qmof-a134189,False,,,,,,,,,,,TILMAE_FSR
qmof-fcf8f5a,False,,,,,,,,,,,TILKOO_FSR
qmof-9f77e33,True,430.24200000000013,3.0014000000000016,189.0,28.0,12.0,4.0,4.0,6.0,2.0,2.0,TIJXIV_FSR
qmof-a59565c,True,204.16900000000004,-1.5149999999999997,96.62,15.0,7.0,0.0,7.0,3.0,2.0,2.0,BUZMUG_FSR
qmof-73e0d48,True,195.12999999999994,-3.0383000000000004,102.25999999999999,14.0,6.0,0.0,6.0,3.0,1.0,1.0,BUZHIO_FSR
qmof-e84ed41,True,195.12999999999994,-3.0383000000000004,102.25999999999999,14.0,6.0,0.0,6.0,3.0,1.0,1.0,BUZHEK_FSR
qmof-e21ce63,True,195.12999999999994,-3.0383000000000004,102.25999999999999,14.0,6.0,0.0,6.0,3.0,1.0,1.0,LOQFEE_FSR
qmof-dbbee82,False,,,,,,,,,,,PEJTEF_FSR
qmof-ecac71f,True,198.201,1.1120999999999999,53.019999999999996,15.0,3.0,0.0,3.0,2.0,2.0,2.0,DOBFAC01_FSR
qmof-541af34,True,195.12999999999994,-3.0383000000000004,102.25999999999999,14.0,6.0,0.0,6.0,3.0,1.0,1.0,BUZGUZ_FSR
qmof-f954167,True,176.108,-2.158999999999999,121.24000000000001,12.0,8.0,2.0,4.0,0.0,0.0,1.0,JODHAM_FSR
qmof-2134a1d,True,319.185,-5.315099999999999,202.08999999999997,23.0,11.0,1.0,10.0,3.0,2.0,2.0,JODFAL_FSR
qmof-2fd988a,True,255.217,-0.7885000000000004,101.55000000000001,19.0,8.0,0.0,8.0,3.0,3.0,3.0,PERGIF_FSR
qmof-87678da,False,,,,,,,,,,,PERDAS_FSR
qmof-324f46d,False,,,,,,,,,,,PEQVEN_FSR
qmof-6185eff,True,436.4930000000002,1.2681399999999998,115.9,31.0,9.0,0.0,9.0,6.0,4.0,4.0,FIQYOV01_FSR
qmof-8d5a08b,True,102.04499999999999,-3.1236999999999995,80.25999999999999,7.0,4.0,0.0,4.0,2.0,0.0,0.0,FIQPON_FSR
qmof-963fa90,False,,,,,,,,,,,TIDXAH_FSR
qmof-86b73f0,True,261.167,-3.0991999999999997,167.09,17.0,10.0,0.0,7.0,2.0,1.0,1.0,TICLOI_FSR
qmof-750036a,True,122.10299999999997,-0.5549000000000004,53.019999999999996,9.0,3.0,0.0,3.0,1.0,1.0,1.0,TIBBOW_FSR
qmof-05d5336,True,116.07199999999999,-2.733599999999999,80.25999999999999,8.0,4.0,0.0,4.0,3.0,0.0,0.0,CADJIB01_FSR
qmof-54078ea,True,182.08699999999996,-2.6331999999999995,110.47,13.0,6.0,0.0,6.0,2.0,1.0,1.0,CACQUU_FSR
qmof-0f4d4bb,True,183.14299999999997,-0.9662,106.11000000000001,13.0,6.0,2.0,4.0,3.0,1.0,1.0,CACFIX_FSR
qmof-76932b3,False,,,,,,,,,,,CABTAD_FSR
qmof-1492ba7,True,175.116,-1.5349,106.89000000000001,12.0,6.0,3.0,5.0,2.0,0.0,1.0,CAASCO03_FSR
qmof-940010e,True,143.086,-1.3623000000000005,100.84,10.0,8.0,0.0,6.0,2.0,1.0,1.0,JOHVAE_FSR
qmof-357aaf4,True,122.17099999999999,1.14148,27.03,9.0,2.0,0.0,2.0,4.0,0.0,0.0,JOHKIA_FSR
qmof-0db1e73,False,,,,,,,,,,,JOFZUZ_FSR
qmof-e03e344,True,127.083,-2.577,83.73,9.0,6.0,0.0,6.0,2.0,1.0,1.0,JOJJIC_FSR
qmof-96e0e51,True,127.083,-2.577,83.73,9.0,6.0,0.0,6.0,2.0,1.0,1.0,JOJJAU_FSR
qmof-0689dbf,True,127.083,-2.577,83.73,9.0,6.0,0.0,6.0,2.0,1.0,1.0,JOJJAU01_FSR
qmof-9444e9b,True,236.07599999999996,-1.0299999999999998,80.25999999999999,16.0,8.0,0.0,4.0,2.0,1.0,1.0,TEXXOL_FSR
qmof-622d275,True,103.21,2.2300000000000004,0.0,6.0,1.0,0.0,0.0,0.0,0.0,0.0,TEVQIU01_FSR
qmof-6d0ce1c,True,165.10399999999996,-2.1914,93.15,12.0,5.0,0.0,5.0,2.0,1.0,1.0,TEVMAJ_FSR
qmof-4814d71,True,58.085,0.66498,23.79,3.0,2.0,0.0,1.0,0.0,0.0,0.0,PEQMOP_FSR
qmof-bdb64dd,True,156.18799999999996,2.1435999999999993,25.78,12.0,2.0,0.0,2.0,1.0,2.0,2.0,PEQLEC01_FSR
qmof-d2c94e7,True,273.17999999999995,-2.3822099999999997,142.27999999999997,20.0,8.0,1.0,7.0,4.0,1.0,2.0,DITROP_FSR
qmof-0fb4857,True,126.09499999999998,-1.9719999999999998,70.84,9.0,5.0,0.0,5.0,2.0,1.0,1.0,DITPON_FSR
qmof-bb8dddc,True,307.21900000000005,2.3879,120.69000000000003,20.0,10.0,0.0,7.0,7.0,1.0,1.0,DITJEX_FSR
qmof-41412a3,True,98.08900000000001,-1.8512000000000004,90.86,7.0,5.0,2.0,4.0,0.0,0.0,1.0,PEPWUD_FSR
qmof-1c2a03e,True,348.35800000000006,0.021379999999999955,86.74,26.0,6.0,0.0,6.0,6.0,1.0,3.0,PEPNOQ_FSR
qmof-2aae36a,True,342.2150000000001,-3.067099999999999,169.75,25.0,9.0,0.0,9.0,6.0,2.0,2.0,PENYIT01_FSR
qmof-56a6574,False,,,,,,,,,,,PENMOL_FSR
qmof-34855af,True,122.10299999999997,-0.5549000000000002,53.019999999999996,9.0,3.0,0.0,3.0,1.0,1.0,1.0,PENKUQ_FSR
qmof-839f4a1,True,95.10099999999998,0.3200000000000002,26.939999999999998,7.0,2.0,0.0,1.0,0.0,1.0,1.0,JOVWUM_FSR
qmof-66e805a,True,216.16999999999996,-0.044300000000000006,120.06,14.0,7.0,1.0,3.0,2.0,1.0,1.0,TEFTUU_FSR
qmof-0feb730,True,165.10399999999996,-2.1914,93.15,12.0,5.0,0.0,5.0,2.0,1.0,1.0,TEDFIS_FSR
qmof-c7f7b10,True,184.10699999999997,-3.3709999999999996,129.17000000000002,13.0,7.0,2.0,6.0,3.0,1.0,1.0,LOFGOF_FSR
qmof-370b421,True,296.2420000000001,-1.2150000000000005,115.9,22.0,8.0,0.0,8.0,4.0,3.0,3.0,FISHOH_FSR
qmof-adba110,True,114.05599999999998,-2.9576000000000002,80.25999999999999,8.0,4.0,0.0,4.0,2.0,0.0,0.0,FIRDAO_FSR
qmof-8f67479,True,224.267,2.1170999999999998,35.64,17.0,4.0,0.0,4.0,3.0,3.0,3.0,PETWOB_FSR
qmof-648c41f,False,,,,,,,,,,,PETGON_FSR
qmof-d8ed558,True,300.314,-0.9018199999999992,86.74,22.0,6.0,0.0,6.0,7.0,0.0,2.0,TEQQOV_FSR
qmof-d8a1caf,True,300.314,-0.9018199999999992,86.74,22.0,6.0,0.0,6.0,7.0,0.0,2.0,TEQQIP_FSR
qmof-f24dae1,True,58.085,0.66498,23.79,3.0,2.0,0.0,1.0,0.0,0.0,0.0,TIGWUD_FSR
qmof-284c5cf,True,58.085,0.66498,23.79,3.0,2.0,0.0,1.0,0.0,0.0,0.0,TIGWOX_FSR
qmof-492d2a5,False,,,,,,,,,,,TIDZAJ_FSR
qmof-767c706,True,164.11599999999996,-1.5864000000000003,80.25999999999999,12.0,4.0,0.0,4.0,2.0,1.0,1.0,CAHNAC_FSR
qmof-caa8e2a,False,,,,,,,,,,,CAHHIC01_FSR
qmof-a29d976,True,114.05599999999998,-2.9576000000000002,80.25999999999999,8.0,4.0,0.0,4.0,2.0,0.0,0.0,CAFUMT01_FSR
qmof-c570ff7,False,,,,,,,,,,,CAJVIT01_FSR
qmof-508fff5,True,193.05499999999998,-3.192799999999999,171.42000000000002,13.0,12.0,0.0,3.0,6.0,0.0,0.0,CAJTOX_FSR
qmof-d8e43f6,False,,,,,,,,,,,TEHVIL_FSR
qmof-2bbe9ae,True,369.3000000000001,4.569560000000002,116.50999999999999,25.0,10.0,0.0,3.0,2.0,2.0,2.0,PIDSAY_FSR
qmof-ec7e515,False,,,,,,,,,,,PEVLIN_FSR
qmof-67716b0,False,,,,,,,,,,,PEVLEJ_FSR
qmof-ae2eedb,True,236.159,-3.5124999999999984,133.27999999999997,17.0,7.0,0.0,7.0,3.0,1.0,1.0,PEVKOR_FSR
qmof-01060b4,True,238.175,-3.288499999999998,133.27999999999997,17.0,7.0,0.0,7.0,4.0,1.0,1.0,PEVKIL_FSR
qmof-099b964,True,66.043,-0.44704000000000005,61.68,5.0,3.0,0.0,2.0,0.0,0.0,0.0,PEVCOJ_FSR
qmof-9cd9fbd,True,296.379,2.8411800000000005,59.43,21.0,6.0,0.0,5.0,4.0,3.0,3.0,PEVBIC_FSR
qmof-f5dcd18,True,106.215,1.4239,0.0,5.0,2.0,0.0,2.0,0.0,0.0,1.0,DIQTUV01_FSR
qmof-b56746c,True,190.005,1.3569,40.129999999999995,11.0,4.0,0.0,2.0,1.0,1.0,1.0,DIQNUO_FSR
qmof-3b967da,True,100.12599999999999,-0.5778000000000001,38.49,6.0,4.0,1.0,2.0,0.0,0.0,1.0,LOFJOG_FSR
qmof-4192319,True,101.134,0.4672899999999999,44.47,6.0,4.0,2.0,2.0,0.0,1.0,1.0,LOFJEW_FSR
qmof-017c7fa,False,,,,,,,,,,,GOJDIT_FSR
qmof-b06a90c,True,115.108,-1.0847000000000004,49.36,8.0,3.0,0.0,3.0,1.0,0.0,1.0,GOHWOR_FSR
qmof-8333737,True,380.21700000000016,-7.202899999999999,240.77999999999997,27.0,12.0,0.0,12.0,8.0,1.0,1.0,TARSOW_FSR
qmof-82cb581,True,380.21700000000016,-7.202899999999999,240.77999999999997,27.0,12.0,0.0,12.0,8.0,1.0,1.0,TARSIQ_FSR
qmof-a3a09fc,True,261.167,-3.0991999999999997,167.09,17.0,10.0,0.0,7.0,2.0,1.0,1.0,TAZYOK_FSR
qmof-5161923,True,170.164,-1.7073999999999987,80.25999999999999,12.0,4.0,0.0,4.0,2.0,0.0,1.0,TATROY_FSR
qmof-4a7bb80,True,164.11599999999996,-1.5864000000000003,80.25999999999999,12.0,4.0,0.0,4.0,2.0,1.0,1.0,LOCCEL_FSR
qmof-44d1f08,True,371.28900000000004,-3.6530999999999967,181.80999999999995,27.0,12.0,0.0,12.0,6.0,3.0,3.0,LOBHOA_FSR
qmof-6070de9,False,,,,,,,,,,,LOFKEX_FSR
qmof-cd46c95,False,,,,,,,,,,,DIPQIE_FSR
qmof-768d192,True,322.28,-0.1472000000000006,137.62,24.0,8.0,2.0,6.0,2.0,4.0,4.0,PEXSOB01_FSR
qmof-20ae7e2,True,161.14,-0.07360000000000005,68.81,12.0,4.0,1.0,3.0,1.0,2.0,2.0,PEXSIV01_FSR
qmof-e05c6ec,True,374.35600000000005,0.47159999999999935,115.89999999999999,28.0,8.0,0.0,8.0,4.0,4.0,4.0,TEQLEJ01_FSR
qmof-d76ec90,True,167.213,1.2934,50.73,11.0,4.0,0.0,2.0,0.0,1.0,1.0,TEQKAC_FSR
qmof-68380f0,True,184.202,2.2854,52.92,14.0,4.0,0.0,2.0,0.0,1.0,3.0,TENKUV_FSR
qmof-093528a,True,181.13299999999998,2.7994000000000003,0.0,11.0,5.0,0.0,0.0,0.0,1.0,1.0,CANVUL_FSR
qmof-cab5309,True,181.13299999999998,2.7994000000000003,0.0,11.0,5.0,0.0,0.0,0.0,1.0,1.0,CANVOF_FSR
qmof-a3a0733,True,191.17000000000002,-0.9769000000000005,86.63,14.0,6.0,1.0,5.0,3.0,2.0,2.0,CALDEA_FSR
qmof-367efb8,True,327.22400000000005,-1.8576999999999995,157.68999999999997,24.0,8.0,1.0,7.0,5.0,2.0,2.0,CAPMOY_FSR
qmof-cd664ad,True,184.198,1.7076,42.85,14.0,3.0,0.0,3.0,2.0,2.0,2.0,TATRAI_FSR
qmof-3cd6c37,True,326.21600000000007,-3.1924,160.51999999999998,24.0,8.0,0.0,8.0,5.0,2.0,2.0,TAKTEH_FSR
qmof-f134027,False,,,,,,,,,,,TAQJEA_FSR
qmof-a4fd570,True,45.016999999999996,-1.6339000000000001,40.129999999999995,3.0,2.0,0.0,2.0,0.0,0.0,0.0,FITTEH_FSR
qmof-fe4a7b4,True,335.2080000000001,-5.820679999999999,215.66,24.0,12.0,1.0,10.0,4.0,1.0,2.0,DIMKAN_FSR
qmof-1a3aede,True,253.16599999999997,-4.502109999999997,132.86,18.0,8.0,0.0,8.0,6.0,0.0,1.0,DIMCOT_FSR
qmof-404ee41,True,253.16599999999997,-4.502109999999997,132.86,18.0,8.0,0.0,8.0,6.0,0.0,1.0,DIMCAF_FSR
qmof-f50d129,True,253.16599999999997,-4.502109999999997,132.86,18.0,8.0,0.0,8.0,6.0,0.0,1.0,DIMBUY_FSR
qmof-0126d83,True,147.121,0.12339999999999993,76.96000000000001,11.0,6.0,0.0,5.0,1.0,1.0,2.0,DILDEI01_FSR
qmof-d89f5f4,True,184.24200000000002,2.2618,25.78,14.0,2.0,0.0,2.0,3.0,2.0,2.0,PIHKUN_FSR
qmof-f44b97c,True,166.09199999999998,-2.7964,106.03999999999999,12.0,6.0,0.0,6.0,2.0,1.0,1.0,JUFREJ_FSR
qmof-3c6146b,True,42.021,-1.4418000000000002,58.7,3.0,3.0,0.0,0.0,0.0,0.0,0.0,JUCRUU_FSR
qmof-771c050,True,42.021,-1.4418000000000002,58.7,3.0,3.0,0.0,0.0,0.0,0.0,0.0,JUCROO_FSR
qmof-71a4d07,True,122.10299999999997,-0.5549000000000004,53.019999999999996,9.0,3.0,0.0,3.0,1.0,1.0,1.0,TANSIM_FSR
qmof-34d7c8a,True,394.2440000000002,-6.8127999999999975,240.77999999999997,28.0,12.0,0.0,12.0,9.0,1.0,1.0,TARTAJ_FSR
qmof-88a7d5a,True,195.14999999999998,-0.48650000000000043,86.66000000000001,14.0,5.0,1.0,4.0,4.0,1.0,1.0,TACJEM_FSR
qmof-abd0616,True,179.13099999999997,-2.0042,106.28,13.0,5.0,1.0,5.0,2.0,1.0,1.0,CAWLIY_FSR
qmof-c49c727,True,164.11599999999996,-1.5864000000000003,80.25999999999999,12.0,4.0,0.0,4.0,2.0,1.0,1.0,CATPAL03_FSR
qmof-96226c0,True,42.021,-1.4418000000000002,58.7,3.0,3.0,0.0,0.0,0.0,0.0,0.0,JUCRII_FSR
qmof-2928cd0,True,182.18,0.13350000000000029,65.31,12.0,5.0,0.0,3.0,0.0,1.0,2.0,DIFTOD_FSR
qmof-3391747,True,383.40800000000013,-0.014559999999999684,128.79000000000002,28.0,9.0,0.0,9.0,7.0,3.0,3.0,PIHHIZ_FSR
qmof-1f59aa4,True,115.06399999999998,-1.6228999999999998,77.42999999999999,8.0,4.0,1.0,3.0,2.0,0.0,0.0,PIFBIQ_FSR
qmof-cb14b92,True,136.12999999999994,-0.3677000000000001,66.14999999999999,10.0,3.0,1.0,3.0,1.0,1.0,1.0,DIKQEU_FSR
qmof-9cb371f,True,231.16699999999994,-2.005699999999999,110.97,17.0,7.0,0.0,7.0,3.0,2.0,2.0,DIHROE_FSR
qmof-2e15076,True,1044.6020000000005,4.991500000000014,364.75,68.0,25.0,11.0,7.0,12.0,7.0,7.0,LIXRIV_FSR
qmof-f815bf7,False,,,,,,,,,,,FIWBAO_FSR
qmof-c7c2c9c,True,165.10399999999996,-2.1914,93.15,12.0,5.0,0.0,5.0,2.0,1.0,1.0,FIVYOZ_FSR
qmof-40250e9,True,137.11399999999998,-0.24430000000000013,60.36,10.0,3.0,1.0,3.0,1.0,1.0,1.0,CASALA02_FSR
qmof-858bc51,True,161.14,-0.07360000000000028,68.81,12.0,4.0,1.0,3.0,1.0,2.0,2.0,CAQVEY_FSR
qmof-debb278,True,266.42,2.4116,25.78,19.0,3.0,0.0,2.0,6.0,2.0,2.0,CAQNIU_FSR
qmof-b320dc2,True,207.11699999999993,-3.2229,120.38999999999999,15.0,6.0,0.0,6.0,3.0,1.0,1.0,CAQFEI_FSR
qmof-f995bd9,True,148.141,-0.1553000000000001,53.019999999999996,11.0,3.0,0.0,3.0,2.0,1.0,1.0,JUKXIW01_FSR
qmof-3913683,True,394.39400000000006,5.170600000000004,0.0,28.0,2.0,0.0,0.0,4.0,4.0,4.0,FIXPEI_FSR
qmof-a2d4b80,True,165.10399999999996,-2.1914,93.15,12.0,5.0,0.0,5.0,2.0,1.0,1.0,FIXGEZ_FSR
qmof-275e0ea,True,165.10399999999996,-2.1914,93.15,12.0,5.0,0.0,5.0,2.0,1.0,1.0,FIXGAV_FSR
qmof-7406b61,True,380.40400000000005,0.7594,137.62,28.0,8.0,2.0,6.0,4.0,3.0,4.0,LIXVUL_FSR
qmof-2393523,True,72.107,0.7968,9.23,5.0,1.0,0.0,1.0,0.0,0.0,1.0,PIJYAL_FSR
qmof-4159cf9,True,208.12499999999994,-1.8881999999999994,117.56,15.0,6.0,1.0,5.0,3.0,1.0,1.0,PIJKAV_FSR
qmof-a4c6e04,True,142.10999999999999,-2.343499999999999,80.25999999999999,10.0,4.0,0.0,4.0,2.0,0.0,1.0,GOHWIL_FSR
qmof-f309089,True,96.06299999999999,-0.9077999999999999,73.94,5.0,5.0,0.0,2.0,0.0,0.0,0.0,GOHVOQ_FSR
qmof-6ac8fc3,True,185.23000000000002,2.0887000000000002,37.81,14.0,3.0,1.0,3.0,3.0,2.0,2.0,GOHCIP_FSR
qmof-1ad458e,False,,,,,,,,,,,GOGLUK_FSR
qmof-cc4453b,True,181.10299999999998,-2.4858000000000002,113.38,13.0,6.0,1.0,6.0,2.0,1.0,1.0,GOGJES_FSR
qmof-c46c71e,True,186.218,2.0560399999999994,57.36,14.0,4.0,2.0,2.0,0.0,3.0,3.0,TACBEF_FSR
qmof-965b897,True,252.134,-5.100199999999999,160.51999999999998,18.0,8.0,0.0,8.0,2.0,1.0,1.0,SUYHAW_FSR
qmof-e50120c,False,,,,,,,,,,,TAHJES_FSR
qmof-3332fd1,True,510.59300000000025,6.405500000000004,145.18,35.0,10.0,0.0,2.0,7.0,4.0,4.0,TAGVII_FSR
qmof-b8ed633,False,,,,,,,,,,,GIZVOB_FSR
qmof-3f84407,True,147.121,0.12339999999999998,76.96000000000001,11.0,6.0,0.0,5.0,1.0,1.0,2.0,GIZVIV_FSR
qmof-6721074,True,250.11799999999994,-4.859400000000001,160.51999999999998,18.0,8.0,0.0,8.0,4.0,1.0,1.0,SUKREX01_FSR
qmof-e7748f7,True,278.21999999999997,-3.3539999999999983,138.46,20.0,8.0,2.0,6.0,6.0,1.0,1.0,CEBCAP_FSR
qmof-eb6363e,True,208.262,1.88369,47.03,14.0,4.0,0.0,4.0,4.0,1.0,1.0,GIZKIK_FSR
qmof-150781e,True,267.167,0.4166000000000001,106.11000000000001,19.0,8.0,2.0,4.0,3.0,2.0,2.0,PINKOP_FSR
qmof-f640f33,True,243.184,-0.7844,150.9,16.0,11.0,0.0,7.0,1.0,1.0,2.0,LIRYAN_FSR
qmof-94dd3be,True,136.12999999999994,-0.3677000000000001,66.14999999999999,10.0,3.0,1.0,3.0,1.0,1.0,1.0,CAZXOQ_FSR
qmof-3351730,True,506.51500000000016,1.5135999999999994,184.47,37.0,11.0,3.0,9.0,11.0,3.0,3.0,CAZXIN_FSR
qmof-26b5f18,True,490.51600000000013,1.8079999999999998,164.24,36.0,10.0,2.0,8.0,11.0,3.0,3.0,CAZXEJ_FSR
qmof-a911695,True,216.066,0.9983999999999997,114.39999999999999,12.0,8.0,2.0,2.0,5.0,0.0,0.0,CAZLEV_FSR
qmof-be391c1,True,354.3570000000001,4.867180000000003,112.97999999999999,27.0,9.0,0.0,8.0,0.0,1.0,6.0,CAYSEB01_FSR
qmof-b22af88,True,174.274,0.51918,47.849999999999994,10.0,5.0,2.0,2.0,0.0,0.0,1.0,SUQVUX_FSR
qmof-92d67c2,True,312.28499999999997,-1.0009999999999997,115.89999999999999,23.0,8.0,0.0,8.0,4.0,3.0,3.0,CAXZEI_FSR
qmof-360b5df,False,,,,,,,,,,,JUMRIU_FSR
qmof-9c038df,True,167.20899999999997,2.0328999999999997,26.3,11.0,3.0,0.0,2.0,2.0,1.0,1.0,JULCAU_FSR
qmof-9d96a3f,True,203.31200000000004,0.6660999999999999,46.330000000000005,12.0,5.0,1.0,2.0,1.0,0.0,1.0,DICHUV_FSR
qmof-684fe0f,True,165.12399999999994,-0.22120000000000017,58.59,12.0,4.0,0.0,4.0,1.0,1.0,2.0,PIWDEF_FSR
qmof-5b751c9,True,370.3650000000001,-0.7899999999999978,125.13,27.0,9.0,0.0,9.0,8.0,3.0,3.0,POCVAF01_FSR
qmof-33e82fb,True,348.79900000000004,1.99018,105.44,23.0,10.0,1.0,8.0,4.0,3.0,3.0,POCQEE_FSR
qmof-12fc980,True,328.38100000000003,1.6451999999999998,105.44,23.0,9.0,1.0,8.0,4.0,3.0,3.0,POCQAA_FSR
qmof-fdbbab3,False,,,,,,,,,,,KACMOT_FSR
qmof-1b058a2,True,241.20199999999997,-0.5244000000000002,93.15,18.0,5.0,0.0,5.0,3.0,2.0,2.0,JUSZUU_FSR
qmof-6b9969b,True,380.38500000000005,0.5330999999999991,115.89999999999999,27.0,9.0,0.0,9.0,4.0,4.0,4.0,GIYHED_FSR
qmof-ce59b58,True,380.38500000000005,0.5330999999999991,115.89999999999999,27.0,9.0,0.0,9.0,4.0,4.0,4.0,GIYHAZ_FSR
qmof-b6158a1,True,713.2080000000004,4.506800000000006,342.86999999999995,42.0,24.0,5.0,6.0,12.0,2.0,2.0,GIXNAF_FSR
qmof-4bdff9f,True,208.10499999999996,-3.8278999999999996,133.28,15.0,7.0,0.0,7.0,3.0,1.0,1.0,CECVIQ_FSR
qmof-2f358d2,True,142.09400000000002,0.08519999999999994,88.82000000000001,10.0,6.0,0.0,4.0,0.0,1.0,1.0,CECRUY_FSR
qmof-8f40bf6,True,80.08999999999999,0.4765999999999999,25.78,6.0,2.0,0.0,2.0,0.0,1.0,1.0,CECROS_FSR
qmof-7c7b2bc,True,80.08999999999999,0.4765999999999999,25.78,6.0,2.0,0.0,2.0,0.0,1.0,1.0,CECRIM_FSR
qmof-ce7e22c,True,164.11599999999996,-1.5864000000000003,80.25999999999999,12.0,4.0,0.0,4.0,2.0,1.0,1.0,CECKED_FSR
qmof-82f77fa,True,362.345,0.22129999999999989,126.75999999999999,27.0,8.0,1.0,7.0,4.0,4.0,4.0,CECJUS_FSR
qmof-02485bd,True,252.134,-5.100199999999999,160.51999999999998,18.0,8.0,0.0,8.0,2.0,1.0,1.0,LINVAI_FSR
qmof-2e97dc7,True,252.134,-5.100199999999999,160.51999999999998,18.0,8.0,0.0,8.0,2.0,1.0,1.0,LINTUA_FSR
qmof-2bf71ce,True,278.172,-4.543999999999999,160.51999999999998,20.0,8.0,0.0,8.0,4.0,1.0,1.0,LINSUZ_FSR
qmof-19ac3b5,True,278.172,-4.543999999999999,160.51999999999998,20.0,8.0,0.0,8.0,4.0,1.0,1.0,LINSEJ_FSR
qmof-fc7ed75,True,114.05599999999998,-2.9576000000000002,80.25999999999999,8.0,4.0,0.0,4.0,2.0,0.0,0.0,LINSAF_FSR
qmof-a54b66a,True,114.05599999999998,-2.9576000000000002,80.25999999999999,8.0,4.0,0.0,4.0,2.0,0.0,0.0,LINRUY_FSR
qmof-2e3199e,True,408.3380000000001,-2.0950199999999963,189.10000000000002,30.0,14.0,0.0,12.0,6.0,0.0,4.0,LIWLUZ_FSR
qmof-25be31d,True,214.228,2.1205999999999996,66.91,16.0,5.0,2.0,3.0,2.0,2.0,2.0,LISDAT_FSR
qmof-b8000f1,False,,,,,,,,,,,POBHIZ_FSR
qmof-7d1abbc,True,292.15900000000005,-5.2238999999999995,189.2,21.0,10.0,1.0,9.0,2.0,2.0,2.0,DEZFIZ_FSR
qmof-38b0baa,True,292.15900000000005,-5.2238999999999995,189.2,21.0,10.0,1.0,9.0,2.0,2.0,2.0,DEZFEV_FSR
qmof-5b5d1a2,True,292.15900000000005,-5.2238999999999995,189.2,21.0,10.0,1.0,9.0,2.0,2.0,2.0,DEZFAR_FSR
qmof-aec449c,False,,,,,,,,,,,DEZBAO_FSR
qmof-f645d00,False,,,,,,,,,,,DEYYEO_FSR
qmof-2e18852,True,236.07599999999996,-1.0299999999999998,80.25999999999999,16.0,8.0,0.0,4.0,2.0,1.0,1.0,DEYSUX_FSR
qmof-148f760,True,256.25399999999996,-1.2263999999999982,117.56,18.0,6.0,1.0,5.0,3.0,0.0,1.0,POHNUX_FSR
qmof-d192f59,True,198.256,-0.08140999999999998,56.160000000000004,12.0,7.0,0.0,5.0,2.0,0.0,2.0,PODJAV_FSR
qmof-4e113a2,True,74.059,-2.3049999999999997,66.14999999999999,5.0,3.0,1.0,3.0,1.0,0.0,0.0,POLMEJ_FSR
qmof-950a070,False,,,,,,,,,,,POLLAD_FSR
qmof-10d8e94,True,256.241,-0.22990000000000044,95.01,19.0,6.0,1.0,5.0,4.0,2.0,2.0,POLGON_FSR
qmof-a83c999,True,318.19700000000006,-3.750609999999999,182.41,23.0,10.0,1.0,9.0,4.0,1.0,2.0,POLDUR_FSR
qmof-d385e80,True,202.19299999999998,-0.4673099999999999,69.83,15.0,5.0,0.0,4.0,3.0,1.0,2.0,POLBEZ01_FSR
qmof-8a7f6ff,True,252.134,-5.100199999999999,160.51999999999998,18.0,8.0,0.0,8.0,2.0,1.0,1.0,LINVIQ_FSR
qmof-a1e9424,True,252.134,-5.100199999999999,160.51999999999998,18.0,8.0,0.0,8.0,2.0,1.0,1.0,LINVEM_FSR
qmof-91f3692,True,156.14799999999997,1.5051999999999999,52.92,12.0,4.0,0.0,2.0,0.0,1.0,3.0,SORZAC_FSR
qmof-aca9816,True,327.22400000000005,-1.857699999999999,157.69,24.0,8.0,1.0,7.0,5.0,2.0,2.0,SOQHIR_FSR
qmof-518d206,True,317.52299999999997,4.442800000000004,12.03,21.0,3.0,1.0,3.0,10.0,2.0,2.0,SOPDAD_FSR
qmof-07dcfa3,True,181.10299999999998,-2.4858000000000002,113.38,13.0,6.0,1.0,6.0,2.0,1.0,1.0,SOZKAV_FSR
qmof-93707aa,True,175.19100000000003,0.8982799999999999,39.94,13.0,4.0,0.0,4.0,3.0,2.0,2.0,SOYFIW_FSR
qmof-9460f36,True,428.3620000000003,3.9264000000000028,96.84000000000002,28.0,10.0,0.0,8.0,11.0,2.0,2.0,GIWZOB_FSR
qmof-b2ea3a6,True,42.021,-1.4418000000000002,58.7,3.0,3.0,0.0,0.0,0.0,0.0,0.0,GIWYIV_FSR
qmof-be0b180,True,241.20199999999997,-0.5244000000000002,93.15,18.0,5.0,0.0,5.0,3.0,2.0,2.0,GIWYET_FSR
qmof-ceaa98a,True,160.17999999999998,0.7213999999999999,43.6,12.0,4.0,0.0,4.0,2.0,2.0,2.0,GIWLAA_FSR
qmof-f8c9995,False,,,,,,,,,,,KALPES_FSR
qmof-011f2cc,True,212.196,0.9140999999999998,81.88999999999999,16.0,7.0,0.0,6.0,2.0,2.0,3.0,CECWEO_FSR
qmof-ab54701,True,224.22099999999998,1.4672999999999996,90.41,15.0,7.0,0.0,3.0,2.0,2.0,2.0,SOKDIH_FSR
qmof-c8bcd1e,True,312.362,1.5242,55.38000000000001,22.0,6.0,0.0,6.0,0.0,1.0,2.0,SOHYUL_FSR
qmof-36fd5b3,False,,,,,,,,,,,SOHREO_FSR
qmof-ec871b5,True,551.6840000000001,-8.311209999999994,310.7099999999999,35.0,17.0,0.0,12.0,6.0,2.0,3.0,DERYAB_FSR
qmof-935da74,True,415.6110000000002,-1.5716000000000003,143.16000000000003,22.0,11.0,0.0,8.0,0.0,1.0,3.0,POKFUR_FSR
qmof-40bbb80,True,200.05799999999996,-5.237400000000001,148.54,14.0,8.0,0.0,8.0,0.0,0.0,1.0,POKFEC_FSR
qmof-5be25c8,True,42.021,-1.4418000000000002,58.7,3.0,3.0,0.0,0.0,0.0,0.0,0.0,POHQIN01_FSR
qmof-2f7f5e3,True,717.9940000000001,4.138440000000002,115.9,34.0,12.0,0.0,8.0,4.0,4.0,4.0,POPCOO_FSR
qmof-b6c95ec,True,689.9399999999999,3.521600000000002,115.89999999999999,32.0,12.0,0.0,8.0,4.0,4.0,4.0,POPCII_FSR
qmof-6846fdb,True,211.109,-4.673699999999999,146.16999999999996,15.0,8.0,0.0,8.0,1.0,1.0,1.0,POMTAN_FSR
qmof-667620b,True,139.158,0.37581999999999993,61.03,10.0,4.0,1.0,4.0,1.0,1.0,1.0,POGQEI_FSR
qmof-f70fff5,False,,,,,,,,,,,POGLUT_FSR
qmof-a2e4f06,True,578.0080000000002,-1.9831999999999994,160.51999999999998,26.0,10.0,0.0,8.0,5.0,2.0,2.0,POFJOK_FSR
qmof-9911385,True,254.10999999999999,-3.3999999999999995,180.64,18.0,10.0,2.0,8.0,4.0,1.0,1.0,SODDEV_FSR
qmof-1af6ce2,True,166.09199999999998,-2.7964,106.03999999999999,12.0,6.0,0.0,6.0,2.0,1.0,1.0,SODCIY_FSR
qmof-3816edb,False,,,,,,,,,,,SOCWIR_FSR
qmof-232c7dc,True,166.09199999999998,-2.7964,106.03999999999999,12.0,6.0,0.0,6.0,2.0,1.0,1.0,CEFDEY_FSR
qmof-c59d8b8,True,164.172,-0.43020000000000014,61.42,12.0,6.0,0.0,6.0,3.0,2.0,2.0,CEDXAL_FSR
qmof-1c4a0c9,True,141.146,0.3278900000000001,51.21,10.0,3.0,0.0,3.0,3.0,0.0,0.0,GIVCUK_FSR
qmof-14924f8,False,,,,,,,,,,,GITFAT_FSR
qmof-903f0ae,True,165.10399999999996,-2.1914,93.15,12.0,5.0,0.0,5.0,2.0,1.0,1.0,FODGUB02_FSR
qmof-4a4833a,True,241.20199999999997,-0.5244000000000002,93.15,18.0,5.0,0.0,5.0,3.0,2.0,2.0,FOCZOO_FSR
qmof-1b54ceb,True,305.20200000000006,1.7424,111.57,21.0,7.0,2.0,3.0,4.0,2.0,2.0,FOCTEY_FSR
qmof-5885ba6,True,143.21099999999998,1.84602,26.03,9.0,3.0,0.0,3.0,2.0,1.0,1.0,LIRPUX_FSR
qmof-6013710,True,112.03999999999999,-1.7236000000000002,68.28,8.0,4.0,0.0,4.0,0.0,0.0,1.0,POMDIF_FSR
qmof-4aa603d,True,83.074,-1.1376000000000002,64.84,6.0,4.0,1.0,3.0,0.0,0.0,1.0,POLPOW_FSR
qmof-b01aecb,True,479.7000000000001,1.4636,80.25999999999999,16.0,8.0,0.0,4.0,2.0,1.0,1.0,DEYMEB_FSR
qmof-bec0a90,False,,,,,,,,,,,KAGBIG_FSR
qmof-2737c15,True,241.20199999999997,-0.5244000000000002,93.15,18.0,5.0,0.0,5.0,3.0,2.0,2.0,GIWYAP_FSR
qmof-5313422,True,257.20099999999996,-1.4354999999999996,102.25999999999999,19.0,6.0,0.0,6.0,3.0,2.0,2.0,SOBZOA01_FSR
qmof-6213255,True,317.16900000000004,-0.8213000000000001,126.46000000000001,22.0,8.0,0.0,6.0,2.0,2.0,3.0,KAMYED_FSR
qmof-e989a0b,False,,,,,,,,,,,KAMBUW_FSR
qmof-9e4819b,True,187.17799999999997,0.2358,57.949999999999996,14.0,4.0,0.0,4.0,2.0,2.0,2.0,GIQYIQ01_FSR
qmof-e6ff6a8,True,149.06599999999997,2.04319,0.0,10.0,4.0,0.0,0.0,0.0,1.0,1.0,GISQOR_FSR
qmof-51a8296,True,257.20099999999996,-0.77651,103.4,19.0,6.0,0.0,5.0,3.0,1.0,2.0,SOBZIU01_FSR
qmof-605077f,True,136.13,-0.24648000000000014,53.019999999999996,10.0,3.0,0.0,3.0,1.0,1.0,1.0,SIZNEW_FSR
qmof-40ec03b,True,122.10299999999997,-0.5549000000000002,53.019999999999996,9.0,3.0,0.0,3.0,1.0,1.0,1.0,PUFTEQ_FSR
qmof-c97a018,False,,,,,,,,,,,PUDWIV_FSR
qmof-40ff1c5,True,342.327,-0.8437999999999986,133.27999999999997,25.0,7.0,0.0,7.0,3.0,2.0,2.0,PORZON_FSR
qmof-9e3044c,True,42.021,-1.4418000000000002,58.7,3.0,3.0,0.0,0.0,0.0,0.0,0.0,PORVEZ_FSR
qmof-7b5e892,True,166.148,-1.6401999999999999,87.2,12.0,8.0,0.0,8.0,3.0,2.0,2.0,PORKOY_FSR
qmof-1a60246,True,283.3070000000001,1.1692999999999996,81.26,21.0,5.0,2.0,3.0,5.0,2.0,2.0,POQTIZ_FSR
qmof-0bac948,True,398.63800000000026,3.7890000000000024,40.620000000000005,26.0,6.0,0.0,4.0,6.0,0.0,3.0,LIJYEJ_FSR
qmof-cb3e9e8,False,,,,,,,,,,,SOSKOC_FSR
qmof-f69729d,False,,,,,,,,,,,SOHBAU_FSR
qmof-03af876,True,85.082,-0.6876,40.129999999999995,6.0,2.0,0.0,2.0,1.0,0.0,0.0,KATZOV_FSR
qmof-aea802e,True,85.082,-0.6876,40.129999999999995,6.0,2.0,0.0,2.0,1.0,0.0,0.0,KATZIP_FSR
qmof-576be06,True,96.06299999999999,-0.9077999999999999,73.94,5.0,5.0,0.0,2.0,0.0,0.0,0.0,SISPIV_FSR
qmof-061a90b,False,,,,,,,,,,,CEJWUK_FSR
qmof-525bc94,True,243.17199999999994,-1.3864,139.95999999999998,16.0,8.0,0.0,4.0,3.0,1.0,1.0,CEJLIP_FSR
qmof-90c3233,True,243.17199999999994,-1.3864,139.95999999999998,16.0,8.0,0.0,4.0,3.0,1.0,1.0,CEJLEL_FSR
qmof-c41123e,True,243.17199999999994,-1.3864,139.95999999999998,16.0,8.0,0.0,4.0,3.0,1.0,1.0,CEJKUA_FSR
qmof-5ef4ba5,True,446.41900000000015,0.2880000000000009,153.2,33.0,10.0,1.0,9.0,7.0,4.0,4.0,GINJAR_FSR
qmof-92f1c98,True,599.4740000000002,4.819840000000005,115.9,42.0,10.0,0.0,8.0,6.0,6.0,6.0,GINHUJ_FSR
qmof-fff4e91,True,192.16999999999996,-0.9695600000000002,80.25999999999999,14.0,4.0,0.0,4.0,2.0,1.0,1.0,LIMNUR_FSR
qmof-5b6856e,False,,,,,,,,,,,LIKFAN_FSR
qmof-80d041c,True,290.714,1.0107799999999998,79.63000000000001,20.0,8.0,1.0,5.0,4.0,1.0,3.0,LIKBOX_FSR
qmof-afbf6ca,True,128.13399999999996,1.4299600000000001,47.58,10.0,2.0,0.0,2.0,0.0,1.0,1.0,PUKTAR_FSR
qmof-1b23c32,True,166.148,-1.6401999999999999,87.2,12.0,8.0,0.0,8.0,3.0,2.0,2.0,SOCDIY_FSR
qmof-f8c2ad1,True,117.13099999999999,1.5958999999999999,26.46,9.0,2.0,0.0,1.0,0.0,1.0,2.0,SOCDEV_FSR
qmof-28770b1,False,,,,,,,,,,,SOCDAQ_FSR
qmof-d1ca0dc,True,58.085,0.66498,23.79,3.0,2.0,0.0,1.0,0.0,0.0,0.0,CENSUJ_FSR
qmof-9d80c83,True,197.12599999999998,-2.9007999999999994,139.07000000000002,14.0,7.0,1.0,6.0,2.0,1.0,1.0,PURMAS_FSR
qmof-61aef3f,False,,,,,,,,,,,DEPSAS_FSR
qmof-e522407,True,198.269,2.4417999999999997,52.04,15.0,2.0,2.0,2.0,2.0,2.0,2.0,DENVIC_FSR
qmof-6d43fc9,True,198.269,2.4417999999999997,52.04,15.0,2.0,2.0,2.0,2.0,2.0,2.0,DENTEW01_FSR
qmof-21f2fac,True,83.45,0.33309999999999995,76.9,4.0,4.0,0.0,0.0,0.0,0.0,0.0,DEMMIS_FSR
qmof-6edb7fd,True,201.20499999999998,0.5096999999999998,65.91,15.0,4.0,0.0,4.0,1.0,2.0,2.0,DELTAQ01_FSR
qmof-62da585,True,189.09899999999996,-5.252599999999999,140.61999999999998,13.0,7.0,1.0,7.0,5.0,0.0,0.0,PUPREY_FSR
qmof-dc5bf96,True,166.09199999999998,-2.7964,106.03999999999999,12.0,6.0,0.0,6.0,2.0,1.0,1.0,LIHLEU_FSR
qmof-44b1658,False,,,,,,,,,,,LIGRAW_FSR
qmof-50ec5b1,True,205.15700000000004,-2.119999999999999,109.51,15.0,8.0,0.0,8.0,3.0,2.0,2.0,KATKAT_FSR
qmof-e4099ea,True,88.01799999999999,-3.5138000000000003,80.25999999999999,6.0,4.0,0.0,4.0,0.0,0.0,0.0,KAWHUM01_FSR
qmof-65777fa,True,368.4330000000002,0.9444999999999997,106.03999999999999,27.0,6.0,0.0,6.0,6.0,2.0,3.0,KAVTAE_FSR
qmof-5a53386,True,96.98599999999999,-0.49040000000000006,77.43,5.0,5.0,2.0,1.0,0.0,0.0,0.0,SIRJAG_FSR
qmof-a2d344d,True,236.16700000000003,2.3807,82.64999999999999,16.0,6.0,0.0,3.0,1.0,2.0,2.0,SINKIL_FSR
qmof-a1f00d0,True,395.49400000000014,0.5093,87.4,19.0,11.0,0.0,6.0,0.0,2.0,5.0,KAVSIL_FSR
qmof-d3d7d3d,True,165.10399999999996,-2.1914,93.15,12.0,5.0,0.0,5.0,2.0,1.0,1.0,KAYBIX_FSR
qmof-da093e6,False,,,,,,,,,,,KAWPUV_FSR
qmof-4cd5f97,True,198.269,2.6519000000000013,25.78,15.0,2.0,0.0,2.0,4.0,2.0,2.0,CELQIU_FSR
qmof-204308b,True,155.089,-1.5286000000000002,106.10999999999999,11.0,6.0,2.0,4.0,2.0,1.0,1.0,CELHEI_FSR
qmof-1bd2541,True,165.10399999999996,-2.1914,93.15,12.0,5.0,0.0,5.0,2.0,1.0,1.0,SISFAD01_FSR
qmof-e106856,True,208.12499999999994,-1.8881999999999997,117.56,15.0,6.0,1.0,5.0,3.0,1.0,1.0,SIJYEQ_FSR
qmof-7d9565e,True,376.41200000000015,0.9943999999999997,106.03999999999999,28.0,6.0,0.0,6.0,7.0,3.0,3.0,DEJYOJ_FSR
qmof-bbeeb23,True,293.195,0.9339999999999993,122.78,20.0,8.0,0.0,5.0,3.0,2.0,2.0,DEHYOF_FSR
qmof-d014068,True,224.16799999999995,-2.055999999999999,98.72,16.0,6.0,0.0,6.0,6.0,1.0,1.0,DEHXEU_FSR
qmof-f38a124,False,,,,,,,,,,,PUPQOH_FSR
qmof-92bb180,True,128.13399999999996,1.4299600000000001,47.58,10.0,2.0,0.0,2.0,0.0,1.0,1.0,PUKTIZ_FSR
qmof-430eb04,False,,,,,,,,,,,PUYGEW_FSR
qmof-73f5b2a,True,85.082,-0.6876,40.129999999999995,6.0,2.0,0.0,2.0,1.0,0.0,0.0,KATYUA_FSR
qmof-dff191b,False,,,,,,,,,,,KATLUO_FSR
qmof-c82daac,False,,,,,,,,,,,GILBOV_FSR
qmof-ba852ff,True,346.4780000000001,5.100080000000005,35.64,26.0,4.0,0.0,4.0,5.0,4.0,4.0,KAYWUE_FSR
qmof-3458460,True,164.11599999999996,-1.5864000000000003,80.25999999999999,12.0,4.0,0.0,4.0,2.0,1.0,1.0,SEVROC_FSR
qmof-b0b9351,True,142.246,0.6437999999999997,6.48,10.0,2.0,0.0,2.0,2.0,0.0,1.0,GIGBIJ_FSR
qmof-166fde6,True,136.138,-0.778,97.61,10.0,5.0,1.0,2.0,0.0,1.0,1.0,LIFWUT_FSR
qmof-7493d63,True,287.27500000000003,-0.5133999999999996,118.07,21.0,7.0,1.0,7.0,5.0,2.0,2.0,LIFNIY_FSR
qmof-33a12c7,True,190.22899999999998,-1.0377000000000005,91.92999999999999,11.0,7.0,1.0,7.0,3.0,1.0,1.0,LIFCEK_FSR
qmof-d17ad2a,True,166.09199999999998,-2.7964,106.03999999999999,12.0,6.0,0.0,6.0,2.0,1.0,1.0,LIHLIY_FSR
qmof-dabdd9c,True,205.11099999999996,0.476,49.36,14.0,6.0,0.0,3.0,2.0,1.0,1.0,PUQFIS_FSR
qmof-e4a5205,True,134.16199999999998,0.63667,62.699999999999996,10.0,3.0,1.0,3.0,1.0,1.0,1.0,DEKYUP_FSR
qmof-f411818,True,184.24200000000002,2.2618,25.78,14.0,2.0,0.0,2.0,3.0,2.0,2.0,DEKGAE_FSR
qmof-bee6746,True,181.10299999999995,-2.9529999999999994,107.19999999999999,13.0,6.0,0.0,5.0,2.0,1.0,1.0,SIJREJ_FSR
qmof-7ed81f1,False,,,,,,,,,,,SESDIE_FSR
qmof-0d3a2c8,True,343.22300000000007,-1.7323999999999993,166.92000000000002,25.0,9.0,1.0,8.0,6.0,2.0,2.0,SESBOK_FSR
qmof-26f4a05,True,418.4130000000002,-0.3117799999999993,141.68,31.0,10.0,0.0,10.0,6.0,4.0,4.0,CEPDEJ_FSR
qmof-1e3de68,True,404.3860000000001,-0.6201999999999988,141.68,30.0,10.0,0.0,10.0,6.0,4.0,4.0,CEPDAF_FSR
qmof-54067df,False,,,,,,,,,,,KAYQIM_FSR
qmof-722b6f4,True,165.10399999999996,-2.1914,93.15,12.0,5.0,0.0,5.0,2.0,1.0,1.0,KAYBUJ_FSR
qmof-6235282,True,648.4040000000003,-13.7902,444.60999999999996,43.0,23.0,0.0,16.0,9.0,2.0,2.0,SEBMOE_FSR
qmof-21270fb,True,164.11599999999996,-1.5864000000000003,80.25999999999999,12.0,4.0,0.0,4.0,2.0,1.0,1.0,SAZVAR_FSR
qmof-4ad722a,True,602.4200000000003,-5.725809999999997,285.92,44.0,16.0,0.0,15.0,6.0,3.0,4.0,CIBNIM_FSR
qmof-878c6f5,True,602.4200000000003,-5.725809999999997,285.92,44.0,16.0,0.0,15.0,6.0,3.0,4.0,CIBNEI_FSR
qmof-52c18d4,False,,,,,,,,,,,CIBFAV_FSR
qmof-b654313,True,180.11499999999995,-1.8808,100.49000000000001,13.0,5.0,1.0,5.0,2.0,1.0,1.0,LEZBUO_FSR
qmof-296e43b,True,305.26599999999996,-2.0269999999999975,149.07,22.0,8.0,1.0,7.0,6.0,2.0,2.0,FOHNAT_FSR
qmof-9849dd5,False,,,,,,,,,,,PYCDBR01_FSR
qmof-47d81d6,False,,,,,,,,,,,PYCACU01_FSR
qmof-65356da,True,246.25099999999998,0.29577999999999977,94.63,17.0,7.0,0.0,6.0,2.0,2.0,2.0,QAFGAI_FSR
qmof-44525ba,False,,,,,,,,,,,FOGXAB_FSR
qmof-18bb58c,True,544.4850000000002,6.259200000000008,128.04000000000002,37.0,12.0,0.0,8.0,11.0,4.0,4.0,FOGSOL_FSR
qmof-42326c3,True,207.11699999999993,-3.2229,120.38999999999999,15.0,6.0,0.0,6.0,3.0,1.0,1.0,KEBSOA_FSR
qmof-52796c9,True,648.5520000000001,-2.6112099999999963,278.28999999999996,48.0,18.0,2.0,15.0,8.0,6.0,7.0,GIFTAS_FSR
qmof-475ad16,True,124.11899999999997,0.26247,57.93,9.0,3.0,0.0,3.0,2.0,0.0,0.0,KEDNUE_FSR
qmof-fe2bc2d,True,198.179,-0.16089999999999982,85.54,13.0,6.0,1.0,4.0,0.0,1.0,2.0,GIJMOB_FSR
qmof-d8b08f7,True,344.2310000000001,-3.3078999999999983,169.74999999999997,25.0,9.0,0.0,9.0,4.0,2.0,2.0,KELJIW_FSR
qmof-d932d4d,True,283.215,-1.5558999999999994,120.38999999999999,21.0,6.0,0.0,6.0,4.0,2.0,2.0,FONKEA_FSR
qmof-640ce15,True,164.11599999999996,-1.5864000000000003,80.25999999999999,12.0,4.0,0.0,4.0,2.0,1.0,1.0,FOMXOV_FSR
qmof-006d551,True,326.27200000000005,-2.109599999999997,141.68,24.0,10.0,0.0,10.0,4.0,3.0,3.0,FOJWAE_FSR
qmof-6864a0e,True,164.11599999999996,-1.5864000000000003,80.25999999999999,12.0,4.0,0.0,4.0,2.0,1.0,1.0,QACSAQ_FSR
qmof-a42fc49,True,224.16799999999995,-2.055999999999999,98.72,16.0,6.0,0.0,6.0,6.0,1.0,1.0,DEHXEU01_FSR
qmof-e61fb66,True,224.16799999999995,-2.055999999999999,98.72,16.0,6.0,0.0,6.0,6.0,1.0,1.0,DEHXAQ_FSR
qmof-de94464,True,224.16799999999995,-2.055999999999999,98.72,16.0,6.0,0.0,6.0,6.0,1.0,1.0,DEHWUJ01_FSR
qmof-e73768a,True,149.12499999999997,-0.13740000000000008,57.2,11.0,3.0,0.0,3.0,2.0,1.0,1.0,DEGJUV_FSR
qmof-d969c5f,True,166.09199999999998,-2.7964,106.03999999999999,12.0,6.0,0.0,6.0,2.0,1.0,1.0,LICDAD_FSR
qmof-5704a73,True,166.09199999999998,-2.7964,106.03999999999999,12.0,6.0,0.0,6.0,2.0,1.0,1.0,LEZCOK_FSR
qmof-e278422,True,144.12599999999998,-2.0974999999999984,80.25999999999999,10.0,4.0,0.0,4.0,3.0,0.0,0.0,KEDMOX_FSR
qmof-eb61052,True,166.09199999999998,-2.7964,106.03999999999999,12.0,6.0,0.0,6.0,2.0,1.0,1.0,GICTOB01_FSR
qmof-e0eb4a6,True,161.14,-0.07360000000000005,68.81,12.0,4.0,1.0,3.0,1.0,2.0,2.0,GICDOO_FSR
qmof-dec91f5,True,212.19600000000003,0.21525999999999967,105.28,16.0,7.0,0.0,6.0,1.0,2.0,2.0,SEBVEB_FSR
qmof-c4c308d,True,58.085,0.66498,23.79,3.0,2.0,0.0,1.0,0.0,0.0,0.0,SEBTEZ_FSR
qmof-294fba6,True,511.4980000000002,0.35379999999999967,163.8,38.0,12.0,0.0,12.0,9.0,5.0,5.0,QAFJAL_FSR
qmof-9002232,True,211.10899999999995,-0.13350000000000017,126.41,15.0,8.0,0.0,6.0,3.0,1.0,1.0,QAMFUF02_FSR
qmof-effdd4d,True,164.11599999999996,-1.5864000000000003,80.25999999999999,12.0,4.0,0.0,4.0,2.0,1.0,1.0,QAMDEO_FSR
qmof-5bc5985,True,108.14399999999998,0.5403000000000001,38.91,8.0,2.0,1.0,2.0,1.0,1.0,1.0,QAJWON01_FSR
qmof-d06ef43,True,170.164,-1.7073999999999987,80.25999999999999,12.0,4.0,0.0,4.0,2.0,0.0,1.0,LEWKEF_FSR
qmof-df43da1,True,155.55999999999995,0.7034999999999999,40.129999999999995,10.0,3.0,0.0,2.0,1.0,1.0,1.0,CHLBZN_FSR
qmof-db8d843,True,156.18799999999996,2.1435999999999993,25.78,12.0,2.0,0.0,2.0,1.0,2.0,2.0,CEYQIG_FSR
qmof-2ade6c7,True,602.4200000000003,-5.725809999999997,285.92,44.0,16.0,0.0,15.0,6.0,3.0,4.0,CIBPIO_FSR
qmof-b211b3d,True,602.4200000000003,-5.725809999999997,285.92,44.0,16.0,0.0,15.0,6.0,3.0,4.0,CIBPEK_FSR
qmof-355deb1,True,602.4200000000003,-5.725809999999997,285.92,44.0,16.0,0.0,15.0,6.0,3.0,4.0,CIBPAG_FSR
qmof-bf03ca2,True,602.4200000000003,-5.725809999999997,285.92,44.0,16.0,0.0,15.0,6.0,3.0,4.0,CIBNUY_FSR
qmof-a559fff,True,602.4200000000003,-5.725809999999997,285.92,44.0,16.0,0.0,15.0,6.0,3.0,4.0,CIBNOS_FSR
qmof-f803fa6,True,164.11599999999996,-1.5864000000000003,80.25999999999999,12.0,4.0,0.0,4.0,2.0,1.0,1.0,SAXZIA_FSR
qmof-579aeee,False,,,,,,,,,,,SAXPEP_FSR
qmof-13bd042,True,116.07199999999999,-2.733599999999999,80.25999999999999,8.0,4.0,0.0,4.0,3.0,0.0,0.0,SAXMOV_FSR
qmof-7f88bd0,True,506.56200000000035,2.873640000000001,115.9,38.0,8.0,0.0,8.0,7.0,5.0,5.0,SEDVEE_FSR
qmof-8130cc0,True,345.21900000000005,-4.539399999999998,187.45999999999998,25.0,10.0,0.0,9.0,4.0,2.0,2.0,CIBQUA_FSR
qmof-9fc8069,True,602.4200000000003,-5.725809999999997,285.92,44.0,16.0,0.0,15.0,6.0,3.0,4.0,CIBQAH_FSR
qmof-5f4dceb,True,244.31600000000003,0.7968,78.43,16.0,6.0,3.0,3.0,5.0,0.0,2.0,LERDOD_FSR
qmof-a4d765b,True,166.09199999999998,-2.7964,106.03999999999999,12.0,6.0,0.0,6.0,2.0,1.0,1.0,LEQGUJ_FSR
qmof-3a81f31,True,180.11499999999995,-1.8808,100.49000000000001,13.0,5.0,1.0,5.0,2.0,1.0,1.0,LEZBOI_FSR
qmof-d23a4a2,False,,,,,,,,,,,DEGGED01_FSR
qmof-64aa197,True,468.5130000000002,2.5067399999999997,115.9,35.0,8.0,0.0,8.0,6.0,5.0,5.0,DEFWUI_FSR
qmof-01ecb5c,True,414.4180000000002,-0.4959999999999989,134.36,30.0,10.0,0.0,10.0,11.0,3.0,3.0,DEFVOB_FSR
qmof-8ed6a02,True,414.4180000000002,-0.4959999999999989,134.36,30.0,10.0,0.0,10.0,11.0,3.0,3.0,DEFVIV_FSR
qmof-96bd2de,False,,,,,,,,,,,DEFHUR01_FSR
qmof-0a9f80a,True,355.2750000000001,-0.9673099999999988,131.50000000000003,25.0,10.0,0.0,10.0,5.0,0.0,1.0,DEFGEB_FSR
qmof-bf979d0,True,128.13199999999998,-0.49340000000000017,53.019999999999996,8.0,4.0,0.0,4.0,1.0,1.0,1.0,DEDWOB_FSR
qmof-8bf30fc,True,191.166,-0.5813000000000001,89.03999999999999,14.0,5.0,2.0,4.0,2.0,2.0,2.0,QASZUI_FSR
qmof-df94cde,True,191.166,-0.5813000000000001,89.03999999999999,14.0,5.0,2.0,4.0,2.0,2.0,2.0,QASZOC_FSR
qmof-7ef70ec,True,166.09199999999998,-2.7964,106.03999999999999,12.0,6.0,0.0,6.0,2.0,1.0,1.0,QAHREY_FSR
qmof-da87232,True,112.03999999999999,-1.7236000000000002,68.28,8.0,4.0,0.0,4.0,0.0,0.0,1.0,QAGZAB_FSR
qmof-3442091,True,164.11599999999996,-1.5864000000000003,80.25999999999999,12.0,4.0,0.0,4.0,2.0,1.0,1.0,CIFFUU_FSR
qmof-a24e826,True,179.13099999999997,-2.0042,106.28,13.0,5.0,1.0,5.0,2.0,1.0,1.0,CIFBUQ_FSR
qmof-0e4c5e7,False,,,,,,,,,,,KEQNIF_FSR
qmof-974b2cb,True,136.078,-0.41619999999999996,102.36000000000001,10.0,8.0,0.0,6.0,1.0,0.0,2.0,KENNAU_FSR
qmof-38ae731,True,404.28200000000015,-0.5933999999999999,262.08,30.0,20.0,2.0,14.0,4.0,2.0,6.0,KENJUK_FSR
qmof-fcedb74,True,502.25200000000035,-7.0493999999999994,315.38,36.0,16.0,2.0,14.0,8.0,2.0,2.0,GEVXAI01_FSR
qmof-a1b4d06,True,319.185,-5.315099999999999,202.08999999999997,23.0,11.0,1.0,10.0,3.0,2.0,2.0,QARSAF02_FSR
qmof-0e40af0,True,58.085,0.66498,23.79,3.0,2.0,0.0,1.0,0.0,0.0,0.0,QAVROW_FSR
qmof-708b5df,True,117.091,0.04845000000000002,72.3,9.0,4.0,0.0,4.0,0.0,0.0,1.0,QAVBAS_FSR
qmof-b10a178,True,190.19,-0.33383000000000007,85.21,14.0,7.0,0.0,7.0,3.0,2.0,2.0,FOQTIP_FSR
qmof-c468324,True,164.172,-0.43020000000000014,61.42,12.0,6.0,0.0,6.0,3.0,2.0,2.0,FOQSIO_FSR
qmof-ce0d778,False,,,,,,,,,,,LESJID_FSR
qmof-a25e5d0,True,207.11699999999993,-3.2229,120.38999999999999,15.0,6.0,0.0,6.0,3.0,1.0,1.0,GEXWIS_FSR
qmof-ae99cce,True,446.5070000000003,0.13690000000000113,112.51999999999998,33.0,8.0,0.0,8.0,7.0,3.0,4.0,CIDDIE_FSR
qmof-6699615,False,,,,,,,,,,,CIBZIY_FSR
qmof-8482176,True,477.3940000000002,1.6491999999999998,124.11000000000001,34.0,12.0,2.0,6.0,6.0,3.0,3.0,CIBYAO_FSR
qmof-6a60a04,True,164.17200000000003,-0.43020000000000036,61.42,12.0,6.0,0.0,6.0,3.0,2.0,2.0,SAGHOY_FSR
qmof-ac18ff1,True,398.63800000000026,3.7890000000000024,40.620000000000005,26.0,6.0,0.0,4.0,6.0,0.0,3.0,CIHNIR_FSR
qmof-4da1271,True,160.16,0.9156000000000001,77.19999999999999,12.0,5.0,1.0,4.0,1.0,1.0,2.0,GETWOT_FSR
qmof-3baed31,False,,,,,,,,,,,GESVAD_FSR
qmof-043c0a6,True,180.09499999999997,-2.0476,113.05000000000001,13.0,6.0,0.0,5.0,2.0,1.0,1.0,GESGAN_FSR
qmof-bdfc499,False,,,,,,,,,,,LEQFEV_FSR
qmof-d73a212,True,164.11599999999996,-1.5864000000000003,80.25999999999999,12.0,4.0,0.0,4.0,2.0,1.0,1.0,LEPKUN01_FSR
qmof-cd42f10,True,310.25399999999996,2.7326000000000015,35.64,22.0,8.0,0.0,4.0,4.0,3.0,3.0,QATWAL_FSR
qmof-19f3d7e,True,364.3570000000001,0.3809999999999991,126.27000000000001,27.0,7.0,1.0,7.0,5.0,3.0,3.0,QATGOJ_FSR
qmof-16b5b77,True,478.50800000000015,2.2568,115.89999999999999,36.0,8.0,0.0,8.0,7.0,5.0,5.0,DEDTAJ_FSR
qmof-450a9da,True,222.14000000000001,1.7560999999999993,85.55000000000001,15.0,6.0,1.0,2.0,2.0,2.0,2.0,DECFUP_FSR
qmof-41aa483,True,238.29399999999998,2.1761999999999997,35.64,18.0,4.0,0.0,4.0,4.0,3.0,3.0,DECCOE_FSR
qmof-e260879,True,506.5620000000002,2.114599999999999,115.89999999999999,38.0,8.0,0.0,8.0,9.0,5.0,5.0,DEBXEQ_FSR
qmof-710b24d,False,,,,,,,,,,,DEBWUD_FSR
qmof-7b32e35,True,602.4200000000003,-5.725809999999997,285.92,44.0,16.0,0.0,15.0,6.0,3.0,4.0,CIBPUA_FSR
qmof-f06a869,False,,,,,,,,,,,CIFVES_FSR
qmof-8041d1f,True,172.12099999999998,-2.7349,106.03999999999999,11.0,7.0,0.0,7.0,2.0,1.0,1.0,FOXBEB_FSR
qmof-0cedff9,True,165.10399999999996,-2.1914,93.15,12.0,5.0,0.0,5.0,2.0,1.0,1.0,FOWGII_FSR
qmof-4995df0,False,,,,,,,,,,,FOWDEA10_FSR
qmof-a6e5426,True,481.4370000000002,-1.6654999999999942,173.86,35.0,11.0,0.0,11.0,12.0,3.0,3.0,LELMOF_FSR
qmof-4a03d2c,False,,,,,,,,,,,QAWHOO_FSR
qmof-d9b6f83,True,240.21399999999997,0.08059999999999978,80.25999999999999,18.0,4.0,0.0,4.0,3.0,2.0,2.0,QAWBUN_FSR
qmof-bdc5122,True,250.11799999999994,-4.859400000000001,160.51999999999998,18.0,8.0,0.0,8.0,4.0,1.0,1.0,QEBROG_FSR
qmof-31d6986,True,199.21700000000004,1.2026999999999999,59.39,15.0,5.0,1.0,4.0,2.0,3.0,3.0,QAZKOT_FSR
qmof-351499c,True,170.14499999999995,-1.5249000000000001,80.25999999999999,11.0,5.0,0.0,5.0,2.0,1.0,1.0,LELMIA02_FSR
qmof-2315a54,True,168.148,-1.643199999999999,80.25999999999999,12.0,4.0,0.0,4.0,2.0,0.0,1.0,LEKJAO_FSR
qmof-f05cca2,False,,,,,,,,,,,LEJVOL_FSR
qmof-3fdcc06,True,142.10999999999999,-2.343499999999999,80.25999999999999,10.0,4.0,0.0,4.0,2.0,0.0,1.0,LEHTUO_FSR
qmof-75a8e8d,True,526.5010000000003,1.6625999999999992,180.64,39.0,10.0,2.0,8.0,9.0,4.0,4.0,SAMTOS_FSR
qmof-c695628,True,112.03999999999998,-3.5104,80.25999999999999,8.0,4.0,0.0,4.0,0.0,0.0,0.0,SAHXIL_FSR
qmof-808d81c,True,122.10299999999997,-0.5549000000000002,53.019999999999996,9.0,3.0,0.0,3.0,1.0,1.0,1.0,SAHCUA_FSR
qmof-00e18cb,False,,,,,,,,,,,SAGSUP01_FSR
qmof-f38eaf4,True,276.18399999999997,-3.418199999999999,161.95999999999998,20.0,9.0,1.0,8.0,3.0,2.0,2.0,QAYFUU_FSR
qmof-302ff98,True,318.197,-4.710099999999999,189.2,23.0,10.0,1.0,9.0,3.0,2.0,2.0,DAYKIZ_FSR
qmof-2d5798d,True,318.197,-4.710099999999999,189.2,23.0,10.0,1.0,9.0,3.0,2.0,2.0,DAYKEV_FSR
qmof-7fad017,True,359.31300000000005,0.11109999999999975,120.38999999999999,27.0,6.0,0.0,6.0,5.0,3.0,3.0,LEDHIN_FSR
qmof-bc26dea,True,359.31300000000005,0.11109999999999975,120.38999999999999,27.0,6.0,0.0,6.0,5.0,3.0,3.0,LEDHEJ_FSR
qmof-063b0ce,True,182.11100000000002,-3.001899999999999,116.21,13.0,6.0,0.0,6.0,1.0,1.0,1.0,LEDDIJ_FSR
qmof-ff169e1,True,318.384,2.4210000000000003,53.46,24.0,6.0,0.0,6.0,6.0,4.0,4.0,FOXQUF_FSR
qmof-02c4706,True,250.11799999999994,-4.859400000000001,160.51999999999998,18.0,8.0,0.0,8.0,4.0,1.0,1.0,FOXGEF_FSR
qmof-330556b,False,,,,,,,,,,,FOXCUQ_FSR
qmof-f52e2c1,True,213.238,1.3416,84.94999999999999,14.0,6.0,0.0,2.0,4.0,1.0,1.0,KERGIY_FSR
qmof-f53855e,True,407.9100000000001,-3.3344,160.51999999999998,20.0,10.0,0.0,8.0,4.0,1.0,1.0,KEXDIC_FSR
qmof-225aa0b,True,182.08699999999996,-2.6331999999999995,110.47,13.0,6.0,0.0,6.0,2.0,1.0,1.0,SADDAE01_FSR
qmof-7f07068,True,192.158,-2.292909999999999,110.42999999999999,14.0,7.0,1.0,6.0,2.0,1.0,2.0,SACNUI_FSR
qmof-1bc3b06,True,88.106,0.03320000000000001,18.46,6.0,2.0,0.0,2.0,0.0,0.0,1.0,CIKCOQ_FSR
qmof-3091256,True,202.233,1.2404999999999997,55.919999999999995,15.0,3.0,1.0,2.0,4.0,2.0,2.0,KEWPUZ_FSR
qmof-95efdd8,True,440.4590000000002,1.8898999999999988,115.9,33.0,8.0,0.0,8.0,6.0,5.0,5.0,KEWMUW_FSR
qmof-70a0b2b,True,414.2900000000001,-5.289599999999998,221.93999999999994,30.0,14.0,0.0,14.0,7.0,3.0,3.0,GEPDEM_FSR
qmof-4cc3c71,False,,,,,,,,,,,GEMXUU01_FSR
qmof-ba03fca,True,644.3550000000002,4.940300000000003,283.16999999999996,42.0,18.0,5.0,6.0,9.0,3.0,3.0,CIKFOT_FSR
qmof-73cfd5c,True,224.16799999999995,-2.055999999999999,98.72,16.0,6.0,0.0,6.0,6.0,1.0,1.0,RUZHIE_FSR
qmof-8d6e3d6,False,,,,,,,,,,,LEGGEK_FSR
qmof-a745d46,True,131.08699999999996,-3.7963999999999993,106.27999999999999,9.0,5.0,1.0,5.0,3.0,0.0,0.0,LEFJAH01_FSR
qmof-f1acf8c,True,304.2660000000001,-1.3735999999999993,129.7,22.0,10.0,0.0,10.0,5.0,2.0,3.0,LEDJIP_FSR
qmof-7893b70,True,326.363,3.3488000000000016,61.42,25.0,6.0,0.0,6.0,3.0,5.0,5.0,DAYJIY_FSR
qmof-eb10d25,True,143.14700000000002,-1.2784100000000003,58.2,9.0,5.0,2.0,3.0,0.0,0.0,1.0,DAYGUH_FSR
qmof-2285864,True,224.16799999999995,-2.055999999999999,98.72,16.0,6.0,0.0,6.0,6.0,1.0,1.0,QEHJIX_FSR
qmof-62bc1af,True,176.19299999999998,-2.000399999999998,80.25999999999999,11.0,5.0,0.0,5.0,6.0,0.0,0.0,QEFHOA_FSR
qmof-3eafdbb,True,551.4300000000002,4.203640000000004,115.9,38.0,10.0,0.0,8.0,7.0,5.0,5.0,QEDQAU_FSR
qmof-8ed0fbc,True,389.0560000000002,0.9039000000000001,71.17,10.0,8.0,2.0,3.0,4.0,0.0,0.0,DAYGOB_FSR
qmof-dc456e9,False,,,,,,,,,,,QAZKIN_FSR
qmof-c2a7a97,False,,,,,,,,,,,QAZKEJ_FSR
qmof-0d9fb99,True,257.20099999999996,-0.3991000000000009,102.38,19.0,6.0,0.0,6.0,4.0,2.0,2.0,QAYLAG_FSR
qmof-2fb0f21,True,108.14399999999998,0.5403,38.91,8.0,2.0,1.0,2.0,1.0,1.0,1.0,QEKZEO_FSR
qmof-05a56bc,True,108.14399999999998,0.5403,38.91,8.0,2.0,1.0,2.0,1.0,1.0,1.0,QEKYUD_FSR
qmof-5e04df0,True,108.14399999999998,0.5403,38.91,8.0,2.0,1.0,2.0,1.0,1.0,1.0,QEKYOX_FSR
qmof-1710640,True,362.3850000000001,1.0654999999999997,106.03999999999999,27.0,6.0,0.0,6.0,6.0,3.0,3.0,QEKSUV_FSR
qmof-b024a31,True,42.021,-1.4418000000000002,58.7,3.0,3.0,0.0,0.0,0.0,0.0,0.0,QEKGIW_FSR
qmof-41c0d63,True,316.368,2.3187800000000003,59.400000000000006,24.0,6.0,0.0,4.0,5.0,2.0,4.0,QEJZIR01_FSR
qmof-4badd07,True,122.10299999999997,-0.5549000000000004,53.019999999999996,9.0,3.0,0.0,3.0,1.0,1.0,1.0,QEPSUA_FSR
qmof-9b90617,True,160.152,0.5313999999999999,55.919999999999995,12.0,3.0,1.0,2.0,1.0,2.0,2.0,KEYPAG_FSR
qmof-6ad2d37,True,342.3950000000001,0.5544000000000009,106.03999999999999,25.0,6.0,0.0,6.0,7.0,2.0,2.0,KEXNEJ_FSR
qmof-14584db,True,460.4240000000002,4.932380000000005,77.43,28.0,8.0,1.0,5.0,6.0,2.0,2.0,KIFCOR_FSR
qmof-1da28d0,True,257.20099999999996,-0.3991000000000009,102.38,19.0,6.0,0.0,6.0,4.0,2.0,2.0,KIBPIW_FSR
qmof-46f7d3f,True,257.20099999999996,-0.3991000000000009,102.38,19.0,6.0,0.0,6.0,4.0,2.0,2.0,KIBPES_FSR
qmof-6d7fa4e,True,257.20099999999996,-0.3991000000000009,102.38,19.0,6.0,0.0,6.0,4.0,2.0,2.0,KIBNUG_FSR
qmof-11b8fff,True,299.214,-1.4305999999999994,129.62,22.0,7.0,0.0,7.0,5.0,2.0,2.0,RUWXOX_FSR
qmof-d0a4557,True,299.214,-1.4305999999999994,129.62,22.0,7.0,0.0,7.0,5.0,2.0,2.0,RUWWOW01_FSR
qmof-ec5f3ce,True,242.282,1.4760000000000002,66.91,18.0,5.0,2.0,3.0,4.0,2.0,2.0,GEQTON_FSR
qmof-86031cd,True,408.33800000000014,-3.667499999999996,193.44,30.0,14.0,0.0,12.0,6.0,3.0,4.0,RUSRAZ_FSR
qmof-9f9595f,False,,,,,,,,,,,RUYVUE_FSR
qmof-c5cb4b1,True,131.087,-3.924199999999999,92.28999999999999,9.0,5.0,1.0,5.0,4.0,0.0,0.0,RUXXAJ01_FSR
qmof-2ade4ad,True,193.14600000000002,-2.490809999999999,100.53999999999999,14.0,8.0,0.0,7.0,3.0,1.0,2.0,QEYWOH_FSR
qmof-af2d73f,True,306.2740000000001,-2.5769999999999973,138.45999999999998,22.0,8.0,2.0,6.0,6.0,1.0,1.0,QENFAR_FSR
qmof-6b09e9a,True,245.194,-1.8774999999999988,121.83,18.0,7.0,1.0,6.0,4.0,2.0,2.0,DAXDEO_FSR
qmof-3b7ce0b,True,235.15900000000002,-2.5023099999999996,132.86,17.0,9.0,1.0,8.0,4.0,1.0,2.0,DAWWUV_FSR
qmof-4fc6367,True,164.11599999999996,-1.5864000000000003,80.25999999999999,12.0,4.0,0.0,4.0,2.0,1.0,1.0,DAWPOI_FSR
qmof-c7ade9c,True,164.11599999999996,-1.5864000000000003,80.25999999999999,12.0,4.0,0.0,4.0,2.0,1.0,1.0,DAWPIC_FSR
qmof-b97ea32,False,,,,,,,,,,,DAVKIV_FSR
qmof-cecbcd8,True,420.4050000000001,2.2853000000000003,80.25999999999999,27.0,10.0,0.0,6.0,7.0,2.0,2.0,DATSUN_FSR
qmof-c713d6e,True,232.373,4.528500000000003,0.0,15.0,2.0,0.0,2.0,4.0,2.0,2.0,DATSOH_FSR
qmof-a18db6c,True,111.07599999999996,-0.3569000000000001,53.269999999999996,8.0,3.0,0.0,3.0,1.0,1.0,1.0,DATPAP_FSR
qmof-f46f06e,True,245.194,-1.8774999999999988,121.83,18.0,7.0,1.0,6.0,4.0,2.0,2.0,DAXFAM_FSR
qmof-346883b,True,245.194,-1.8774999999999988,121.83,18.0,7.0,1.0,6.0,4.0,2.0,2.0,DAXDUE_FSR
qmof-5b34637,True,245.194,-1.8774999999999988,121.83,18.0,7.0,1.0,6.0,4.0,2.0,2.0,DAXDIS_FSR
qmof-aaea06e,True,46.069,-0.0014000000000000123,20.23,3.0,1.0,1.0,1.0,0.0,0.0,0.0,RUWZEO_FSR
qmof-dc59205,True,148.169,0.5853999999999999,35.64,11.0,4.0,0.0,4.0,2.0,2.0,2.0,RUMWAY_FSR
qmof-a8abb47,True,26.018,0.09637,23.79,2.0,1.0,0.0,1.0,0.0,0.0,0.0,CIPQAW_FSR
qmof-692d2f0,True,208.10499999999996,-3.8278999999999996,133.28,15.0,7.0,0.0,7.0,3.0,1.0,1.0,CINPAR_FSR
qmof-44d6faf,True,208.10499999999996,-3.8278999999999996,133.28,15.0,7.0,0.0,7.0,3.0,1.0,1.0,CINNIX_FSR
qmof-8c13777,True,208.10499999999996,-3.8278999999999996,133.28,15.0,7.0,0.0,7.0,3.0,1.0,1.0,CINNAP_FSR
qmof-953887b,False,,,,,,,,,,,LECYEA_FSR
qmof-6d1763b,False,,,,,,,,,,,LECYAW_FSR
qmof-7e1e181,False,,,,,,,,,,,QEWMIR_FSR
qmof-3567378,True,165.10399999999996,-2.1914,93.15,12.0,5.0,0.0,5.0,2.0,1.0,1.0,CILDOR01_FSR
qmof-050c9e8,True,88.01799999999999,-3.5138000000000003,80.25999999999999,6.0,4.0,0.0,4.0,0.0,0.0,0.0,CIKYEB_FSR
qmof-d08b940,True,644.3550000000002,4.940300000000003,283.16999999999996,42.0,18.0,5.0,6.0,9.0,3.0,3.0,CIKHAH_FSR
qmof-09f32f8,True,644.3550000000002,4.940300000000003,283.16999999999996,42.0,18.0,5.0,6.0,9.0,3.0,3.0,CIKGOU_FSR
qmof-a90ec1a,True,644.3550000000002,4.940300000000003,283.16999999999996,42.0,18.0,5.0,6.0,9.0,3.0,3.0,CIKGIO_FSR
qmof-3e2d080,True,644.3550000000002,4.940300000000003,283.16999999999996,42.0,18.0,5.0,6.0,9.0,3.0,3.0,CIKGEK_FSR
qmof-db622c5,True,644.3550000000002,4.940300000000003,283.16999999999996,42.0,18.0,5.0,6.0,9.0,3.0,3.0,CIKFUZ_FSR
qmof-3ba6efd,True,327.22400000000005,-1.8576999999999995,157.69,24.0,8.0,1.0,7.0,5.0,2.0,2.0,RULJOZ_FSR
qmof-1bbf0a2,False,,,,,,,,,,,RUKZAZ_FSR
qmof-fec9df9,True,257.20099999999996,-0.3991000000000009,102.38,19.0,6.0,0.0,6.0,4.0,2.0,2.0,FUBLOF_FSR
qmof-57e4499,True,498.4630000000002,-1.3499999999999974,193.43999999999994,37.0,14.0,0.0,12.0,8.0,4.0,5.0,QIHRAD_FSR
qmof-482fb0c,False,,,,,,,,,,,QIHQAC_FSR
qmof-7d79016,True,208.10499999999996,-3.8278999999999996,133.28,15.0,7.0,0.0,7.0,3.0,1.0,1.0,QIHMUS_FSR
qmof-f857f84,True,140.19,-1.0197999999999992,12.96,10.0,4.0,0.0,4.0,0.0,0.0,4.0,QIFNIC_FSR
qmof-b40d2ab,True,58.085,0.66498,23.79,3.0,2.0,0.0,1.0,0.0,0.0,0.0,QIFMAT_FSR
qmof-fe916fb,True,210.24000000000004,2.058,35.64,16.0,4.0,0.0,4.0,2.0,3.0,3.0,LAYFIC_FSR
qmof-24c9b47,True,208.12499999999994,-1.8881999999999994,117.56,15.0,6.0,1.0,5.0,3.0,1.0,1.0,RUFMUA01_FSR
qmof-f0eceac,True,330.2640000000001,-3.8448199999999986,165.44,24.0,12.0,0.0,10.0,5.0,1.0,3.0,RUQBOW01_FSR
qmof-6a0abd0,True,166.09199999999998,-2.7964,106.03999999999999,12.0,6.0,0.0,6.0,2.0,1.0,1.0,RUPXIK_FSR
qmof-16b9ac8,True,148.169,0.5853999999999999,35.64,11.0,4.0,0.0,4.0,2.0,2.0,2.0,RUMWOM_FSR
qmof-f790024,True,257.20099999999996,-0.3991000000000009,102.38,19.0,6.0,0.0,6.0,4.0,2.0,2.0,KIBNOA_FSR
qmof-f9bb5d3,True,257.20099999999996,-0.3991000000000009,102.38,19.0,6.0,0.0,6.0,4.0,2.0,2.0,KIBNIU_FSR
qmof-27d460e,True,114.05599999999998,-2.9576000000000002,80.25999999999999,8.0,4.0,0.0,4.0,2.0,0.0,0.0,RUXKEC_FSR
qmof-64fd5f3,True,84.062,-0.7987000000000002,77.19999999999999,6.0,5.0,1.0,4.0,0.0,0.0,1.0,RONGEI_FSR
qmof-4458a96,True,254.15700000000004,3.068600000000001,82.64999999999999,17.0,7.0,0.0,3.0,1.0,2.0,2.0,RUFLIN_FSR
qmof-4e6762d,False,,,,,,,,,,,RUDRUE_FSR
qmof-b6c33e4,True,226.12,-4.775399999999999,153.24999999999997,16.0,8.0,1.0,7.0,1.0,1.0,1.0,ROLREQ_FSR
qmof-a7b0d73,True,490.4720000000003,0.8606999999999994,162.43000000000004,36.0,11.0,1.0,10.0,10.0,4.0,4.0,LASXEK_FSR
qmof-b6c421a,True,258.233,-0.9800999999999986,106.03999999999999,19.0,6.0,0.0,6.0,3.0,2.0,2.0,LAXGOJ_FSR
qmof-0ff04d9,False,,,,,,,,,,,FUGBAK_FSR
qmof-d826b2c,True,252.134,-5.100199999999999,160.51999999999998,18.0,8.0,0.0,8.0,2.0,1.0,1.0,FUFXUA_FSR
qmof-566780e,True,231.16700000000003,-1.3507099999999994,115.03999999999999,17.0,7.0,1.0,6.0,3.0,1.0,2.0,FUFROO_FSR
qmof-e0cbc06,True,257.20099999999996,-0.3991000000000009,102.38,19.0,6.0,0.0,6.0,4.0,2.0,2.0,KIBNEQ_FSR
qmof-52d60d3,False,,,,,,,,,,,KIHTIF_FSR
qmof-7ae7339,True,489.4720000000002,5.4012000000000056,66.28,34.0,7.0,0.0,3.0,7.0,4.0,4.0,KIGTEA_FSR
qmof-88ad698,True,326.357,3.4719600000000037,110.62,23.0,7.0,0.0,5.0,4.0,2.0,2.0,KIGKUI_FSR
qmof-3e65b16,False,,,,,,,,,,,KIGGEN_FSR
qmof-97fd10d,True,210.121,-4.068699999999999,133.27999999999997,15.0,7.0,0.0,7.0,1.0,1.0,1.0,RUBJAA_FSR
qmof-ab4de6d,True,217.18600000000004,2.2277999999999993,69.75999999999999,13.0,6.0,0.0,3.0,4.0,1.0,1.0,RUBFUQ_FSR
qmof-28ac5e6,True,252.134,-5.100199999999999,160.51999999999998,18.0,8.0,0.0,8.0,2.0,1.0,1.0,CIRQOM_FSR
qmof-6d992df,False,,,,,,,,,,,QIMBIZ_FSR
qmof-5ca2d92,True,164.11599999999996,-1.5864000000000003,80.25999999999999,12.0,4.0,0.0,4.0,2.0,1.0,1.0,QIKXIR_FSR
qmof-e9bfd48,True,128.08299999999997,-2.5675,80.25999999999999,9.0,4.0,0.0,4.0,2.0,0.0,0.0,QIKXEN_FSR
qmof-41521ed,True,454.46400000000017,-0.49839999999999907,164.24,32.0,11.0,2.0,9.0,8.0,3.0,3.0,QIKDUM_FSR
qmof-283a998,False,,,,,,,,,,,QIJNUU_FSR
qmof-e48f824,True,200.18500000000003,0.73,81.89,15.0,7.0,0.0,6.0,2.0,2.0,3.0,QISXEX_FSR
qmof-35d63dc,True,200.18500000000003,0.73,81.89,15.0,7.0,0.0,6.0,2.0,2.0,3.0,QISXAT_FSR
qmof-104fefd,True,340.1960000000001,-5.563799999999999,188.21,24.0,11.0,0.0,11.0,10.0,1.0,1.0,FUGWUB_FSR
qmof-9ac7652,False,,,,,,,,,,,FUGBEO_FSR
qmof-6b29f4f,False,,,,,,,,,,,ROKBOL_FSR
qmof-4cf7214,True,205.15700000000004,-2.119999999999999,109.51,15.0,8.0,0.0,8.0,3.0,2.0,2.0,ROJYUM_FSR
qmof-3343d76,True,112.03999999999998,-3.5104,80.25999999999999,8.0,4.0,0.0,4.0,0.0,0.0,0.0,KIFNOD_FSR
qmof-be069f9,True,124.11899999999997,0.26247,57.93,9.0,3.0,0.0,3.0,2.0,0.0,0.0,KIFJOZ_FSR
qmof-850847e,True,236.07599999999996,-1.0299999999999998,80.25999999999999,16.0,8.0,0.0,4.0,2.0,1.0,1.0,GELFAG_FSR
qmof-acb668d,True,102.04499999999999,-3.1236999999999995,80.25999999999999,7.0,4.0,0.0,4.0,2.0,0.0,0.0,ROQJIS_FSR
qmof-b1cee85,False,,,,,,,,,,,RIYCUY_FSR
qmof-2853543,True,201.17899999999995,1.5848,97.0,13.0,6.0,1.0,1.0,2.0,1.0,1.0,ROJJUW_FSR
qmof-f7fd5b1,True,108.14399999999998,0.5403000000000001,38.91,8.0,2.0,1.0,2.0,1.0,1.0,1.0,ROGLAA01_FSR
qmof-72d353f,False,,,,,,,,,,,KIJWUW_FSR
qmof-cbc7288,False,,,,,,,,,,,KIHTUR_FSR
qmof-5b57e19,True,171.19699999999997,2.1950200000000004,59.699999999999996,11.0,4.0,0.0,0.0,1.0,1.0,1.0,KIQLEB01_FSR
qmof-911e7f0,True,146.09799999999998,-3.3727,100.49,10.0,5.0,1.0,5.0,3.0,0.0,0.0,QITWOG_FSR
qmof-24f3901,True,241.20199999999997,-0.5244000000000002,93.15,18.0,5.0,0.0,5.0,3.0,2.0,2.0,QITRIX_FSR
qmof-0952061,True,241.20199999999997,-0.5244000000000002,93.15,18.0,5.0,0.0,5.0,3.0,2.0,2.0,QITRET_FSR
qmof-eb58538,True,166.13199999999998,0.2024999999999999,69.26,12.0,4.0,0.0,3.0,2.0,1.0,1.0,QIQREN_FSR
qmof-ced477a,False,,,,,,,,,,,QIQGEC_FSR
qmof-1b6e4f0,True,288.189,-0.35349999999999976,174.43,19.0,10.0,2.0,4.0,4.0,1.0,1.0,QIQFUT_FSR
qmof-e55df67,True,104.978,-0.36402000000000007,23.79,3.0,2.0,0.0,1.0,0.0,0.0,0.0,QIPYAP_FSR
qmof-5aee12f,True,58.085,0.66498,23.79,3.0,2.0,0.0,1.0,0.0,0.0,0.0,QIPXIW_FSR
qmof-6b038a5,True,516.4660000000003,-1.6323999999999976,196.16,38.0,12.0,0.0,12.0,10.0,4.0,4.0,GEKFIO_FSR
qmof-cdb38eb,False,,,,,,,,,,,RODXEO_FSR
qmof-8e17abb,True,300.2660000000001,0.09779999999999966,98.72,22.0,6.0,0.0,6.0,5.0,2.0,2.0,RIWQIZ_FSR
qmof-878b529,True,160.16,0.9156000000000001,77.19999999999999,12.0,5.0,1.0,4.0,1.0,1.0,2.0,CITVUX_FSR
qmof-6e83af2,True,275.19200000000006,-1.3255000000000003,120.79999999999998,20.0,7.0,1.0,6.0,3.0,1.0,3.0,CISQUT_FSR
qmof-8a65441,True,474.4760000000001,2.7780000000000005,115.89999999999999,36.0,8.0,0.0,8.0,4.0,6.0,6.0,KINZEP_FSR
qmof-100c4f2,True,256.21299999999997,0.20589999999999975,89.49000000000001,19.0,5.0,0.0,5.0,4.0,2.0,2.0,KINZAL_FSR
qmof-de67c10,True,474.4760000000001,2.7780000000000005,115.89999999999999,36.0,8.0,0.0,8.0,4.0,6.0,6.0,KINYUE_FSR
qmof-ba6634e,True,256.21299999999997,0.20589999999999975,89.49000000000001,19.0,5.0,0.0,5.0,4.0,2.0,2.0,KINYOY_FSR
qmof-f75c100,True,209.13299999999995,-3.2203,120.38999999999999,15.0,6.0,0.0,6.0,2.0,1.0,1.0,LARYIO01_FSR
qmof-b156f80,True,405.2080000000001,-0.04410000000000158,115.89999999999999,25.0,9.0,0.0,8.0,5.0,3.0,3.0,LARNAW_FSR
qmof-019efdd,True,239.18,1.50629,16.130000000000003,13.0,3.0,0.0,2.0,1.0,1.0,2.0,FUQFAA_FSR
qmof-9c8a380,False,,,,,,,,,,,FUMDOG_FSR
qmof-adb6bae,False,,,,,,,,,,,FUJHAV_FSR
qmof-330afd4,True,58.085,0.66498,23.79,3.0,2.0,0.0,1.0,0.0,0.0,0.0,FUHPUT_FSR
qmof-c9f98ce,True,297.195,-3.927299999999998,148.08,21.0,9.0,0.0,9.0,9.0,1.0,1.0,QIVDUX_FSR
qmof-be39909,True,386.3640000000002,-1.0843999999999987,145.36,28.0,10.0,1.0,10.0,8.0,3.0,3.0,ROCZIT_FSR
qmof-1b83b8b,False,,,,,,,,,,,RIZZAB_FSR
qmof-d49da6f,True,162.196,0.7798,35.64,12.0,4.0,0.0,4.0,3.0,2.0,2.0,RIVDUW_FSR
qmof-b18736d,False,,,,,,,,,,,RISYUO_FSR
qmof-2414ba5,True,208.12499999999994,-1.8881999999999997,117.56,15.0,6.0,1.0,5.0,3.0,1.0,1.0,RISGIM_FSR
qmof-e1e0bff,False,,,,,,,,,,,RIYCAE_FSR
qmof-d81f26e,True,269.149,-3.9760099999999996,170.76999999999998,19.0,11.0,5.0,7.0,1.0,0.0,2.0,QIVXIF_FSR
qmof-3a00320,True,165.10399999999996,-2.1914,93.15,12.0,5.0,0.0,5.0,2.0,1.0,1.0,DALQEO_FSR
qmof-2000cb0,True,238.294,2.1761999999999997,35.64,18.0,4.0,0.0,4.0,4.0,3.0,3.0,DAKLIM_FSR
qmof-d0f9fb3,True,250.11799999999994,-4.859400000000001,160.51999999999998,18.0,8.0,0.0,8.0,4.0,1.0,1.0,DAHMEF03_FSR
qmof-22518e3,True,279.207,0.6269999999999999,153.54,21.0,12.0,0.0,9.0,3.0,1.0,4.0,DAGTUD_FSR
qmof-0a35e41,True,213.16499999999996,-3.731399999999998,120.38999999999999,15.0,6.0,0.0,6.0,3.0,0.0,1.0,DAGDEV_FSR
qmof-b7c1266,False,,,,,,,,,,,DAFZIU_FSR
qmof-1a9e919,True,209.13299999999995,-3.2203,120.38999999999999,15.0,6.0,0.0,6.0,2.0,1.0,1.0,LARYOU_FSR
qmof-cdc4d50,True,138.10199999999998,-0.8493000000000004,73.25,10.0,4.0,1.0,4.0,1.0,1.0,1.0,RIXCIL_FSR
qmof-b023388,True,354.3660000000001,-0.026400000000000867,115.9,26.0,8.0,0.0,8.0,7.0,3.0,3.0,RIWVEZ01_FSR
qmof-3f10a21,True,402.4100000000001,0.5897999999999992,115.89999999999999,30.0,8.0,0.0,8.0,6.0,4.0,4.0,RIWVAV_FSR
qmof-b0cdfb9,True,235.195,-2.081699999999998,109.35999999999999,17.0,6.0,1.0,5.0,4.0,1.0,1.0,RIWSOG_FSR
qmof-b89e191,True,165.10399999999996,-2.1914,93.15,12.0,5.0,0.0,5.0,2.0,1.0,1.0,CIXPOP_FSR
qmof-b247e71,True,256.094,-1.0252000000000003,192.31999999999996,18.0,14.0,0.0,10.0,5.0,2.0,2.0,CIWMOM_FSR
qmof-50c8fb2,True,256.094,-1.0252000000000003,192.31999999999996,18.0,14.0,0.0,10.0,5.0,2.0,2.0,CIWMIG_FSR
qmof-48637bb,True,372.3410000000002,-2.1490199999999984,159.89000000000001,27.0,11.0,1.0,9.0,7.0,1.0,3.0,CIWBUH_FSR
qmof-dcca57e,True,248.28900000000002,2.891800000000001,35.64,19.0,4.0,0.0,4.0,2.0,4.0,4.0,LARLAT_FSR
qmof-15a2fa5,True,256.21299999999997,0.20589999999999975,89.49000000000001,19.0,5.0,0.0,5.0,4.0,2.0,2.0,LARFES_FSR
qmof-8cf1104,True,410.47400000000016,1.3706399999999999,115.9,30.0,8.0,0.0,8.0,9.0,3.0,3.0,LARDUG_FSR
qmof-b46a7a6,True,417.357,-1.1648999999999983,156.02999999999997,31.0,10.0,0.0,10.0,5.0,4.0,4.0,LASQON_FSR
qmof-e74a5a6,True,140.19,-1.0197999999999992,12.96,10.0,4.0,0.0,4.0,0.0,0.0,4.0,QOCPOO01_FSR
qmof-74432dc,True,201.17899999999995,1.5848,97.0,13.0,6.0,1.0,1.0,2.0,1.0,1.0,QOCKEZ_FSR
qmof-7a0c8e1,False,,,,,,,,,,,QOBBOB_FSR
qmof-310fe8a,False,,,,,,,,,,,QIYXON_FSR
qmof-ce8d87f,False,,,,,,,,,,,QIYRUM01_FSR
qmof-948d748,False,,,,,,,,,,,GEJBOO_FSR
qmof-c214461,True,187.05699999999996,-1.8333999999999984,120.34,8.0,6.0,2.0,2.0,1.0,0.0,0.0,GEGLUA_FSR
qmof-7f68dde,True,164.11599999999996,-1.5864000000000003,80.25999999999999,12.0,4.0,0.0,4.0,2.0,1.0,1.0,CIVDIW_FSR
qmof-32c821b,True,165.10399999999996,-2.1914,93.15,12.0,5.0,0.0,5.0,2.0,1.0,1.0,RIRCON_FSR
qmof-717573d,True,134.269,2.2024999999999997,0.0,7.0,2.0,0.0,2.0,0.0,0.0,1.0,RIQGOQ01_FSR
qmof-ce3d638,True,292.38599999999997,3.325800000000002,50.5,22.0,4.0,0.0,4.0,4.0,2.0,3.0,RIPREO_FSR
qmof-3cdb807,True,142.10999999999999,-2.343499999999999,80.25999999999999,10.0,4.0,0.0,4.0,2.0,0.0,1.0,FUTQOC_FSR
qmof-efaa9ca,True,146.13299999999998,0.7283999999999999,64.07,11.0,5.0,0.0,4.0,1.0,1.0,2.0,FUQKEI_FSR
qmof-9044ea9,True,219.10499999999996,-7.438,172.54999999999998,15.0,9.0,1.0,9.0,4.0,0.0,0.0,QOGFOI_FSR
qmof-631229e,True,219.10499999999996,-7.438,172.54999999999998,15.0,9.0,1.0,9.0,4.0,0.0,0.0,QOGDOG_FSR
qmof-083e1f7,False,,,,,,,,,,,QODTEL_FSR
qmof-398e798,True,308.27299999999997,0.4636899999999998,117.86999999999999,23.0,7.0,0.0,7.0,3.0,2.0,3.0,QODJEB_FSR
qmof-5d1443b,True,300.23400000000004,-0.5438100000000001,156.16,22.0,10.0,0.0,9.0,2.0,1.0,3.0,DAFTEM_FSR
qmof-8aef2c6,True,300.23400000000004,-0.5438100000000001,156.16,22.0,10.0,0.0,9.0,2.0,1.0,3.0,DAFSOV_FSR
qmof-2beddb4,True,248.28900000000002,2.891800000000001,35.64,19.0,4.0,0.0,4.0,2.0,4.0,4.0,LARLIB_FSR
qmof-fd6b02c,True,248.28900000000002,2.891800000000001,35.64,19.0,4.0,0.0,4.0,2.0,4.0,4.0,LARLEX_FSR
qmof-1fbdf30,False,,,,,,,,,,,RIPGIH_FSR
qmof-612073b,False,,,,,,,,,,,RIPGED_FSR
qmof-33dfd57,False,,,,,,,,,,,RIPGAZ_FSR
qmof-361abaa,False,,,,,,,,,,,RIHMIG_FSR
qmof-4445a96,True,285.277,-2.386499999999998,126.42999999999998,19.0,8.0,1.0,6.0,7.0,1.0,1.0,RIFTIK_FSR
qmof-11481bd,False,,,,,,,,,,,KOBZUX_FSR
qmof-5e6affb,True,260.42699999999996,4.961100000000004,0.0,17.0,2.0,0.0,2.0,6.0,2.0,2.0,KOBZUX01_FSR
qmof-d49d224,True,231.14699999999996,-1.9395999999999998,131.44,17.0,8.0,0.0,7.0,3.0,1.0,2.0,QONZEZ_FSR
qmof-50da870,True,210.121,-4.068699999999999,133.27999999999997,15.0,7.0,0.0,7.0,1.0,1.0,1.0,QOLHAB01_FSR
qmof-3b46920,True,211.06499999999994,0.7456,40.129999999999995,14.0,7.0,0.0,2.0,1.0,1.0,1.0,QOJDAV_FSR
qmof-8e03f25,False,,,,,,,,,,,DACQAC_FSR
qmof-0a5acd7,True,62.004000000000005,-0.3914000000000001,63.04,4.0,4.0,0.0,2.0,0.0,0.0,0.0,DABDAN_FSR
qmof-8df56c1,True,164.11599999999996,-1.5864000000000003,80.25999999999999,12.0,4.0,0.0,4.0,2.0,1.0,1.0,LAMRUP_FSR
qmof-5ea4e45,False,,,,,,,,,,,FUYDOS_FSR
qmof-46038af,True,184.08099999999996,-4.421600000000001,154.2,11.0,9.0,0.0,6.0,0.0,0.0,0.0,FUXWIG_FSR
qmof-5f5f2dc,False,,,,,,,,,,,GEBCIB_FSR
qmof-3c043b0,True,165.14299999999997,0.5888,40.129999999999995,12.0,3.0,0.0,2.0,2.0,1.0,1.0,GAZGIA_FSR
qmof-e98d047,True,74.059,-2.3049999999999997,66.14999999999999,5.0,3.0,1.0,3.0,1.0,0.0,0.0,RINDAV_FSR
qmof-c9ae2a3,True,230.17899999999997,-1.4006999999999998,98.08,17.0,6.0,0.0,6.0,3.0,2.0,2.0,RIKVAL_FSR
qmof-0ceea80,True,164.11599999999996,-1.5864000000000003,80.25999999999999,12.0,4.0,0.0,4.0,2.0,1.0,1.0,GATHAL_FSR
qmof-0e63894,True,396.4470000000002,1.0622199999999997,115.9,29.0,8.0,0.0,8.0,9.0,3.0,3.0,REVKOU_FSR
qmof-90e62eb,False,,,,,,,,,,,RESZUM_FSR
qmof-a21d1e4,True,147.121,0.12339999999999993,76.96000000000001,11.0,6.0,0.0,5.0,1.0,1.0,2.0,RICREB01_FSR
qmof-8c3ae1d,True,183.14299999999994,-3.3057099999999986,86.74,13.0,6.0,0.0,6.0,4.0,0.0,1.0,LANZUY_FSR
qmof-17de1ea,True,164.11599999999996,-1.5864000000000003,80.25999999999999,12.0,4.0,0.0,4.0,2.0,1.0,1.0,LANJAO_FSR
qmof-1ecad92,True,384.2680000000001,-3.6356,199.88,28.0,14.0,2.0,12.0,6.0,3.0,3.0,QOZPIG_FSR
qmof-c9b3d14,True,228.08800000000005,-0.9614000000000003,188.64,16.0,14.0,0.0,10.0,0.0,0.0,2.0,QOZNAV_FSR
qmof-6723029,True,137.09399999999997,-1.52201,69.56,10.0,4.0,0.0,3.0,1.0,0.0,1.0,KOBQIE_FSR
qmof-f1c984a,True,127.083,-2.577,83.73,9.0,6.0,0.0,6.0,2.0,1.0,1.0,KOBGOY01_FSR
qmof-c064653,True,202.08199999999997,0.020999999999999908,107.38999999999999,13.0,7.0,2.0,3.0,2.0,1.0,1.0,KOBGEO_FSR
qmof-37b3d7d,False,,,,,,,,,,,REXVIB_FSR
qmof-8c47fe1,True,295.25399999999996,-0.7934000000000001,110.97,22.0,7.0,0.0,7.0,4.0,3.0,3.0,REXSAQ_FSR
qmof-5019f95,True,295.25399999999996,-0.7934000000000001,110.97,22.0,7.0,0.0,7.0,4.0,3.0,3.0,REXRUJ_FSR
qmof-0f0660b,True,506.5620000000003,3.3076000000000008,115.9,38.0,8.0,0.0,8.0,9.0,5.0,5.0,COCTAQ_FSR
qmof-76e5572,True,114.05599999999998,-2.9576000000000002,80.25999999999999,8.0,4.0,0.0,4.0,2.0,0.0,0.0,KMALUB10_FSR
qmof-4703baf,True,200.23399999999995,-0.39300000000000024,80.25999999999999,14.0,4.0,0.0,4.0,9.0,0.0,0.0,RERSAJ_FSR
qmof-eddc36b,True,295.25399999999996,-0.7934000000000001,110.97,22.0,7.0,0.0,7.0,4.0,3.0,3.0,REXRUJ01_FSR
qmof-ec54d11,True,230.17899999999997,-1.4006999999999998,98.08,17.0,6.0,0.0,6.0,3.0,2.0,2.0,GASSUR_FSR
qmof-f014e4f,False,,,,,,,,,,,KOGGOD_FSR
qmof-1d903a7,False,,,,,,,,,,,LAMPAT_FSR
qmof-3066784,True,440.4190000000001,0.6572999999999989,133.71999999999997,33.0,10.0,0.0,10.0,5.0,5.0,5.0,CUYRIY_FSR
qmof-589b4db,True,440.4190000000001,0.6572999999999989,133.71999999999997,33.0,10.0,0.0,10.0,5.0,5.0,5.0,CUYREU_FSR
qmof-f6b81a4,True,157.06499999999997,0.7609999999999998,69.75999999999999,10.0,5.0,0.0,2.0,1.0,1.0,1.0,CUYJEM_FSR
qmof-0164af1,True,376.4120000000001,0.5331999999999997,106.03999999999999,28.0,6.0,0.0,6.0,7.0,3.0,3.0,CUYHUA_FSR
qmof-389bdbd,True,226.12,-4.830299999999999,147.32999999999998,16.0,8.0,0.0,7.0,1.0,1.0,1.0,QUBKEF_FSR
qmof-ab51834,True,168.197,-0.07640000000000025,53.019999999999996,11.0,4.0,0.0,4.0,3.0,1.0,1.0,LALYOO_FSR
qmof-02243f1,True,90.103,-1.0662000000000003,40.129999999999995,5.0,3.0,0.0,2.0,1.0,0.0,0.0,LALYAA_FSR
qmof-35eaaa6,True,198.218,-1.071299999999999,80.25999999999999,14.0,4.0,0.0,4.0,2.0,0.0,1.0,LALXON_FSR
qmof-855f1a5,False,,,,,,,,,,,KIZQAN_FSR
qmof-0b4f4fa,False,,,,,,,,,,,GAVYEI_FSR
qmof-20f92bb,True,191.55800000000002,-0.6605000000000001,100.84,12.0,9.0,0.0,6.0,4.0,1.0,1.0,GATLAQ_FSR
qmof-e6edf20,True,490.51600000000025,0.8855999999999997,164.24,36.0,10.0,2.0,8.0,11.0,3.0,3.0,GAPRAT_FSR
qmof-fd9f301,True,490.51600000000013,1.8079999999999998,164.24,36.0,10.0,2.0,8.0,11.0,3.0,3.0,GAPQOG_FSR
qmof-6ea7dbb,True,132.146,0.8823000000000001,52.48,10.0,3.0,1.0,2.0,0.0,1.0,2.0,KOFSUU_FSR
qmof-01601f3,True,180.578,1.3818,64.07,12.0,6.0,0.0,4.0,1.0,1.0,2.0,KOFPAY_FSR
qmof-00cae02,True,231.09999999999997,-7.098400000000001,208.29,16.0,11.0,1.0,10.0,0.0,0.0,1.0,KOMHAW_FSR
qmof-94d2396,True,165.10399999999996,-2.1914,93.15,12.0,5.0,0.0,5.0,2.0,1.0,1.0,REMJOJ01_FSR
qmof-67dd780,True,164.17200000000003,-0.43020000000000036,61.42,12.0,6.0,0.0,6.0,3.0,2.0,2.0,REKSAC_FSR
qmof-b3f8839,True,461.31600000000026,1.3529399999999987,115.89999999999999,29.0,9.0,0.0,8.0,7.0,3.0,3.0,COKLEV_FSR
qmof-5e8f45c,True,314.392,3.843200000000002,35.64,24.0,4.0,0.0,4.0,5.0,4.0,4.0,COKDIQ_FSR
qmof-421f50d,True,88.01799999999999,-3.5138000000000003,80.25999999999999,6.0,4.0,0.0,4.0,0.0,0.0,0.0,QQQBOG05_FSR
qmof-5d291cb,True,462.2430000000002,-6.649619999999996,308.19,33.0,18.0,3.0,14.0,6.0,0.0,3.0,CUTVET_FSR
qmof-fdcea31,True,398.42600000000004,5.252200000000005,0.0,28.0,2.0,0.0,0.0,7.0,4.0,4.0,LALGAH01_FSR
qmof-b27390f,True,329.35600000000005,0.5128000000000001,118.07,24.0,7.0,1.0,7.0,6.0,2.0,2.0,RIBNUO_FSR
qmof-81cfe25,False,,,,,,,,,,,RESDOJ_FSR
qmof-e81a6b0,False,,,,,,,,,,,RESDID01_FSR
qmof-4f93555,True,186.20699999999997,-0.7830999999999997,80.25999999999999,13.0,4.0,0.0,4.0,8.0,0.0,0.0,RERSUD_FSR
qmof-bfaae9e,True,216.24,0.7102,44.0,16.0,4.0,0.0,4.0,3.0,2.0,2.0,GACHEX_FSR
qmof-ed4fdbe,True,194.14199999999997,-1.5777999999999999,89.49000000000001,14.0,5.0,0.0,5.0,3.0,1.0,1.0,FUZWED_FSR
qmof-132bbae,True,236.07599999999994,-1.0300000000000002,80.25999999999999,16.0,8.0,0.0,4.0,2.0,1.0,1.0,QUFCEA_FSR
qmof-a9606d5,True,207.11699999999993,-3.2229,120.38999999999999,15.0,6.0,0.0,6.0,3.0,1.0,1.0,QUDKOQ_FSR
qmof-c67764c,True,226.12,-4.775399999999999,153.24999999999997,16.0,8.0,1.0,7.0,1.0,1.0,1.0,QUCFUQ_FSR
qmof-9eb7ef8,True,144.126,-1.9533999999999987,80.25999999999999,10.0,4.0,0.0,4.0,5.0,0.0,0.0,QUKXOL_FSR
qmof-d5e9981,True,392.26400000000007,1.1136,106.03999999999999,28.0,10.0,0.0,6.0,3.0,3.0,3.0,QUKQIX_FSR
qmof-cbfd0bc,True,335.42600000000004,2.3919000000000006,77.43,22.0,6.0,1.0,5.0,6.0,2.0,2.0,COHRIA_FSR
qmof-f58baa7,True,66.043,-0.44704000000000005,61.68,5.0,3.0,0.0,2.0,0.0,0.0,0.0,COGYEF_FSR
qmof-f7eae0a,True,66.043,-0.44704000000000005,61.68,5.0,3.0,0.0,2.0,0.0,0.0,0.0,COGYAB_FSR
qmof-8991dba,True,272.288,-0.4190000000000013,97.83000000000001,20.0,7.0,1.0,6.0,4.0,2.0,3.0,REHRAY_FSR
qmof-866d433,True,164.11599999999996,-1.5864000000000003,80.25999999999999,12.0,4.0,0.0,4.0,2.0,1.0,1.0,REQDEX_FSR
qmof-ad773d3,True,171.10199999999998,1.0549,51.07,12.0,5.0,0.0,1.0,1.0,1.0,1.0,REQBUL_FSR
qmof-5859d0d,True,220.322,3.2760000000000016,25.78,14.0,4.0,0.0,4.0,3.0,2.0,2.0,REPTEN_FSR
qmof-23536f6,True,295.25399999999996,-0.7934000000000001,110.97,22.0,7.0,0.0,7.0,4.0,3.0,3.0,RENXOZ_FSR
qmof-7b9dc87,True,178.30199999999996,1.1731,23.47,10.0,4.0,1.0,2.0,4.0,0.0,0.0,KOLLAZ_FSR
qmof-aff01a8,True,164.11599999999996,-1.5864000000000003,80.25999999999999,12.0,4.0,0.0,4.0,2.0,1.0,1.0,LABTEO_FSR
qmof-470a8bb,True,146.13299999999998,0.7283999999999999,64.07,11.0,5.0,0.0,4.0,1.0,1.0,2.0,LABQUB02_FSR
qmof-90dc7f1,True,250.21,-2.2871999999999986,121.38999999999999,18.0,7.0,2.0,5.0,2.0,1.0,2.0,LAGTEU_FSR
qmof-f28d7b0,True,164.11599999999996,-1.5864000000000003,80.25999999999999,12.0,4.0,0.0,4.0,2.0,1.0,1.0,LAGRES_FSR
qmof-194f61a,True,164.11599999999996,-1.5864000000000003,80.25999999999999,12.0,4.0,0.0,4.0,2.0,1.0,1.0,LAGQUH_FSR
qmof-f8b10e5,True,203.13299999999998,-1.6771,106.72,15.0,6.0,0.0,5.0,2.0,1.0,2.0,QUJFUX_FSR
qmof-689e334,True,228.22699999999998,1.0240999999999998,62.25,17.0,4.0,0.0,4.0,4.0,2.0,2.0,CUSVIW_FSR
qmof-cf77c88,True,228.22699999999998,1.0240999999999998,62.25,17.0,4.0,0.0,4.0,4.0,2.0,2.0,CUSTOA_FSR
qmof-ca093d6,False,,,,,,,,,,,CUSTOA01_FSR
qmof-250c0b6,True,228.22699999999998,1.0240999999999998,62.25,17.0,4.0,0.0,4.0,4.0,2.0,2.0,CUSTIU_FSR
qmof-7126934,True,250.21,-2.2871999999999986,121.38999999999999,18.0,7.0,2.0,5.0,2.0,1.0,2.0,LAGPIU_FSR
qmof-ef6a2f2,True,250.21,-2.2871999999999986,121.38999999999999,18.0,7.0,2.0,5.0,2.0,1.0,2.0,LAGPEQ_FSR
qmof-bb55658,True,313.24100000000004,-1.7906999999999997,129.62,23.0,7.0,0.0,7.0,6.0,2.0,2.0,GANMIU_FSR
qmof-d11b670,True,180.12299999999996,-2.7582999999999993,125.77000000000001,13.0,7.0,0.0,3.0,1.0,1.0,1.0,COMDEO_FSR
qmof-7592d77,True,238.294,2.0145999999999997,50.5,18.0,4.0,0.0,4.0,5.0,2.0,2.0,COLSAY_FSR
qmof-0f0d142,True,201.17899999999995,1.5848,97.0,13.0,6.0,1.0,1.0,2.0,1.0,1.0,COKRAX_FSR
qmof-df97c94,True,328.232,-0.5230000000000001,154.85999999999999,24.0,8.0,2.0,6.0,5.0,2.0,2.0,QUQGUF_FSR
qmof-c41b63a,True,310.24899999999997,-0.8580000000000001,144.32999999999998,23.0,9.0,0.0,8.0,3.0,2.0,3.0,QUPVIH_FSR
qmof-82a2fe0,True,58.085,0.66498,23.79,3.0,2.0,0.0,1.0,0.0,0.0,0.0,LAFMAG02_FSR
qmof-4f4c03d,False,,,,,,,,,,,LACVAO_FSR
qmof-3672a79,True,164.11599999999996,-1.5864000000000003,80.25999999999999,12.0,4.0,0.0,4.0,2.0,1.0,1.0,LABTIS_FSR
qmof-ed2e02e,True,329.24000000000007,-1.8380999999999985,157.69,24.0,8.0,1.0,7.0,4.0,2.0,2.0,KOQXUL_FSR
qmof-be7ee98,True,268.364,1.7944,32.260000000000005,20.0,4.0,0.0,4.0,4.0,2.0,3.0,KOQKAE_FSR
qmof-8414733,True,412.49000000000024,-0.3030999999999957,112.51999999999998,30.0,8.0,0.0,8.0,7.0,2.0,3.0,KOQJIL_FSR
qmof-bbcf6c2,True,384.43600000000015,-0.9391999999999954,112.51999999999998,28.0,8.0,0.0,8.0,7.0,2.0,3.0,KOQJEH_FSR
qmof-77d7928,True,198.201,1.1120999999999999,53.019999999999996,15.0,3.0,0.0,3.0,2.0,2.0,2.0,KUBXUC_FSR
qmof-c3b4381,True,198.201,1.1120999999999999,53.019999999999996,15.0,3.0,0.0,3.0,2.0,2.0,2.0,KUBXOW_FSR
qmof-ddcb09f,True,207.11699999999993,-3.2229,120.38999999999999,15.0,6.0,0.0,6.0,3.0,1.0,1.0,RAVJUV_FSR
qmof-9c10b27,True,180.09499999999997,-2.0476,113.05000000000001,13.0,6.0,0.0,5.0,2.0,1.0,1.0,COSFAS_FSR
qmof-f04f83a,True,45.016999999999996,-1.6339000000000001,40.129999999999995,3.0,2.0,0.0,2.0,0.0,0.0,0.0,CONXEI01_FSR
qmof-d7de8a6,True,98.08900000000001,-1.8512000000000004,90.86,7.0,5.0,2.0,4.0,0.0,0.0,1.0,COMHUI_FSR
qmof-e954d84,True,342.2150000000001,-3.0671,169.75,25.0,9.0,0.0,9.0,6.0,2.0,2.0,COMGIV_FSR
qmof-32bbf6c,True,394.52200000000016,5.716280000000005,35.64,30.0,4.0,0.0,4.0,4.0,5.0,5.0,RAXTAN_FSR
qmof-bc1a8ec,True,310.06300000000005,-0.5882100000000003,115.04,18.0,8.0,1.0,6.0,3.0,1.0,2.0,RAWVUJ_FSR
qmof-6dddf51,False,,,,,,,,,,,RAWTUF_FSR
qmof-bce7356,True,222.55999999999997,0.3512999999999999,141.14,14.0,8.0,1.0,2.0,1.0,1.0,1.0,RAWRUE_FSR
qmof-9651473,True,416.4370000000001,0.8982199999999987,115.89999999999999,31.0,8.0,0.0,8.0,6.0,4.0,4.0,KOWSOG_FSR
qmof-9ef088f,False,,,,,,,,,,,GAMTUM_FSR
qmof-46a6a93,True,165.10399999999996,-2.1914,93.15,12.0,5.0,0.0,5.0,2.0,1.0,1.0,QUPSUP_FSR
qmof-385d2cd,False,,,,,,,,,,,CURZIZ_FSR
qmof-2810a4f,True,267.248,0.7785,104.19999999999999,20.0,7.0,0.0,6.0,2.0,2.0,3.0,CUQPUB_FSR
qmof-5fd3808,True,376.3640000000001,1.5715999999999999,98.72,28.0,6.0,0.0,6.0,8.0,3.0,3.0,CUQPAH_FSR
qmof-9a8dcf2,True,184.24200000000002,2.2618,25.78,14.0,2.0,0.0,2.0,3.0,2.0,2.0,CUQNUZ_FSR
qmof-c48197a,True,264.30899999999997,-1.7779000000000003,106.03999999999999,15.0,9.0,0.0,9.0,6.0,1.0,1.0,KUXHIW_FSR
qmof-f909d4e,True,271.228,-0.6124000000000003,102.38,20.0,6.0,0.0,6.0,5.0,2.0,2.0,GAGDAW_FSR
qmof-e167932,False,,,,,,,,,,,GADZIU_FSR
qmof-0c9cb8c,False,,,,,,,,,,,QUKXUR_FSR
qmof-27b6769,True,335.2480000000001,-5.191609999999996,167.0,24.0,10.0,0.0,10.0,4.0,1.0,2.0,QURCAI_FSR
qmof-6f6898f,True,137.11399999999998,-0.24430000000000013,60.36,10.0,3.0,1.0,3.0,1.0,1.0,1.0,CSSALB01_FSR
qmof-5edf8d7,False,,,,,,,,,,,RALRON_FSR
qmof-7876fa5,True,239.254,1.0642,65.38,18.0,4.0,0.0,4.0,4.0,2.0,2.0,RALJOF_FSR
qmof-ac5170e,True,327.22400000000005,-1.8576999999999995,157.69,24.0,8.0,1.0,7.0,5.0,2.0,2.0,RAPGUN_FSR
qmof-9828c87,False,,,,,,,,,,,KUHROW_FSR
qmof-de7acda,True,319.185,-5.315099999999999,202.08999999999997,23.0,11.0,1.0,10.0,3.0,2.0,2.0,GALLUC01_FSR
qmof-23c04a5,True,289.20300000000003,-4.086199999999998,159.73999999999998,21.0,9.0,0.0,8.0,3.0,1.0,2.0,GALLEM_FSR
qmof-67396eb,False,,,,,,,,,,,RAMZUB_FSR
qmof-413f421,False,,,,,,,,,,,COZVOD_FSR
qmof-b09c469,True,143.147,-0.7899800000000001,65.91,9.0,5.0,0.0,5.0,1.0,1.0,1.0,QURTAA_FSR
qmof-6736052,True,143.147,-0.7899800000000001,65.91,9.0,5.0,0.0,5.0,1.0,1.0,1.0,QURSUT_FSR
qmof-ecfba3d,True,160.136,0.7783599999999998,94.47,12.0,5.0,0.0,3.0,0.0,1.0,1.0,CUMZAN_FSR
qmof-ebddde8,True,403.3980000000002,0.48343999999999965,128.79000000000002,30.0,9.0,0.0,9.0,4.0,4.0,4.0,CUMLIH_FSR
qmof-47f264b,False,,,,,,,,,,,COTROU_FSR
qmof-1d729c7,True,112.108,-0.17210000000000003,48.24,8.0,3.0,0.0,2.0,0.0,0.0,1.0,COTBOC_FSR
qmof-a0b4bb0,True,231.16699999999997,-2.005699999999999,110.97,17.0,7.0,0.0,7.0,3.0,2.0,2.0,RASREK_FSR
qmof-4bbc418,True,306.276,0.4266899999999996,80.64,22.0,9.0,1.0,6.0,5.0,2.0,3.0,AHAHIB_FSR
qmof-0d66641,True,200.999,0.20759999999999987,53.019999999999996,10.0,4.0,0.0,3.0,1.0,1.0,1.0,HIXYIY_FSR
qmof-3347fec,False,,,,,,,,,,,HIXGOK_FSR
qmof-0280eec,True,185.166,0.62071,112.22999999999999,14.0,5.0,0.0,5.0,3.0,0.0,0.0,NACVOC_FSR
qmof-84d1a97,False,,,,,,,,,,,NABTIT_FSR
qmof-77855e7,True,284.203,-2.160899999999999,133.28,21.0,7.0,0.0,7.0,4.0,2.0,2.0,MUSLUJ_FSR
qmof-fa70d03,True,187.31199999999998,0.5826,18.84,12.0,4.0,0.0,2.0,3.0,0.0,1.0,EYAFAN_FSR
qmof-f12b5ad,True,407.9100000000001,-3.3344,160.51999999999998,20.0,10.0,0.0,8.0,4.0,1.0,1.0,EXUFAG_FSR
qmof-ba3d0ce,True,331.3710000000001,-2.125079999999997,126.42999999999998,21.0,9.0,1.0,7.0,8.0,1.0,1.0,HOQPUZ_FSR
qmof-bfa6f76,True,225.208,-1.3317999999999997,119.04999999999998,16.0,8.0,3.0,7.0,4.0,2.0,2.0,HOPCAQ_FSR
qmof-40981b9,False,,,,,,,,,,,HIYQUD_FSR
qmof-177cedf,False,,,,,,,,,,,AGPYNO01_FSR
qmof-dadb631,True,140.16199999999998,0.35649000000000003,49.66,10.0,3.0,1.0,2.0,0.0,0.0,1.0,YIMSUK_FSR
qmof-dad1ebc,True,108.11999999999996,0.74799,29.43,8.0,2.0,0.0,1.0,0.0,0.0,1.0,YIMSOE_FSR
qmof-1172086,True,108.11999999999996,0.74799,29.43,8.0,2.0,0.0,1.0,0.0,0.0,1.0,YIMSIY_FSR
qmof-68fafb3,True,108.11999999999996,0.74799,29.43,8.0,2.0,0.0,1.0,0.0,0.0,1.0,YIMSAQ_FSR
qmof-d1e1b87,True,258.231,-1.5869999999999982,123.59999999999998,17.0,8.0,2.0,5.0,5.0,1.0,1.0,KUHZAP_FSR
qmof-c40f4c4,True,502.5270000000002,0.6696200000000012,164.23999999999995,37.0,10.0,2.0,8.0,6.0,3.0,4.0,HOMFIA_FSR
qmof-7708ea4,True,179.13099999999997,-2.0042,106.28,13.0,5.0,1.0,5.0,2.0,1.0,1.0,ADIZUJ_FSR
qmof-a432f8e,False,,,,,,,,,,,AFAHEW_FSR
qmof-f2ae0a5,True,542.5000000000003,2.2542,189.87,40.0,11.0,2.0,9.0,10.0,4.0,4.0,AFECUM_FSR
qmof-057b7d1,True,390.002,1.0603999999999996,98.72,22.0,10.0,0.0,6.0,2.0,1.0,2.0,YOLFEL_FSR
qmof-4db34af,True,136.12999999999994,-0.3677000000000001,66.14999999999999,10.0,3.0,1.0,3.0,1.0,1.0,1.0,ABZCUH01_FSR
qmof-56158f0,True,338.1360000000001,-8.3732,240.77999999999997,24.0,12.0,0.0,12.0,4.0,1.0,1.0,YOCSEQ_FSR
qmof-965dcb2,True,88.01799999999999,-3.5138000000000003,80.25999999999999,6.0,4.0,0.0,4.0,0.0,0.0,0.0,YODDAX_FSR
qmof-c85fd52,True,488.5000000000002,0.36119999999999974,164.24,36.0,10.0,2.0,8.0,6.0,3.0,4.0,HODQAU_FSR
qmof-3abcd4a,True,494.5980000000002,2.7730000000000006,115.9,34.0,10.0,0.0,10.0,10.0,4.0,4.0,HOKYUD_FSR
qmof-e555160,True,183.05499999999998,2.5258999999999996,19.9,12.0,6.0,0.0,0.0,0.0,1.0,1.0,HOKZAJ_FSR
qmof-90a5ed0,True,138.10199999999998,-1.3165,67.07,10.0,4.0,0.0,3.0,1.0,1.0,1.0,YOTQOP01_FSR
qmof-0bcdb78,True,316.17800000000005,-8.356800000000003,201.14,22.0,12.0,0.0,10.0,4.0,0.0,1.0,YORTAB_FSR
qmof-e3afbd2,False,,,,,,,,,,,YOLZIK_FSR
qmof-19fcfb8,False,,,,,,,,,,,DOXKAD_FSR
qmof-a9be673,True,114.05599999999998,-2.9576000000000002,80.25999999999999,8.0,4.0,0.0,4.0,2.0,0.0,0.0,DOYBEA_FSR
qmof-479e7c3,True,220.22399999999996,-0.3527199999999999,80.25999999999999,16.0,4.0,0.0,4.0,2.0,1.0,1.0,DOSHID_FSR
qmof-5ae8b7a,True,199.07799999999995,-0.2705000000000004,97.0,13.0,6.0,0.0,3.0,2.0,1.0,1.0,UGUKUD_FSR
qmof-f5240e6,True,250.11799999999994,-4.859400000000001,160.51999999999998,18.0,8.0,0.0,8.0,4.0,1.0,1.0,UHISOU_FSR
qmof-e118da8,True,250.11799999999994,-4.859400000000001,160.51999999999998,18.0,8.0,0.0,8.0,4.0,1.0,1.0,UHITAH_FSR
qmof-079b91e,False,,,,,,,,,,,UHUJIR_FSR
qmof-4b7ec93,True,164.11599999999996,-1.5864000000000003,80.25999999999999,12.0,4.0,0.0,4.0,2.0,1.0,1.0,UHUTUM_FSR
qmof-2c27f61,True,207.14299999999997,-2.1346,142.75,13.0,9.0,1.0,5.0,1.0,1.0,1.0,JEGTUL_FSR
qmof-00dfd91,True,122.10299999999997,-0.5549000000000002,53.019999999999996,9.0,3.0,0.0,3.0,1.0,1.0,1.0,PABRIU_FSR
qmof-fa802eb,True,114.05599999999998,-2.9576000000000002,80.25999999999999,8.0,4.0,0.0,4.0,2.0,0.0,0.0,PABXAT_FSR
qmof-67822fb,True,526.3530000000002,0.9763000000000003,157.9,37.0,16.0,0.0,8.0,4.0,2.0,4.0,PACGAE_FSR
qmof-ac1272b,True,164.11599999999996,-1.5864000000000003,80.25999999999999,12.0,4.0,0.0,4.0,2.0,1.0,1.0,PACVOF_FSR
qmof-22d73d6,True,101.15400000000001,-0.5211000000000001,26.130000000000003,6.0,3.0,1.0,1.0,0.0,0.0,1.0,OYEJAE_FSR
qmof-bbd536a,True,165.10399999999996,-2.1914,93.15,12.0,5.0,0.0,5.0,2.0,1.0,1.0,HOQKII_FSR
qmof-1ecf38b,True,398.47400000000005,2.665800000000001,71.28,30.0,8.0,0.0,8.0,8.0,5.0,5.0,HORHOM_FSR
qmof-b4be939,True,408.4580000000003,0.9674399999999996,115.9,30.0,8.0,0.0,8.0,4.0,3.0,4.0,EXUHEM_FSR
qmof-addb7e5,False,,,,,,,,,,,QUVCIU_FSR
qmof-1eebe6e,True,260.205,-0.8155000000000001,156.78,19.0,13.0,0.0,10.0,6.0,0.0,3.0,CUMJAX_FSR
qmof-2b7615b,True,160.17999999999998,0.7213999999999999,43.6,12.0,4.0,0.0,4.0,2.0,2.0,2.0,KUYTOO_FSR
qmof-fcceb2e,False,,,,,,,,,,,KUSCOR_FSR
qmof-f37b4ac,True,225.07600000000002,1.7869,48.24,12.0,6.0,0.0,2.0,2.0,1.0,1.0,KUTPAR_FSR
qmof-e387857,True,164.11599999999996,-1.5864000000000003,80.25999999999999,12.0,4.0,0.0,4.0,2.0,1.0,1.0,QUXTAF_FSR
qmof-6a97c17,True,316.17800000000005,-8.356800000000003,201.14,22.0,12.0,0.0,10.0,4.0,0.0,1.0,YORSII_FSR
qmof-053afd6,True,316.17800000000005,-8.356800000000003,201.14,22.0,12.0,0.0,10.0,4.0,0.0,1.0,YORSOO_FSR
qmof-db52356,True,316.17800000000005,-8.356800000000003,201.14,22.0,12.0,0.0,10.0,4.0,0.0,1.0,YORSUU_FSR
qmof-b60c035,True,204.65800000000002,1.4419199999999999,48.24,12.0,5.0,0.0,2.0,2.0,1.0,1.0,YOTDUH_FSR
qmof-b0d8838,False,,,,,,,,,,,YOTGIY_FSR
qmof-3133aaf,True,164.11599999999996,-1.5864000000000003,80.25999999999999,12.0,4.0,0.0,4.0,2.0,1.0,1.0,ADETEL_FSR
qmof-d007203,True,122.10299999999997,-0.5549000000000002,53.019999999999996,9.0,3.0,0.0,3.0,1.0,1.0,1.0,ACUBOP_FSR
qmof-d615ab3,True,112.03999999999999,-1.7236000000000002,68.28,8.0,4.0,0.0,4.0,0.0,0.0,1.0,RAMSUT01_FSR
qmof-39f8d6c,True,371.28900000000004,-3.6530999999999967,181.80999999999995,27.0,12.0,0.0,12.0,6.0,3.0,3.0,CUBMOD_FSR
qmof-47b762f,True,299.30400000000003,-2.0780799999999973,126.42999999999998,20.0,8.0,1.0,6.0,7.0,1.0,1.0,COVBOG_FSR
qmof-028a08c,True,255.217,-0.7885000000000004,101.55000000000001,19.0,8.0,0.0,8.0,3.0,3.0,3.0,RAGVAZ_FSR
qmof-6e4326e,True,380.45200000000006,1.3920000000000001,93.92,28.0,8.0,2.0,8.0,7.0,4.0,4.0,RAHDIQ_FSR
qmof-d83e85c,True,309.25800000000004,-2.9660999999999986,165.6,22.0,10.0,5.0,7.0,2.0,2.0,3.0,KUQNOA_FSR
qmof-64e3aa0,False,,,,,,,,,,,KUCBIT_FSR
qmof-60a018e,True,132.071,-3.4971999999999994,89.49000000000001,9.0,5.0,0.0,5.0,4.0,0.0,0.0,NAFQIV_FSR
qmof-ecd30a6,True,115.06399999999998,-1.6228999999999998,77.42999999999999,8.0,4.0,1.0,3.0,2.0,0.0,0.0,NAFUMA11_FSR
qmof-dd0e039,True,264.24399999999997,1.3638999999999997,91.31,20.0,6.0,0.0,5.0,3.0,2.0,3.0,MUTJIV_FSR
qmof-f077716,True,66.043,-0.44704000000000005,61.68,5.0,3.0,0.0,2.0,0.0,0.0,0.0,AJIJIN_FSR
qmof-ac01f2d,True,96.06299999999999,-0.9077999999999999,73.94,5.0,5.0,0.0,2.0,0.0,0.0,0.0,AJILIP_FSR
qmof-d86cf1e,False,,,,,,,,,,,YEXCAG_FSR
qmof-b2d2517,False,,,,,,,,,,,HOXVAS_FSR
qmof-5037476,True,204.08999999999995,-6.247399999999999,160.51999999999998,14.0,8.0,0.0,8.0,3.0,0.0,0.0,HOTWUJ_FSR
qmof-3862c80,True,212.176,0.9802,102.36000000000001,16.0,8.0,0.0,6.0,2.0,1.0,3.0,MURFEM_FSR
qmof-08ff76f,True,592.2160000000003,1.8004000000000007,309.71999999999997,36.0,20.0,8.0,8.0,8.0,2.0,2.0,RANPAA_FSR
qmof-4745e52,False,,,,,,,,,,,RANPIH_FSR
qmof-b3d8865,True,130.099,-2.343499999999999,80.25999999999999,9.0,4.0,0.0,4.0,4.0,0.0,0.0,GAMBUS_FSR
qmof-9e63a13,True,188.146,-0.30310000000000015,91.31,14.0,6.0,0.0,5.0,2.0,1.0,2.0,GAMFEG_FSR
qmof-f47b0d0,True,66.043,-0.44704000000000005,61.68,5.0,3.0,0.0,2.0,0.0,0.0,0.0,KUHXIV01_FSR
qmof-ffa8fbb,True,306.146,-7.154809999999998,211.69999999999996,22.0,12.0,0.0,11.0,4.0,0.0,2.0,RAPBIT_FSR
qmof-bce1fb6,True,238.29399999999998,2.1761999999999997,35.64,18.0,4.0,0.0,4.0,4.0,3.0,3.0,RAJFEP_FSR
qmof-1eaffd2,True,164.11599999999996,-1.5864000000000003,80.25999999999999,12.0,4.0,0.0,4.0,2.0,1.0,1.0,RAJRUP_FSR
qmof-f228632,True,188.123,1.0880999999999998,108.91,12.0,6.0,2.0,3.0,0.0,1.0,1.0,EXEMAV_FSR
qmof-462668c,False,,,,,,,,,,,NAHMAL11_FSR
qmof-92555ed,True,193.07499999999996,0.6065,40.129999999999995,13.0,6.0,0.0,2.0,1.0,1.0,1.0,YEMNUA_FSR
qmof-1d9bb36,False,,,,,,,,,,,YEQZEC_FSR
qmof-89fcca7,True,233.16299999999998,-1.6714999999999998,131.44,17.0,8.0,0.0,7.0,2.0,1.0,2.0,NASCIV_FSR
qmof-2f1cd7a,True,151.141,-0.18470000000000075,49.36,11.0,3.0,0.0,3.0,3.0,1.0,1.0,NAPOCA01_FSR
qmof-053a04d,False,,,,,,,,,,,NAPTEE_FSR
qmof-dfc0e67,True,178.14299999999997,-1.27798,80.25999999999999,13.0,4.0,0.0,4.0,2.0,1.0,1.0,NAPZOV_FSR
qmof-6b82733,True,222.13199999999995,-3.519479999999999,133.28,16.0,7.0,0.0,7.0,3.0,1.0,1.0,QUSRUS_FSR
qmof-859b832,True,222.13199999999995,-3.519479999999999,133.28,16.0,7.0,0.0,7.0,3.0,1.0,1.0,QUSSAZ_FSR
qmof-a653a76,True,354.36600000000004,-0.9487999999999988,115.89999999999999,26.0,8.0,0.0,8.0,7.0,3.0,3.0,QUTHOD_FSR
qmof-d1f2113,True,180.12499999999997,-1.7064999999999997,151.14,11.0,10.0,1.0,6.0,0.0,0.0,1.0,COWLAC03_FSR
qmof-b5589d4,True,88.01799999999999,-3.5138000000000003,80.25999999999999,6.0,4.0,0.0,4.0,0.0,0.0,0.0,COYNOV_FSR
qmof-a746544,True,156.54799999999997,0.09849999999999992,53.019999999999996,10.0,4.0,0.0,3.0,1.0,1.0,1.0,EYILON_FSR
qmof-af37bf7,True,122.10299999999997,-0.5549000000000002,53.019999999999996,9.0,3.0,0.0,3.0,1.0,1.0,1.0,EYINUV_FSR
qmof-08c77cc,False,,,,,,,,,,,EYUKOZ_FSR
qmof-a22eb9b,True,348.35800000000006,0.6753999999999993,106.03999999999999,26.0,6.0,0.0,6.0,5.0,3.0,3.0,MUQBIK_FSR
qmof-6b7db42,False,,,,,,,,,,,EVOSUF_FSR
qmof-6971f07,True,268.224,1.4978000000000002,159.86,16.0,10.0,2.0,2.0,2.0,1.0,1.0,HUCMOH02_FSR
qmof-bc9ad02,True,88.106,0.03320000000000001,18.46,6.0,2.0,0.0,2.0,0.0,0.0,1.0,HUDVEH_FSR
qmof-3922013,False,,,,,,,,,,,HOXQEQ_FSR
qmof-b1e53d1,True,207.18499999999995,-2.007199999999999,83.5,15.0,5.0,0.0,5.0,5.0,1.0,1.0,HOXRAP_FSR
qmof-62da067,True,113.09599999999999,-0.8171999999999999,51.480000000000004,8.0,4.0,0.0,2.0,0.0,0.0,1.0,ALEQIS_FSR
qmof-3ea6b66,True,434.3600000000001,-2.5975999999999964,186.29999999999995,32.0,10.0,0.0,10.0,7.0,3.0,3.0,ALILUE_FSR
qmof-23f284e,True,336.12000000000006,-8.1324,240.77999999999997,24.0,12.0,0.0,12.0,6.0,1.0,1.0,GANGUZ_FSR
qmof-8a48168,True,452.55500000000046,2.0099399999999994,115.9,33.0,8.0,0.0,8.0,12.0,3.0,3.0,RAQTIP_FSR
qmof-73caf97,False,,,,,,,,,,,RARLOO_FSR
qmof-31856d4,False,,,,,,,,,,,RARLUU_FSR
qmof-3aeb382,True,122.10299999999997,-0.5549000000000002,53.019999999999996,9.0,3.0,0.0,3.0,1.0,1.0,1.0,RASXUF_FSR
qmof-8563e80,True,238.29399999999998,2.1761999999999997,35.64,18.0,4.0,0.0,4.0,4.0,3.0,3.0,YEHTOV_FSR
qmof-9b96927,True,342.3150000000001,-1.6264999999999983,141.68,25.0,10.0,0.0,10.0,6.0,3.0,3.0,EYUMAN_FSR
qmof-0516e18,True,394.52200000000005,5.6074000000000055,35.64,30.0,4.0,0.0,4.0,6.0,5.0,5.0,NAVFAU_FSR
qmof-fc59138,True,193.15799999999996,-1.57456,93.14999999999999,14.0,5.0,0.0,5.0,2.0,1.0,1.0,ETUQEQ_FSR
qmof-7ad5511,False,,,,,,,,,,,YAVMIT_FSR
qmof-3d85a5e,True,318.27299999999997,2.4133000000000004,92.51,22.0,8.0,0.0,5.0,4.0,3.0,3.0,YECQUT_FSR
qmof-9256da0,False,,,,,,,,,,,YEDVUZ_FSR
qmof-e37cd72,True,297.234,2.6255000000000006,100.83000000000001,19.0,10.0,2.0,1.0,3.0,1.0,1.0,EVAHAM_FSR
qmof-f0cca85,False,,,,,,,,,,,COTTEM_FSR
qmof-753bc23,True,238.294,2.6748400000000006,35.64,18.0,4.0,0.0,4.0,2.0,3.0,3.0,CUMLED_FSR
qmof-45de5a4,True,268.201,-3.6599999999999966,147.32999999999998,19.0,8.0,0.0,7.0,5.0,1.0,1.0,QURCUD_FSR
qmof-85bf949,True,122.12699999999997,0.18050000000000016,55.980000000000004,9.0,3.0,1.0,2.0,1.0,1.0,1.0,KOPBIC_FSR
qmof-733d89d,False,,,,,,,,,,,GAFFUP_FSR
qmof-b1b2117,True,520.5140000000004,-1.9757099999999943,202.09,38.0,16.0,0.0,15.0,10.0,4.0,5.0,EYUMER_FSR
qmof-855e3e5,True,148.13899999999998,-2.7805999999999997,80.25999999999999,9.0,5.0,0.0,5.0,4.0,0.0,0.0,EZAJUM_FSR
qmof-f7c5619,True,148.13899999999998,-2.7805999999999997,80.25999999999999,9.0,5.0,0.0,5.0,4.0,0.0,0.0,EZEKUR_FSR
qmof-5217587,True,252.13399999999993,-4.856799999999999,160.51999999999998,18.0,8.0,0.0,8.0,3.0,1.0,1.0,EZOFIJ_FSR
qmof-90849c1,False,,,,,,,,,,,EZUCIM_FSR
qmof-f66f1d9,True,166.229,1.5159799999999999,75.83,11.0,4.0,2.0,3.0,0.0,1.0,1.0,HISFEW_FSR
qmof-6ba5b5d,True,207.11699999999993,-3.2229,120.38999999999999,15.0,6.0,0.0,6.0,3.0,1.0,1.0,HISHUO_FSR
qmof-113f870,False,,,,,,,,,,,HIWXER_FSR
qmof-02b20ba,True,300.266,-0.12860000000000005,98.72,22.0,6.0,0.0,6.0,7.0,2.0,2.0,YATNEO_FSR
qmof-0595b93,True,88.01799999999999,-3.5138000000000003,80.25999999999999,6.0,4.0,0.0,4.0,0.0,0.0,0.0,NEDZIF_FSR
qmof-8dc27cb,True,204.17700000000002,0.6185899999999999,114.72,15.0,9.0,0.0,7.0,0.0,0.0,3.0,QUNMOC_FSR
qmof-63f40f9,True,202.07399999999998,-6.471399999999999,160.51999999999998,14.0,8.0,0.0,8.0,2.0,0.0,0.0,QUPDEL01_FSR
qmof-9c943e1,True,204.16900000000004,-1.5149999999999997,96.62,15.0,7.0,0.0,7.0,3.0,2.0,2.0,QUPTIG_FSR
qmof-6a180ff,True,204.16900000000004,-1.5149999999999997,96.62,15.0,7.0,0.0,7.0,3.0,2.0,2.0,QUPTOM_FSR
qmof-b4d71b5,True,301.896,1.0272000000000001,80.25999999999999,16.0,8.0,0.0,4.0,2.0,1.0,1.0,GADDOH_FSR
qmof-4cb8498,True,224.16799999999995,-2.3174,120.72,16.0,6.0,2.0,6.0,4.0,1.0,1.0,COLWAC_FSR
qmof-b7f9162,True,132.071,-3.7628,100.49,9.0,5.0,1.0,5.0,3.0,0.0,0.0,COMALT01_FSR
qmof-0e4e8d5,True,127.079,-1.44331,75.27,9.0,5.0,2.0,3.0,0.0,0.0,1.0,RAYJOT_FSR
qmof-862167f,True,258.241,0.6214999999999997,119.99000000000001,19.0,8.0,1.0,6.0,2.0,2.0,3.0,REFGUG_FSR
qmof-a3f8ffa,False,,,,,,,,,,,GANVIC_FSR
qmof-09865e1,True,208.16899999999998,-1.4311,89.49000000000001,15.0,5.0,0.0,5.0,5.0,1.0,1.0,GAPDAE_FSR
qmof-aae9bb5,True,26.018,0.09637,23.79,2.0,1.0,0.0,1.0,0.0,0.0,0.0,NAZWUI_FSR
qmof-66b26b0,True,153.07299999999998,-3.6559,106.72,11.0,6.0,0.0,5.0,2.0,0.0,1.0,MULQOA_FSR
qmof-12532fe,True,138.10199999999998,-1.2616,72.99,10.0,4.0,1.0,3.0,1.0,1.0,1.0,HUJGUP_FSR
qmof-ea015c6,True,116.07199999999999,-2.733599999999999,80.25999999999999,8.0,4.0,0.0,4.0,3.0,0.0,0.0,YAWZUS_FSR
qmof-94de1ca,True,224.16799999999995,-2.055999999999999,98.72,16.0,6.0,0.0,6.0,6.0,1.0,1.0,YAMQUZ_FSR
qmof-24a8d59,False,,,,,,,,,,,MPPCDC_FSR
qmof-8e57ccd,True,88.01799999999999,-3.5138000000000003,80.25999999999999,6.0,4.0,0.0,4.0,0.0,0.0,0.0,LAFSER_FSR
qmof-c6174ca,True,164.11599999999996,-1.5864000000000003,80.25999999999999,12.0,4.0,0.0,4.0,2.0,1.0,1.0,LAGPAM_FSR
qmof-7bab797,True,150.15699999999995,-0.5637000000000001,66.15,11.0,3.0,1.0,3.0,2.0,1.0,1.0,CONWOS_FSR
qmof-922a70e,True,384.39600000000013,-1.0744199999999973,139.66,28.0,10.0,0.0,8.0,9.0,1.0,3.0,ETAKIU_FSR
qmof-aef345f,True,252.11399999999998,-4.1297,170.57999999999998,18.0,9.0,1.0,8.0,4.0,1.0,1.0,AMOZOS_FSR
qmof-477ac56,False,,,,,,,,,,,ESODOG_FSR
qmof-3480edd,False,,,,,,,,,,,ESODUM_FSR
qmof-b94a663,True,490.51600000000013,1.8079999999999998,164.24,36.0,10.0,2.0,8.0,11.0,3.0,3.0,GAPQEW_FSR
qmof-9ccd37c,True,184.10699999999997,-0.9463000000000004,116.06,13.0,7.0,0.0,5.0,1.0,1.0,1.0,REHLEW_FSR
qmof-4c0d455,True,243.23799999999997,1.4349,77.43,18.0,4.0,1.0,3.0,2.0,2.0,2.0,QQQGMA02_FSR
qmof-4de2601,False,,,,,,,,,,,QUFNIP_FSR
qmof-9057165,False,,,,,,,,,,,QUFNOV_FSR
qmof-05fbacb,False,,,,,,,,,,,MUFHUR_FSR
qmof-43b4e29,True,377.4680000000001,3.402800000000001,75.77000000000001,28.0,6.0,0.0,6.0,7.0,4.0,4.0,ETEQIE_FSR
qmof-c2f9dad,True,334.27200000000005,2.1239999999999997,112.74,23.0,9.0,1.0,5.0,4.0,3.0,3.0,YAHMAW_FSR
qmof-449f551,True,506.5580000000002,1.5571399999999997,143.6,38.0,13.0,0.0,10.0,8.0,3.0,6.0,HUPZID_FSR
qmof-815b847,True,236.07599999999994,-1.0300000000000002,80.25999999999999,16.0,8.0,0.0,4.0,2.0,1.0,1.0,HUFNAZ_FSR
qmof-012ca8a,True,360.94000000000005,-0.21660000000000046,120.38999999999999,20.0,10.0,0.0,6.0,2.0,1.0,1.0,GADCUM_FSR
qmof-0358909,True,301.896,1.0272000000000001,80.25999999999999,16.0,8.0,0.0,4.0,2.0,1.0,1.0,GADDEX_FSR
qmof-bf0b336,False,,,,,,,,,,,QQQBKV10_FSR
qmof-914580c,True,177.04399999999998,-5.6929,157.69,12.0,8.0,1.0,7.0,0.0,0.0,0.0,QQQBNA11_FSR
qmof-73820e5,True,59.044,-1.2438,40.129999999999995,4.0,2.0,0.0,2.0,0.0,0.0,0.0,QQQFUV03_FSR
qmof-2d00fd3,False,,,,,,,,,,,RELVOU_FSR
qmof-5deed79,True,309.2300000000001,-4.144799999999997,173.40999999999997,22.0,9.0,0.0,9.0,7.0,1.0,1.0,MOYKUH_FSR
qmof-a032a19,True,309.2300000000001,-4.144799999999997,173.40999999999997,22.0,9.0,0.0,9.0,7.0,1.0,1.0,MOYLAO_FSR
qmof-97ba46c,True,122.10299999999997,-0.5549000000000004,53.019999999999996,9.0,3.0,0.0,3.0,1.0,1.0,1.0,ERINIC12_FSR
qmof-a704d35,True,518.5700000000002,1.6658,164.24,38.0,10.0,2.0,8.0,13.0,3.0,3.0,ERUCUR_FSR
qmof-28dc38b,True,275.176,-3.6468999999999996,159.20999999999998,20.0,9.0,0.0,8.0,3.0,1.0,2.0,NELMEZ_FSR
qmof-4b8c2e3,True,220.03099999999998,1.1220999999999997,49.36,13.0,5.0,0.0,3.0,3.0,1.0,1.0,NEQQAC_FSR
qmof-b8d60be,True,203.19499999999996,1.6007999999999998,89.16,13.0,6.0,1.0,2.0,2.0,1.0,1.0,HIQLAW_FSR
qmof-75d666e,True,136.13,-0.6260000000000008,53.019999999999996,10.0,3.0,0.0,3.0,2.0,1.0,1.0,YABYEG_FSR
qmof-3c9f875,True,122.10299999999997,-0.5549000000000004,53.019999999999996,9.0,3.0,0.0,3.0,1.0,1.0,1.0,XUNHAQ_FSR
qmof-c0337e5,True,222.23999999999992,-0.9271999999999994,80.25999999999999,16.0,4.0,0.0,4.0,2.0,0.0,4.0,XUNJUM_FSR
qmof-16097f7,True,290.37,3.8664000000000023,35.64,22.0,4.0,0.0,4.0,5.0,4.0,4.0,ESUVAP_FSR
qmof-79864df,True,384.39600000000013,-1.0744199999999973,139.66,28.0,10.0,0.0,8.0,9.0,1.0,3.0,ETAKAM_FSR
qmof-e3accad,True,246.13899999999995,2.706500000000001,73.94,15.0,6.0,0.0,2.0,4.0,1.0,1.0,QOXFOY_FSR
qmof-438b1da,True,80.08999999999999,0.47659999999999986,25.78,6.0,2.0,0.0,2.0,0.0,1.0,1.0,LAMCOS_FSR
qmof-9b2e1cd,True,364.33100000000013,-1.2232,132.86,25.0,9.0,0.0,8.0,8.0,2.0,2.0,LAMPOG_FSR
qmof-71bc372,False,,,,,,,,,,,REXKEK_FSR
qmof-0488f20,True,112.03999999999998,-3.5104,80.25999999999999,8.0,4.0,0.0,4.0,0.0,0.0,0.0,REQJEF_FSR
qmof-73e8273,True,112.03999999999998,-3.5104,80.25999999999999,8.0,4.0,0.0,4.0,0.0,0.0,0.0,REQSEO_FSR
qmof-161f011,True,112.03999999999998,-3.5104,80.25999999999999,8.0,4.0,0.0,4.0,0.0,0.0,0.0,REQSIS_FSR
qmof-aba6612,True,186.20699999999997,-0.7830999999999997,80.25999999999999,13.0,4.0,0.0,4.0,8.0,0.0,0.0,RERQIP_FSR
qmof-d9f5423,True,122.10299999999997,-0.5549000000000004,53.019999999999996,9.0,3.0,0.0,3.0,1.0,1.0,1.0,XUNTEH_FSR
qmof-9c173b5,True,122.10299999999997,-0.5549000000000004,53.019999999999996,9.0,3.0,0.0,3.0,1.0,1.0,1.0,XUNTIL_FSR
qmof-fb4e736,True,114.05599999999998,-2.9576000000000002,80.25999999999999,8.0,4.0,0.0,4.0,2.0,0.0,0.0,MOYSUO_FSR
qmof-4877fcf,True,88.106,0.03320000000000001,18.46,6.0,2.0,0.0,2.0,0.0,0.0,1.0,XUBHIM_FSR
qmof-0fe92ef,True,88.01799999999999,-3.5138000000000003,80.25999999999999,6.0,4.0,0.0,4.0,0.0,0.0,0.0,XUQQOP_FSR
qmof-315acfe,True,86.138,-0.8208000000000002,24.06,6.0,2.0,2.0,2.0,0.0,0.0,1.0,XURGAS_FSR
qmof-67c55da,True,301.896,1.0272000000000001,80.25999999999999,16.0,8.0,0.0,4.0,2.0,1.0,1.0,XUWQUC_FSR
qmof-dd2c6cc,True,371.28900000000004,-3.6530999999999967,181.80999999999995,27.0,12.0,0.0,12.0,6.0,3.0,3.0,XUCGUY_FSR
qmof-e14a066,True,204.217,-0.6620000000000006,94.34000000000002,15.0,7.0,0.0,4.0,3.0,2.0,2.0,LANCIO01_FSR
qmof-d7035ae,True,208.10499999999996,-3.8278999999999996,133.28,15.0,7.0,0.0,7.0,3.0,1.0,1.0,LALGUC_FSR
qmof-cb55880,True,164.11599999999996,-1.5864000000000003,80.25999999999999,12.0,4.0,0.0,4.0,2.0,1.0,1.0,RESWUI01_FSR
qmof-8190505,False,,,,,,,,,,,REVFII01_FSR
qmof-92ce4a1,True,518.4820000000003,-3.064999999999994,192.77999999999997,38.0,12.0,0.0,12.0,8.0,3.0,4.0,ERIHET_FSR
qmof-60dc14e,True,122.10299999999997,-0.5549000000000004,53.019999999999996,9.0,3.0,0.0,3.0,1.0,1.0,1.0,ERINIC11_FSR
qmof-326f778,True,202.07399999999998,-6.471399999999999,160.51999999999998,14.0,8.0,0.0,8.0,2.0,0.0,0.0,NEPWIQ_FSR
qmof-dcd8104,True,114.05599999999998,-2.9576000000000002,80.25999999999999,8.0,4.0,0.0,4.0,2.0,0.0,0.0,HILPIB_FSR
qmof-9fc2616,True,243.17199999999994,-1.3864,139.95999999999998,16.0,8.0,0.0,4.0,3.0,1.0,1.0,HINTAB_FSR
qmof-08e91e8,True,83.074,-1.1376000000000002,64.84,6.0,4.0,1.0,3.0,0.0,0.0,1.0,HUSGEI_FSR
qmof-ea9c8c9,True,203.19499999999996,1.6007999999999998,89.16,13.0,6.0,1.0,2.0,2.0,1.0,1.0,HIQKUP_FSR
qmof-5a4677e,True,142.10999999999999,-2.343499999999999,80.25999999999999,10.0,4.0,0.0,4.0,2.0,0.0,1.0,APEREU_FSR
qmof-bb1d955,True,340.3390000000001,-0.4165000000000003,115.9,25.0,8.0,0.0,8.0,6.0,3.0,3.0,XOZGIE_FSR
qmof-eadf796,False,,,,,,,,,,,XOZZUI_FSR
qmof-136d9fe,True,220.28,1.1301999999999999,61.42,16.0,6.0,0.0,6.0,7.0,2.0,2.0,EREHUG_FSR
qmof-b7f7543,True,201.17899999999995,1.5848,97.0,13.0,6.0,1.0,1.0,2.0,1.0,1.0,QUBJAZ_FSR
qmof-d7de157,True,60.09999999999999,-1.0962,52.04,4.0,2.0,2.0,2.0,1.0,0.0,0.0,RIGMEB_FSR
qmof-dab305c,True,78.094,0.88179,12.89,6.0,1.0,0.0,1.0,0.0,1.0,1.0,COCKAJ_FSR
qmof-a7e6a8e,True,132.071,-3.7628,100.49,9.0,5.0,1.0,5.0,3.0,0.0,0.0,CODFEH_FSR
qmof-86f0092,False,,,,,,,,,,,REXZOJ_FSR
qmof-b9862f3,True,165.10399999999996,-2.1914,93.15,12.0,5.0,0.0,5.0,2.0,1.0,1.0,QQQAEA01_FSR
qmof-d03bfbb,True,220.22000000000003,-1.4818999999999998,120.11999999999999,16.0,9.0,0.0,6.0,4.0,2.0,2.0,NEWDAW_FSR
qmof-c7baecd,True,171.08399999999997,-4.447399999999999,120.38999999999999,12.0,6.0,0.0,6.0,4.0,0.0,0.0,NEWPUB02_FSR
qmof-2fa6555,True,412.35400000000016,-4.273799999999994,186.29999999999995,30.0,10.0,0.0,10.0,7.0,2.0,3.0,EQERUP_FSR
qmof-b88d90e,True,430.1860000000002,-13.317200000000003,321.03999999999996,30.0,16.0,0.0,16.0,6.0,0.0,1.0,EQIMEX_FSR
qmof-fd9d828,True,134.14199999999997,0.36478999999999995,51.18,10.0,4.0,0.0,3.0,0.0,0.0,2.0,EQOCIW_FSR
qmof-7616fb2,True,167.99699999999999,-3.2766999999999995,137.13,10.0,8.0,0.0,5.0,0.0,0.0,0.0,HUZJUI01_FSR
qmof-844ba33,False,,,,,,,,,,,APIROH_FSR
qmof-fbdd307,True,130.099,-2.343499999999999,80.25999999999999,9.0,4.0,0.0,4.0,4.0,0.0,0.0,APORUS_FSR
qmof-e8e4dc5,True,130.099,-2.343499999999999,80.25999999999999,9.0,4.0,0.0,4.0,4.0,0.0,0.0,XOMHIR_FSR
qmof-49f7b74,False,,,,,,,,,,,QOTHUC_FSR
qmof-903f756,False,,,,,,,,,,,QOVBUA_FSR
qmof-1abf3bc,True,453.3160000000001,3.8672100000000027,90.27000000000001,29.0,7.0,1.0,4.0,4.0,2.0,3.0,FUXBUX_FSR
qmof-7710534,True,88.01799999999999,-3.5138000000000003,80.25999999999999,6.0,4.0,0.0,4.0,0.0,0.0,0.0,LAMSOJ_FSR
qmof-1c7a916,True,45.016999999999996,-1.6339000000000001,40.129999999999995,3.0,2.0,0.0,2.0,0.0,0.0,0.0,DACMOK_FSR
qmof-9c78145,True,45.016999999999996,-1.6339000000000001,40.129999999999995,3.0,2.0,0.0,2.0,0.0,0.0,0.0,DACMUQ_FSR
qmof-68af577,True,382.42000000000013,0.7537999999999998,115.9,28.0,8.0,0.0,8.0,9.0,3.0,3.0,QOHKII_FSR
qmof-2b508d4,True,58.085,0.66498,23.79,3.0,2.0,0.0,1.0,0.0,0.0,0.0,KIWQAI_FSR
qmof-0307198,True,194.203,-0.15402000000000016,85.21,13.0,8.0,0.0,7.0,1.0,2.0,2.0,KIWSAL_FSR
qmof-6815760,False,,,,,,,,,,,CLIMZC_FSR
qmof-4109c26,True,177.04399999999998,-5.6929,157.69,12.0,8.0,1.0,7.0,0.0,0.0,0.0,XORDAJ_FSR
qmof-56a38e5,True,544.9870000000002,-8.311209999999994,310.7099999999999,35.0,17.0,0.0,12.0,6.0,2.0,3.0,XUBLUC01_FSR
qmof-229e397,True,59.044,-1.2438,40.129999999999995,4.0,2.0,0.0,2.0,0.0,0.0,0.0,FAFVIR_FSR
qmof-6cf1bb5,True,218.235,-0.31799999999999984,82.38,13.0,7.0,0.0,4.0,0.0,1.0,2.0,FAFXUG_FSR
qmof-8470cd1,False,,,,,,,,,,,MONPIQ_FSR
qmof-24e658e,True,580.6440000000001,3.6208000000000027,131.82,44.0,8.0,0.0,8.0,6.0,5.0,8.0,IBIXEZ_FSR
qmof-c14a8e9,True,580.6440000000001,3.6208000000000027,131.82,44.0,8.0,0.0,8.0,6.0,5.0,8.0,IBIXID_FSR
qmof-d7908a1,True,326.21600000000007,-3.1923999999999992,160.51999999999998,24.0,8.0,0.0,8.0,5.0,2.0,2.0,XOHNEO_FSR
qmof-e14e58a,False,,,,,,,,,,,GAYGOE_FSR
qmof-ea9dec3,True,113.10400000000001,-0.9519,80.44,8.0,6.0,1.0,5.0,0.0,0.0,1.0,GAYHUL_FSR
qmof-d44d9b1,True,199.098,-4.7406,149.07,14.0,8.0,1.0,7.0,1.0,1.0,1.0,GAZSOR_FSR
qmof-fe36d0e,False,,,,,,,,,,,GEBCEX_FSR
qmof-7b78274,True,208.10499999999996,-3.8278999999999996,133.28,15.0,7.0,0.0,7.0,3.0,1.0,1.0,GEBRIQ_FSR
qmof-d7d1a09,True,164.11599999999996,-1.5864000000000003,80.25999999999999,12.0,4.0,0.0,4.0,2.0,1.0,1.0,GECXUH01_FSR
qmof-98ee946,False,,,,,,,,,,,GECYES_FSR
qmof-798dedc,True,526.2040000000002,4.713200000000005,228.14,32.0,16.0,2.0,4.0,8.0,2.0,2.0,XOJLEO_FSR
qmof-41255fd,True,253.12199999999999,-5.705199999999999,173.40999999999997,18.0,9.0,0.0,9.0,2.0,1.0,1.0,XOJXOK01_FSR
qmof-d533d86,True,253.12199999999999,-5.705199999999999,173.40999999999997,18.0,9.0,0.0,9.0,2.0,1.0,1.0,XOJXUQ_FSR
qmof-c49cdda,True,253.12199999999999,-5.705199999999999,173.40999999999997,18.0,9.0,0.0,9.0,2.0,1.0,1.0,XOJYIF_FSR
qmof-6fd4328,False,,,,,,,,,,,HIHJAK_FSR
qmof-2cdefaf,True,148.13899999999998,-2.7805999999999997,80.25999999999999,9.0,5.0,0.0,5.0,4.0,0.0,0.0,XOCXIX_FSR
qmof-c8b355e,True,165.10399999999996,-2.1914,93.15,12.0,5.0,0.0,5.0,2.0,1.0,1.0,AQOJUL01_FSR
qmof-de1f55e,False,,,,,,,,,,,MONPOW_FSR
qmof-175655f,True,292.16400000000004,2.535240000000001,114.4,18.0,8.0,2.0,2.0,4.0,1.0,1.0,MOPNAI_FSR
qmof-771b75b,False,,,,,,,,,,,GEDLAE_FSR
qmof-4a59b22,False,,,,,,,,,,,CIXDOF_FSR
qmof-788d319,True,185.58599999999998,0.46869999999999956,49.36,12.0,4.0,0.0,3.0,3.0,1.0,1.0,CIXROR_FSR
qmof-23ef146,True,185.58599999999998,0.46869999999999956,49.36,12.0,4.0,0.0,3.0,3.0,1.0,1.0,CIXRUX_FSR
qmof-e093ead,True,185.58599999999998,0.46869999999999956,49.36,12.0,4.0,0.0,3.0,3.0,1.0,1.0,CIXSAE_FSR
qmof-e2b01e4,True,245.19399999999993,-1.69728,110.97,18.0,7.0,0.0,7.0,3.0,2.0,2.0,MOPNOW_FSR
qmof-01a27aa,True,220.03099999999998,1.1220999999999997,49.36,13.0,5.0,0.0,3.0,3.0,1.0,1.0,MOSHAF_FSR
qmof-27c07bc,False,,,,,,,,,,,NEWZUM_FSR
qmof-4ebaa8e,False,,,,,,,,,,,FAJBUO_FSR
qmof-e486b84,False,,,,,,,,,,,FAJCAV_FSR
qmof-8b9694c,True,362.3850000000001,1.0654999999999997,106.03999999999999,27.0,6.0,0.0,6.0,6.0,3.0,3.0,ICEMAF_FSR
qmof-5c00a1d,True,186.127,1.367,59.089999999999996,12.0,5.0,0.0,3.0,3.0,1.0,1.0,ICIZOJ_FSR
qmof-68a8f48,True,308.18600000000004,2.6430000000000007,119.4,18.0,12.0,0.0,0.0,2.0,1.0,1.0,AQOWUZ_FSR
qmof-16a358a,False,,,,,,,,,,,RIPGUT_FSR
qmof-d73a94e,True,84.058,-0.8494200000000001,80.98,6.0,4.0,1.0,2.0,0.0,0.0,0.0,FUWROE_FSR
qmof-9f3570c,True,58.085,0.66498,23.79,3.0,2.0,0.0,1.0,0.0,0.0,0.0,COBTOF_FSR
qmof-730d513,True,231.16699999999997,-2.005699999999999,110.97,17.0,7.0,0.0,7.0,3.0,2.0,2.0,LASMOJ_FSR
qmof-d5accd9,True,164.11599999999996,-1.5864000000000003,80.25999999999999,12.0,4.0,0.0,4.0,2.0,1.0,1.0,QOCRUW_FSR
qmof-41c61b0,True,164.11599999999996,-1.5864000000000003,80.25999999999999,12.0,4.0,0.0,4.0,2.0,1.0,1.0,QOGJIF_FSR
qmof-0a7a6ac,True,283.157,2.644300000000001,116.98000000000002,17.0,9.0,0.0,3.0,5.0,0.0,1.0,RIVREU_FSR
qmof-d52b137,True,165.10399999999996,-2.1914,93.15,12.0,5.0,0.0,5.0,2.0,1.0,1.0,RIVTAS_FSR
qmof-2517368,True,279.27899999999994,1.0012199999999998,83.73,21.0,6.0,0.0,6.0,3.0,3.0,3.0,GEDLEI_FSR
qmof-d73dedf,True,202.19299999999996,-0.06078000000000028,70.84,15.0,5.0,0.0,5.0,2.0,2.0,2.0,GEDLOS_FSR
qmof-c6f9b69,False,,,,,,,,,,,GEFDIE_FSR
qmof-c1bf88b,False,,,,,,,,,,,KIMZIS_FSR
qmof-c5e27ca,False,,,,,,,,,,,QOHGIE_FSR
qmof-f1b8dbe,True,398.4560000000001,6.203400000000005,25.78,30.0,4.0,0.0,2.0,4.0,4.0,5.0,QOBNOM_FSR
qmof-36aebf6,True,231.16699999999997,-2.005699999999999,110.97,17.0,7.0,0.0,7.0,3.0,2.0,2.0,LASMUP_FSR
qmof-4233c23,True,69.047,-0.08510000000000004,51.18,5.0,4.0,0.0,3.0,0.0,0.0,1.0,LAQJUI_FSR
qmof-a335887,True,256.21299999999997,0.20589999999999975,89.49000000000001,19.0,5.0,0.0,5.0,4.0,2.0,2.0,LARFAO_FSR
qmof-a37c7c3,True,340.24300000000005,-3.2685999999999975,160.51999999999998,25.0,8.0,0.0,8.0,6.0,2.0,2.0,KIVJIJ_FSR
qmof-88aef81,True,202.19299999999996,-0.06078000000000028,70.84,15.0,5.0,0.0,5.0,2.0,2.0,2.0,GEDKUX_FSR
qmof-b7c4e4f,True,79.979,0.23709999999999992,56.87,4.0,4.0,0.0,1.0,0.0,0.0,0.0,XIZJAS_FSR
qmof-7d8c9d8,True,159.061,-0.2822000000000002,82.98,10.0,6.0,1.0,3.0,1.0,1.0,1.0,MOHJOJ_FSR
qmof-efa5caa,True,123.09099999999998,-1.1599000000000004,65.91,9.0,4.0,0.0,4.0,1.0,1.0,1.0,MOHMUT_FSR
qmof-ad015e6,True,189.09899999999996,-5.252599999999999,140.61999999999998,13.0,7.0,1.0,7.0,5.0,0.0,0.0,ENUCUM_FSR
qmof-57f07d6,True,398.42600000000004,5.252200000000005,0.0,28.0,2.0,0.0,0.0,7.0,4.0,4.0,RODPAC_FSR
qmof-dd74e9c,True,116.07199999999999,-2.733599999999999,80.25999999999999,8.0,4.0,0.0,4.0,3.0,0.0,0.0,FUMQAF_FSR
qmof-c0af75c,True,192.28700000000003,2.1757,16.130000000000003,13.0,3.0,0.0,2.0,1.0,1.0,2.0,FUQDUS_FSR
qmof-aabccf4,True,220.22399999999996,-0.3527199999999999,80.25999999999999,16.0,4.0,0.0,4.0,2.0,1.0,1.0,KINDOC_FSR
qmof-73863ec,True,220.03099999999998,1.1220999999999997,49.36,13.0,5.0,0.0,3.0,3.0,1.0,1.0,CITTOR_FSR
qmof-2bda94a,True,253.12199999999999,-5.705199999999999,173.40999999999997,18.0,9.0,0.0,9.0,2.0,1.0,1.0,XOJYUR_FSR
qmof-1d3530d,True,110.09199999999997,-0.32050000000000023,45.059999999999995,8.0,3.0,0.0,3.0,0.0,1.0,1.0,XISBIN_FSR
qmof-cb28ce2,True,250.14399999999998,-3.7710999999999997,182.88,16.0,11.0,1.0,7.0,2.0,1.0,1.0,IDATOY01_FSR
qmof-26d7235,False,,,,,,,,,,,ICAZIX_FSR
qmof-864bdcb,True,170.575,0.027399999999999425,53.019999999999996,11.0,4.0,0.0,3.0,2.0,1.0,1.0,EPOJAV_FSR
qmof-df880b8,False,,,,,,,,,,,EPOQOR_FSR
qmof-da71b94,True,231.16699999999997,-2.005699999999999,110.97,17.0,7.0,0.0,7.0,3.0,2.0,2.0,LASMID_FSR
qmof-63f263f,True,238.294,2.6748400000000006,35.64,18.0,4.0,0.0,4.0,2.0,3.0,3.0,QITLEM_FSR
qmof-66e741b,True,79.979,0.23709999999999992,56.87,4.0,4.0,0.0,1.0,0.0,0.0,0.0,KIHVOP_FSR
qmof-13f1903,True,362.3850000000001,1.0654999999999997,106.03999999999999,27.0,6.0,0.0,6.0,6.0,3.0,3.0,KIJZIN_FSR
qmof-e7e8cdd,True,294.26700000000005,-2.717399999999997,125.13,21.0,9.0,0.0,9.0,6.0,2.0,2.0,ROCZAL_FSR
qmof-f96785a,True,370.3650000000001,-0.7899999999999978,125.13,27.0,9.0,0.0,9.0,8.0,3.0,3.0,ROCZEP_FSR
qmof-c566277,True,189.09899999999996,-5.252599999999999,140.61999999999998,13.0,7.0,1.0,7.0,5.0,0.0,0.0,ENUDEX_FSR
qmof-7c2f557,True,165.10399999999996,-2.1914,93.15,12.0,5.0,0.0,5.0,2.0,1.0,1.0,ENULUV_FSR
qmof-b3dcc3e,True,298.298,-0.6957999999999991,106.03999999999999,22.0,6.0,0.0,6.0,5.0,2.0,2.0,IDABAT05_FSR
qmof-4788445,True,209.13299999999995,-3.2203,120.38999999999999,15.0,6.0,0.0,6.0,2.0,1.0,1.0,IDANUY_FSR
qmof-7101119,True,212.29599999999996,3.0524400000000016,47.58,16.0,2.0,0.0,2.0,2.0,1.0,1.0,XIHDEY_FSR
qmof-96a0495,True,190.25,1.56,35.64,14.0,4.0,0.0,4.0,5.0,2.0,2.0,NIRCEX_FSR
qmof-371ef81,True,112.03999999999998,-3.5104,80.25999999999999,8.0,4.0,0.0,4.0,0.0,0.0,0.0,NILSUZ_FSR
qmof-34419d7,True,336.12000000000006,-8.1324,240.77999999999997,24.0,12.0,0.0,12.0,6.0,1.0,1.0,EPUREO_FSR
qmof-6b43508,True,231.16700000000003,-1.3507099999999994,115.03999999999999,17.0,7.0,1.0,6.0,3.0,1.0,2.0,NIBRUN_FSR
qmof-bb33e4d,True,193.15799999999996,-1.6289999999999996,93.15,14.0,5.0,0.0,5.0,3.0,1.0,1.0,NICCIN_FSR
qmof-537f6ec,True,245.18799999999996,1.283,134.29999999999998,16.0,8.0,2.0,2.0,3.0,1.0,1.0,AROTOQ_FSR
qmof-10a8bec,True,243.08699999999993,-0.5723000000000005,134.29999999999998,16.0,8.0,1.0,4.0,3.0,1.0,1.0,CISJEU_FSR
qmof-271822f,True,158.142,-1.7765999999999997,82.19,10.0,7.0,0.0,5.0,2.0,0.0,1.0,FALMUC_FSR
qmof-0bb2748,True,233.20299999999997,-2.0679099999999986,86.74,17.0,6.0,0.0,6.0,4.0,1.0,2.0,FAMDAA_FSR
qmof-ed950f0,True,175.165,-3.4826999999999995,92.28999999999999,11.0,6.0,1.0,6.0,2.0,0.0,1.0,FAMHEI_FSR
qmof-521b995,True,269.18499999999995,-3.689899999999999,138.85,19.0,8.0,0.0,8.0,6.0,1.0,1.0,MOFDUI_FSR
qmof-f6ae064,True,269.18499999999995,-3.689899999999999,138.85,19.0,8.0,0.0,8.0,6.0,1.0,1.0,MOFFEU_FSR
qmof-879ddfb,True,269.18499999999995,-3.689899999999999,138.85,19.0,8.0,0.0,8.0,6.0,1.0,1.0,MOFFIY_FSR
qmof-59c79f4,True,242.099,-6.3770999999999995,189.2,17.0,10.0,1.0,9.0,2.0,1.0,1.0,ENEDOR01_FSR
qmof-a80386d,True,242.099,-6.3770999999999995,189.2,17.0,10.0,1.0,9.0,2.0,1.0,1.0,ENEDUX_FSR
qmof-8a11989,True,242.099,-6.3770999999999995,189.2,17.0,10.0,1.0,9.0,2.0,1.0,1.0,ENEFEJ_FSR
qmof-39f26c0,True,242.099,-6.3770999999999995,189.2,17.0,10.0,1.0,9.0,2.0,1.0,1.0,ENEFIN_FSR
qmof-516e1ae,True,250.20600000000005,-1.0612,170.29000000000002,18.0,12.0,0.0,7.0,6.0,0.0,2.0,ENEZON_FSR
qmof-c0cbada,True,213.12599999999995,-0.6636999999999998,131.41,13.0,8.0,0.0,2.0,6.0,0.0,0.0,GELCUY_FSR
qmof-a62568c,True,189.12599999999995,-1.71472,104.05000000000001,14.0,5.0,0.0,5.0,2.0,1.0,1.0,DALVAQ_FSR
qmof-77ebf11,True,190.244,-1.0059000000000002,69.22999999999999,12.0,5.0,1.0,4.0,5.0,0.0,0.0,DAPJUB_FSR
qmof-53e7297,True,134.18,-1.5733999999999986,66.14999999999999,8.0,4.0,1.0,4.0,3.0,0.0,0.0,DAPKEM_FSR
qmof-e6b8f12,True,204.14099999999996,-1.7101000000000002,108.94,15.0,6.0,1.0,5.0,2.0,2.0,2.0,LAVFOF_FSR
qmof-e4993a6,True,140.093,-0.41580000000000006,53.019999999999996,10.0,4.0,0.0,3.0,1.0,1.0,1.0,NIMVOW_FSR
qmof-31ee9e5,True,140.093,-0.41580000000000006,53.019999999999996,10.0,4.0,0.0,3.0,1.0,1.0,1.0,NIMVUC_FSR
qmof-90e2627,True,140.093,-0.41580000000000006,53.019999999999996,10.0,4.0,0.0,3.0,1.0,1.0,1.0,NIMWAJ_FSR
qmof-412f4b0,True,156.548,0.09849999999999992,53.019999999999996,10.0,4.0,0.0,3.0,1.0,1.0,1.0,NIMWIR_FSR
qmof-2adaa41,True,156.548,0.09849999999999992,53.019999999999996,10.0,4.0,0.0,3.0,1.0,1.0,1.0,NIMWOX_FSR
qmof-ccf9031,True,120.24199999999999,1.814,0.0,6.0,2.0,0.0,2.0,0.0,0.0,1.0,XEVBOQ_FSR
qmof-d2bab30,False,,,,,,,,,,,XEVMIU_FSR
qmof-59f3590,False,,,,,,,,,,,XEVMOA_FSR
qmof-8781484,False,,,,,,,,,,,XEVMUG_FSR
qmof-23ab2a1,True,387.3640000000001,1.9023400000000001,130.03,28.0,8.0,1.0,7.0,4.0,2.0,2.0,NINFUN_FSR
qmof-319da91,False,,,,,,,,,,,QIJYEP_FSR
qmof-8aba1fc,True,130.099,-2.343499999999999,80.25999999999999,9.0,4.0,0.0,4.0,4.0,0.0,0.0,CIQMEW_FSR
qmof-0c8a25d,True,130.099,-2.343499999999999,80.25999999999999,9.0,4.0,0.0,4.0,4.0,0.0,0.0,CIQMIA_FSR
qmof-e560b2b,True,130.099,-2.343499999999999,80.25999999999999,9.0,4.0,0.0,4.0,4.0,0.0,0.0,CIQQOK_FSR
qmof-d3e26d5,True,130.099,-2.343499999999999,80.25999999999999,9.0,4.0,0.0,4.0,4.0,0.0,0.0,CIQRAX_FSR
qmof-41fd55c,True,423.13800000000003,2.8259,77.42999999999999,28.0,14.0,1.0,3.0,2.0,2.0,2.0,LAWLAW_FSR
qmof-08ea2da,True,242.18999999999997,-1.1294000000000002,106.03999999999999,18.0,6.0,0.0,6.0,3.0,2.0,2.0,LAWMED_FSR
qmof-525deda,True,458.5180000000003,1.06444,115.9,34.0,8.0,0.0,8.0,8.0,4.0,4.0,QINGOM_FSR
qmof-a14235b,True,285.16799999999995,0.7808999999999999,123.30000000000001,19.0,8.0,0.0,5.0,5.0,1.0,1.0,RUCRUE_FSR
qmof-c11cf90,True,271.14099999999996,0.3907999999999996,123.30000000000001,18.0,8.0,0.0,5.0,4.0,1.0,1.0,RUCSAL_FSR
qmof-7e570fb,False,,,,,,,,,,,RUDGIH_FSR
qmof-405b604,True,131.06699999999998,-3.0688000000000004,112.32,9.0,6.0,2.0,4.0,0.0,0.0,0.0,ROMTET_FSR
qmof-6ab88e0,True,432.4400000000003,-0.919609999999998,140.67,32.0,10.0,0.0,9.0,8.0,3.0,4.0,ROMWEX_FSR
qmof-6f39277,False,,,,,,,,,,,RORDEJ_FSR
qmof-8eff006,False,,,,,,,,,,,GELJEN_FSR
qmof-b78043f,True,84.062,-0.7987000000000002,77.19999999999999,6.0,5.0,1.0,4.0,0.0,0.0,1.0,ROSGAJ_FSR
qmof-3b6a809,True,202.173,-0.37420000000000053,91.31,15.0,6.0,0.0,5.0,3.0,1.0,2.0,ROSKIV_FSR
qmof-5ee3f65,False,,,,,,,,,,,ROJQEM01_FSR
qmof-21e64da,False,,,,,,,,,,,ROJRAK_FSR
qmof-9d4eb95,True,156.54799999999997,0.09849999999999992,53.019999999999996,10.0,4.0,0.0,3.0,1.0,1.0,1.0,ROLQEP_FSR
qmof-04e9906,False,,,,,,,,,,,LATYEM_FSR
qmof-99a6abd,True,250.14399999999998,-3.7710999999999997,182.88,16.0,11.0,1.0,7.0,2.0,1.0,1.0,LAZVIT_FSR
qmof-e9a4825,True,244.206,-1.1098,106.04,18.0,6.0,0.0,6.0,2.0,2.0,2.0,DARYEB_FSR
qmof-f324f38,True,180.18799999999996,0.11007999999999957,76.81,12.0,5.0,0.0,4.0,1.0,1.0,1.0,QIFMIB_FSR
qmof-05d6b33,True,364.42700000000013,0.8865999999999996,106.19999999999999,25.0,9.0,0.0,6.0,4.0,2.0,3.0,ROZWEJ_FSR
qmof-95fee54,True,201.20499999999998,0.29489999999999994,57.949999999999996,15.0,4.0,0.0,4.0,3.0,2.0,2.0,RUBDOI_FSR
qmof-6da99f5,False,,,,,,,,,,,FUFNAW_FSR
qmof-adecf31,False,,,,,,,,,,,FUFNEA_FSR
qmof-470d254,False,,,,,,,,,,,FUFNIE_FSR
qmof-66283ef,True,190.25,1.56,35.64,14.0,4.0,0.0,4.0,5.0,2.0,2.0,NIRDEY_FSR
qmof-84de781,False,,,,,,,,,,,NIWTOD01_FSR
qmof-3b51d4f,True,402.4100000000002,1.0884399999999999,115.9,30.0,8.0,0.0,8.0,4.0,4.0,4.0,NIYPIW_FSR
qmof-c45b2d5,True,303.18699999999995,0.6371999999999998,108.9,20.0,10.0,0.0,8.0,2.0,1.0,3.0,NIZFEJ_FSR
qmof-f4ccf24,True,164.11599999999996,-1.5864000000000003,80.25999999999999,12.0,4.0,0.0,4.0,2.0,1.0,1.0,ATEMAP_FSR
qmof-3f72143,True,164.11599999999996,-1.5864000000000003,80.25999999999999,12.0,4.0,0.0,4.0,2.0,1.0,1.0,ATEMET_FSR
qmof-209bf3c,True,253.12199999999999,-5.705199999999999,173.40999999999997,18.0,9.0,0.0,9.0,2.0,1.0,1.0,XEMLEI_FSR
qmof-2e17133,True,298.355,1.6311799999999994,85.21,21.0,8.0,0.0,7.0,4.0,3.0,3.0,XICDEU_FSR
qmof-8b6c81e,True,430.4640000000001,0.44760000000000044,115.89999999999999,32.0,8.0,0.0,8.0,8.0,4.0,4.0,AVAWAW_FSR
qmof-f4c64c4,False,,,,,,,,,,,HEXMII_FSR
qmof-173a8d7,True,242.282,1.476,66.91,18.0,5.0,2.0,3.0,4.0,2.0,2.0,HEYDEV_FSR
qmof-b03edbf,True,242.282,1.476,66.91,18.0,5.0,2.0,3.0,4.0,2.0,2.0,HEYDUL_FSR
qmof-56e8657,True,162.146,0.3769999999999999,80.2,10.0,6.0,0.0,2.0,0.0,0.0,1.0,CIQCUD_FSR
qmof-bb81f22,False,,,,,,,,,,,CIQDAK_FSR
qmof-e92984e,True,215.25400000000002,1.0123,84.62,14.0,6.0,1.0,2.0,5.0,1.0,1.0,RUPYIL_FSR
qmof-b84e7ef,True,671.9260000000002,1.1953800000000003,139.66,30.0,14.0,0.0,8.0,7.0,1.0,3.0,MOGTUZ_FSR
qmof-516c93f,True,180.14499999999998,-1.5209,141.53,11.0,9.0,2.0,5.0,0.0,1.0,1.0,MOGVIO_FSR
qmof-0b3a3c5,True,159.061,-0.2822000000000002,82.98,10.0,6.0,1.0,3.0,1.0,1.0,1.0,MOHJID_FSR
qmof-99b5526,True,45.016999999999996,-1.6339000000000001,40.129999999999995,3.0,2.0,0.0,2.0,0.0,0.0,0.0,MNFORD01_FSR
qmof-cd92f99,True,73.071,-0.8537000000000001,40.129999999999995,5.0,2.0,0.0,2.0,1.0,0.0,0.0,MNPROP_FSR
qmof-20b40dd,True,268.224,1.4977999999999998,159.86,16.0,10.0,2.0,2.0,2.0,1.0,1.0,IDEDAY_FSR
qmof-635b883,True,26.018,0.09637,23.79,2.0,1.0,0.0,1.0,0.0,0.0,0.0,IDEHOQ_FSR
qmof-a7ffaa5,True,165.10399999999996,-2.1914,93.15,12.0,5.0,0.0,5.0,2.0,1.0,1.0,XENKUX_FSR
qmof-dee7542,False,,,,,,,,,,,LAZNOQ_FSR
qmof-90245ee,True,208.10499999999996,-3.8278999999999996,133.28,15.0,7.0,0.0,7.0,3.0,1.0,1.0,CINNUJ_FSR
qmof-21f4e09,False,,,,,,,,,,,CINWAY_FSR
qmof-94017ac,True,67.091,1.08608,23.79,5.0,1.0,0.0,1.0,1.0,0.0,0.0,NODVUX_FSR
qmof-632304d,True,114.15299999999999,-0.23560000000000014,29.700000000000003,7.0,4.0,0.0,2.0,0.0,0.0,1.0,EMIYIJ01_FSR
qmof-4a86080,True,114.15299999999999,-0.23560000000000014,29.700000000000003,7.0,4.0,0.0,2.0,0.0,0.0,1.0,EMIYUV_FSR
qmof-d85ca31,True,114.15299999999999,-0.23560000000000014,29.700000000000003,7.0,4.0,0.0,2.0,0.0,0.0,1.0,EMIZAC_FSR
qmof-fcaa8ec,True,114.15299999999999,-0.23560000000000014,29.700000000000003,7.0,4.0,0.0,2.0,0.0,0.0,1.0,EMIZEG_FSR
qmof-a837eb6,True,114.15299999999999,-0.23560000000000014,29.700000000000003,7.0,4.0,0.0,2.0,0.0,0.0,1.0,EMIZIK_FSR
qmof-2c242e5,False,,,,,,,,,,,EMOTEG_FSR
qmof-bce674b,False,,,,,,,,,,,EMOTIK_FSR
qmof-66e07d3,True,165.10399999999996,-2.1914,93.15,12.0,5.0,0.0,5.0,2.0,1.0,1.0,EMUDAT_FSR
qmof-34391f3,True,247.22999999999996,-1.677809999999998,86.74000000000001,18.0,6.0,0.0,6.0,4.0,1.0,2.0,NOJGUP_FSR
qmof-d0a2c75,False,,,,,,,,,,,XEKYUI01_FSR
qmof-0a8f2d8,True,169.09599999999998,-4.161009999999999,109.96000000000001,12.0,7.0,0.0,6.0,3.0,0.0,1.0,XELYUL_FSR
qmof-c650078,True,182.10599999999997,-1.4473,80.25999999999999,13.0,5.0,0.0,4.0,2.0,1.0,1.0,XEYQAU_FSR
qmof-050c8bc,True,273.246,-2.046899999999998,136.49,18.0,9.0,2.0,6.0,6.0,1.0,1.0,ATETIE_FSR
qmof-6c3a161,True,188.16599999999997,-0.3692000000000002,70.84,14.0,5.0,0.0,5.0,2.0,2.0,2.0,RUVJID_FSR
qmof-cd26d9d,False,,,,,,,,,,,QIBKIW_FSR
qmof-5a63e9d,True,298.2180000000001,-2.425,141.68,22.0,10.0,0.0,10.0,4.0,3.0,3.0,QETSOA_FSR
qmof-7979b73,False,,,,,,,,,,,XEDPON_FSR
qmof-f727745,True,342.3150000000001,-1.7081799999999976,141.68,25.0,10.0,0.0,10.0,5.0,3.0,3.0,XEDXUC_FSR
qmof-11b15c6,True,252.13399999999993,-4.856799999999999,160.51999999999998,18.0,8.0,0.0,8.0,3.0,1.0,1.0,AVOKUS_FSR
qmof-48ecb3b,True,252.13399999999993,-4.856799999999999,160.51999999999998,18.0,8.0,0.0,8.0,3.0,1.0,1.0,AVOLAZ_FSR
qmof-79e46ad,True,252.13399999999993,-4.856799999999999,160.51999999999998,18.0,8.0,0.0,8.0,3.0,1.0,1.0,AVOLED_FSR
qmof-d1f791b,False,,,,,,,,,,,AVUFED01_FSR
qmof-8be85a4,False,,,,,,,,,,,IFIVIF01_FSR
qmof-34577d3,False,,,,,,,,,,,QEWMAJ_FSR
qmof-df62e59,False,,,,,,,,,,,QEXHAF_FSR
qmof-8205680,True,154.081,-2.8633000000000006,108.94,11.0,6.0,1.0,5.0,2.0,1.0,1.0,QEXPAL_FSR
qmof-99be33b,False,,,,,,,,,,,LAXWAL_FSR
qmof-681ecb3,True,208.10499999999996,-3.8278999999999996,133.28,15.0,7.0,0.0,7.0,3.0,1.0,1.0,CINMIW_FSR
qmof-dcd237a,True,208.10499999999996,-3.8278999999999996,133.28,15.0,7.0,0.0,7.0,3.0,1.0,1.0,CINNOD_FSR
qmof-f271b0a,True,242.282,1.4760000000000002,66.91,18.0,5.0,2.0,3.0,4.0,2.0,2.0,GEQTIH_FSR
qmof-d0fbccd,True,205.34799999999996,1.3149,20.310000000000002,12.0,4.0,0.0,3.0,3.0,0.0,1.0,KEVRAF_FSR
qmof-0340fcc,True,205.17700000000002,-0.24990000000000023,104.2,15.0,7.0,0.0,6.0,1.0,1.0,2.0,CILKIT_FSR
qmof-12eec1c,True,205.17700000000002,-0.24990000000000046,104.2,15.0,7.0,0.0,6.0,1.0,1.0,2.0,CILKOZ_FSR
qmof-c18c33c,False,,,,,,,,,,,CILQAS_FSR
qmof-cc4a249,True,445.41100000000006,-1.307099999999997,156.02999999999997,33.0,10.0,0.0,10.0,7.0,4.0,4.0,RUWTUZ_FSR
qmof-d5e2472,True,298.21500000000003,-7.232909999999999,193.23,21.0,12.0,4.0,12.0,7.0,0.0,1.0,KIDLEP_FSR
qmof-f232c79,True,250.14399999999998,-3.7710999999999997,182.88,16.0,11.0,1.0,7.0,2.0,1.0,1.0,LAZVOZ_FSR
qmof-39bab0e,True,250.14399999999998,-3.7710999999999997,182.88,16.0,11.0,1.0,7.0,2.0,1.0,1.0,LAZVUF_FSR
qmof-f4a1e4c,True,232.373,4.528500000000003,0.0,15.0,2.0,0.0,2.0,4.0,2.0,2.0,DATRIA_FSR
qmof-4fba533,True,220.03099999999998,1.1220999999999997,49.36,13.0,5.0,0.0,3.0,3.0,1.0,1.0,DAVJOB_FSR
qmof-d1ed4a4,True,430.46400000000017,0.44760000000000044,115.89999999999999,32.0,8.0,0.0,8.0,8.0,4.0,4.0,DAVXIJ_FSR
qmof-1cec922,True,193.14600000000002,-2.490809999999999,100.53999999999999,14.0,8.0,0.0,7.0,3.0,1.0,2.0,QEYXAU_FSR
qmof-c5c5d13,True,237.23499999999999,-1.8718999999999988,115.48,17.0,6.0,3.0,5.0,5.0,1.0,1.0,QEYZAY01_FSR
qmof-713cbf1,True,237.23499999999999,-1.8718999999999988,115.48,17.0,6.0,3.0,5.0,5.0,1.0,1.0,QEYZAY02_FSR
qmof-2f075c1,True,188.16599999999997,-0.3692000000000002,70.84,14.0,5.0,0.0,5.0,2.0,2.0,2.0,RUVBAN_FSR
qmof-3326c2a,True,169.13099999999997,-0.04560000000000064,49.36,12.0,4.0,0.0,3.0,3.0,1.0,1.0,QEBWEB_FSR
qmof-aac42c8,True,148.099,-2.4931999999999994,96.47999999999999,9.0,7.0,0.0,4.0,0.0,0.0,1.0,QECDAF_FSR
qmof-527e32e,True,336.12000000000006,-8.1324,240.77999999999997,24.0,12.0,0.0,12.0,6.0,1.0,1.0,LEHKAL_FSR
qmof-f0447b0,True,115.06399999999998,-1.6228999999999998,77.42999999999999,8.0,4.0,1.0,3.0,2.0,0.0,0.0,KHMALA03_FSR
qmof-ab4d6f5,True,89.026,-2.1791,77.42999999999999,6.0,4.0,1.0,3.0,0.0,0.0,0.0,KHOXAL03_FSR
qmof-ae76967,True,165.12399999999997,-0.25170000000000003,77.42999999999999,12.0,4.0,1.0,3.0,2.0,1.0,1.0,KHPHAL02_FSR
qmof-5c52173,True,202.07399999999998,-6.471399999999999,160.51999999999998,14.0,8.0,0.0,8.0,2.0,0.0,0.0,KIBDIJ_FSR
qmof-f210856,True,326.31200000000007,-0.6755999999999982,115.89999999999999,24.0,8.0,0.0,8.0,5.0,3.0,3.0,GEMKER01_FSR
qmof-8b6e0cd,True,149.069,1.3473,59.699999999999996,8.0,7.0,0.0,0.0,0.0,0.0,0.0,GENRUO_FSR
qmof-13463bb,False,,,,,,,,,,,NOCDOY_FSR
qmof-0c68249,True,164.11599999999996,-1.5864000000000003,80.25999999999999,12.0,4.0,0.0,4.0,2.0,1.0,1.0,NOCLOH01_FSR
qmof-3a62371,True,88.01799999999999,-3.5138000000000003,80.25999999999999,6.0,4.0,0.0,4.0,0.0,0.0,0.0,MIYGIL_FSR
qmof-ffc7372,False,,,,,,,,,,,MIYZIF_FSR
qmof-c7dcdee,True,66.043,-0.44704000000000005,61.68,5.0,3.0,0.0,2.0,0.0,0.0,0.0,MIZPAM_FSR
qmof-1667413,False,,,,,,,,,,,XEBTAZ_FSR
qmof-b8bcf6c,False,,,,,,,,,,,GEPXAB_FSR
qmof-99602aa,True,479.7000000000001,1.4636,80.25999999999999,16.0,8.0,0.0,4.0,2.0,1.0,1.0,CIJXAW_FSR
qmof-b505ebc,True,144.126,-1.9533999999999987,80.25999999999999,10.0,4.0,0.0,4.0,5.0,0.0,0.0,CIJZIG_FSR
qmof-740afef,True,123.09099999999998,-1.1599000000000004,65.91,9.0,4.0,0.0,4.0,1.0,1.0,1.0,KERWOW_FSR
qmof-0caf630,True,123.09099999999998,-1.1599000000000004,65.91,9.0,4.0,0.0,4.0,1.0,1.0,1.0,KERXAJ_FSR
qmof-448a49a,True,318.384,2.4210000000000003,53.46,24.0,6.0,0.0,6.0,6.0,4.0,4.0,FOXQOZ_FSR
qmof-4920099,True,252.32100000000003,2.4846200000000005,35.64,19.0,4.0,0.0,4.0,4.0,3.0,3.0,XAQWES_FSR
qmof-1773abb,True,245.18799999999996,1.283,134.29999999999998,16.0,8.0,2.0,2.0,3.0,1.0,1.0,AVUFED_FSR
qmof-7b7e338,False,,,,,,,,,,,XEHTEK_FSR
qmof-1ef53a0,True,291.17900000000003,-4.0216,197.58999999999997,21.0,11.0,1.0,10.0,3.0,1.0,2.0,XEHTUB_FSR
qmof-221bac5,True,269.219,-0.8664999999999998,100.73000000000002,16.0,10.0,0.0,6.0,0.0,0.0,4.0,AVEMOE_FSR
qmof-630c138,False,,,,,,,,,,,AVIPEB_FSR
qmof-810a1c3,True,205.17700000000002,-0.24990000000000046,104.2,15.0,7.0,0.0,6.0,1.0,1.0,2.0,FAQVEA_FSR
qmof-c888728,True,250.11799999999994,-4.859400000000001,160.51999999999998,18.0,8.0,0.0,8.0,4.0,1.0,1.0,NONYOF_FSR
qmof-cc05cf2,True,122.10299999999997,-0.5549000000000004,53.019999999999996,9.0,3.0,0.0,3.0,1.0,1.0,1.0,EMEDUV01_FSR
qmof-2eba693,True,122.10299999999997,-0.5549000000000004,53.019999999999996,9.0,3.0,0.0,3.0,1.0,1.0,1.0,EMEDUV_FSR
qmof-dcc86e5,True,164.11599999999996,-1.5864000000000003,80.25999999999999,12.0,4.0,0.0,4.0,2.0,1.0,1.0,DAXNOG03_FSR
qmof-13cd67d,True,380.35600000000017,-0.3428000000000002,146.5,28.0,8.0,2.0,8.0,5.0,3.0,3.0,QATHEA_FSR
qmof-9ab9d41,True,150.15699999999998,-0.23590000000000044,53.019999999999996,11.0,3.0,0.0,3.0,3.0,1.0,1.0,QATROU_FSR
qmof-c06322b,True,430.4640000000001,0.44760000000000044,115.89999999999999,32.0,8.0,0.0,8.0,8.0,4.0,4.0,QATSUC_FSR
qmof-6bd4e14,True,165.10399999999996,-2.1914,93.15,12.0,5.0,0.0,5.0,2.0,1.0,1.0,GESFOA_FSR
qmof-fb7aab9,False,,,,,,,,,,,GETRED01_FSR
qmof-6011a1c,True,188.146,-0.30310000000000015,91.31,14.0,6.0,0.0,5.0,2.0,1.0,2.0,GETWEJ_FSR
qmof-ba6a246,False,,,,,,,,,,,SAKLUM_FSR
qmof-70cecaa,True,108.08,-0.90665,90.66999999999999,8.0,4.0,1.0,3.0,1.0,0.0,0.0,SALLAT_FSR
qmof-4a7d9c5,True,122.91899999999998,-0.7372000000000001,59.699999999999996,4.0,4.0,0.0,0.0,0.0,0.0,0.0,EMEYEB_FSR
qmof-5169fc5,True,250.11799999999994,-4.859400000000001,160.51999999999998,18.0,8.0,0.0,8.0,4.0,1.0,1.0,NOHGEX_FSR
qmof-d0d269c,True,402.4100000000001,0.5897999999999992,115.89999999999999,30.0,8.0,0.0,8.0,6.0,4.0,4.0,NOQHUY_FSR
qmof-9114e4f,True,525.5010000000002,-0.8018999999999967,173.84999999999997,39.0,12.0,0.0,12.0,9.0,5.0,5.0,NORHIN_FSR
qmof-186fc57,True,164.11599999999996,-1.5864000000000003,80.25999999999999,12.0,4.0,0.0,4.0,2.0,1.0,1.0,HEWPAB_FSR
qmof-82f44d0,True,407.29400000000015,-1.5834999999999981,137.46,29.0,8.0,0.0,7.0,6.0,3.0,3.0,LEKMIA_FSR
qmof-8e32732,True,190.25,1.56,35.64,14.0,4.0,0.0,4.0,5.0,2.0,2.0,QEBGEM_FSR
qmof-5a415c6,True,240.21399999999997,0.08059999999999978,80.25999999999999,18.0,4.0,0.0,4.0,3.0,2.0,2.0,QAXKUW01_FSR
qmof-975d128,True,268.224,1.4977999999999998,159.86,16.0,10.0,2.0,2.0,2.0,1.0,1.0,AWEJAO_FSR
qmof-1548d62,True,109.12799999999999,0.5739,33.120000000000005,8.0,2.0,1.0,2.0,1.0,1.0,1.0,AWEMEU_FSR
qmof-aff572c,True,157.09499999999997,0.32830000000000004,40.129999999999995,11.0,4.0,0.0,2.0,1.0,1.0,1.0,AWOGOJ_FSR
qmof-c970470,False,,,,,,,,,,,AWOHOK_FSR
qmof-8cc38c9,True,101.13399999999999,0.12029999999999985,51.8,6.0,4.0,1.0,4.0,0.0,1.0,1.0,AWONIK_FSR
qmof-668a82c,False,,,,,,,,,,,WUXPIO_FSR
qmof-812adef,True,238.052,0.7084899999999998,126.42999999999999,14.0,9.0,3.0,3.0,2.0,0.0,1.0,FOSMEH_FSR
qmof-b9cda88,True,58.085,0.66498,23.79,3.0,2.0,0.0,1.0,0.0,0.0,0.0,QAVREM_FSR
qmof-d8acd47,False,,,,,,,,,,,KEPJAQ_FSR
qmof-bb13a23,True,165.10399999999996,-2.1914,93.15,12.0,5.0,0.0,5.0,2.0,1.0,1.0,NORQES_FSR
qmof-f2e148d,True,228.15999999999994,-4.842999999999998,120.88,16.0,8.0,0.0,6.0,4.0,0.0,1.0,NOLVAN_FSR
qmof-f6990bf,True,228.15999999999994,-4.842999999999998,120.88,16.0,8.0,0.0,6.0,4.0,0.0,1.0,NOMFUS_FSR
qmof-3ff5349,True,165.10399999999996,-2.1914,93.15,12.0,5.0,0.0,5.0,2.0,1.0,1.0,NUDLOP01_FSR
qmof-9b0abc5,True,384.3920000000001,-0.26119999999999943,125.13000000000002,28.0,9.0,0.0,9.0,9.0,3.0,3.0,XABJOC_FSR
qmof-2a2f8c7,True,174.25299999999996,-1.331799999999999,81.74,11.0,6.0,2.0,4.0,1.0,0.0,1.0,XACBUB_FSR
qmof-3865138,True,261.43399999999997,0.46870000000000245,96.0,18.0,5.0,4.0,4.0,11.0,0.0,0.0,CIGCEC_FSR
qmof-3adaa65,True,468.5130000000002,2.5067399999999997,115.9,35.0,8.0,0.0,8.0,6.0,5.0,5.0,DEFWOC_FSR
qmof-f9b8307,False,,,,,,,,,,,LEYPIQ_FSR
qmof-b4d8dac,True,217.22199999999995,1.5271999999999997,89.16000000000001,14.0,6.0,1.0,2.0,3.0,1.0,1.0,LEQYEN_FSR
qmof-7c6b60e,True,202.07399999999998,-6.471399999999999,160.51999999999998,14.0,8.0,0.0,8.0,2.0,0.0,0.0,SAWBAU_FSR
qmof-81c0af0,True,242.18999999999997,-1.1294000000000002,106.03999999999999,18.0,6.0,0.0,6.0,3.0,2.0,2.0,GEWKAW_FSR
qmof-badd34a,True,146.12499999999997,-0.07822000000000007,63.92,11.0,3.0,0.0,3.0,1.0,1.0,1.0,KEKHAL_FSR
qmof-a8bfcf3,False,,,,,,,,,,,KEKLEU_FSR
qmof-ece4651,True,220.322,3.2760000000000016,25.78,14.0,4.0,0.0,4.0,3.0,2.0,2.0,EMADAX_FSR
qmof-a959168,True,131.087,-3.924199999999999,92.28999999999999,9.0,5.0,1.0,5.0,4.0,0.0,0.0,EMANOV_FSR
qmof-8276221,True,253.12199999999999,-5.705199999999999,173.40999999999997,18.0,9.0,0.0,9.0,2.0,1.0,1.0,MIVNUB_FSR
qmof-5ba9b76,True,466.3460000000001,2.9804000000000013,123.84999999999998,30.0,10.0,0.0,6.0,6.0,3.0,3.0,HEMRUP_FSR
qmof-fe0860e,True,114.05599999999998,-2.9576000000000002,80.25999999999999,8.0,4.0,0.0,4.0,2.0,0.0,0.0,WUZYEW_FSR
qmof-08c7677,False,,,,,,,,,,,HESMOK_FSR
qmof-614141f,True,324.0369999999999,3.4548000000000023,86.41,17.0,10.0,0.0,3.0,4.0,0.0,1.0,HEVWUB_FSR
qmof-7166b5b,True,324.0369999999999,3.4548000000000023,86.41,17.0,10.0,0.0,3.0,4.0,0.0,1.0,HEVXAI_FSR
qmof-a55c82c,False,,,,,,,,,,,IGUDEV_FSR
qmof-d248652,True,111.07599999999996,-0.3569000000000001,53.269999999999996,8.0,3.0,0.0,3.0,1.0,1.0,1.0,SAZBAW_FSR
qmof-422136e,True,122.10299999999997,-0.5549000000000002,53.019999999999996,9.0,3.0,0.0,3.0,1.0,1.0,1.0,FONQOP01_FSR
qmof-90ad635,True,243.17199999999994,-1.3864,139.95999999999998,16.0,8.0,0.0,4.0,3.0,1.0,1.0,LETHAU_FSR
qmof-d7fd6b7,True,222.257,0.23477999999999988,85.21,15.0,8.0,0.0,7.0,3.0,2.0,2.0,QAMKAR_FSR
qmof-b46dc41,False,,,,,,,,,,,QAPCUH_FSR
qmof-173e029,True,45.016999999999996,-1.6339000000000001,40.129999999999995,3.0,2.0,0.0,2.0,0.0,0.0,0.0,DEFNOU_FSR
qmof-1d7e777,True,414.4180000000002,-0.4959999999999989,134.36,30.0,10.0,0.0,10.0,11.0,3.0,3.0,DEFVER_FSR
qmof-d7500c7,True,164.11599999999996,-1.5864000000000003,80.25999999999999,12.0,4.0,0.0,4.0,2.0,1.0,1.0,WUVFEA_FSR
qmof-c716cfc,True,717.9939999999998,3.639800000000001,115.89999999999999,34.0,12.0,0.0,8.0,6.0,4.0,4.0,WUVJII_FSR
qmof-859b831,True,115.06399999999998,-1.6228999999999998,77.42999999999999,8.0,4.0,1.0,3.0,2.0,0.0,0.0,AXEPIE_FSR
qmof-485839c,True,219.204,0.14019999999999977,104.2,16.0,7.0,0.0,6.0,2.0,1.0,2.0,AXITOR_FSR
qmof-30ffa5b,True,264.312,2.20486,87.46000000000001,20.0,5.0,0.0,4.0,4.0,2.0,2.0,WUJKOB_FSR
qmof-37f4f13,True,126.09499999999998,-1.9719999999999998,70.84,9.0,5.0,0.0,5.0,2.0,1.0,1.0,WUKFUF_FSR
qmof-f258d2d,True,165.10399999999996,-2.1914,93.15,12.0,5.0,0.0,5.0,2.0,1.0,1.0,IGUSAF_FSR
qmof-36d8b88,True,246.12699999999995,-6.720399999999998,180.74999999999997,17.0,9.0,1.0,9.0,5.0,0.0,0.0,MIWNAJ_FSR
qmof-9b7f599,True,246.12699999999995,-6.720399999999998,180.74999999999997,17.0,9.0,1.0,9.0,5.0,0.0,0.0,MIWNEN_FSR
qmof-32cddef,True,66.043,-0.44704000000000005,61.68,5.0,3.0,0.0,2.0,0.0,0.0,0.0,SEBTUP_FSR
qmof-357e9e5,True,402.18800000000005,1.2519999999999998,189.0,26.0,12.0,4.0,4.0,4.0,2.0,2.0,GICYUN01_FSR
qmof-5404d7b,True,220.22399999999996,-0.9483999999999997,80.25999999999999,16.0,4.0,0.0,4.0,6.0,1.0,1.0,LIBHUB_FSR
qmof-089b013,True,192.16999999999996,-1.7286,80.25999999999999,14.0,4.0,0.0,4.0,4.0,1.0,1.0,ELINET_FSR
qmof-7907034,True,220.031,1.1220999999999997,49.36,13.0,5.0,0.0,3.0,3.0,1.0,1.0,NUPWEC_FSR
qmof-54d770c,True,220.031,1.1220999999999997,49.36,13.0,5.0,0.0,3.0,3.0,1.0,1.0,NUPWIG_FSR
qmof-ac6e3d6,False,,,,,,,,,,,NUGJEF_FSR
qmof-0fcc169,False,,,,,,,,,,,WUBWAT_FSR
qmof-ac814d2,True,207.11699999999993,-3.2229,120.38999999999999,15.0,6.0,0.0,6.0,3.0,1.0,1.0,WUDXAV_FSR
qmof-2063f6c,True,172.18499999999997,1.4687999999999999,85.72,11.0,5.0,1.0,1.0,1.0,1.0,1.0,AXIVIM_FSR
qmof-746e866,False,,,,,,,,,,,AXUFAB_FSR
qmof-ef51e3b,True,45.016999999999996,-1.6339000000000001,40.129999999999995,3.0,2.0,0.0,2.0,0.0,0.0,0.0,IJOMOJ03_FSR
qmof-9e3175c,True,160.17999999999998,0.7213999999999999,43.6,12.0,4.0,0.0,4.0,2.0,2.0,2.0,IJOSIK_FSR
qmof-a2d0d1c,True,276.117,-3.0778999999999983,164.39999999999998,18.0,10.0,1.0,6.0,2.0,1.0,1.0,QADWIE_FSR
qmof-991aa32,True,276.117,-3.0778999999999983,164.39999999999998,18.0,10.0,1.0,6.0,2.0,1.0,1.0,QADWOK_FSR
qmof-a4ff7f7,True,127.079,-1.44331,75.27,9.0,5.0,2.0,3.0,0.0,0.0,1.0,SEDDOX_FSR
qmof-11627b4,True,646.3480000000003,-4.593399999999993,341.96,42.0,24.0,8.0,16.0,8.0,2.0,4.0,KEHWAY01_FSR
qmof-8140415,True,162.146,0.3769999999999999,80.2,10.0,6.0,0.0,2.0,0.0,0.0,1.0,GIFCOQ_FSR
qmof-1af804d,False,,,,,,,,,,,GIFGAG_FSR
qmof-d89832e,True,308.2420000000001,-3.539799999999998,160.51999999999998,22.0,8.0,0.0,8.0,7.0,1.0,1.0,CETKEU_FSR
qmof-b5258da,True,132.071,-3.7628,100.49,9.0,5.0,1.0,5.0,3.0,0.0,0.0,SEJSUW_FSR
qmof-7b6e436,True,208.10499999999996,-3.8278999999999996,133.28,15.0,7.0,0.0,7.0,3.0,1.0,1.0,GIFLIT_FSR
qmof-14c486f,False,,,,,,,,,,,GIGBAA_FSR
qmof-7a3ac3d,False,,,,,,,,,,,GIGBII_FSR
qmof-32c25b7,True,224.16799999999995,-2.055999999999999,98.72,16.0,6.0,0.0,6.0,6.0,1.0,1.0,FOHCAH_FSR
qmof-2de4c15,True,276.117,-3.0778999999999983,164.39999999999998,18.0,10.0,1.0,6.0,2.0,1.0,1.0,QADWUQ_FSR
qmof-ffb946a,True,276.117,-3.0778999999999983,164.39999999999998,18.0,10.0,1.0,6.0,2.0,1.0,1.0,QADXAX_FSR
qmof-4eb7b40,True,188.16599999999997,-0.3692000000000002,70.84,14.0,5.0,0.0,5.0,2.0,2.0,2.0,QAFFOV_FSR
qmof-cd7c886,True,284.229,-1.2769999999999997,144.78,19.0,10.0,0.0,7.0,2.0,2.0,2.0,QAFGEM_FSR
qmof-9dfbfd1,True,164.11599999999996,-1.5864000000000003,80.25999999999999,12.0,4.0,0.0,4.0,2.0,1.0,1.0,PUZTOV_FSR
qmof-c11d02f,True,194.14199999999997,-1.8211999999999997,89.49000000000001,14.0,5.0,0.0,5.0,4.0,1.0,1.0,FOHKUJ_FSR
qmof-fdb520d,True,723.7119999999999,0.38879000000000197,261.78999999999996,52.0,20.0,0.0,15.0,11.0,6.0,7.0,FOJBOX_FSR
qmof-9a71eae,True,259.521,2.4403000000000006,48.24,13.0,7.0,0.0,2.0,2.0,1.0,1.0,GIGVOI_FSR
qmof-12e7e3d,True,235.08200000000002,1.2896,48.24,11.0,5.0,0.0,2.0,2.0,1.0,1.0,GIHKEO_FSR
qmof-558431c,True,145.14499999999998,1.3334000000000001,51.18,11.0,4.0,0.0,3.0,1.0,1.0,2.0,SETCUQ01_FSR
qmof-72d2bdc,True,290.29,2.666800000000001,102.36,22.0,8.0,0.0,6.0,2.0,2.0,4.0,SETCUQ_FSR
qmof-6500a22,True,104.174,0.7498,9.23,6.0,2.0,0.0,2.0,0.0,0.0,1.0,SETNEL_FSR
qmof-1a5f532,True,88.106,0.03320000000000001,18.46,6.0,2.0,0.0,2.0,0.0,0.0,1.0,SEKBIV_FSR
qmof-2fd64af,False,,,,,,,,,,,SEQWET_FSR
qmof-c576985,True,308.2420000000001,-3.539799999999998,160.51999999999998,22.0,8.0,0.0,8.0,7.0,1.0,1.0,CETHER_FSR
qmof-ebe63e6,True,308.2420000000001,-3.539799999999998,160.51999999999998,22.0,8.0,0.0,8.0,7.0,1.0,1.0,CETHOB_FSR
qmof-5de710b,True,317.19,2.9387,35.64,19.0,5.0,0.0,4.0,4.0,3.0,3.0,NUGJIJ_FSR
qmof-7b48c52,False,,,,,,,,,,,NUJTOB_FSR
qmof-2e8aceb,False,,,,,,,,,,,HEHGOS_FSR
qmof-1ffb434,True,236.07599999999996,-1.0299999999999998,80.25999999999999,16.0,8.0,0.0,4.0,2.0,1.0,1.0,HEHLOY_FSR
qmof-ec57339,True,138.28199999999998,2.0721,0.0,6.0,3.0,0.0,3.0,0.0,0.0,1.0,HEHMOW_FSR
qmof-2ac5c65,True,308.2420000000001,-3.539799999999998,160.51999999999998,22.0,8.0,0.0,8.0,7.0,1.0,1.0,CETHUH_FSR
qmof-b584e82,True,308.2420000000001,-3.539799999999998,160.51999999999998,22.0,8.0,0.0,8.0,7.0,1.0,1.0,CETJAP_FSR
qmof-9b71bbe,True,396.44700000000023,0.8988599999999995,115.89999999999999,29.0,8.0,0.0,8.0,7.0,3.0,3.0,CEKZUP_FSR
qmof-dc83d41,True,243.17199999999994,-1.3864,139.95999999999998,16.0,8.0,0.0,4.0,3.0,1.0,1.0,CELLUC_FSR
qmof-c885683,True,207.14299999999997,-2.1346,142.75,13.0,9.0,1.0,5.0,1.0,1.0,1.0,GIKBAE_FSR
qmof-dc36a7d,True,165.10399999999996,-2.1914,93.15,12.0,5.0,0.0,5.0,2.0,1.0,1.0,KAYCAQ_FSR
qmof-863257c,True,172.17999999999998,-1.1731999999999994,80.25999999999999,12.0,4.0,0.0,4.0,7.0,0.0,0.0,CETFUD_FSR
qmof-08b5558,True,88.01799999999999,-3.5138000000000003,80.25999999999999,6.0,4.0,0.0,4.0,0.0,0.0,0.0,WOTNUQ_FSR
qmof-1fb08ec,True,26.018,0.09637,23.79,2.0,1.0,0.0,1.0,0.0,0.0,0.0,WOWLUP_FSR
qmof-8fe4b3e,True,125.10699999999999,-1.2979000000000007,68.81,9.0,4.0,1.0,3.0,2.0,1.0,1.0,WUPHEU_FSR
qmof-6b02bb3,True,134.16199999999998,0.6366700000000001,62.699999999999996,10.0,3.0,1.0,3.0,1.0,1.0,1.0,WOKROF_FSR
qmof-c4f7333,True,479.7000000000001,1.4636,80.25999999999999,16.0,8.0,0.0,4.0,2.0,1.0,1.0,WONXAZ_FSR
qmof-742aaba,True,238.175,-3.288499999999998,133.27999999999997,17.0,7.0,0.0,7.0,4.0,1.0,1.0,WONYIJ_FSR
qmof-dc490ca,False,,,,,,,,,,,HEGXAU01_FSR
qmof-b45999a,False,,,,,,,,,,,LIHMAL01_FSR
qmof-be80aaf,True,136.11800000000002,-0.8480000000000001,77.64,10.0,6.0,0.0,4.0,0.0,0.0,2.0,LIHSAX_FSR
qmof-bda7761,True,427.25400000000013,1.4378999999999993,106.03999999999999,27.0,7.0,0.0,6.0,5.0,3.0,3.0,LIDQIA_FSR
qmof-230402d,False,,,,,,,,,,,LIFXAA_FSR
qmof-c7a8622,False,,,,,,,,,,,PUNBIK_FSR
qmof-e78c96e,True,242.099,-6.3770999999999995,189.2,17.0,10.0,1.0,9.0,2.0,1.0,1.0,PUPGAJ01_FSR
qmof-d58defd,True,146.133,0.7283999999999998,64.07,11.0,5.0,0.0,4.0,1.0,1.0,2.0,DEHYAS_FSR
qmof-b01ae77,False,,,,,,,,,,,DEJVIY_FSR
qmof-5bc7a5e,False,,,,,,,,,,,SEWWUN_FSR
qmof-f4d0dfc,True,223.12800000000001,0.9466999999999998,87.58000000000001,15.0,7.0,0.0,4.0,2.0,2.0,2.0,SEYMIV_FSR
qmof-f730251,True,348.35800000000006,0.6753999999999993,106.03999999999999,26.0,6.0,0.0,6.0,5.0,3.0,3.0,ILIQEB_FSR
qmof-9c487ce,True,250.285,1.81476,87.46,19.0,5.0,0.0,4.0,3.0,2.0,2.0,ILOVUB_FSR
qmof-3d12eb1,True,136.13,-0.6260000000000008,53.019999999999996,10.0,3.0,0.0,3.0,2.0,1.0,1.0,AZOCUO01_FSR
qmof-1b1c158,False,,,,,,,,,,,OBESUM_FSR
qmof-b205a95,True,252.134,-5.100199999999999,160.51999999999998,18.0,8.0,0.0,8.0,2.0,1.0,1.0,NULXUO_FSR
qmof-a52e439,True,88.106,0.03320000000000001,18.46,6.0,2.0,0.0,2.0,0.0,0.0,1.0,NUMHUY_FSR
qmof-bd852be,True,204.16900000000004,-1.5149999999999997,96.62,15.0,7.0,0.0,7.0,3.0,2.0,2.0,WIVFEO_FSR
qmof-13f45fd,True,186.212,1.4652,72.59,12.0,5.0,0.0,1.0,3.0,1.0,1.0,AZIGOF_FSR
qmof-c91080d,True,164.11599999999996,-1.5864000000000003,80.25999999999999,12.0,4.0,0.0,4.0,2.0,1.0,1.0,AZITOT_FSR
qmof-58711c7,True,192.16999999999996,-1.7286,80.25999999999999,14.0,4.0,0.0,4.0,4.0,1.0,1.0,WOCGAZ_FSR
qmof-0736fd1,True,207.14299999999997,-2.1346,142.75,13.0,9.0,1.0,5.0,1.0,1.0,1.0,GIKBIM_FSR
qmof-1cfb0f0,True,250.14399999999998,-3.7710999999999997,182.88,16.0,11.0,1.0,7.0,2.0,1.0,1.0,GIKBUY01_FSR
qmof-e0e3dad,True,402.41,0.5897999999999983,115.89999999999999,30.0,8.0,0.0,8.0,6.0,4.0,4.0,GIMGIT_FSR
qmof-7b44c95,True,600.2000000000004,-2.391999999999998,310.03999999999996,36.0,24.0,4.0,8.0,8.0,0.0,2.0,WINVOG_FSR
qmof-015591d,True,144.126,-1.9533999999999987,80.25999999999999,10.0,4.0,0.0,4.0,5.0,0.0,0.0,WIPQER_FSR
qmof-6863435,True,288.1890000000001,-3.2636999999999983,180.09,19.0,10.0,0.0,6.0,2.0,1.0,1.0,IMEFAI01_FSR
qmof-22a8304,True,288.1890000000001,-3.2636999999999983,180.09,19.0,10.0,0.0,6.0,2.0,1.0,1.0,IMEFAI_FSR
qmof-c5651be,True,122.10299999999997,-0.5549000000000002,53.019999999999996,9.0,3.0,0.0,3.0,1.0,1.0,1.0,WIHWUG_FSR
qmof-e9a012f,True,402.148,-2.6273999999999984,220.44,26.0,14.0,2.0,8.0,4.0,2.0,2.0,FAVNAU_FSR
qmof-89850df,True,226.11999999999995,-1.9777999999999996,143.3,16.0,8.0,0.0,6.0,2.0,1.0,1.0,EJUFEW_FSR
qmof-15b016f,True,308.2420000000001,-3.539799999999998,160.51999999999998,22.0,8.0,0.0,8.0,7.0,1.0,1.0,NUYTUX_FSR
qmof-3d33384,True,308.2420000000001,-3.539799999999998,160.51999999999998,22.0,8.0,0.0,8.0,7.0,1.0,1.0,NUYVAF_FSR
qmof-c0f6f4f,True,298.355,1.6311799999999999,85.21,21.0,8.0,0.0,7.0,4.0,3.0,3.0,HEFYUN_FSR
qmof-e054909,False,,,,,,,,,,,PURYEH_FSR
qmof-9781eac,True,437.3720000000001,1.9056999999999995,132.64,31.0,10.0,0.0,7.0,6.0,4.0,4.0,PUTZAG_FSR
qmof-17ff882,False,,,,,,,,,,,PUNBAC_FSR
qmof-fbf7e41,True,243.17199999999994,-1.3864,139.95999999999998,16.0,8.0,0.0,4.0,3.0,1.0,1.0,CEJKAG_FSR
qmof-fcedf2b,True,243.17199999999994,-1.3864,139.95999999999998,16.0,8.0,0.0,4.0,3.0,1.0,1.0,CEJKEK_FSR
qmof-7f22f47,True,243.17199999999994,-1.3864,139.95999999999998,16.0,8.0,0.0,4.0,3.0,1.0,1.0,CEJLOV_FSR
qmof-e2c3312,True,243.17199999999994,-1.3864,139.95999999999998,16.0,8.0,0.0,4.0,3.0,1.0,1.0,CEJLUB_FSR
qmof-13bab77,True,166.178,0.35839999999999994,72.27000000000001,10.0,6.0,0.0,4.0,0.0,0.0,1.0,CEJNEK01_FSR
qmof-58ece63,True,190.00499999999997,1.3568999999999993,40.129999999999995,11.0,4.0,0.0,2.0,1.0,1.0,1.0,SISXID_FSR
qmof-28f26b6,True,479.7000000000001,1.4636,80.25999999999999,16.0,8.0,0.0,4.0,2.0,1.0,1.0,SITROE01_FSR
qmof-6040bb6,True,69.067,-0.7434100000000001,38.49,5.0,3.0,1.0,2.0,0.0,0.0,1.0,SIMXOE_FSR
qmof-cd8d6d2,True,155.55999999999995,0.7034999999999999,40.129999999999995,10.0,3.0,0.0,2.0,1.0,1.0,1.0,LIGXEF_FSR
qmof-4799208,True,243.17199999999994,-1.3864,139.95999999999998,16.0,8.0,0.0,4.0,3.0,1.0,1.0,DEPHUC01_FSR
qmof-82fce8b,True,287.20699999999994,-2.746299999999999,146.17000000000002,21.0,8.0,0.0,8.0,3.0,2.0,2.0,PURTOM_FSR
qmof-84c5c07,True,165.10399999999996,-2.1914,93.15,12.0,5.0,0.0,5.0,2.0,1.0,1.0,PURTUS_FSR
qmof-06ddc1e,False,,,,,,,,,,,CELVIA_FSR
qmof-585345f,False,,,,,,,,,,,CEMWID_FSR
qmof-cf6fe94,True,280.24399999999997,-3.472909999999996,140.67000000000002,20.0,10.0,0.0,9.0,6.0,1.0,2.0,SICGIW_FSR
qmof-c2d6ce1,True,207.14299999999997,-2.1346,142.75,13.0,9.0,1.0,5.0,1.0,1.0,1.0,GIKBEI_FSR
qmof-7d2ad78,False,,,,,,,,,,,POTHAI_FSR
qmof-8c6011b,True,542.1240000000001,-1.9971099999999995,329.67,32.0,24.0,6.0,11.0,8.0,1.0,2.0,POVRIC_FSR
qmof-2b3bd76,True,123.09099999999998,-1.1599000000000004,65.91,9.0,4.0,0.0,4.0,1.0,1.0,1.0,POWVIH_FSR
qmof-f90a6ed,True,250.11799999999994,-4.859400000000001,160.51999999999998,18.0,8.0,0.0,8.0,4.0,1.0,1.0,LIKFOB_FSR
qmof-b2dbb73,True,232.26099999999994,-0.3037999999999998,125.97999999999999,15.0,7.0,2.0,4.0,2.0,1.0,1.0,LIMLIF_FSR
qmof-887bca5,False,,,,,,,,,,,LINJIC_FSR
qmof-e98c409,False,,,,,,,,,,,GIMXIL01_FSR
qmof-dd07117,True,199.07799999999995,-0.2705000000000004,97.0,13.0,6.0,0.0,3.0,2.0,1.0,1.0,EKEKEL_FSR
qmof-b9302b0,True,122.10299999999997,-0.5549000000000002,53.019999999999996,9.0,3.0,0.0,3.0,1.0,1.0,1.0,OBAGOQ_FSR
qmof-6ddef79,True,169.58699999999996,0.6323999999999993,40.129999999999995,11.0,3.0,0.0,2.0,2.0,1.0,1.0,INEYEG_FSR
qmof-88d427b,True,247.15899999999993,-6.7056999999999976,163.76,17.0,9.0,0.0,9.0,6.0,0.0,0.0,EJOCEM_FSR
qmof-6a5d3af,True,66.043,-0.44704000000000005,61.68,5.0,3.0,0.0,2.0,0.0,0.0,0.0,OBIXAA_FSR
qmof-936a309,True,198.229,1.8076999999999996,46.5,15.0,4.0,1.0,3.0,2.0,3.0,3.0,OBOPAY01_FSR
qmof-3e0f6ce,True,171.08399999999997,-4.447399999999999,120.38999999999999,12.0,6.0,0.0,6.0,4.0,0.0,0.0,OBUFAT_FSR
qmof-f10cb85,False,,,,,,,,,,,OBUHUR_FSR
qmof-8c50340,False,,,,,,,,,,,FAVZEJ_FSR
qmof-73f219a,True,177.21099999999998,0.36719,70.3,13.0,5.0,1.0,4.0,2.0,1.0,2.0,GIRHEV_FSR
qmof-9225553,True,252.28700000000003,-0.1950200000000002,110.99000000000001,17.0,10.0,0.0,9.0,5.0,2.0,2.0,SOCCOD_FSR
qmof-1510f27,True,224.233,-0.9752200000000002,110.99,15.0,10.0,0.0,9.0,3.0,2.0,2.0,SOCCUJ_FSR
qmof-37797cc,True,88.106,0.03320000000000001,18.46,6.0,2.0,0.0,2.0,0.0,0.0,1.0,SOCPOP_FSR
qmof-c3d1c9d,True,492.4600000000002,-2.7559099999999948,202.08999999999997,36.0,16.0,0.0,15.0,8.0,4.0,5.0,FAWKOE_FSR
qmof-c8e4b53,True,275.32800000000003,1.2124999999999995,82.12,20.0,5.0,1.0,4.0,3.0,1.0,2.0,INEFIR_FSR
qmof-8d3b23c,False,,,,,,,,,,,MIDRIB_FSR
qmof-f07cb9e,True,176.17499999999998,0.35209999999999964,66.59,13.0,4.0,0.0,3.0,0.0,1.0,2.0,MIGGUF01_FSR
qmof-f0ae035,False,,,,,,,,,,,MIHHOB_FSR
qmof-083b0f1,False,,,,,,,,,,,ODEPUI_FSR
qmof-968577c,False,,,,,,,,,,,OCOKIC_FSR
qmof-5ea1778,True,130.099,-2.343499999999999,80.25999999999999,9.0,4.0,0.0,4.0,4.0,0.0,0.0,EHISIX_FSR
qmof-0de6ab6,True,110.07199999999997,-1.10981,60.6,8.0,4.0,0.0,2.0,0.0,0.0,1.0,CEGJOO_FSR
qmof-561bdcd,False,,,,,,,,,,,PUFYOG_FSR
qmof-be9fb9e,False,,,,,,,,,,,PUHKOT_FSR
qmof-ac37347,True,130.099,-2.343499999999999,80.25999999999999,9.0,4.0,0.0,4.0,4.0,0.0,0.0,PUHWEW_FSR
qmof-5c1675f,True,173.238,1.5728,34.14,10.0,4.0,0.0,2.0,1.0,1.0,1.0,BAKHOM_FSR
qmof-73ebe68,True,88.01799999999999,-3.5138000000000003,80.25999999999999,6.0,4.0,0.0,4.0,0.0,0.0,0.0,LIJYAF_FSR
qmof-807e547,True,164.11599999999996,-1.5864000000000003,80.25999999999999,12.0,4.0,0.0,4.0,2.0,1.0,1.0,POXLOF01_FSR
qmof-ff08ff7,True,164.11599999999996,-1.5864000000000003,80.25999999999999,12.0,4.0,0.0,4.0,2.0,1.0,1.0,PTRPHT02_FSR
qmof-3b8fbc7,True,198.269,2.6519000000000013,25.78,15.0,2.0,0.0,2.0,4.0,2.0,2.0,CEGYOD_FSR
qmof-e13923f,False,,,,,,,,,,,CEHLOT_FSR
qmof-cc31ba7,True,226.223,0.81599,80.88,17.0,7.0,0.0,5.0,3.0,1.0,3.0,CEHWUJ_FSR
qmof-e895af7,True,226.223,0.81599,80.88,17.0,7.0,0.0,5.0,3.0,1.0,3.0,CEHXAQ_FSR
qmof-6318e01,True,243.17199999999994,-1.3864,139.95999999999998,16.0,8.0,0.0,4.0,3.0,1.0,1.0,CEJJEJ_FSR
qmof-c6553b1,True,243.17199999999994,-1.3864,139.95999999999998,16.0,8.0,0.0,4.0,3.0,1.0,1.0,CEJJIN_FSR
qmof-0c858c4,True,243.17199999999994,-1.3864,139.95999999999998,16.0,8.0,0.0,4.0,3.0,1.0,1.0,CEJJUZ_FSR
qmof-d161688,True,122.14699999999998,1.32052,32.79,9.0,2.0,0.0,1.0,1.0,1.0,1.0,SIYSAV_FSR
qmof-a8784c9,True,380.35600000000017,0.3479999999999994,124.5,28.0,8.0,0.0,8.0,7.0,3.0,3.0,SIYXUV_FSR
qmof-3b72360,True,165.10399999999996,-2.1914,93.15,12.0,5.0,0.0,5.0,2.0,1.0,1.0,GISJUO01_FSR
qmof-7efb78c,True,340.33900000000006,-0.28549999999999853,115.89999999999999,25.0,8.0,0.0,8.0,6.0,3.0,3.0,GIRCER_FSR
qmof-580761f,False,,,,,,,,,,,GIRGEV_FSR
qmof-3bc8c5b,True,192.17,-1.2673999999999999,80.25999999999999,14.0,4.0,0.0,4.0,4.0,1.0,1.0,FODDAF_FSR
qmof-c0844b9,True,321.348,0.2915799999999995,90.11000000000001,24.0,9.0,0.0,7.0,6.0,2.0,4.0,CEFHEC_FSR
qmof-3370ec9,True,81.098,0.494,26.46,6.0,2.0,0.0,1.0,0.0,0.0,1.0,CEGFEA02_FSR
qmof-974a790,True,171.969,1.0520999999999998,113.74000000000001,9.0,8.0,0.0,2.0,2.0,0.0,0.0,EHOHOY_FSR
qmof-4551e80,True,110.95799999999998,-0.6184000000000001,39.8,3.0,3.0,0.0,0.0,0.0,0.0,0.0,EHOXAB_FSR
qmof-0e3c9ac,True,167.09999999999997,-3.108809999999999,104.97999999999999,12.0,6.0,0.0,6.0,2.0,0.0,1.0,EJEBEB_FSR
qmof-996eba1,True,281.09700000000004,0.8976899999999997,146.33,17.0,10.0,3.0,4.0,4.0,0.0,1.0,ODEPEV_FSR
qmof-5d93b3e,False,,,,,,,,,,,ODEPIW_FSR
qmof-45a48df,False,,,,,,,,,,,ODEPOC_FSR
qmof-99eb0be,True,184.24200000000002,2.2618,25.78,14.0,2.0,0.0,2.0,3.0,2.0,2.0,FAYQOM01_FSR
qmof-9269553,True,220.322,3.2760000000000016,25.78,14.0,4.0,0.0,4.0,3.0,2.0,2.0,FAYQUS_FSR
qmof-3b386b9,True,299.30400000000003,-2.0780799999999973,126.42999999999998,20.0,8.0,1.0,6.0,7.0,1.0,1.0,WEXCIN_FSR
qmof-9ab47e7,True,798.3780000000003,5.919120000000011,343.2,48.0,24.0,6.0,6.0,12.0,2.0,2.0,WEMMEI_FSR
qmof-7b63907,True,728.6980000000002,-3.0042599999999915,258.46,54.0,22.0,0.0,16.0,14.0,2.0,8.0,WEMNIN_FSR
qmof-b488bac,True,122.17099999999999,0.9938600000000001,27.03,9.0,2.0,0.0,2.0,4.0,0.0,0.0,WENBEW_FSR
qmof-7aa58f3,True,88.01799999999999,-3.5138000000000003,80.25999999999999,6.0,4.0,0.0,4.0,0.0,0.0,0.0,WENSIS_FSR
qmof-da4607d,True,258.163,-5.038699999999999,160.51999999999998,17.0,9.0,0.0,9.0,2.0,1.0,1.0,POPFEH_FSR
qmof-9774d0c,True,218.245,0.8157899999999998,60.410000000000004,15.0,7.0,0.0,6.0,2.0,2.0,3.0,POKXUK01_FSR
qmof-d1bf53c,False,,,,,,,,,,,POTGUB_FSR
qmof-2cd344e,True,165.10399999999996,-2.1914,93.15,12.0,5.0,0.0,5.0,2.0,1.0,1.0,DESHOZ_FSR
qmof-2740f8b,True,112.03999999999999,-1.7236000000000002,68.28,8.0,4.0,0.0,4.0,0.0,0.0,1.0,GIWVAJ_FSR
qmof-d08ab23,False,,,,,,,,,,,BAKNIL_FSR
qmof-f2fac68,True,88.01799999999999,-3.5138000000000003,80.25999999999999,6.0,4.0,0.0,4.0,0.0,0.0,0.0,BALMUW01_FSR
qmof-6bf5ba1,True,157.15699999999998,0.1600999999999999,9.72,10.0,4.0,0.0,3.0,0.0,0.0,4.0,BAPYID_FSR
qmof-6bc1eda,True,264.312,2.20486,87.46000000000001,20.0,5.0,0.0,4.0,4.0,2.0,2.0,BARFIK_FSR
qmof-4a53e06,False,,,,,,,,,,,WELKOQ_FSR
qmof-ccee605,True,130.099,-2.343499999999999,80.25999999999999,9.0,4.0,0.0,4.0,4.0,0.0,0.0,MEZSAL_FSR
qmof-0e73e01,True,476.23700000000014,-1.4486999999999999,160.51999999999998,33.0,14.0,0.0,8.0,6.0,2.0,2.0,ODIRAV_FSR
qmof-9df2e53,False,,,,,,,,,,,KAGKUB_FSR
qmof-e26dd14,False,,,,,,,,,,,DESKIW_FSR
qmof-9b3ec9f,True,503.4910000000002,-0.7551999999999974,165.26,37.0,11.0,0.0,11.0,10.0,4.0,4.0,FODBOR_FSR
qmof-3bd64b4,True,503.4910000000002,-0.7551999999999974,165.26,37.0,11.0,0.0,11.0,10.0,4.0,4.0,FODBUX_FSR
qmof-b50d054,True,476.23700000000014,-1.4486999999999999,160.51999999999998,33.0,14.0,0.0,8.0,6.0,2.0,2.0,ODIREZ_FSR
qmof-36d7c8b,True,202.19299999999998,-0.4673099999999999,69.83,15.0,5.0,0.0,4.0,3.0,1.0,2.0,ODIVON01_FSR
qmof-df4f545,True,332.22400000000005,-1.7133999999999983,180.64000000000001,24.0,10.0,2.0,8.0,4.0,2.0,2.0,MEZXIB_FSR
qmof-e17dc0f,True,177.04399999999998,-5.6929,157.69,12.0,8.0,1.0,7.0,0.0,0.0,0.0,WEMDOJ_FSR
qmof-f652bd3,True,177.04399999999998,-5.6929,157.69,12.0,8.0,1.0,7.0,0.0,0.0,0.0,WEMFAX_FSR
qmof-cc51504,True,177.04399999999998,-5.6929,157.69,12.0,8.0,1.0,7.0,0.0,0.0,0.0,WEMFEB_FSR
qmof-a023ef5,True,177.04399999999998,-5.6929,157.69,12.0,8.0,1.0,7.0,0.0,0.0,0.0,WEMFIF_FSR
qmof-020f390,True,177.04399999999998,-5.6929,157.69,12.0,8.0,1.0,7.0,0.0,0.0,0.0,WEMFOL_FSR
qmof-8604ab6,True,208.10499999999996,-3.8278999999999996,133.28,15.0,7.0,0.0,7.0,3.0,1.0,1.0,WEDDER_FSR
qmof-c89474b,True,58.085,0.66498,23.79,3.0,2.0,0.0,1.0,0.0,0.0,0.0,WEFKOH_FSR
qmof-c794b37,False,,,,,,,,,,,HEBDAV01_FSR
qmof-2c03c26,True,221.28,0.3358000000000003,65.05,16.0,4.0,1.0,4.0,6.0,1.0,1.0,HEBJUV_FSR
qmof-52fcaf2,True,221.28,0.3358000000000003,65.05,16.0,4.0,1.0,4.0,6.0,1.0,1.0,HEBKAC_FSR
qmof-4c7c3db,True,258.163,-5.038699999999999,160.51999999999998,17.0,9.0,0.0,9.0,2.0,1.0,1.0,POPDIJ_FSR
qmof-6cef4d2,True,258.163,-5.038699999999999,160.51999999999998,17.0,9.0,0.0,9.0,2.0,1.0,1.0,POPDUV_FSR
qmof-9fb5671,True,258.163,-5.038699999999999,160.51999999999998,17.0,9.0,0.0,9.0,2.0,1.0,1.0,POPFAD_FSR
qmof-728d8c0,True,336.12000000000006,-8.1324,240.77999999999997,24.0,12.0,0.0,12.0,6.0,1.0,1.0,MEWNAD_FSR
qmof-f23061e,True,336.12000000000006,-8.1324,240.77999999999997,24.0,12.0,0.0,12.0,6.0,1.0,1.0,MEWNIL_FSR
qmof-f13296d,True,264.11,0.7858399999999999,114.4,16.0,8.0,2.0,2.0,2.0,1.0,1.0,EGUPIH_FSR
qmof-a72cd02,True,80.08999999999999,0.47659999999999986,25.78,6.0,2.0,0.0,2.0,0.0,1.0,1.0,CECSAF_FSR
qmof-ca43af8,True,80.08999999999999,0.47659999999999986,25.78,6.0,2.0,0.0,2.0,0.0,1.0,1.0,CECSEJ_FSR
qmof-adff872,True,312.37700000000007,1.65488,79.63,23.0,7.0,1.0,5.0,4.0,1.0,3.0,POCPUT_FSR
qmof-12789b6,True,236.07599999999996,-1.0299999999999998,80.25999999999999,16.0,8.0,0.0,4.0,2.0,1.0,1.0,POCCUH_FSR
qmof-165aee3,True,243.01199999999997,-0.8239000000000005,80.25999999999999,13.0,5.0,0.0,4.0,2.0,1.0,1.0,POCNAY_FSR
qmof-c54e213,True,238.29399999999998,2.1761999999999997,35.64,18.0,4.0,0.0,4.0,4.0,3.0,3.0,POCNUR_FSR
qmof-0526588,True,406.4020000000001,1.6935899999999995,156.16,30.0,10.0,0.0,9.0,2.0,1.0,5.0,LISBUL_FSR
qmof-35a415f,True,164.11599999999996,-1.5864000000000003,80.25999999999999,12.0,4.0,0.0,4.0,2.0,1.0,1.0,LISZOE_FSR
qmof-933d49a,True,500.7210000000005,-5.587799999999994,159.16000000000003,28.0,14.0,0.0,13.0,4.0,0.0,3.0,SOXXEJ_FSR
qmof-71eb881,True,278.21999999999997,-3.3539999999999983,138.46,20.0,8.0,2.0,6.0,6.0,1.0,1.0,CEBCUJ_FSR
qmof-a2e49ee,True,278.21999999999997,-3.3539999999999983,138.46,20.0,8.0,2.0,6.0,6.0,1.0,1.0,CEBDAQ_FSR
qmof-c65a908,True,199.61299999999997,0.7771199999999994,49.36,13.0,4.0,0.0,3.0,3.0,1.0,1.0,PODDUJ_FSR
qmof-dadb6c8,False,,,,,,,,,,,POGQIM_FSR
qmof-1fc378d,True,243.315,2.6077900000000005,51.18,17.0,5.0,0.0,3.0,0.0,1.0,3.0,PIPKUW_FSR
qmof-2f6f56b,True,188.146,-0.30310000000000015,91.31,14.0,6.0,0.0,5.0,2.0,1.0,2.0,GIZSIS_FSR
qmof-019cf08,True,164.11599999999996,-1.5864000000000003,80.25999999999999,12.0,4.0,0.0,4.0,2.0,1.0,1.0,GIZTOB_FSR
qmof-e977ad4,False,,,,,,,,,,,CDPYCL03_FSR
qmof-4986c94,True,164.11599999999996,-1.5864000000000003,80.25999999999999,12.0,4.0,0.0,4.0,2.0,1.0,1.0,WEBNUP_FSR
qmof-d95feec,False,,,,,,,,,,,WELWES_FSR
qmof-c0c714d,True,177.04399999999998,-5.6929,157.69,12.0,8.0,1.0,7.0,0.0,0.0,0.0,WEMBUN_FSR
qmof-a64dc4b,True,177.04399999999998,-5.6929,157.69,12.0,8.0,1.0,7.0,0.0,0.0,0.0,WEMDID_FSR
qmof-2f708fd,True,116.07199999999999,-2.733599999999999,80.25999999999999,8.0,4.0,0.0,4.0,3.0,0.0,0.0,INIWEH_FSR
qmof-71fc45e,True,45.016999999999996,-1.6339000000000001,40.129999999999995,3.0,2.0,0.0,2.0,0.0,0.0,0.0,INOJOM_FSR
qmof-11afcfb,False,,,,,,,,,,,BASQOC01_FSR
qmof-c1d9375,True,204.08999999999995,-6.247399999999999,160.51999999999998,14.0,8.0,0.0,8.0,3.0,0.0,0.0,WEFZIS_FSR
qmof-c5e40a9,True,134.16199999999998,0.6366700000000001,62.699999999999996,10.0,3.0,1.0,3.0,1.0,1.0,1.0,OFOHEY_FSR
qmof-d42e254,True,122.10299999999997,-0.5549000000000002,53.019999999999996,9.0,3.0,0.0,3.0,1.0,1.0,1.0,OFOJAV_FSR
qmof-a2d95c3,True,164.11599999999996,-1.5864000000000003,80.25999999999999,12.0,4.0,0.0,4.0,2.0,1.0,1.0,MIBQAR01_FSR
qmof-f32cf71,True,332.29999999999995,4.214600000000003,25.78,24.0,6.0,0.0,2.0,4.0,3.0,3.0,MICMAN_FSR
qmof-7b91cb2,False,,,,,,,,,,,PIKNIJ_FSR
qmof-39d42bd,True,122.10299999999997,-0.5549000000000004,53.019999999999996,9.0,3.0,0.0,3.0,1.0,1.0,1.0,JUKVEQ01_FSR
qmof-fa82b98,True,162.146,0.3769999999999999,80.2,10.0,6.0,0.0,2.0,0.0,0.0,1.0,SUQTOP_FSR
qmof-6afdb56,True,166.11199999999997,-0.8567000000000002,90.32000000000001,12.0,5.0,1.0,4.0,2.0,1.0,1.0,SUSGET_FSR
qmof-96468f2,True,321.31200000000007,1.5825,95.25,24.0,6.0,1.0,5.0,5.0,3.0,3.0,FOCLOB_FSR
qmof-b1f37a7,True,380.36400000000003,1.4475899999999995,156.16,28.0,10.0,0.0,9.0,5.0,1.0,4.0,LISBEV_FSR
qmof-9e6bb9e,True,122.10299999999997,-0.5549000000000002,53.019999999999996,9.0,3.0,0.0,3.0,1.0,1.0,1.0,OFOJEZ_FSR
qmof-7adaa8f,False,,,,,,,,,,,OFOYOX_FSR
qmof-2a278e1,True,127.083,-2.577,83.73,9.0,6.0,0.0,6.0,2.0,1.0,1.0,OFIDEN_FSR
qmof-2c7baba,True,144.126,-1.9533999999999987,80.25999999999999,10.0,4.0,0.0,4.0,5.0,0.0,0.0,WAVCAX_FSR
qmof-0cb0fa3,True,204.16900000000004,-1.5149999999999997,96.62,15.0,7.0,0.0,7.0,3.0,2.0,2.0,WAKCOD_FSR
qmof-023c9e6,False,,,,,,,,,,,WAMWEO_FSR
qmof-3adb456,False,,,,,,,,,,,IPAYUT_FSR
qmof-0f8fad1,True,165.16799999999998,-0.012400000000000189,49.36,12.0,3.0,0.0,3.0,3.0,1.0,1.0,INEYIK_FSR
qmof-8cf4e29,True,255.217,-0.9759200000000001,99.53,19.0,8.0,0.0,6.0,3.0,1.0,3.0,OGAGAH_FSR
qmof-045f7a6,True,338.1360000000001,-8.3732,240.77999999999997,24.0,12.0,0.0,12.0,4.0,1.0,1.0,PILZUI_FSR
qmof-4df225e,True,144.126,-1.9533999999999987,80.25999999999999,10.0,4.0,0.0,4.0,5.0,0.0,0.0,BEDJEA_FSR
qmof-54ac1c4,True,114.05599999999998,-2.9576000000000002,80.25999999999999,8.0,4.0,0.0,4.0,2.0,0.0,0.0,WADDOX_FSR
qmof-185aa17,True,114.05599999999998,-2.9576000000000002,80.25999999999999,8.0,4.0,0.0,4.0,2.0,0.0,0.0,WADDUD_FSR
qmof-5a58afb,True,114.05599999999998,-2.9576000000000002,80.25999999999999,8.0,4.0,0.0,4.0,2.0,0.0,0.0,WADFAL_FSR
qmof-be63d64,True,114.05599999999998,-2.9576000000000002,80.25999999999999,8.0,4.0,0.0,4.0,2.0,0.0,0.0,WADFEP_FSR
qmof-c158621,True,226.05999999999997,3.1934000000000013,59.699999999999996,12.0,6.0,0.0,0.0,1.0,1.0,1.0,VUYQUC_FSR
qmof-a92f564,True,412.49000000000024,-0.3030999999999957,112.51999999999998,30.0,8.0,0.0,8.0,7.0,2.0,3.0,VUYSEO_FSR
qmof-f5a3f7c,False,,,,,,,,,,,HAYYAJ_FSR
qmof-24f41f3,True,200.999,0.20759999999999987,53.019999999999996,10.0,4.0,0.0,3.0,1.0,1.0,1.0,HAZNON_FSR
qmof-510d507,True,200.999,0.20759999999999987,53.019999999999996,10.0,4.0,0.0,3.0,1.0,1.0,1.0,HAZPEF_FSR
qmof-ef027a7,False,,,,,,,,,,,OGAKUD_FSR
qmof-a2f7834,True,134.16199999999998,0.6366700000000001,62.699999999999996,10.0,3.0,1.0,3.0,1.0,1.0,1.0,OFOHAU_FSR
qmof-2a8a99e,False,,,,,,,,,,,IPAYED_FSR
qmof-62e8561,True,142.10999999999999,-2.343499999999999,80.25999999999999,10.0,4.0,0.0,4.0,2.0,0.0,1.0,BAWSUO_FSR
qmof-b2fc53f,True,164.11599999999996,-1.5864000000000003,80.25999999999999,12.0,4.0,0.0,4.0,2.0,1.0,1.0,BECROS_FSR
qmof-142f4ab,True,151.09300000000002,-0.9116,114.38999999999999,11.0,9.0,1.0,7.0,0.0,0.0,2.0,PIJYOZ_FSR
qmof-d7f84cc,True,164.11599999999996,-1.5864000000000003,80.25999999999999,12.0,4.0,0.0,4.0,2.0,1.0,1.0,DIKQET03_FSR
qmof-c4e25b7,True,164.11599999999996,-1.5864000000000003,80.25999999999999,12.0,4.0,0.0,4.0,2.0,1.0,1.0,DIKQIX_FSR
qmof-3b0015d,True,123.04799999999997,-0.0008000000000000784,82.89,7.0,5.0,1.0,2.0,2.0,0.0,0.0,CAVCEI_FSR
qmof-65fb3dc,False,,,,,,,,,,,FEHJIN01_FSR
qmof-efea375,False,,,,,,,,,,,METJIH_FSR
qmof-a38a59d,True,119.14500000000002,-1.7388999999999992,66.14999999999999,7.0,4.0,1.0,3.0,2.0,0.0,0.0,EGEBEY_FSR
qmof-932fda1,True,267.165,-5.789799999999998,179.69,19.0,13.0,1.0,11.0,5.0,1.0,2.0,EGISEU_FSR
qmof-b069377,False,,,,,,,,,,,BEHMEI_FSR
qmof-ec95ddc,False,,,,,,,,,,,BEHSAL01_FSR
qmof-f3ce9b5,True,146.133,0.7283999999999999,64.07,11.0,5.0,0.0,4.0,1.0,1.0,2.0,VUKKET_FSR
qmof-83b2e7a,True,190.10699999999997,-3.9179,137.79,13.0,7.0,2.0,6.0,5.0,0.0,0.0,WADHAL01_FSR
qmof-34822c6,True,254.476,1.7754999999999999,49.36,14.0,6.0,0.0,3.0,3.0,1.0,1.0,TADJOA_FSR
qmof-24a3cea,True,156.07699999999997,1.3659999999999999,56.87,10.0,4.0,0.0,1.0,1.0,1.0,1.0,SUZXOA_FSR
qmof-01be183,True,58.085,0.66498,23.79,3.0,2.0,0.0,1.0,0.0,0.0,0.0,CAXWAC_FSR
qmof-9932be2,True,312.28499999999997,-1.0009999999999997,115.89999999999999,23.0,8.0,0.0,8.0,4.0,3.0,3.0,CAXZAE_FSR
qmof-cfad8be,True,338.41400000000004,4.482600000000003,35.64,26.0,4.0,0.0,4.0,4.0,5.0,5.0,PIHPON_FSR
qmof-150730f,False,,,,,,,,,,,BELXUN_FSR
qmof-74b6146,True,245.16799999999998,-1.3838199999999987,36.75,13.0,6.0,0.0,5.0,0.0,0.0,4.0,MELZUZ_FSR
qmof-e210593,True,101.085,-1.6101000000000003,66.42,7.0,4.0,1.0,3.0,0.0,0.0,1.0,PIBSOL_FSR
qmof-9a9d4a3,True,253.12199999999999,-5.705199999999999,173.40999999999997,18.0,9.0,0.0,9.0,2.0,1.0,1.0,TAKRUU_FSR
qmof-f5e0bce,True,164.11599999999996,-1.5864000000000003,80.25999999999999,12.0,4.0,0.0,4.0,2.0,1.0,1.0,CAPHTH02_FSR
qmof-fc2015a,True,114.05599999999998,-2.9576000000000002,80.25999999999999,8.0,4.0,0.0,4.0,2.0,0.0,0.0,WADPAT_FSR
qmof-f02b7e5,True,114.05599999999998,-2.9576000000000002,80.25999999999999,8.0,4.0,0.0,4.0,2.0,0.0,0.0,WAGXEH_FSR
qmof-a3d97dc,False,,,,,,,,,,,VUKWOP_FSR
qmof-68d449d,True,242.196,-0.1794,138.01,16.0,10.0,0.0,6.0,1.0,1.0,2.0,VUMZEK_FSR
qmof-130d8c4,True,253.12199999999999,-5.705199999999999,173.40999999999997,18.0,9.0,0.0,9.0,2.0,1.0,1.0,VUPSEF_FSR
qmof-67067e5,True,253.12199999999999,-5.705199999999999,173.40999999999997,18.0,9.0,0.0,9.0,2.0,1.0,1.0,VUPSIJ_FSR
qmof-b2a7435,True,245.21399999999997,-1.4875099999999997,86.74,18.0,6.0,0.0,6.0,4.0,1.0,2.0,VOTXEJ_FSR
qmof-80e68a3,True,115.06399999999998,-1.6228999999999998,77.42999999999999,8.0,4.0,1.0,3.0,2.0,0.0,0.0,VOZVUD_FSR
qmof-64935e1,True,236.07599999999996,-1.0299999999999998,80.25999999999999,16.0,8.0,0.0,4.0,2.0,1.0,1.0,BEFQEK_FSR
qmof-76eb3c2,True,359.31,1.2855,130.03,26.0,8.0,1.0,7.0,4.0,2.0,2.0,PIKYOA_FSR
qmof-692476b,True,136.13,-0.24648000000000003,53.019999999999996,10.0,3.0,0.0,3.0,1.0,1.0,1.0,DIKPUJ_FSR
qmof-a880c0d,True,184.24200000000002,2.2618,25.78,14.0,2.0,0.0,2.0,3.0,2.0,2.0,CASHOU_FSR
qmof-c11cc76,True,62.004000000000005,-0.3914000000000001,63.04,4.0,4.0,0.0,2.0,0.0,0.0,0.0,TAPBOD_FSR
qmof-d55ada3,True,280.375,3.101460000000002,35.64,21.0,4.0,0.0,4.0,4.0,3.0,3.0,TAPMEE_FSR
qmof-85027d8,True,240.147,-4.462799999999999,153.51000000000002,17.0,8.0,1.0,8.0,3.0,1.0,1.0,JORCAW_FSR
qmof-2b96e8a,True,240.147,-4.462799999999999,153.51000000000002,17.0,8.0,1.0,8.0,3.0,1.0,1.0,JORCEA_FSR
qmof-fa5b867,True,240.147,-4.462799999999999,153.51000000000002,17.0,8.0,1.0,8.0,3.0,1.0,1.0,JORCOK_FSR
qmof-8a43e5d,True,165.10399999999996,-2.1914,93.15,12.0,5.0,0.0,5.0,2.0,1.0,1.0,JORDOL_FSR
qmof-59b6c49,True,157.09499999999997,0.32830000000000015,40.129999999999995,11.0,4.0,0.0,2.0,1.0,1.0,1.0,JORJUV_FSR
qmof-4f499e6,False,,,,,,,,,,,JORRUD_FSR
qmof-b262dd5,False,,,,,,,,,,,EDURAX_FSR
qmof-008776a,False,,,,,,,,,,,OGEGUF_FSR
qmof-ea2df15,True,238.294,2.1761999999999997,35.64,18.0,4.0,0.0,4.0,4.0,3.0,3.0,MELYIM_FSR
qmof-c96b0bd,True,115.141,0.10330000000000006,42.06,7.0,5.0,0.0,3.0,0.0,0.0,1.0,VUFFAE_FSR
qmof-59216ed,False,,,,,,,,,,,BEHSEP01_FSR
qmof-ba111bf,False,,,,,,,,,,,BEHSEP_FSR
qmof-6ecd9da,True,285.24300000000005,-0.8240099999999997,128.85000000000002,21.0,9.0,0.0,5.0,0.0,0.0,3.0,BEKVOD_FSR
qmof-5598b04,True,184.13099999999997,-1.9562,108.14,13.0,7.0,1.0,6.0,4.0,1.0,1.0,LIZTIZ_FSR
qmof-42d64f0,True,371.28900000000004,-3.6530999999999967,181.80999999999995,27.0,12.0,0.0,12.0,6.0,3.0,3.0,LOBHIU_FSR
qmof-7df2ad4,True,141.08599999999998,1.2170999999999998,36.97,9.0,3.0,0.0,1.0,1.0,1.0,1.0,JOSPUC10_FSR
qmof-737bead,False,,,,,,,,,,,JOVWOG_FSR
qmof-1f5b82b,True,240.39300000000003,3.183200000000002,9.23,15.0,3.0,0.0,3.0,0.0,1.0,2.0,TAZFOP_FSR
qmof-c8f9598,True,242.099,-6.3770999999999995,189.2,17.0,10.0,1.0,9.0,2.0,1.0,1.0,TEBYOQ_FSR
qmof-91fe978,True,338.1360000000001,-8.3732,240.77999999999997,24.0,12.0,0.0,12.0,4.0,1.0,1.0,TARSAI_FSR
qmof-62e71d8,True,85.082,-0.6876,40.129999999999995,6.0,2.0,0.0,2.0,1.0,0.0,0.0,EDEXER_FSR
qmof-69c76a6,False,,,,,,,,,,,IQOBIZ_FSR
qmof-d159e42,True,210.46499999999997,3.318100000000002,0.0,10.0,4.0,0.0,3.0,1.0,0.0,1.0,VOPWUT_FSR
qmof-748d5a0,True,220.112,-2.73824,174.77999999999997,16.0,12.0,0.0,8.0,0.0,1.0,2.0,VOHBOL_FSR
qmof-462ad7f,True,164.184,-0.6936999999999993,66.15,12.0,3.0,1.0,3.0,3.0,1.0,1.0,MEKHOC_FSR
qmof-7758afe,True,162.146,0.3769999999999999,80.2,10.0,6.0,0.0,2.0,0.0,0.0,1.0,ECUXOR_FSR
qmof-d2fbf4b,True,338.1360000000001,-8.3732,240.77999999999997,24.0,12.0,0.0,12.0,4.0,1.0,1.0,TARSEM_FSR
qmof-6e0400c,True,338.1360000000001,-8.3732,240.77999999999997,24.0,12.0,0.0,12.0,4.0,1.0,1.0,TARTOX_FSR
qmof-8dcabcf,True,170.164,-1.7073999999999987,80.25999999999999,12.0,4.0,0.0,4.0,2.0,0.0,1.0,TASDAU_FSR
qmof-99f4447,True,164.11599999999996,-1.5864000000000003,80.25999999999999,12.0,4.0,0.0,4.0,2.0,1.0,1.0,GOLKOI_FSR
qmof-170e722,True,100.12599999999999,-0.5778000000000001,38.49,6.0,4.0,1.0,2.0,0.0,0.0,1.0,LOFJIA_FSR
qmof-9bed59d,True,296.3150000000001,-2.0633999999999997,150.92,17.0,13.0,2.0,6.0,0.0,0.0,2.0,LOFJUM_FSR
qmof-3f83d89,True,211.173,-2.4377999999999984,113.38000000000001,15.0,6.0,1.0,6.0,2.0,1.0,1.0,DIQXOQ_FSR
qmof-5b8f1ce,True,122.10299999999997,-0.5549000000000002,53.019999999999996,9.0,3.0,0.0,3.0,1.0,1.0,1.0,CAKFAY_FSR
qmof-6fb2465,True,384.39600000000013,-1.0744199999999973,139.66,28.0,10.0,0.0,8.0,9.0,1.0,3.0,TELXUG_FSR
qmof-380a2f6,False,,,,,,,,,,,OKISEH_FSR
qmof-74c9eee,False,,,,,,,,,,,OJANAP_FSR
qmof-7c417f3,True,342.1680000000001,-9.803400000000003,240.77999999999997,24.0,12.0,0.0,12.0,6.0,0.0,1.0,ECUCAH_FSR
qmof-f7b6ddc,True,165.10399999999996,-2.1914,93.15,12.0,5.0,0.0,5.0,2.0,1.0,1.0,MELJET01_FSR
qmof-e842acf,True,26.018,0.09637,23.79,2.0,1.0,0.0,1.0,0.0,0.0,0.0,MEHFIR_FSR
qmof-bb340c4,False,,,,,,,,,,,BENPOA_FSR
qmof-705ad5b,True,204.18499999999997,-0.2896,86.82000000000001,15.0,5.0,1.0,4.0,2.0,1.0,2.0,BENXOJ_FSR
qmof-c02bcdf,True,398.42600000000004,5.252200000000005,0.0,28.0,2.0,0.0,0.0,7.0,4.0,4.0,PEYHOR01_FSR
qmof-1bf4f41,True,122.10299999999997,-0.5549000000000002,53.019999999999996,9.0,3.0,0.0,3.0,1.0,1.0,1.0,DIPNOG01_FSR
qmof-ff35f32,True,129.09099999999998,-1.5580999999999996,66.43,9.0,4.0,0.0,4.0,1.0,0.0,1.0,LIZJEJ_FSR
qmof-70824c7,True,165.10399999999996,-2.1914,93.15,12.0,5.0,0.0,5.0,2.0,1.0,1.0,TEQPAH_FSR
qmof-87ee196,True,207.11699999999993,-3.2229,120.38999999999999,15.0,6.0,0.0,6.0,3.0,1.0,1.0,TECVOO_FSR
qmof-2f4eb2a,True,165.10399999999996,-2.1914,93.15,12.0,5.0,0.0,5.0,2.0,1.0,1.0,TEDFOY_FSR
qmof-7e7dcc4,True,165.10399999999996,-2.1914,93.15,12.0,5.0,0.0,5.0,2.0,1.0,1.0,TEDFUE01_FSR
qmof-66df166,True,165.10399999999996,-2.1914,93.15,12.0,5.0,0.0,5.0,2.0,1.0,1.0,TEDFUE_FSR
qmof-1c5ef47,False,,,,,,,,,,,TEDZAE_FSR
qmof-711b199,True,165.10399999999996,-2.1914,93.15,12.0,5.0,0.0,5.0,2.0,1.0,1.0,VIWNAR_FSR
qmof-7c3e0e2,False,,,,,,,,,,,HAXXUB_FSR
qmof-02303e3,False,,,,,,,,,,,VIXMUM_FSR
qmof-e3eee18,True,192.134,-2.4208099999999986,97.52000000000001,14.0,7.0,0.0,6.0,2.0,0.0,2.0,VIXNEX_FSR
qmof-dd61915,True,192.134,-2.4208099999999986,97.52000000000001,14.0,7.0,0.0,6.0,2.0,0.0,2.0,VIXNIB_FSR
qmof-9334110,True,298.298,-0.6957999999999991,106.03999999999999,22.0,6.0,0.0,6.0,5.0,2.0,2.0,VIXVOP01_FSR
qmof-54c3ea8,False,,,,,,,,,,,VIPKAI_FSR
qmof-83d549d,True,414.4180000000002,-0.4959999999999989,134.36,30.0,10.0,0.0,10.0,11.0,3.0,3.0,VIQLEN_FSR
qmof-ca06a00,True,218.235,-0.31799999999999984,82.38,13.0,7.0,0.0,4.0,0.0,1.0,2.0,VISDOQ_FSR
qmof-557e054,True,384.3920000000001,-0.26119999999999943,125.13000000000002,28.0,9.0,0.0,9.0,9.0,3.0,3.0,EBUFAK_FSR
qmof-ae25101,True,212.176,0.9802,102.36000000000001,16.0,8.0,0.0,6.0,2.0,1.0,3.0,FELZOM_FSR
qmof-16af362,True,125.10699999999999,-1.2164000000000004,57.949999999999996,9.0,4.0,0.0,4.0,1.0,1.0,1.0,FENBUY_FSR
qmof-c9af32c,True,200.32999999999993,-0.6983999999999977,58.519999999999996,14.0,4.0,2.0,4.0,6.0,0.0,1.0,HANKOZ_FSR
qmof-6b0ca56,True,295.10400000000004,0.7689900000000001,149.24,18.0,11.0,2.0,5.0,4.0,0.0,2.0,HARGIT_FSR
qmof-bae1677,True,303.18600000000004,-0.9270000000000003,117.22999999999999,21.0,7.0,0.0,5.0,4.0,2.0,2.0,ISAKEU_FSR
qmof-1d2e262,True,127.083,-2.577,83.73,9.0,6.0,0.0,6.0,2.0,1.0,1.0,JOJJIC01_FSR
qmof-d7b2cff,True,318.42400000000004,4.483240000000004,35.64,24.0,4.0,0.0,4.0,5.0,4.0,4.0,JOMGAV_FSR
qmof-921dee1,True,232.373,4.528500000000003,0.0,15.0,2.0,0.0,2.0,4.0,2.0,2.0,CAFSAE_FSR
qmof-4d599e9,True,178.14299999999997,-1.6574999999999995,80.25999999999999,13.0,4.0,0.0,4.0,3.0,1.0,1.0,PETWAO_FSR
qmof-980b6e2,True,59.044,-1.2438,40.129999999999995,4.0,2.0,0.0,2.0,0.0,0.0,0.0,VIVYEE_FSR
qmof-1a5456b,True,268.224,1.4978000000000002,159.86,16.0,10.0,2.0,2.0,2.0,1.0,1.0,VIDSIN_FSR
qmof-872b235,True,88.01799999999999,-3.5138000000000003,80.25999999999999,6.0,4.0,0.0,4.0,0.0,0.0,0.0,VIHNOR_FSR
qmof-8121bd5,True,244.17999999999995,-0.051700000000000135,137.13,16.0,8.0,1.0,3.0,3.0,1.0,1.0,BEPNUI_FSR
qmof-6a32398,True,278.26800000000003,-1.9537999999999978,115.9,20.0,8.0,0.0,8.0,5.0,2.0,2.0,FIRQUU_FSR
qmof-1123eb9,False,,,,,,,,,,,FIRZAJ_FSR
qmof-108a191,True,185.58599999999998,0.46869999999999934,49.36,12.0,4.0,0.0,3.0,3.0,1.0,1.0,FISDIU_FSR
qmof-3f99902,True,202.19299999999998,-0.4673099999999999,69.83,15.0,5.0,0.0,4.0,3.0,1.0,2.0,BEZKOI01_FSR
qmof-051ebe1,True,165.10399999999996,-2.1914,93.15,12.0,5.0,0.0,5.0,2.0,1.0,1.0,PEPXOY01_FSR
qmof-7662a1e,True,326.31200000000007,-1.337599999999998,115.89999999999999,24.0,8.0,0.0,8.0,4.0,3.0,3.0,PEQCAR_FSR
qmof-71287ea,True,58.085,0.66498,23.79,3.0,2.0,0.0,1.0,0.0,0.0,0.0,PEQMUV_FSR
qmof-e17e37b,True,288.1890000000001,-3.2636999999999983,180.09,19.0,10.0,0.0,6.0,2.0,1.0,1.0,PEQRUA_FSR
qmof-3490498,True,288.1890000000001,-3.2636999999999983,180.09,19.0,10.0,0.0,6.0,2.0,1.0,1.0,PEQSOV_FSR
qmof-ebc5d97,True,288.1890000000001,-3.2636999999999983,180.09,19.0,10.0,0.0,6.0,2.0,1.0,1.0,PEQSUB_FSR
qmof-ab8259d,False,,,,,,,,,,,TETPUD_FSR
qmof-73865c5,False,,,,,,,,,,,TEWCUV_FSR
qmof-839a32e,True,226.11999999999995,-1.9777999999999996,143.3,16.0,8.0,0.0,6.0,2.0,1.0,1.0,FENRUM_FSR
qmof-b4f2a15,True,268.224,1.4978000000000002,159.86,16.0,10.0,2.0,2.0,2.0,1.0,1.0,OMARAV_FSR
qmof-8690aad,True,318.42400000000004,4.483240000000004,35.64,24.0,4.0,0.0,4.0,5.0,4.0,4.0,EBIQIR_FSR
qmof-1d91052,True,122.10299999999997,-0.5549000000000004,53.019999999999996,9.0,3.0,0.0,3.0,1.0,1.0,1.0,ISOROX01_FSR
qmof-677efcf,True,198.269,2.6519000000000013,25.78,15.0,2.0,0.0,2.0,4.0,2.0,2.0,ISUKEM01_FSR
qmof-15e7bac,False,,,,,,,,,,,VERKIP_FSR
qmof-dbdcf23,True,128.083,-2.567499999999999,80.25999999999999,9.0,4.0,0.0,4.0,3.0,0.0,0.0,FELXIE_FSR
qmof-67f29db,False,,,,,,,,,,,TEZTUQ_FSR
qmof-092f35f,False,,,,,,,,,,,TEZVAY_FSR
qmof-c2258bb,True,185.58599999999998,0.46869999999999956,49.36,12.0,4.0,0.0,3.0,3.0,1.0,1.0,PEPWUF_FSR
qmof-edec6e9,True,165.10399999999996,-2.1914,93.15,12.0,5.0,0.0,5.0,2.0,1.0,1.0,DITJEY_FSR
qmof-4e457c9,True,542.6800000000003,3.737820000000003,115.9,40.0,8.0,0.0,8.0,6.0,4.0,4.0,DIVPOP_FSR
qmof-313a762,True,164.11599999999996,-1.5864000000000003,80.25999999999999,12.0,4.0,0.0,4.0,2.0,1.0,1.0,ISORAJ_FSR
qmof-f06e64f,True,362.345,0.22129999999999989,126.75999999999999,27.0,8.0,1.0,7.0,4.0,4.0,4.0,OMEGOE_FSR
qmof-3ba2386,True,194.14199999999997,-1.8211999999999997,89.49000000000001,14.0,5.0,0.0,5.0,4.0,1.0,1.0,OMEWUZ_FSR
qmof-9cb1e2c,True,120.242,1.4664,0.0,6.0,2.0,0.0,2.0,0.0,0.0,1.0,MECJOT_FSR
qmof-b217014,True,308.40400000000005,3.2039100000000014,68.14,20.0,6.0,0.0,2.0,4.0,2.0,2.0,VEJKED_FSR
qmof-70ee38e,True,88.01799999999999,-3.5138000000000003,80.25999999999999,6.0,4.0,0.0,4.0,0.0,0.0,0.0,BEVQID_FSR
qmof-261de76,True,124.143,0.83036,56.809999999999995,9.0,3.0,0.0,3.0,4.0,0.0,0.0,HALZEA_FSR
qmof-43281e0,True,88.01799999999999,-3.5138000000000003,80.25999999999999,6.0,4.0,0.0,4.0,0.0,0.0,0.0,BEVRUR_FSR
qmof-8e56e92,True,179.15099999999995,-0.024600000000000066,66.43,13.0,4.0,0.0,4.0,2.0,1.0,1.0,BEVWIJ_FSR
qmof-c0cf89e,True,240.27,0.8089899999999999,60.410000000000004,18.0,6.0,0.0,5.0,4.0,2.0,3.0,BEXBOW_FSR
qmof-f4c4d54,True,216.236,1.4487999999999999,119.4,12.0,8.0,0.0,0.0,5.0,0.0,0.0,BEXFUI_FSR
qmof-2f4975f,True,238.175,-3.432599999999998,133.27999999999997,17.0,7.0,0.0,7.0,3.0,1.0,1.0,PELKOJ_FSR
qmof-2c386c3,True,238.175,-3.432599999999998,133.27999999999997,17.0,7.0,0.0,7.0,3.0,1.0,1.0,PELKUP_FSR
qmof-79da80b,True,202.19299999999998,-0.3101000000000005,70.84,15.0,5.0,0.0,5.0,3.0,2.0,2.0,LOTJIP_FSR
qmof-41dd424,True,45.016999999999996,-1.6339000000000001,40.129999999999995,3.0,2.0,0.0,2.0,0.0,0.0,0.0,LOKBUJ_FSR
qmof-e83f1ee,True,45.016999999999996,-1.6339000000000001,40.129999999999995,3.0,2.0,0.0,2.0,0.0,0.0,0.0,LOKCAQ_FSR
qmof-7e529bd,True,144.126,-1.9533999999999987,80.25999999999999,10.0,4.0,0.0,4.0,5.0,0.0,0.0,FIQPED_FSR
qmof-767dd1d,True,308.2420000000001,-3.539799999999998,160.51999999999998,22.0,8.0,0.0,8.0,7.0,1.0,1.0,TIKKEE_FSR
qmof-24538b7,False,,,,,,,,,,,TILGOL_FSR
qmof-04009cb,True,207.11699999999993,-3.2229,120.38999999999999,15.0,6.0,0.0,6.0,3.0,1.0,1.0,EBEWOZ01_FSR
qmof-905149a,True,207.11699999999993,-3.2229,120.38999999999999,15.0,6.0,0.0,6.0,3.0,1.0,1.0,EBEXEQ01_FSR
qmof-3eaeab9,True,336.4030000000001,1.5596,71.28,25.0,8.0,0.0,8.0,8.0,4.0,4.0,EBIBAU_FSR
qmof-2e034c5,True,112.03999999999998,-3.5104,80.25999999999999,8.0,4.0,0.0,4.0,0.0,0.0,0.0,ITICAQ_FSR
qmof-92b7fcd,True,274.45399999999995,5.351200000000004,0.0,18.0,2.0,0.0,2.0,7.0,2.0,2.0,VEDVAC_FSR
qmof-0497f28,True,88.01799999999999,-3.5138000000000003,80.25999999999999,6.0,4.0,0.0,4.0,0.0,0.0,0.0,VAXCIH_FSR
qmof-bdddeb3,True,236.07599999999996,-1.0299999999999998,80.25999999999999,16.0,8.0,0.0,4.0,2.0,1.0,1.0,GONTEK_FSR
qmof-ec69c82,True,122.10299999999997,-0.5549000000000002,53.019999999999996,9.0,3.0,0.0,3.0,1.0,1.0,1.0,JOMWAJ01_FSR
qmof-6d42025,False,,,,,,,,,,,PEGXUU_FSR
qmof-43b545f,False,,,,,,,,,,,PEHCAJ_FSR
qmof-d8d9479,True,279.227,0.4501,159.53,17.0,10.0,0.0,2.0,3.0,1.0,1.0,PEJSII_FSR
qmof-c53b31d,False,,,,,,,,,,,DIYYIW_FSR
qmof-45e3743,False,,,,,,,,,,,JODMOH_FSR
qmof-a1a0c4a,True,331.216,-3.048099999999999,183.47,24.0,10.0,1.0,9.0,4.0,2.0,2.0,JOFDOZ_FSR
qmof-1dffe27,True,222.07799999999997,-1.8236199999999996,80.25999999999999,13.0,5.0,0.0,4.0,1.0,0.0,1.0,GOSMUY_FSR
qmof-1d52386,True,155.089,-1.5286000000000002,106.10999999999999,11.0,6.0,2.0,4.0,2.0,1.0,1.0,VAYSUK_FSR
qmof-6a4604e,True,305.35699999999997,2.3119000000000005,65.91,23.0,4.0,0.0,4.0,4.0,3.0,3.0,OPEPEF_FSR
qmof-40992cf,True,421.3710000000002,-1.7356099999999983,200.37,29.0,14.0,0.0,9.0,7.0,2.0,3.0,ONEHIZ_FSR
qmof-3bc58f6,True,184.24200000000002,2.2618,25.78,14.0,2.0,0.0,2.0,3.0,2.0,2.0,ONIDUL_FSR
qmof-0f63bda,True,460.44600000000014,-0.5115999999999981,146.66,34.0,10.0,0.0,8.0,4.0,3.0,4.0,ONIGUO_FSR
qmof-ca62567,False,,,,,,,,,,,EBANAZ_FSR
qmof-fec6974,True,222.07799999999997,-1.8236199999999996,80.25999999999999,13.0,5.0,0.0,4.0,1.0,0.0,1.0,GOSPEL_FSR
qmof-43264a9,True,279.227,0.4501,159.53,17.0,10.0,0.0,2.0,3.0,1.0,1.0,PEJTAB_FSR
qmof-b76c0ba,True,279.227,0.4501,159.53,17.0,10.0,0.0,2.0,3.0,1.0,1.0,PEJTIJ_FSR
qmof-9af4bae,True,250.11799999999994,-4.859400000000001,160.51999999999998,18.0,8.0,0.0,8.0,4.0,1.0,1.0,BUSQIQ_FSR
qmof-840fe26,True,148.13899999999998,-2.7805999999999997,80.25999999999999,9.0,5.0,0.0,5.0,4.0,0.0,0.0,BUTFEC_FSR
qmof-b52b28a,True,238.19499999999996,-1.747579999999999,98.72,17.0,6.0,0.0,6.0,6.0,1.0,1.0,TITPIW_FSR
qmof-14525b3,True,158.073,1.2030899999999998,68.9,10.0,5.0,1.0,2.0,1.0,0.0,1.0,TIWSOI_FSR
qmof-c3d89c2,False,,,,,,,,,,,PEGMAS_FSR
qmof-4aa2b93,True,169.13099999999997,-0.04560000000000064,49.36,12.0,4.0,0.0,3.0,3.0,1.0,1.0,PEGMEW_FSR
qmof-b4f3ed0,True,164.11599999999996,-1.5864000000000003,80.25999999999999,12.0,4.0,0.0,4.0,2.0,1.0,1.0,BEZXOU01_FSR
qmof-9ca0bbc,True,164.11599999999996,-1.5864000000000003,80.25999999999999,12.0,4.0,0.0,4.0,2.0,1.0,1.0,BEZXOU_FSR
qmof-67c4017,True,164.17200000000003,-0.43020000000000036,61.42,12.0,6.0,0.0,6.0,3.0,2.0,2.0,ISUMAK_FSR
qmof-35dcdc8,True,165.10399999999996,-2.1914,93.15,12.0,5.0,0.0,5.0,2.0,1.0,1.0,IVAZUA01_FSR
qmof-87793bf,True,208.16899999999995,-1.892299999999999,89.49000000000001,15.0,5.0,0.0,5.0,5.0,1.0,1.0,IVEDET01_FSR
qmof-b976080,True,164.11599999999996,-1.5864000000000003,80.25999999999999,12.0,4.0,0.0,4.0,2.0,1.0,1.0,BIFCUP_FSR
qmof-8713184,True,250.11799999999994,-4.859400000000001,160.51999999999998,18.0,8.0,0.0,8.0,4.0,1.0,1.0,VAJYEK01_FSR
qmof-db7b433,True,242.23999999999995,-0.2017100000000005,130.00000000000003,16.0,9.0,1.0,4.0,3.0,1.0,2.0,MASVOT_FSR
qmof-82d634f,True,104.06099999999998,-2.8777,80.25999999999999,7.0,4.0,0.0,4.0,0.0,0.0,0.0,DUZWOM_FSR
qmof-408afd7,True,169.13099999999997,-0.04560000000000064,49.36,12.0,4.0,0.0,3.0,3.0,1.0,1.0,PEGMIA_FSR
qmof-4387803,True,275.10900000000004,-2.6396999999999986,164.07,18.0,10.0,0.0,6.0,2.0,1.0,1.0,OPAFAO_FSR
qmof-71a9211,True,275.10900000000004,-2.6396999999999986,164.07,18.0,10.0,0.0,6.0,2.0,1.0,1.0,OPARII_FSR
qmof-b51f1fa,False,,,,,,,,,,,FEQVAA_FSR
qmof-8ae4999,False,,,,,,,,,,,FETDUE_FSR
qmof-99293e5,True,96.06299999999999,-0.9077999999999999,73.94,5.0,5.0,0.0,2.0,0.0,0.0,0.0,BIJMIT_FSR
qmof-191c415,True,201.17899999999995,1.5848,97.0,13.0,6.0,1.0,1.0,2.0,1.0,1.0,UZAROD_FSR
qmof-ba400b3,False,,,,,,,,,,,UZEGOW_FSR
qmof-f36c793,True,342.3150000000001,-1.6264999999999983,141.68,25.0,10.0,0.0,10.0,6.0,3.0,3.0,IWEYIT_FSR
qmof-ccc608c,True,85.07,-1.2181000000000004,80.47999999999999,6.0,5.0,2.0,4.0,0.0,1.0,1.0,OQOMAK_FSR
qmof-4c8a2eb,True,164.11599999999996,-1.5864000000000003,80.25999999999999,12.0,4.0,0.0,4.0,2.0,1.0,1.0,DUWRET_FSR
qmof-a5b9a8a,True,288.1890000000001,-3.2636999999999983,180.09,19.0,10.0,0.0,6.0,2.0,1.0,1.0,DODPAO_FSR
qmof-dfdcb3c,True,126.09499999999998,-1.9719999999999998,70.84,9.0,5.0,0.0,5.0,2.0,1.0,1.0,PEDVEB_FSR
qmof-ac56f37,True,226.11999999999995,-1.9777999999999996,143.3,16.0,8.0,0.0,6.0,2.0,1.0,1.0,PEFRAV_FSR
qmof-13d0709,True,238.175,-3.432599999999998,133.27999999999997,17.0,7.0,0.0,7.0,3.0,1.0,1.0,PELLAW_FSR
qmof-894b99a,True,164.11599999999996,-1.5864000000000003,80.25999999999999,12.0,4.0,0.0,4.0,2.0,1.0,1.0,PELTOQ_FSR
qmof-32c9b25,True,224.14799999999997,-3.4351999999999983,133.28,16.0,7.0,0.0,7.0,2.0,1.0,1.0,JIWQOW_FSR
qmof-aa92de8,True,328.288,-2.0165999999999977,141.68,24.0,10.0,0.0,10.0,5.0,3.0,3.0,JISKUU_FSR
qmof-3230917,True,218.19600000000003,-1.763999999999998,96.82000000000001,16.0,7.0,0.0,5.0,3.0,1.0,2.0,JISXOB_FSR
qmof-59b3ba5,True,205.19299999999998,-0.020300000000000096,89.04,15.0,5.0,2.0,4.0,2.0,2.0,2.0,TOJBOL_FSR
qmof-8469b3a,False,,,,,,,,,,,FIPXEJ_FSR
qmof-d2f655f,True,448.39500000000015,-0.9219999999999982,178.97999999999996,33.0,12.0,1.0,11.0,7.0,4.0,4.0,PEGJUJ_FSR
qmof-a4aea7c,True,253.12199999999999,-5.705199999999999,173.40999999999997,18.0,9.0,0.0,9.0,2.0,1.0,1.0,PAZWAP_FSR
qmof-6114449,False,,,,,,,,,,,PECZUT_FSR
qmof-0e3bec5,True,155.55999999999995,0.7034999999999999,40.129999999999995,10.0,3.0,0.0,2.0,1.0,1.0,1.0,LOZHUF_FSR
qmof-52ae4af,False,,,,,,,,,,,TIXSUQ_FSR
qmof-8ba1449,True,253.12199999999999,-5.705199999999999,173.40999999999997,18.0,9.0,0.0,9.0,2.0,1.0,1.0,TIZBIP_FSR
qmof-2e7bf46,False,,,,,,,,,,,TIZGAM_FSR
qmof-0e0e075,False,,,,,,,,,,,TIZGEQ_FSR
qmof-6cff79d,False,,,,,,,,,,,BURLEH_FSR
qmof-e704bc8,True,513.4340000000002,1.7465,176.15,38.0,10.0,1.0,9.0,8.0,4.0,4.0,LOZTEB_FSR
qmof-e8f2313,True,165.10399999999996,-2.1914,93.15,12.0,5.0,0.0,5.0,2.0,1.0,1.0,LUCREH_FSR
qmof-a2f1b66,True,202.18099999999998,-0.5190000000000006,122.77000000000001,15.0,8.0,0.0,4.0,2.0,1.0,2.0,LOSGEH_FSR
qmof-7704324,True,372.406,2.568500000000001,109.58000000000001,26.0,9.0,0.0,6.0,4.0,4.0,4.0,DOHFOW_FSR
qmof-b2fbb84,True,402.41,0.5897999999999983,115.89999999999999,30.0,8.0,0.0,8.0,6.0,4.0,4.0,PAYTUG_FSR
qmof-c992d6c,True,165.10399999999996,-2.1914,93.15,12.0,5.0,0.0,5.0,2.0,1.0,1.0,PAYVES_FSR
qmof-5a40d68,True,80.08999999999999,0.47659999999999986,25.78,6.0,2.0,0.0,2.0,0.0,1.0,1.0,PAZKEG_FSR
qmof-79bb52e,True,88.01799999999999,-3.5138000000000003,80.25999999999999,6.0,4.0,0.0,4.0,0.0,0.0,0.0,TOKCUT_FSR
qmof-5ea429e,True,187.19499999999994,-2.413299999999998,83.5,13.0,5.0,0.0,5.0,4.0,0.0,0.0,BUIMCR10_FSR
qmof-c755896,True,253.12199999999999,-5.705199999999999,173.40999999999997,18.0,9.0,0.0,9.0,2.0,1.0,1.0,TOVDOZ_FSR
qmof-9902b33,True,303.33900000000006,0.7793199999999993,88.37,21.0,6.0,0.0,4.0,5.0,2.0,2.0,TOVYEK_FSR
qmof-16a389f,False,,,,,,,,,,,OQOGUX_FSR
qmof-96931f7,False,,,,,,,,,,,MARXIN_FSR
qmof-d12d16b,True,224.16799999999995,-2.055999999999999,98.72,16.0,6.0,0.0,6.0,6.0,1.0,1.0,FETMOH_FSR
qmof-726d8e4,True,126.10300000000001,-2.4499000000000004,115.42999999999999,9.0,7.0,1.0,4.0,0.0,1.0,1.0,MAQKUN_FSR
qmof-6262763,True,168.14799999999997,-1.9313999999999985,80.25999999999999,12.0,4.0,0.0,4.0,2.0,0.0,1.0,BINNOC_FSR
qmof-3f53bbd,False,,,,,,,,,,,UYEWEB_FSR
qmof-b1b8601,True,164.11599999999996,-1.5864000000000003,80.25999999999999,12.0,4.0,0.0,4.0,2.0,1.0,1.0,GUWGUB_FSR
qmof-1f7045e,True,202.12199999999999,-5.2814,138.46,14.0,8.0,2.0,6.0,4.0,0.0,0.0,TUFHUY_FSR
qmof-b86fd8c,True,227.176,-3.158899999999999,129.25,16.0,8.0,1.0,6.0,3.0,1.0,1.0,IXUWUV_FSR
qmof-0a86756,True,168.10799999999998,-2.8529,98.08,12.0,6.0,0.0,6.0,2.0,1.0,1.0,IXUXAC_FSR
qmof-6bc1251,True,88.01799999999999,-3.5138000000000003,80.25999999999999,6.0,4.0,0.0,4.0,0.0,0.0,0.0,DUQCAU01_FSR
qmof-71f390e,True,259.16900000000004,-1.8416000000000001,168.27,19.0,12.0,0.0,10.0,2.0,1.0,3.0,DUQSEO_FSR
qmof-5d78f06,True,96.11299999999999,0.3562,38.82,7.0,3.0,0.0,2.0,1.0,0.0,1.0,OSIWOD01_FSR
qmof-00892f2,True,116.07199999999999,-2.733599999999999,80.25999999999999,8.0,4.0,0.0,4.0,3.0,0.0,0.0,LUFBAR_FSR
qmof-9f30221,True,566.6140000000001,2.8278,134.36,42.0,10.0,0.0,10.0,13.0,5.0,5.0,BUCWED_FSR
qmof-77d0e7b,True,422.4160000000001,3.0382000000000016,138.0,32.0,12.0,0.0,10.0,4.0,4.0,6.0,GOXBOM_FSR
qmof-cd300fd,True,164.11599999999996,-1.5864000000000003,80.25999999999999,12.0,4.0,0.0,4.0,2.0,1.0,1.0,GOYLUB_FSR
qmof-bc0c3a3,True,136.13,-0.6260000000000008,53.019999999999996,10.0,3.0,0.0,3.0,2.0,1.0,1.0,GUWNIW_FSR
qmof-68a8225,True,256.166,-5.755399999999998,160.51999999999998,18.0,8.0,0.0,8.0,4.0,0.0,1.0,GUXTEZ_FSR
qmof-08dbb32,True,366.468,5.099440000000004,35.64,28.0,4.0,0.0,4.0,4.0,5.0,5.0,UXOLAW_FSR
qmof-d0264ec,False,,,,,,,,,,,IWOWAS_FSR
qmof-e31f193,False,,,,,,,,,,,IXEFAT_FSR
qmof-68bc391,True,174.94899999999998,0.6230999999999998,133.64,9.0,9.0,0.0,2.0,0.0,0.0,0.0,DUVLOX_FSR
qmof-8e441aa,True,165.10399999999996,-2.1914,93.15,12.0,5.0,0.0,5.0,2.0,1.0,1.0,DUVMIR_FSR
qmof-b9cf90b,True,122.10299999999997,-0.5549000000000002,53.019999999999996,9.0,3.0,0.0,3.0,1.0,1.0,1.0,GUBSAZ_FSR
qmof-aa67299,True,204.16900000000004,-1.5149999999999997,96.62,15.0,7.0,0.0,7.0,3.0,2.0,2.0,DOPLEB_FSR
qmof-72750b2,True,99.09700000000001,-1.2077000000000002,69.62,7.0,5.0,1.0,5.0,0.0,1.0,1.0,DOPTIM_FSR
qmof-70d8452,True,110.14,0.7463,38.82,8.0,3.0,0.0,2.0,2.0,0.0,1.0,OSIXOE_FSR
qmof-43b5c02,False,,,,,,,,,,,OSUZUZ_FSR
qmof-aa6858c,True,356.34200000000016,-1.6271899999999988,140.67000000000002,26.0,10.0,0.0,9.0,6.0,2.0,3.0,MAQYUA_FSR
qmof-04bc54b,True,220.28,0.5119799999999999,59.400000000000006,16.0,6.0,0.0,4.0,7.0,0.0,2.0,MAQZAH_FSR
qmof-9369b89,True,370.36900000000014,-1.546199999999998,139.66,27.0,10.0,0.0,8.0,7.0,1.0,3.0,MAQZEL_FSR
qmof-2740627,True,260.1979999999999,-4.686999999999998,160.51999999999998,18.0,8.0,0.0,8.0,8.0,0.0,0.0,MAQZIP_FSR
qmof-9ac831b,True,144.126,-1.9533999999999987,80.25999999999999,10.0,4.0,0.0,4.0,5.0,0.0,0.0,MAQZUB01_FSR
qmof-755b963,True,423.4960000000001,3.471400000000002,91.69,32.0,6.0,0.0,6.0,4.0,4.0,5.0,MANMOE_FSR
qmof-319e5df,True,199.61299999999997,0.8571999999999995,49.36,13.0,4.0,0.0,3.0,3.0,1.0,1.0,MAPFIU_FSR
qmof-9fe0cdb,True,165.10399999999996,-2.1914,93.15,12.0,5.0,0.0,5.0,2.0,1.0,1.0,UTEXOH_FSR
qmof-6f8a3fc,True,139.10499999999996,0.18919999999999992,40.129999999999995,10.0,3.0,0.0,2.0,1.0,1.0,1.0,UTUPEF_FSR
qmof-a956203,True,376.4120000000001,0.5331999999999997,106.03999999999999,28.0,6.0,0.0,6.0,7.0,3.0,3.0,DUWJAI_FSR
qmof-e0ac9d9,True,310.17900000000003,1.5836000000000001,64.61000000000001,19.0,9.0,0.0,7.0,4.0,0.0,6.0,IXOVUM_FSR
qmof-885c8fc,True,164.11599999999996,-1.5864000000000003,80.25999999999999,12.0,4.0,0.0,4.0,2.0,1.0,1.0,LUKHEE01_FSR
qmof-50a1922,True,400.3940000000001,1.2038,100.54,30.0,8.0,0.0,6.0,2.0,2.0,7.0,PATQIM_FSR
qmof-0f2bdcf,True,270.292,0.40919999999999895,83.98,20.0,6.0,2.0,4.0,4.0,2.0,2.0,PAVREK_FSR
qmof-8d056ff,True,281.29499999999996,0.5396999999999996,75.77,21.0,6.0,0.0,6.0,5.0,3.0,3.0,PARWIQ_FSR
qmof-d062e47,True,310.25399999999996,2.7326000000000015,35.64,22.0,8.0,0.0,4.0,4.0,3.0,3.0,DOJNAT_FSR
qmof-0caf677,False,,,,,,,,,,,DOJWAB_FSR
qmof-314722e,True,130.099,-2.343499999999999,80.25999999999999,9.0,4.0,0.0,4.0,4.0,0.0,0.0,JIMYEK_FSR
qmof-4b930c1,True,314.2610000000001,-2.677319999999998,139.66,23.0,10.0,0.0,8.0,4.0,1.0,3.0,IXOTEV_FSR
qmof-a0490fe,True,204.16900000000004,-1.5149999999999997,96.62,15.0,7.0,0.0,7.0,3.0,2.0,2.0,UQILAJ_FSR
qmof-215da5f,False,,,,,,,,,,,USAWUH_FSR
qmof-fced5a2,False,,,,,,,,,,,OVIJAF_FSR
qmof-034e9af,False,,,,,,,,,,,OVUNID_FSR
qmof-5ac24ac,False,,,,,,,,,,,UBOVUE_FSR
qmof-7f951dc,True,260.118,-2.268209999999998,149.16,17.0,9.0,1.0,6.0,2.0,0.0,1.0,TUYKUU_FSR
qmof-5e1817a,True,243.26399999999998,-2.083599999999998,89.54,16.0,7.0,1.0,5.0,2.0,0.0,2.0,BUBSOI_FSR
qmof-6fd66b2,True,306.32200000000006,-1.1735999999999984,115.9,22.0,8.0,0.0,8.0,8.0,2.0,2.0,GOZTIA_FSR
qmof-c094bf3,True,150.145,-0.6246000000000005,61.42,11.0,6.0,0.0,6.0,2.0,2.0,2.0,LUNVUL_FSR
qmof-8615dad,True,140.093,-0.41580000000000006,53.019999999999996,10.0,4.0,0.0,3.0,1.0,1.0,1.0,LUPCIK_FSR
qmof-52da6bd,True,236.07599999999996,-1.0299999999999998,80.25999999999999,16.0,8.0,0.0,4.0,2.0,1.0,1.0,PAMHAO_FSR
qmof-d5e2e67,True,204.14099999999996,-1.7101000000000002,108.94,15.0,6.0,1.0,5.0,2.0,2.0,2.0,BOVQUZ_FSR
qmof-2ad2677,True,165.10399999999996,-2.1914,93.15,12.0,5.0,0.0,5.0,2.0,1.0,1.0,BOXMAE_FSR
qmof-f73f181,True,125.10699999999997,-1.367,57.949999999999996,9.0,4.0,0.0,4.0,2.0,1.0,1.0,JEXSAH01_FSR
qmof-285da54,True,125.10699999999997,-1.367,57.949999999999996,9.0,4.0,0.0,4.0,2.0,1.0,1.0,JEXSEL_FSR
qmof-6bd0d59,True,122.10299999999997,-0.5549000000000002,53.019999999999996,9.0,3.0,0.0,3.0,1.0,1.0,1.0,OVAJAX_FSR
qmof-0f2fd5f,True,207.11699999999993,-3.2229,120.38999999999999,15.0,6.0,0.0,6.0,3.0,1.0,1.0,FEZBUI_FSR
qmof-3074f36,True,140.19,-1.0197999999999992,12.96,10.0,4.0,0.0,4.0,0.0,0.0,4.0,BODJIN01_FSR
qmof-ace4b80,True,470.3920000000002,-1.1597100000000005,160.9,34.0,13.0,1.0,10.0,7.0,3.0,4.0,GUSFAC_FSR
qmof-e5b7187,True,278.26800000000003,-1.9537999999999978,115.9,20.0,8.0,0.0,8.0,5.0,2.0,2.0,IYESAI_FSR
qmof-72726e2,True,126.08300000000001,-2.2405,135.9,9.0,8.0,1.0,4.0,0.0,0.0,1.0,FIBJAE_FSR
qmof-20616d3,True,58.085,0.66498,23.79,3.0,2.0,0.0,1.0,0.0,0.0,0.0,FIBKIL_FSR
qmof-771df3f,False,,,,,,,,,,,FINYOS_FSR
qmof-e327b51,False,,,,,,,,,,,FINYUY_FSR
qmof-fd5d0f6,True,208.12499999999994,-1.8881999999999994,117.56,15.0,6.0,1.0,5.0,3.0,1.0,1.0,OWEZEW01_FSR
qmof-0a65495,True,168.076,-2.2862,127.0,12.0,10.0,0.0,8.0,1.0,2.0,2.0,DOQLOM_FSR
qmof-ac05bde,False,,,,,,,,,,,DOQMAX_FSR
qmof-91931bc,False,,,,,,,,,,,DOQMEB_FSR
qmof-4491693,True,66.043,-0.44704000000000005,61.68,5.0,3.0,0.0,2.0,0.0,0.0,0.0,FIJROG_FSR
qmof-610a5df,True,131.158,1.986,26.46,10.0,2.0,0.0,1.0,0.0,1.0,2.0,FIKXUU_FSR
qmof-6c57850,True,59.044,-1.2438,40.129999999999995,4.0,2.0,0.0,2.0,0.0,0.0,0.0,UDULOW_FSR
qmof-b34bf6d,True,59.044,-1.2438,40.129999999999995,4.0,2.0,0.0,2.0,0.0,0.0,0.0,UDULUC_FSR
qmof-1182ebe,True,59.044,-1.2438,40.129999999999995,4.0,2.0,0.0,2.0,0.0,0.0,0.0,UDUMIR_FSR
qmof-bb65d94,True,396.4470000000001,0.6129000000000011,115.89999999999999,29.0,8.0,0.0,8.0,10.0,3.0,3.0,DULCIY_FSR
qmof-036e2cc,True,204.14099999999996,-1.7101000000000002,108.94,15.0,6.0,1.0,5.0,2.0,2.0,2.0,DULVEM_FSR
qmof-33553b3,True,127.083,-2.577,83.73,9.0,6.0,0.0,6.0,2.0,1.0,1.0,DULWIR_FSR
qmof-6058f17,True,88.01799999999999,-3.5138000000000003,80.25999999999999,6.0,4.0,0.0,4.0,0.0,0.0,0.0,JACJIH_FSR
qmof-96d0200,True,45.016999999999996,-1.6339000000000001,40.129999999999995,3.0,2.0,0.0,2.0,0.0,0.0,0.0,UNOCOQ03_FSR
qmof-f5d6474,True,45.016999999999996,-1.6339000000000001,40.129999999999995,3.0,2.0,0.0,2.0,0.0,0.0,0.0,UNOCOQ04_FSR
qmof-9c49b78,True,178.327,2.13138,23.79,9.0,4.0,0.0,3.0,0.0,0.0,1.0,UCOCEU_FSR
qmof-e877969,True,59.044,-1.2438,40.129999999999995,4.0,2.0,0.0,2.0,0.0,0.0,0.0,UDUJUA_FSR
qmof-1789c58,True,59.044,-1.2438,40.129999999999995,4.0,2.0,0.0,2.0,0.0,0.0,0.0,UDUKEL_FSR
qmof-7d219c0,True,59.044,-1.2438,40.129999999999995,4.0,2.0,0.0,2.0,0.0,0.0,0.0,UDUKIP_FSR
qmof-94c8e57,True,59.044,-1.2438,40.129999999999995,4.0,2.0,0.0,2.0,0.0,0.0,0.0,UDULAI_FSR
qmof-8372ff0,True,59.044,-1.2438,40.129999999999995,4.0,2.0,0.0,2.0,0.0,0.0,0.0,UDULEM_FSR
qmof-96c4801,True,324.31699999999995,-0.1407000000000007,80.25999999999999,19.0,10.0,0.0,6.0,7.0,0.0,0.0,MAJDIM_FSR
qmof-2c17849,True,224.21599999999998,-2.682599999999997,132.29999999999998,16.0,6.0,2.0,6.0,3.0,1.0,1.0,UMEZUH_FSR
qmof-95529aa,True,26.018,0.09637,23.79,2.0,1.0,0.0,1.0,0.0,0.0,0.0,MAFVOG_FSR
qmof-6ff2850,False,,,,,,,,,,,DUBWIH02_FSR
qmof-5275c6d,True,88.01799999999999,-3.5138000000000003,80.25999999999999,6.0,4.0,0.0,4.0,0.0,0.0,0.0,DUCQAU_FSR
qmof-b7ca6ca,True,184.08099999999996,-4.421600000000001,154.2,11.0,9.0,0.0,6.0,0.0,0.0,0.0,DUFROM_FSR
qmof-6e3ecc7,False,,,,,,,,,,,UPIYAU_FSR
qmof-efb1a27,True,188.146,-0.30310000000000015,91.31,14.0,6.0,0.0,5.0,2.0,1.0,2.0,BIZVEM_FSR
qmof-1de40a5,False,,,,,,,,,,,BOFCEG_FSR
qmof-4e4871b,True,122.10299999999997,-0.5549000000000002,53.019999999999996,9.0,3.0,0.0,3.0,1.0,1.0,1.0,BOFWUQ_FSR
qmof-c9c0b8e,True,200.01099999999997,0.8125999999999999,40.129999999999995,10.0,3.0,0.0,2.0,1.0,1.0,1.0,DUJWIP_FSR
qmof-74b0bf9,True,295.12,-2.2738000000000005,120.38999999999999,20.0,10.0,0.0,6.0,2.0,1.0,1.0,BOVHIF_FSR
qmof-ef677d6,True,115.06399999999998,-1.6228999999999998,77.42999999999999,8.0,4.0,1.0,3.0,2.0,0.0,0.0,GUDDUF_FSR
qmof-a1541db,True,231.136,-1.9110999999999994,152.02999999999997,16.0,8.0,3.0,5.0,4.0,0.0,0.0,GUDFER_FSR
qmof-3384f34,True,115.06399999999998,-1.6228999999999998,77.42999999999999,8.0,4.0,1.0,3.0,2.0,0.0,0.0,GUDFIV_FSR
qmof-b115514,True,205.11099999999993,0.9487,49.36,14.0,6.0,0.0,3.0,2.0,1.0,1.0,LUSDOS_FSR
qmof-311f3ba,True,164.11599999999996,-1.5864000000000003,80.25999999999999,12.0,4.0,0.0,4.0,2.0,1.0,1.0,LUWSOL_FSR
qmof-14cf349,True,208.10499999999996,-3.8278999999999996,133.28,15.0,7.0,0.0,7.0,3.0,1.0,1.0,DUHFIW_FSR
qmof-e8229f5,True,140.21099999999998,1.54696,47.58,9.0,3.0,0.0,3.0,4.0,0.0,0.0,JAMQUK_FSR
qmof-41d1d42,True,364.45200000000006,4.715200000000004,51.56,28.0,4.0,0.0,4.0,4.0,4.0,5.0,LUYMOJ_FSR
qmof-3a184d1,True,270.34,1.5741999999999998,61.42,20.0,6.0,0.0,6.0,2.0,2.0,6.0,LUYRII_FSR
qmof-bcca6b0,True,60.09999999999999,-1.0962,52.04,4.0,2.0,2.0,2.0,1.0,0.0,0.0,LUZYUA_FSR
qmof-0ca8ad2,True,133.03499999999997,-5.1476999999999995,120.38999999999999,9.0,6.0,0.0,6.0,0.0,0.0,0.0,PAGFAH_FSR
qmof-c61e5e0,True,88.01799999999999,-3.5138000000000003,80.25999999999999,6.0,4.0,0.0,4.0,0.0,0.0,0.0,PAGQEU_FSR
qmof-dd93e1c,True,88.01799999999999,-3.5138000000000003,80.25999999999999,6.0,4.0,0.0,4.0,0.0,0.0,0.0,PAGQIY_FSR
qmof-b23bc95,True,318.384,2.4210000000000003,53.46,24.0,6.0,0.0,6.0,6.0,4.0,4.0,UFEVOR_FSR
qmof-c64d9f3,True,59.044,-1.2438,40.129999999999995,4.0,2.0,0.0,2.0,0.0,0.0,0.0,UDUJIO_FSR
qmof-f1b9a8e,True,217.184,2.346,36.97,15.0,3.0,0.0,1.0,2.0,2.0,2.0,DPPOPB10_FSR
qmof-0984968,True,236.07599999999994,-1.0300000000000002,80.25999999999999,16.0,8.0,0.0,4.0,2.0,1.0,1.0,LUWYAE_FSR
qmof-0b5d3a8,False,,,,,,,,,,,GUJFUM_FSR
qmof-f57a76b,True,164.11599999999996,-1.5864000000000003,80.25999999999999,12.0,4.0,0.0,4.0,2.0,1.0,1.0,BOJYIK_FSR
qmof-7aa13cf,True,253.348,1.1109999999999998,43.370000000000005,16.0,5.0,0.0,3.0,5.0,1.0,1.0,BOLFUE_FSR
qmof-2eac1e9,True,298.37,-0.7638000000000005,80.25999999999999,21.0,5.0,0.0,4.0,4.0,2.0,2.0,BOLPIC_FSR
qmof-a0b6754,True,68.059,-0.42400000000000004,38.82,5.0,3.0,0.0,2.0,0.0,0.0,1.0,UGUJOW01_FSR
qmof-80be73f,True,243.17199999999994,-1.3864,139.95999999999998,16.0,8.0,0.0,4.0,3.0,1.0,1.0,JAWDUJ01_FSR
qmof-75cd97a,True,538.6480000000003,3.5348400000000018,115.9,40.0,8.0,0.0,8.0,11.0,5.0,5.0,JAXCET_FSR
qmof-c2f4aa8,True,288.21500000000003,-1.3811000000000004,124.5,21.0,8.0,0.0,8.0,6.0,2.0,2.0,FIHLEP01_FSR
qmof-8bea158,True,132.071,-3.4971999999999994,89.49000000000001,9.0,5.0,0.0,5.0,4.0,0.0,0.0,PADROD01_FSR
qmof-c499b62,True,111.07599999999996,-0.3569000000000001,53.269999999999996,8.0,3.0,0.0,3.0,1.0,1.0,1.0,DOWYET_FSR
qmof-1d6527e,True,164.11599999999996,-1.5864000000000003,80.25999999999999,12.0,4.0,0.0,4.0,2.0,1.0,1.0,PACWIA_FSR
qmof-38d84a5,True,164.11599999999996,-1.5864000000000003,80.25999999999999,12.0,4.0,0.0,4.0,2.0,1.0,1.0,PACXEX_FSR
qmof-e08aa2c,True,148.169,0.5853999999999999,35.64,11.0,4.0,0.0,4.0,2.0,2.0,2.0,PADCUU_FSR
qmof-14fa587,True,148.169,0.5853999999999999,35.64,11.0,4.0,0.0,4.0,2.0,2.0,2.0,PADDEF_FSR
qmof-3ab012a,True,187.091,1.1266,89.99,12.0,6.0,1.0,3.0,2.0,1.0,1.0,NAQBUD_FSR
qmof-23432b4,False,,,,,,,,,,,KUCTIM_FSR
qmof-0ee370f,True,140.07399999999998,-2.86123,104.05,10.0,5.0,0.0,5.0,2.0,0.0,0.0,KUDLAY_FSR
qmof-ceeff8a,False,,,,,,,,,,,KUDNIH_FSR
qmof-10609b1,False,,,,,,,,,,,KULCOL_FSR
qmof-792627f,True,88.01799999999999,-3.5138000000000003,80.25999999999999,6.0,4.0,0.0,4.0,0.0,0.0,0.0,RABNEP_FSR
qmof-3a1574d,True,134.14199999999997,0.36478999999999995,51.18,10.0,4.0,0.0,3.0,0.0,0.0,2.0,RABVOF04_FSR
qmof-c040ab5,True,217.184,2.346,36.97,15.0,3.0,0.0,1.0,2.0,2.0,2.0,NAGKAH_FSR
qmof-29aefb0,False,,,,,,,,,,,NAASCB01_FSR
qmof-9d735a6,True,336.12000000000006,-8.1324,240.77999999999997,24.0,12.0,0.0,12.0,6.0,1.0,1.0,NACKUZ_FSR
qmof-e024f70,True,305.57800000000003,3.6918000000000024,3.24,18.0,4.0,0.0,4.0,0.0,0.0,3.0,AHEBOE_FSR
qmof-741f030,True,408.33200000000016,-2.4932099999999995,197.33999999999997,27.0,13.0,2.0,9.0,7.0,2.0,2.0,AHONUG_FSR
qmof-de1875e,True,26.018,0.09637,23.79,2.0,1.0,0.0,1.0,0.0,0.0,0.0,YIHVUJ_FSR
qmof-d5e7f66,True,213.14900000000003,1.4952,74.27,14.0,5.0,1.0,2.0,4.0,1.0,1.0,YIVWEH_FSR
qmof-2023658,True,164.11599999999996,-1.5864000000000003,80.25999999999999,12.0,4.0,0.0,4.0,2.0,1.0,1.0,AFOSIY_FSR
qmof-f9d2ea9,True,170.215,2.0674,25.78,13.0,2.0,0.0,2.0,2.0,2.0,2.0,HIYPIO01_FSR
qmof-7943fa6,True,122.10299999999997,-0.5549000000000002,53.019999999999996,9.0,3.0,0.0,3.0,1.0,1.0,1.0,ACUBOP01_FSR
qmof-5d009d5,True,238.29399999999998,2.1761999999999997,35.64,18.0,4.0,0.0,4.0,4.0,3.0,3.0,ADUVAX_FSR
qmof-b8ef732,True,968.873,-0.36919999999999353,305.39,71.0,19.0,0.0,19.0,28.0,6.0,6.0,ADODUU_FSR
qmof-bc3f92f,True,968.873,-0.36919999999999353,305.39,71.0,19.0,0.0,19.0,28.0,6.0,6.0,ADODOO_FSR
qmof-9eeead2,True,968.873,-0.36919999999999353,305.39,71.0,19.0,0.0,19.0,28.0,6.0,6.0,ADODII_FSR
qmof-740601d,False,,,,,,,,,,,GAKTAO_FSR
qmof-3274cd8,False,,,,,,,,,,,YOKQAR_FSR
qmof-537df4e,False,,,,,,,,,,,YOFMOW_FSR
qmof-9c7b613,True,164.11599999999996,-1.5864000000000003,80.25999999999999,12.0,4.0,0.0,4.0,2.0,1.0,1.0,HIZQEN01_FSR
qmof-ac050b9,True,551.6840000000001,-8.311209999999994,310.7099999999999,35.0,17.0,0.0,12.0,6.0,2.0,3.0,EXOKOR01_FSR
qmof-c775fd7,True,183.14299999999994,-3.3057099999999986,86.74,13.0,6.0,0.0,6.0,4.0,0.0,1.0,MUZTOS_FSR
qmof-cdebfa4,True,441.4410000000002,1.2654999999999998,165.74,31.0,10.0,0.0,6.0,7.0,3.0,3.0,NADCUS_FSR
qmof-1fe23f7,False,,,,,,,,,,,ABXALA01_FSR
qmof-92305e2,True,204.16900000000004,-1.5149999999999997,96.62,15.0,7.0,0.0,7.0,3.0,2.0,2.0,YOXJIG_FSR
qmof-07d3562,True,244.17999999999995,-0.051700000000000024,137.12999999999997,16.0,8.0,1.0,3.0,3.0,1.0,1.0,ABIVOY_FSR
qmof-b51332f,False,,,,,,,,,,,YITMAQ01_FSR
qmof-704a813,False,,,,,,,,,,,HOMDUJ_FSR
qmof-9b03351,False,,,,,,,,,,,ACIKAA_FSR
qmof-218da26,True,156.07699999999997,1.3659999999999999,56.87,10.0,4.0,0.0,1.0,1.0,1.0,1.0,IFUGAT_FSR
qmof-ed82416,True,234.27799999999996,-0.060699999999999754,82.38,14.0,7.0,0.0,4.0,3.0,1.0,1.0,XAMXOY_FSR
qmof-fc03278,False,,,,,,,,,,,QUVFAQ_FSR
qmof-97e3dd9,False,,,,,,,,,,,SONPAM_FSR
qmof-4dc80e6,True,253.12199999999999,-5.705199999999999,173.40999999999997,18.0,9.0,0.0,9.0,2.0,1.0,1.0,XIPTIA_FSR
qmof-9714d1f,False,,,,,,,,,,,MOLVAL_FSR
qmof-84c7abb,True,88.01799999999999,-3.5138000000000003,80.25999999999999,6.0,4.0,0.0,4.0,0.0,0.0,0.0,RODPIK_FSR
qmof-041dd8f,True,130.099,-2.343499999999999,80.25999999999999,9.0,4.0,0.0,4.0,4.0,0.0,0.0,FUMCUL_FSR
qmof-3748101,False,,,,,,,,,,,WAZXIH_FSR
qmof-9fd5c7a,True,134.16199999999998,0.6366700000000001,62.699999999999996,10.0,3.0,1.0,3.0,1.0,1.0,1.0,DEYXUC_FSR
qmof-099fb71,False,,,,,,,,,,,LIVNEJ_FSR
qmof-4804357,False,,,,,,,,,,,KADSAL_FSR
qmof-ad070be,True,224.45,2.0103,40.129999999999995,12.0,5.0,0.0,2.0,1.0,1.0,1.0,POMMAG_FSR
qmof-0036445,True,315.178,1.4173999999999998,114.73,20.0,8.0,3.0,2.0,2.0,2.0,2.0,JEBLEI_FSR
qmof-1186aa1,True,253.12199999999999,-5.705199999999999,173.40999999999997,18.0,9.0,0.0,9.0,2.0,1.0,1.0,MUXHIW01_FSR
qmof-45eff1d,True,253.12199999999999,-5.705199999999999,173.40999999999997,18.0,9.0,0.0,9.0,2.0,1.0,1.0,MUXHUI01_FSR
qmof-ac16c28,False,,,,,,,,,,,MUYGOE_FSR
qmof-b4ae596,True,213.14900000000003,1.4952,74.27,14.0,5.0,1.0,2.0,4.0,1.0,1.0,EXOKOS_FSR
qmof-5c4e179,True,88.01799999999999,-3.5138000000000003,80.25999999999999,6.0,4.0,0.0,4.0,0.0,0.0,0.0,QUVGUK_FSR
qmof-a07cb94,False,,,,,,,,,,,CIJVOH_FSR
qmof-9e74cf8,True,130.099,-2.343499999999999,80.25999999999999,9.0,4.0,0.0,4.0,4.0,0.0,0.0,CIJZOM_FSR
qmof-ee71122,True,300.3140000000001,-0.47179999999999933,106.03999999999999,22.0,6.0,0.0,6.0,6.0,2.0,2.0,KEXKEF_FSR
qmof-a32d237,True,112.03999999999998,-3.5104,80.25999999999999,8.0,4.0,0.0,4.0,0.0,0.0,0.0,DAYMAS_FSR
qmof-c80c803,False,,,,,,,,,,,ACISOW_FSR
qmof-cd10167,True,186.21400000000003,1.5583,46.010000000000005,14.0,3.0,1.0,3.0,2.0,2.0,2.0,YOQMEY_FSR
qmof-f4464ff,True,155.069,-4.503209999999999,118.75,11.0,7.0,1.0,6.0,2.0,0.0,1.0,NACYEX_FSR
qmof-9b6ccd4,False,,,,,,,,,,,DOZBOK_FSR
qmof-4697823,True,151.14099999999996,0.05869999999999986,49.36,11.0,3.0,0.0,3.0,2.0,1.0,1.0,DOZCIE_FSR
qmof-da83f4c,False,,,,,,,,,,,YOFMEM_FSR
qmof-23da69c,True,154.14899999999997,-1.9705999999999992,94.83,11.0,5.0,2.0,4.0,3.0,1.0,1.0,UMOTEW_FSR
qmof-2019dbf,True,132.16400000000002,-1.6012,52.16,8.0,4.0,1.0,4.0,1.0,0.0,1.0,UNABAN_FSR
qmof-6c9e6ff,True,131.08699999999996,-3.7963999999999993,106.27999999999999,9.0,5.0,1.0,5.0,3.0,0.0,0.0,BOJKAM01_FSR
qmof-5c3e66d,True,206.185,-1.7271999999999987,88.66000000000001,15.0,7.0,0.0,7.0,4.0,2.0,2.0,NAFTUM_FSR
qmof-0f5c195,True,140.12199999999999,-1.4109999999999998,70.84,10.0,5.0,0.0,5.0,2.0,1.0,1.0,MUVSAZ_FSR
qmof-e9351eb,False,,,,,,,,,,,CUGFAN01_FSR
qmof-abf5294,False,,,,,,,,,,,CUGFOB_FSR
qmof-166d55f,True,268.296,0.9117799999999994,89.7,20.0,5.0,0.0,5.0,4.0,2.0,2.0,QUYGUO_FSR
qmof-192c920,True,204.08999999999995,-6.247399999999999,160.51999999999998,14.0,8.0,0.0,8.0,3.0,0.0,0.0,HOQLIJ_FSR
qmof-f9b12ee,True,420.0360000000001,3.0238000000000014,228.14,24.0,16.0,2.0,4.0,6.0,1.0,1.0,DUGPUR_FSR
qmof-f55c6c1,False,,,,,,,,,,,FIDTIX_FSR
qmof-6210d13,True,174.224,-0.9666299999999979,94.28999999999999,12.0,5.0,2.0,5.0,7.0,0.0,0.0,BOVGUQ_FSR
qmof-326b951,True,126.09499999999998,-1.9719999999999998,70.84,9.0,5.0,0.0,5.0,2.0,1.0,1.0,UFETAB01_FSR
qmof-4029d91,True,131.087,-3.924199999999999,92.28999999999999,9.0,5.0,1.0,5.0,4.0,0.0,0.0,MUSPAR_FSR
qmof-0246e2a,True,54.071999999999996,0.73417,23.79,4.0,1.0,0.0,1.0,0.0,0.0,0.0,HIYNUZ_FSR
qmof-4e25873,True,185.996,1.0945999999999998,113.74000000000001,10.0,8.0,0.0,2.0,3.0,0.0,0.0,YIKBOM_FSR
qmof-ac79fd0,True,198.218,-1.071299999999999,80.25999999999999,14.0,4.0,0.0,4.0,2.0,0.0,1.0,DORFIA_FSR
qmof-462a448,True,170.164,-1.7073999999999987,80.25999999999999,12.0,4.0,0.0,4.0,2.0,0.0,1.0,AVUWOF_FSR
qmof-4f9cb23,False,,,,,,,,,,,DAYTIJ_FSR
qmof-871da53,False,,,,,,,,,,,NOHHEY_FSR
qmof-dc65042,False,,,,,,,,,,,IFIVOL_FSR
qmof-7b32a82,False,,,,,,,,,,,IFIWIE_FSR
qmof-8144aa6,True,242.23499999999996,-4.143499999999996,93.22,17.0,8.0,0.0,8.0,2.0,0.0,4.0,SANBOZ_FSR
qmof-b8d9911,True,167.99699999999999,-3.2766999999999995,137.13,10.0,8.0,0.0,5.0,0.0,0.0,0.0,MOCJIY_FSR
qmof-40ada08,False,,,,,,,,,,,FAPZUU_FSR
qmof-270e6b4,True,153.00599999999997,-3.4255999999999998,117.22999999999999,9.0,7.0,0.0,5.0,0.0,0.0,0.0,XECLID_FSR
qmof-eb6295d,True,184.24200000000002,2.2618,25.78,14.0,2.0,0.0,2.0,3.0,2.0,2.0,GUBVUW_FSR
qmof-a7453c3,True,125.17499999999997,0.23189999999999955,43.84,9.0,3.0,1.0,3.0,3.0,1.0,1.0,FIBMIO_FSR
qmof-7494173,True,202.261,3.9598800000000027,49.44,15.0,4.0,0.0,4.0,2.0,0.0,2.0,DUKXAK_FSR
qmof-5465dee,True,127.934,-0.45999999999999996,40.129999999999995,6.0,4.0,0.0,2.0,1.0,0.0,0.0,YERZIF_FSR
qmof-bcbd585,True,177.18099999999998,-3.4532999999999996,106.27999999999999,11.0,6.0,1.0,6.0,5.0,0.0,0.0,NAMDAH_FSR
qmof-a569078,True,84.122,0.38760000000000006,24.72,6.0,2.0,0.0,2.0,3.0,0.0,0.0,JADRUC_FSR
qmof-06bf898,False,,,,,,,,,,,RAHKAO_FSR
qmof-b39b9e5,False,,,,,,,,,,,RAHQAV_FSR
qmof-f295c03,False,,,,,,,,,,,RAHQEZ_FSR
qmof-133c36e,False,,,,,,,,,,,RAHQID_FSR
qmof-ad0971f,True,220.141,-0.5401,100.24000000000001,14.0,7.0,0.0,4.0,3.0,0.0,1.0,KUQWIE_FSR
qmof-f99af63,True,292.306,3.775170000000003,100.61999999999999,22.0,8.0,0.0,7.0,4.0,0.0,4.0,DUKXOY_FSR
qmof-c330c01,True,26.018,0.09637,23.79,2.0,1.0,0.0,1.0,0.0,0.0,0.0,DULNAA_FSR
qmof-4754c30,False,,,,,,,,,,,IZEBUL01_FSR
qmof-b6afd57,False,,,,,,,,,,,DOQGUM_FSR
qmof-bf6dcca,False,,,,,,,,,,,DOQHEX_FSR
qmof-694a583,False,,,,,,,,,,,DOQHIB_FSR
qmof-fbac185,True,185.996,1.0945999999999998,113.74000000000001,10.0,8.0,0.0,2.0,3.0,0.0,0.0,JEXPEI_FSR
qmof-6136401,True,66.043,-0.44704000000000005,61.68,5.0,3.0,0.0,2.0,0.0,0.0,0.0,MUSNAQ_FSR
qmof-815e12a,True,131.08699999999996,-3.7963999999999993,106.27999999999999,9.0,5.0,1.0,5.0,3.0,0.0,0.0,BOJKAM03_FSR
qmof-767b522,True,95.12499999999999,0.8841,26.46,7.0,2.0,0.0,1.0,1.0,0.0,1.0,GUPCOK01_FSR
qmof-05e1da7,False,,,,,,,,,,,OVUNOJ_FSR
qmof-c628210,True,122.11999999999999,-2.3071999999999995,80.92,8.0,4.0,4.0,4.0,3.0,0.0,0.0,ELOFOA_FSR
qmof-0f113e8,True,430.4640000000001,0.44760000000000044,115.89999999999999,32.0,8.0,0.0,8.0,8.0,4.0,4.0,QATTAJ_FSR
qmof-6478b5c,False,,,,,,,,,,,FAQWIF_FSR
qmof-6694d04,True,253.12199999999999,-5.705199999999999,173.40999999999997,18.0,9.0,0.0,9.0,2.0,1.0,1.0,MIVPAJ_FSR
qmof-071c170,True,253.12199999999999,-5.705199999999999,173.40999999999997,18.0,9.0,0.0,9.0,2.0,1.0,1.0,MIVPEN_FSR
qmof-264023f,False,,,,,,,,,,,MIVYEV_FSR
qmof-21e0017,True,137.118,0.1711499999999999,73.88,10.0,4.0,0.0,4.0,2.0,0.0,0.0,MIWBEZ_FSR
qmof-c0a97ea,False,,,,,,,,,,,LUKBAV_FSR
qmof-cdc8395,True,99.09700000000001,-1.0309000000000004,93.61,7.0,5.0,3.0,4.0,0.0,1.0,1.0,JEXWIS_FSR
qmof-95455ac,False,,,,,,,,,,,COWLEG_FSR
qmof-2a36f96,False,,,,,,,,,,,MUPYAY_FSR
qmof-2d9e71c,True,294.183,3.012100000000001,73.94,19.0,6.0,0.0,2.0,4.0,2.0,2.0,EWAZAD_FSR
qmof-0ebbd43,True,204.08999999999995,-6.247399999999999,160.51999999999998,14.0,8.0,0.0,8.0,3.0,0.0,0.0,HUCKOG_FSR
qmof-9f84980,True,220.08899999999994,-7.0109999999999975,169.74999999999997,15.0,9.0,0.0,9.0,4.0,0.0,0.0,COYYOE_FSR
qmof-7342d40,True,96.06299999999999,-0.9077999999999999,73.94,5.0,5.0,0.0,2.0,0.0,0.0,0.0,COWKUV_FSR
qmof-fffa2d9,True,250.48499999999999,0.13969999999999994,58.589999999999996,13.0,7.0,0.0,4.0,0.0,0.0,1.0,RAGBIM_FSR
qmof-81c1d82,True,376.4570000000003,0.7768999999999997,115.9,27.0,8.0,0.0,8.0,13.0,2.0,2.0,IYESIQ_FSR
qmof-5697fd8,True,85.082,-0.6876,40.129999999999995,6.0,2.0,0.0,2.0,1.0,0.0,0.0,USEBOK_FSR
qmof-f75eb5a,True,84.062,-0.7987000000000002,77.19999999999999,6.0,5.0,1.0,4.0,0.0,0.0,1.0,USUBUG_FSR
qmof-096c27f,True,112.04800000000002,-1.9650000000000003,91.31,8.0,6.0,0.0,5.0,1.0,0.0,1.0,OTENIL_FSR
qmof-11ed3e0,True,112.04800000000002,-1.9650000000000003,91.31,8.0,6.0,0.0,5.0,1.0,0.0,1.0,OTENUX_FSR
qmof-3b4f59b,False,,,,,,,,,,,JEVTAG_FSR
qmof-4280630,True,331.88400000000007,2.0183999999999997,58.23,15.0,6.0,1.0,3.0,5.0,1.0,1.0,JIPYEP_FSR
qmof-0eca7ba,True,112.04800000000002,-1.9650000000000003,91.31,8.0,6.0,0.0,5.0,1.0,0.0,1.0,OTEPEJ_FSR
qmof-317320a,True,126.08300000000001,-2.2405,135.9,9.0,8.0,1.0,4.0,0.0,0.0,1.0,FIBHOQ_FSR
qmof-52d48cb,True,66.043,-0.44704000000000005,61.68,5.0,3.0,0.0,2.0,0.0,0.0,0.0,BOCCAY_FSR
qmof-b3c62d0,True,326.0089999999999,2.3011,95.64000000000001,17.0,11.0,0.0,4.0,4.0,0.0,1.0,BODKEL_FSR
qmof-dc281d9,True,153.00599999999997,-3.4255999999999998,117.22999999999999,9.0,7.0,0.0,5.0,0.0,0.0,0.0,XECLOJ_FSR
qmof-b0cfefa,True,298.21500000000003,-7.232909999999999,193.23,21.0,12.0,4.0,12.0,7.0,0.0,1.0,KIDLOZ_FSR
qmof-94ef826,True,342.3950000000001,0.5544000000000009,106.03999999999999,25.0,6.0,0.0,6.0,7.0,2.0,2.0,KEXNIN_FSR
qmof-fc85ca5,True,286.287,-0.8618999999999981,106.03999999999999,21.0,6.0,0.0,6.0,5.0,2.0,2.0,KEXPOU_FSR
qmof-289dd29,True,334.357,1.2684,109.58,23.0,9.0,0.0,6.0,4.0,3.0,3.0,DAVKAO_FSR
qmof-49c3c03,True,354.3660000000001,-0.9487999999999988,115.89999999999999,26.0,8.0,0.0,8.0,7.0,3.0,3.0,QUTHET_FSR
qmof-a1fddcc,True,331.88400000000007,2.0183999999999997,58.23,15.0,6.0,1.0,3.0,5.0,1.0,1.0,JIPYOZ_FSR
qmof-35705d6,True,190.10699999999997,-3.9179,137.79,13.0,7.0,2.0,6.0,5.0,0.0,0.0,MAKZON_FSR
qmof-b7c4144,False,,,,,,,,,,,MANTOM_FSR
qmof-d76fd42,True,384.39600000000013,-1.6877099999999963,140.67,28.0,10.0,0.0,9.0,9.0,2.0,3.0,OQUKOB01_FSR
qmof-c042375,True,183.13899999999995,-1.75712,86.66,13.0,5.0,1.0,4.0,2.0,0.0,2.0,UVOBIR01_FSR
qmof-325d9ba,True,202.12199999999999,-5.2814,138.46,14.0,8.0,2.0,6.0,4.0,0.0,0.0,DUPSUD01_FSR
qmof-091d15e,True,82.086,-0.03390000000000004,38.82,6.0,3.0,0.0,2.0,0.0,0.0,1.0,OSIWIX_FSR
qmof-290194d,True,96.11299999999999,0.3562,38.82,7.0,3.0,0.0,2.0,1.0,0.0,1.0,OSIWOD_FSR
qmof-44f590d,False,,,,,,,,,,,LUKTUH_FSR
qmof-1fbe7ca,True,410.4740000000002,0.4482400000000002,115.9,30.0,8.0,0.0,8.0,9.0,3.0,3.0,LUMJIO02_FSR
qmof-4637532,False,,,,,,,,,,,RAPBEP_FSR
qmof-1d52e5c,False,,,,,,,,,,,GALNIT01_FSR
qmof-b057164,True,204.17700000000002,0.6185899999999999,114.72,15.0,9.0,0.0,7.0,0.0,0.0,3.0,KUHDEX01_FSR
qmof-62b6b15,False,,,,,,,,,,,RAQBEQ_FSR
qmof-6270ffb,False,,,,,,,,,,,IYUCOV_FSR
qmof-2ae67fa,True,88.01799999999999,-3.5138000000000003,80.25999999999999,6.0,4.0,0.0,4.0,0.0,0.0,0.0,LESVEN_FSR
qmof-121c857,False,,,,,,,,,,,FOQSAG_FSR
qmof-d0bd86a,True,238.052,0.7084899999999998,126.42999999999999,14.0,9.0,3.0,3.0,2.0,0.0,1.0,FOSZIY_FSR
qmof-e24fcbb,True,140.19,-1.0197999999999992,12.96,10.0,4.0,0.0,4.0,0.0,0.0,4.0,LEMPUO_FSR
qmof-bc2478d,True,430.46400000000017,0.44760000000000044,115.89999999999999,32.0,8.0,0.0,8.0,8.0,4.0,4.0,QATWIU_FSR
qmof-1279fa4,True,124.16299999999998,1.28829,34.0,9.0,2.0,0.0,0.0,1.0,0.0,2.0,LERNIG_FSR
qmof-6734bdc,True,238.29399999999998,2.1761999999999997,35.64,18.0,4.0,0.0,4.0,4.0,3.0,3.0,LERSAE_FSR
qmof-20ecd02,True,58.085,0.66498,23.79,3.0,2.0,0.0,1.0,0.0,0.0,0.0,CICBOI_FSR
qmof-1044bb0,True,58.085,0.66498,23.79,3.0,2.0,0.0,1.0,0.0,0.0,0.0,CICFAW_FSR
qmof-633eaa8,True,256.166,-5.755399999999998,160.51999999999998,18.0,8.0,0.0,8.0,4.0,0.0,1.0,GUXTAV_FSR
qmof-bc0e0b2,True,156.125,-2.6046999999999993,109.75,11.0,7.0,1.0,7.0,3.0,1.0,1.0,IWOLIR_FSR
qmof-008a6ec,False,,,,,,,,,,,MUQVEA_FSR
qmof-45804f7,False,,,,,,,,,,,HOZWUQ_FSR
qmof-50c40e5,True,142.09799999999998,-2.9947999999999997,109.75,10.0,7.0,1.0,7.0,2.0,1.0,1.0,QUSDEO_FSR
qmof-3f96ee4,True,142.09799999999998,-2.9947999999999997,109.75,10.0,7.0,1.0,7.0,2.0,1.0,1.0,QUSDIS_FSR
qmof-8f08fd4,True,142.09799999999998,-2.9947999999999997,109.75,10.0,7.0,1.0,7.0,2.0,1.0,1.0,QUSDOY_FSR
qmof-b48a0a9,True,131.087,-3.924199999999999,92.28999999999999,9.0,5.0,1.0,5.0,4.0,0.0,0.0,QEXBOL01_FSR
qmof-e56b9af,False,,,,,,,,,,,LICLPY02_FSR
qmof-32c2447,False,,,,,,,,,,,LAYDEX_FSR
qmof-3648a5c,True,167.99699999999999,-3.2766999999999995,137.13,10.0,8.0,0.0,5.0,0.0,0.0,0.0,MOCJAQ_FSR
qmof-71e4443,True,167.99699999999999,-3.2766999999999995,137.13,10.0,8.0,0.0,5.0,0.0,0.0,0.0,MOCJEU_FSR
qmof-90c218f,True,250.2939999999999,-0.14700000000000024,80.25999999999999,18.0,4.0,0.0,4.0,4.0,0.0,4.0,EMOPIH_FSR
qmof-0eb3aaf,False,,,,,,,,,,,BUGDOY_FSR
qmof-c304ffc,True,26.018,0.09637,23.79,2.0,1.0,0.0,1.0,0.0,0.0,0.0,TOPPOF_FSR
qmof-745d85c,True,88.01799999999999,-3.5138000000000003,80.25999999999999,6.0,4.0,0.0,4.0,0.0,0.0,0.0,TOZHAT01_FSR
qmof-581e903,True,88.175,1.5134,0.0,5.0,1.0,0.0,1.0,0.0,0.0,1.0,MARQOL_FSR
qmof-48bcbc2,True,228.24799999999993,-3.115999999999996,86.74,16.0,6.0,0.0,6.0,6.0,0.0,1.0,VAGXIM_FSR
qmof-3396210,True,94.09299999999999,1.2253999999999998,32.79,7.0,2.0,0.0,1.0,0.0,1.0,1.0,BUKXUC_FSR
qmof-1aec1d8,True,202.12199999999999,-5.2814,138.46,14.0,8.0,2.0,6.0,4.0,0.0,0.0,TUFJAG_FSR
qmof-b8c8c2b,True,88.106,0.03320000000000001,18.46,6.0,2.0,0.0,2.0,0.0,0.0,1.0,MIWGOP_FSR
qmof-2867c7b,True,228.15999999999994,-4.842999999999998,120.88,16.0,8.0,0.0,6.0,4.0,0.0,1.0,XAFXUZ_FSR
qmof-4c113e7,True,151.09300000000002,-0.9116,114.38999999999999,11.0,9.0,1.0,7.0,0.0,0.0,2.0,IGISAU_FSR
qmof-3b52b38,True,186.149,-2.8748000000000005,167.10999999999999,11.0,10.0,4.0,5.0,0.0,0.0,0.0,NEDSOF_FSR
qmof-5bc1857,True,252.13399999999993,-4.856799999999999,160.51999999999998,18.0,8.0,0.0,8.0,3.0,1.0,1.0,KUYJAQ01_FSR
qmof-93f5d32,True,127.083,-2.577,83.73,9.0,6.0,0.0,6.0,2.0,1.0,1.0,TOHRUF01_FSR
qmof-86c4ff7,False,,,,,,,,,,,FIPWOS_FSR
qmof-21f1e4e,True,253.12199999999999,-5.705199999999999,173.40999999999997,18.0,9.0,0.0,9.0,2.0,1.0,1.0,PAZWET_FSR
qmof-a650f9b,True,26.018,0.09637,23.79,2.0,1.0,0.0,1.0,0.0,0.0,0.0,TOPPEV_FSR
qmof-b8576dc,True,160.16,0.9228,64.07,12.0,5.0,0.0,4.0,2.0,1.0,2.0,LOSGAD_FSR
qmof-c14118a,True,198.15399999999994,-2.4303,89.9,14.0,6.0,1.0,5.0,2.0,0.0,2.0,DURMEJ_FSR
qmof-b34b96a,True,188.12299999999996,0.7773999999999999,95.78,12.0,6.0,1.0,3.0,1.0,1.0,1.0,DUVLUD_FSR
qmof-e521cf2,True,88.01799999999999,-3.5138000000000003,80.25999999999999,6.0,4.0,0.0,4.0,0.0,0.0,0.0,CILDUX_FSR
qmof-c2bf5bb,False,,,,,,,,,,,QEVMOW01_FSR
qmof-74662f0,False,,,,,,,,,,,XEFKUR_FSR
qmof-b125dd6,True,184.111,-4.284599999999999,123.86000000000001,13.0,8.0,0.0,8.0,4.0,1.0,1.0,AVOGEZ_FSR
qmof-8555126,True,334.37600000000015,-0.5374999999999979,115.9,24.0,8.0,0.0,8.0,9.0,2.0,2.0,IDULEB_FSR
qmof-82162f7,False,,,,,,,,,,,QEVNEN_FSR
qmof-d6ff719,True,198.269,2.6519000000000013,25.78,15.0,2.0,0.0,2.0,4.0,2.0,2.0,QEWFIK_FSR
qmof-44e9836,False,,,,,,,,,,,WUKSEC_FSR
qmof-5dbca24,True,96.06299999999999,-0.9077999999999999,73.94,5.0,5.0,0.0,2.0,0.0,0.0,0.0,ELAJUX_FSR
qmof-9dd9532,True,278.24800000000005,2.8890000000000016,82.65,19.0,6.0,0.0,3.0,4.0,2.0,2.0,LEWVEP_FSR
qmof-264ad8f,True,430.4640000000001,0.44760000000000044,115.89999999999999,32.0,8.0,0.0,8.0,8.0,4.0,4.0,FARYOP_FSR
qmof-c947dd6,False,,,,,,,,,,,MISKAD_FSR
qmof-16501b0,False,,,,,,,,,,,MISKEH_FSR
qmof-4a6ced3,True,465.2070000000003,-6.656709999999997,347.01000000000005,33.0,21.0,3.0,16.0,6.0,0.0,3.0,TIWRUN_FSR
qmof-064173c,True,88.106,0.3808,18.46,6.0,2.0,0.0,2.0,0.0,0.0,1.0,MUKJOT_FSR
qmof-8254c0e,False,,,,,,,,,,,YAVSAQ_FSR
qmof-18fef57,True,408.4180000000001,-0.965199999999997,141.68,30.0,10.0,0.0,10.0,6.0,3.0,4.0,AMEQOZ_FSR
qmof-fdc53a4,True,466.58200000000033,2.07332,115.9,34.0,8.0,0.0,8.0,9.0,3.0,3.0,KOQLIN_FSR
qmof-1498f76,True,262.094,2.7948000000000013,113.74000000000001,16.0,8.0,0.0,2.0,4.0,1.0,1.0,MASZEO_FSR
qmof-4050181,True,182.199,1.2586,51.25,13.0,4.0,0.0,3.0,0.0,1.0,2.0,BUKYAJ_FSR
qmof-989c153,True,179.15099999999995,-0.024600000000000066,66.43,13.0,4.0,0.0,4.0,2.0,1.0,1.0,JIRNEE_FSR
qmof-d0649ba,False,,,,,,,,,,,NAWXOZ_FSR
qmof-d9218c8,False,,,,,,,,,,,NAWYOA_FSR
qmof-3691386,False,,,,,,,,,,,BUXKUB_FSR
qmof-8666fd2,True,268.224,1.4977999999999998,159.86,16.0,10.0,2.0,2.0,2.0,1.0,1.0,VAYDEG_FSR
qmof-fd3dc62,True,238.294,2.1761999999999997,35.64,18.0,4.0,0.0,4.0,4.0,3.0,3.0,ETUBIF01_FSR
qmof-d51ba98,True,125.17499999999997,0.23189999999999955,43.84,9.0,3.0,1.0,3.0,3.0,1.0,1.0,NECSAQ_FSR
qmof-d6c04d9,True,88.01799999999999,-3.5138000000000003,80.25999999999999,6.0,4.0,0.0,4.0,0.0,0.0,0.0,YAFGAP_FSR
qmof-73d7445,True,334.27200000000005,2.1239999999999997,112.74,23.0,9.0,1.0,5.0,4.0,3.0,3.0,YAHMEA_FSR
qmof-beb31d6,True,120.242,1.4664,0.0,6.0,2.0,0.0,2.0,0.0,0.0,1.0,GABDAP_FSR
qmof-837edc4,True,96.06299999999999,-0.9077999999999999,73.94,5.0,5.0,0.0,2.0,0.0,0.0,0.0,BIJMEP_FSR
qmof-e778e22,False,,,,,,,,,,,UZUMEI_FSR
qmof-0a7aaf1,True,192.16999999999993,-1.7286,80.25999999999999,14.0,4.0,0.0,4.0,4.0,1.0,1.0,DODLUE_FSR
qmof-a87149e,False,,,,,,,,,,,EMOTOQ_FSR
qmof-0ae6bd2,False,,,,,,,,,,,IDUREG_FSR
qmof-f3cbf20,False,,,,,,,,,,,IDURIK_FSR
qmof-ec0a22b,True,169.09599999999998,-3.6085000000000003,110.97,12.0,7.0,0.0,7.0,3.0,1.0,1.0,XELTUG_FSR
qmof-6f3a9f6,True,338.19200000000006,-7.76951,220.93,24.0,14.0,0.0,13.0,6.0,1.0,2.0,XELVOC_FSR
qmof-14c7a9e,False,,,,,,,,,,,XEGGIA_FSR
qmof-65ff99b,True,229.216,2.8477000000000015,48.42,15.0,5.0,0.0,4.0,6.0,1.0,1.0,MUCKIF_FSR
qmof-a556c09,False,,,,,,,,,,,DISJOG_FSR
qmof-4188071,False,,,,,,,,,,,MCYSCD_FSR
qmof-40d82a8,False,,,,,,,,,,,REDSEY_FSR
qmof-71d599e,True,417.5220000000003,2.9629000000000003,114.73,30.0,6.0,2.0,4.0,4.0,0.0,5.0,MAYWOB_FSR
qmof-5448ece,True,58.085,0.66498,23.79,3.0,2.0,0.0,1.0,0.0,0.0,0.0,MAZNIL_FSR
qmof-6279a4d,True,88.01799999999999,-3.5138000000000003,80.25999999999999,6.0,4.0,0.0,4.0,0.0,0.0,0.0,PEKKEW_FSR
qmof-13fa4bc,True,212.296,3.0420000000000016,25.78,16.0,2.0,0.0,2.0,5.0,2.0,2.0,LOPNOT_FSR
qmof-c902643,False,,,,,,,,,,,OMOFIF_FSR
qmof-85fd495,True,88.01799999999999,-3.5138000000000003,80.25999999999999,6.0,4.0,0.0,4.0,0.0,0.0,0.0,VAXBUS_FSR
qmof-267cb24,True,121.11499999999995,0.05009999999999992,40.129999999999995,9.0,2.0,0.0,2.0,1.0,1.0,1.0,GOMTAF_FSR
qmof-f32d2f0,True,195.19800000000004,-1.7179999999999989,85.28,14.0,5.0,2.0,5.0,5.0,1.0,1.0,GOQXAN_FSR
qmof-04a5b53,False,,,,,,,,,,,JODMIB_FSR
qmof-7369f6c,True,238.29399999999998,2.1761999999999997,35.64,18.0,4.0,0.0,4.0,4.0,3.0,3.0,JODVEE_FSR
qmof-4e5eb48,True,224.136,-4.3618,157.9,16.0,10.0,0.0,8.0,0.0,0.0,2.0,TISLAJ_FSR
qmof-843e83f,True,66.043,-0.44704000000000005,61.68,5.0,3.0,0.0,2.0,0.0,0.0,0.0,BUXFUW_FSR
qmof-4e4b76a,True,430.46400000000017,0.44760000000000044,115.89999999999999,32.0,8.0,0.0,8.0,8.0,4.0,4.0,AVAWEA01_FSR
qmof-1be347b,False,,,,,,,,,,,RUMWEC_FSR
qmof-7981e56,True,304.135,-1.4540000000000004,119.07999999999998,21.0,11.0,0.0,6.0,2.0,1.0,2.0,RURQEB_FSR
qmof-18059b1,True,192.226,0.04088999999999965,60.410000000000004,14.0,6.0,0.0,5.0,5.0,1.0,2.0,AYECOX_FSR
qmof-86b8399,True,165.10399999999996,-2.1914,93.15,12.0,5.0,0.0,5.0,2.0,1.0,1.0,KAYCEU_FSR
qmof-b934547,True,165.10399999999996,-2.1914,93.15,12.0,5.0,0.0,5.0,2.0,1.0,1.0,KAYCOE_FSR
qmof-5f02392,True,189.21599999999998,1.4805199999999998,88.38,12.0,6.0,1.0,1.0,2.0,1.0,1.0,GIJJAL_FSR
qmof-9493f53,True,132.071,-3.7628,100.49,9.0,5.0,1.0,5.0,3.0,0.0,0.0,SEJSOQ_FSR
qmof-5bf27fe,True,227.239,0.6723999999999997,60.36,17.0,3.0,1.0,3.0,3.0,2.0,2.0,KBZILT01_FSR
qmof-bcccc70,True,242.216,-0.24549999999999994,117.53999999999999,16.0,9.0,0.0,6.0,1.0,2.0,2.0,SEBTOJ_FSR
qmof-e3e57da,True,183.14299999999997,-3.3057099999999986,86.74,13.0,6.0,0.0,6.0,2.0,0.0,1.0,NUPCIM_FSR
qmof-2ab1c90,True,368.3930000000001,-0.167299999999998,115.89999999999999,27.0,8.0,0.0,8.0,8.0,3.0,3.0,AYAZIK_FSR
qmof-482e8b2,True,134.16199999999998,0.6366700000000001,62.699999999999996,10.0,3.0,1.0,3.0,1.0,1.0,1.0,WOKSEW_FSR
qmof-20d2f37,True,199.14599999999996,-3.8712,145.1,14.0,8.0,1.0,7.0,3.0,0.0,1.0,KOMHEA_FSR
qmof-3c2c204,True,204.08999999999995,-6.247399999999999,160.51999999999998,14.0,8.0,0.0,8.0,3.0,0.0,0.0,KOMJOM_FSR
qmof-78518e6,True,204.08999999999995,-6.247399999999999,160.51999999999998,14.0,8.0,0.0,8.0,3.0,0.0,0.0,KOMJUS_FSR
qmof-0ff3088,False,,,,,,,,,,,VENDAU_FSR
qmof-4260ac8,True,136.118,1.0425900000000001,75.9,10.0,6.0,0.0,5.0,0.0,0.0,2.0,VERQEQ_FSR
qmof-8e2f26d,True,136.118,1.0425900000000001,75.9,10.0,6.0,0.0,5.0,0.0,0.0,2.0,VERQIU_FSR
qmof-f2cd20b,True,136.118,1.0425900000000001,75.9,10.0,6.0,0.0,5.0,0.0,0.0,2.0,VERQOA_FSR
qmof-31b35f6,True,132.071,-3.4971999999999994,89.49000000000001,9.0,5.0,0.0,5.0,4.0,0.0,0.0,ESUMOU_FSR
qmof-4fdbbf3,True,206.249,0.7964000000000001,44.870000000000005,15.0,5.0,0.0,5.0,6.0,2.0,2.0,XUQDAP_FSR
qmof-7973010,True,88.01799999999999,-3.5138000000000003,80.25999999999999,6.0,4.0,0.0,4.0,0.0,0.0,0.0,BEVQOJ01_FSR
qmof-91dacf6,True,88.01799999999999,-3.5138000000000003,80.25999999999999,6.0,4.0,0.0,4.0,0.0,0.0,0.0,BEVQOJ_FSR
qmof-15c314b,True,88.01799999999999,-3.5138000000000003,80.25999999999999,6.0,4.0,0.0,4.0,0.0,0.0,0.0,BEVSAY_FSR
qmof-0d451ab,True,240.27,0.8089899999999999,60.410000000000004,18.0,6.0,0.0,5.0,4.0,2.0,3.0,BEXBUC_FSR
qmof-47e87b6,True,88.106,0.03320000000000001,18.46,6.0,2.0,0.0,2.0,0.0,0.0,1.0,PEWJEJ_FSR
qmof-c26f09c,False,,,,,,,,,,,MOXKUG_FSR
qmof-6469d8b,False,,,,,,,,,,,NUTJIW_FSR
qmof-bedaaa6,False,,,,,,,,,,,NUHDUQ01_FSR
qmof-814e710,True,216.288,2.064,43.6,16.0,4.0,0.0,4.0,5.0,2.0,2.0,FARKOA01_FSR
qmof-9cc5266,True,216.288,2.064,43.6,16.0,4.0,0.0,4.0,5.0,2.0,2.0,FARKOA_FSR
qmof-9cb338e,True,249.19799999999995,-3.4361999999999986,120.38999999999999,18.0,6.0,0.0,6.0,6.0,1.0,1.0,DEKLEL_FSR
qmof-abc5977,True,185.996,1.0945999999999998,113.74000000000001,10.0,8.0,0.0,2.0,3.0,0.0,0.0,DEKPAL_FSR
qmof-2c240b6,True,195.14700000000002,-4.827799999999996,141.28,13.0,7.0,5.0,7.0,5.0,0.0,0.0,MNGLUD_FSR
qmof-eeec9eb,True,167.99699999999999,-3.2766999999999995,137.13,10.0,8.0,0.0,5.0,0.0,0.0,0.0,MOCHES_FSR
qmof-6517b93,True,167.99699999999999,-3.2766999999999995,137.13,10.0,8.0,0.0,5.0,0.0,0.0,0.0,MOCHIW_FSR
qmof-bf5c084,True,167.99699999999999,-3.2766999999999995,137.13,10.0,8.0,0.0,5.0,0.0,0.0,0.0,MOCHUI_FSR
qmof-0158018,True,150.15699999999998,-0.23590000000000044,53.019999999999996,11.0,3.0,0.0,3.0,3.0,1.0,1.0,XEPJEI_FSR
qmof-fbdfba6,True,88.01799999999999,-3.5138000000000003,80.25999999999999,6.0,4.0,0.0,4.0,0.0,0.0,0.0,AYILUQ_FSR
qmof-8f052bd,False,,,,,,,,,,,MOVDUW_FSR
qmof-637d863,True,91.13400000000001,-1.0494999999999992,71.94,6.0,3.0,2.0,2.0,1.0,0.0,0.0,MOWLUG_FSR
qmof-621eca8,False,,,,,,,,,,,MOXFUB_FSR
qmof-9685c13,True,86.138,-0.8208000000000002,24.06,6.0,2.0,2.0,2.0,0.0,0.0,1.0,XURFUL_FSR
qmof-8693a64,True,145.11399999999998,-3.581999999999999,83.5,10.0,5.0,0.0,5.0,4.0,0.0,0.0,XUHKIW_FSR
qmof-8d1aa73,True,136.118,1.0425900000000001,75.9,10.0,6.0,0.0,5.0,0.0,0.0,2.0,LAJXEB_FSR
qmof-dbfd491,True,204.17700000000002,0.6185899999999999,114.72,15.0,9.0,0.0,7.0,0.0,0.0,3.0,LAJXIF_FSR
qmof-06f3c88,True,204.17700000000002,0.6185899999999999,114.72,15.0,9.0,0.0,7.0,0.0,0.0,3.0,LAJXOL_FSR
qmof-3400eb7,True,151.141,-0.18470000000000075,49.36,11.0,3.0,0.0,3.0,3.0,1.0,1.0,WOCGAY_FSR
qmof-bb912e7,False,,,,,,,,,,,WODRAK_FSR
qmof-c10e296,False,,,,,,,,,,,WIVJUG_FSR
qmof-ec121f4,True,88.01799999999999,-3.5138000000000003,80.25999999999999,6.0,4.0,0.0,4.0,0.0,0.0,0.0,WOBFIE_FSR
qmof-994262e,False,,,,,,,,,,,WOBZOE_FSR
qmof-54c5b1e,False,,,,,,,,,,,PUNBEG_FSR
qmof-182673b,True,394.15000000000015,-7.696399999999997,367.06,26.0,18.0,6.0,10.0,0.0,0.0,0.0,QQQDSD01_FSR
qmof-58c45b1,True,88.01799999999999,-3.5138000000000003,80.25999999999999,6.0,4.0,0.0,4.0,0.0,0.0,0.0,QQQFJS01_FSR
qmof-232bc23,True,237.211,-2.7494999999999976,112.52000000000001,17.0,6.0,2.0,6.0,6.0,1.0,1.0,EBOMIT_FSR
qmof-209afa7,True,224.22099999999998,1.4672999999999996,90.41,15.0,7.0,0.0,3.0,2.0,2.0,2.0,BESQEX_FSR
qmof-d549d54,True,141.08599999999998,1.2170999999999998,36.97,9.0,3.0,0.0,1.0,1.0,1.0,1.0,VEPNEJ_FSR
qmof-783f7b2,True,136.118,1.0425900000000001,75.9,10.0,6.0,0.0,5.0,0.0,0.0,2.0,VERPUF_FSR
qmof-a13b727,True,194.06699999999998,-1.7846099999999994,167.29999999999998,12.0,10.0,3.0,5.0,0.0,0.0,1.0,OKUWUO01_FSR
qmof-a17655f,True,116.07199999999999,-2.733599999999999,80.25999999999999,8.0,4.0,0.0,4.0,3.0,0.0,0.0,FELXEA_FSR
qmof-f48e20f,True,224.16799999999995,-2.055999999999999,98.72,16.0,6.0,0.0,6.0,6.0,1.0,1.0,HAMKOW_FSR
qmof-d5af4d6,True,66.043,-0.44704000000000005,61.68,5.0,3.0,0.0,2.0,0.0,0.0,0.0,TEYNER_FSR
qmof-1f296b4,True,217.184,2.346,36.97,15.0,3.0,0.0,1.0,2.0,2.0,2.0,JOLSEK_FSR
qmof-e8a0478,False,,,,,,,,,,,CADZOY_FSR
qmof-06381fc,False,,,,,,,,,,,TEKDUI01_FSR
qmof-0ca2c74,True,283.212,-1.7292999999999985,152.03,20.0,8.0,3.0,5.0,4.0,0.0,3.0,OKIPAA_FSR
qmof-6266526,True,204.17700000000002,0.6185899999999999,114.72,15.0,9.0,0.0,7.0,0.0,0.0,3.0,LAJYAY_FSR
qmof-f2f8255,True,136.118,1.0425900000000001,75.9,10.0,6.0,0.0,5.0,0.0,0.0,2.0,LAJYEC_FSR
qmof-2cd5ebd,True,90.07799999999999,-0.7917000000000001,60.029999999999994,6.0,3.0,1.0,1.0,2.0,0.0,0.0,QQQAZD01_FSR
qmof-e909fb2,True,88.01799999999999,-3.5138000000000003,80.25999999999999,6.0,4.0,0.0,4.0,0.0,0.0,0.0,QQQBOD04_FSR
qmof-e28114e,True,226.14399999999998,-4.9963999999999995,138.45999999999998,16.0,8.0,2.0,6.0,2.0,0.0,3.0,IKOLOJ_FSR
qmof-5c584aa,True,173.15599999999998,0.04129999999999989,26.790000000000006,11.0,5.0,0.0,4.0,0.0,0.0,4.0,BABQUS_FSR
qmof-99ac7ac,True,212.14100000000002,0.16049999999999964,77.1,14.0,5.0,0.0,3.0,4.0,1.0,1.0,OBAWOG_FSR
qmof-0006638,True,192.16999999999996,-1.7286,80.25999999999999,14.0,4.0,0.0,4.0,4.0,1.0,1.0,OBIVIG_FSR
qmof-baa1c34,True,154.061,-3.16001,117.34,11.0,7.0,0.0,7.0,2.0,0.0,1.0,NUVCUD_FSR
qmof-a65c7e9,True,308.12200000000007,-6.477009999999998,236.42000000000002,22.0,14.0,0.0,13.0,4.0,0.0,2.0,NUVDIS_FSR
qmof-a38c2fe,True,308.12200000000007,-6.477009999999998,236.42000000000002,22.0,14.0,0.0,13.0,4.0,0.0,2.0,NUVDOY_FSR
qmof-7af31f9,True,154.061,-3.317,119.08000000000001,11.0,7.0,0.0,6.0,2.0,0.0,1.0,NUVFAM_FSR
qmof-b5a0ed9,False,,,,,,,,,,,LAWPUU_FSR
qmof-284b0e8,False,,,,,,,,,,,LASWEH_FSR
qmof-1254924,True,207.14299999999997,-2.1346,142.75,13.0,9.0,1.0,5.0,1.0,1.0,1.0,LASXAG_FSR
qmof-6060b72,True,250.18599999999998,0.2771999999999999,182.44000000000003,14.0,12.0,0.0,2.0,3.0,0.0,0.0,CISLIB_FSR
qmof-0b43927,False,,,,,,,,,,,GIKPEW_FSR
qmof-7e025a1,True,204.08999999999995,-6.247399999999999,160.51999999999998,14.0,8.0,0.0,8.0,3.0,0.0,0.0,GIMHEQ_FSR
qmof-1863adb,True,94.97,0.3859999999999999,76.77,5.0,5.0,0.0,1.0,0.0,0.0,0.0,KATPUQ01_FSR
qmof-ed8ee1f,False,,,,,,,,,,,GOKKUO_FSR
qmof-9bfa4a2,False,,,,,,,,,,,MOXGOW_FSR
qmof-0b8f2da,True,198.275,0.7816799999999999,80.52000000000001,13.0,6.0,1.0,5.0,2.0,1.0,1.0,EQUHAZ_FSR
qmof-ca3f908,False,,,,,,,,,,,EREREZ_FSR
qmof-5350baf,True,180.14299999999997,-0.86513,81.47999999999999,13.0,6.0,0.0,4.0,0.0,0.0,1.0,GAWHAP_FSR
qmof-f73a457,True,204.17700000000002,0.6185899999999999,114.72,15.0,9.0,0.0,7.0,0.0,0.0,3.0,LAJWUQ_FSR
qmof-5aba466,True,204.17700000000002,0.6185899999999999,114.72,15.0,9.0,0.0,7.0,0.0,0.0,3.0,LAJXAX_FSR
qmof-86a60b4,False,,,,,,,,,,,VEWHIQ_FSR
qmof-eaef6dd,True,88.01799999999999,-3.5138000000000003,80.25999999999999,6.0,4.0,0.0,4.0,0.0,0.0,0.0,BERBEI_FSR
qmof-77dada2,True,180.15899999999993,-2.075499999999999,80.25999999999999,13.0,4.0,0.0,4.0,2.0,0.0,2.0,PEVZAS_FSR
qmof-a1f63f6,True,116.07199999999999,-2.733599999999999,80.25999999999999,8.0,4.0,0.0,4.0,3.0,0.0,0.0,TASUCM11_FSR
qmof-98d669a,True,88.01799999999999,-3.5138000000000003,80.25999999999999,6.0,4.0,0.0,4.0,0.0,0.0,0.0,CALOXM14_FSR
qmof-5682b27,False,,,,,,,,,,,REVGAB_FSR
qmof-3dc9ab6,False,,,,,,,,,,,XORVIL01_FSR
qmof-4d83d6f,True,126.09499999999998,-2.281109999999999,69.83,9.0,5.0,0.0,4.0,2.0,0.0,1.0,XOTSOP01_FSR
qmof-4f885c8,True,88.01799999999999,-3.5138000000000003,80.25999999999999,6.0,4.0,0.0,4.0,0.0,0.0,0.0,IQUNAJ_FSR
qmof-1b71fff,True,194.06699999999998,-1.7846099999999994,167.29999999999998,12.0,10.0,3.0,5.0,0.0,0.0,1.0,OKUWOI_FSR
qmof-bc986a5,False,,,,,,,,,,,DISJIA_FSR
qmof-739cca6,True,88.01799999999999,-3.5138000000000003,80.25999999999999,6.0,4.0,0.0,4.0,0.0,0.0,0.0,SEYFAD01_FSR
qmof-f364496,True,88.01799999999999,-3.5138000000000003,80.25999999999999,6.0,4.0,0.0,4.0,0.0,0.0,0.0,SEYFAD02_FSR
qmof-30356d7,True,125.10699999999997,-1.367,57.949999999999996,9.0,4.0,0.0,4.0,2.0,1.0,1.0,SEYVAU01_FSR
qmof-151448f,True,190.25,1.56,35.64,14.0,4.0,0.0,4.0,5.0,2.0,2.0,NIRDAU_FSR
qmof-0eba9d1,True,158.15799999999996,1.2815999999999996,72.59,10.0,5.0,0.0,1.0,1.0,1.0,1.0,ASUCAS_FSR
qmof-ef0f23e,True,480.5400000000002,1.7751899999999996,121.83000000000001,36.0,12.0,0.0,11.0,8.0,5.0,6.0,XICDAQ_FSR
qmof-7f8c48f,True,232.11199999999994,2.3164,73.94,14.0,6.0,0.0,2.0,3.0,1.0,1.0,NIXDIH_FSR
qmof-21fb774,True,242.23499999999996,-4.143499999999996,93.22,17.0,8.0,0.0,8.0,2.0,0.0,4.0,XUHSOI_FSR
qmof-ddd0056,True,192.226,-0.2682199999999997,59.400000000000006,14.0,6.0,0.0,4.0,5.0,0.0,2.0,HIQHOF_FSR
qmof-0baeff6,True,85.082,-0.6876,40.129999999999995,6.0,2.0,0.0,2.0,1.0,0.0,0.0,ANOPID_FSR
qmof-6f5ab21,True,88.01799999999999,-3.5138000000000003,80.25999999999999,6.0,4.0,0.0,4.0,0.0,0.0,0.0,OKOJOP_FSR
qmof-c8da207,True,148.13899999999998,-2.7805999999999997,80.25999999999999,9.0,5.0,0.0,5.0,4.0,0.0,0.0,ECUSOM_FSR
qmof-d8a722f,False,,,,,,,,,,,MEGZOQ_FSR
qmof-d80b118,True,26.018,0.09637,23.79,2.0,1.0,0.0,1.0,0.0,0.0,0.0,MEHFUD_FSR
qmof-9facb2e,True,88.01799999999999,-3.5138000000000003,80.25999999999999,6.0,4.0,0.0,4.0,0.0,0.0,0.0,VOHSIU_FSR
qmof-7bca5df,True,440.4960000000002,-0.2353999999999974,105.19999999999999,32.0,8.0,0.0,8.0,6.0,2.0,3.0,BENHEJ_FSR
qmof-509bb90,True,58.085,0.66498,23.79,3.0,2.0,0.0,1.0,0.0,0.0,0.0,LOHWEK_FSR
qmof-fd25727,False,,,,,,,,,,,JORTIT_FSR
qmof-8870d8c,False,,,,,,,,,,,OHALAL_FSR
qmof-83bc42a,True,93.489,-1.0249000000000001,40.129999999999995,5.0,3.0,0.0,2.0,1.0,0.0,0.0,NENMAV_FSR
qmof-78a11f4,True,165.10399999999996,-2.1914,93.15,12.0,5.0,0.0,5.0,2.0,1.0,1.0,VIWNEV01_FSR
qmof-bd08a72,False,,,,,,,,,,,VIWTUR_FSR
qmof-ad75812,True,100.061,-0.8176999999999999,85.15,7.0,6.0,1.0,4.0,0.0,0.0,1.0,DIRXIO_FSR
qmof-9e8906f,False,,,,,,,,,,,XEVMUG01_FSR
qmof-b34063b,True,162.196,0.7798,35.64,12.0,4.0,0.0,4.0,3.0,2.0,2.0,QISJIN_FSR
qmof-809d541,True,252.13399999999993,-4.856799999999999,160.51999999999998,18.0,8.0,0.0,8.0,3.0,1.0,1.0,QILFUO_FSR
qmof-9c7eeb1,False,,,,,,,,,,,QILWEN_FSR
qmof-5766bbc,True,148.207,-1.1832999999999991,66.14999999999999,9.0,4.0,1.0,4.0,4.0,0.0,0.0,DAPKAI_FSR
qmof-c8cc2d5,True,158.15799999999996,1.2815999999999996,72.59,10.0,5.0,0.0,1.0,1.0,1.0,1.0,QIXPUJ_FSR
qmof-eb94d2d,False,,,,,,,,,,,IMEFOW_FSR
qmof-235700c,True,280.37,2.05,119.4,14.0,10.0,0.0,2.0,7.0,0.0,0.0,WIHCUM_FSR
qmof-7fc2a3c,True,66.043,-0.44704000000000005,61.68,5.0,3.0,0.0,2.0,0.0,0.0,0.0,HECKAE_FSR
qmof-cd4a060,False,,,,,,,,,,,HEDWEV_FSR
qmof-ae1b6bd,True,171.19699999999997,2.0277,59.699999999999996,11.0,4.0,0.0,0.0,2.0,1.0,1.0,HEFQOB_FSR
qmof-177f29a,True,157.08499999999998,0.9277999999999997,57.2,10.0,4.0,1.0,1.0,1.0,1.0,1.0,MILKUN01_FSR
qmof-1b02e29,True,224.14799999999997,-3.4351999999999983,133.28,16.0,7.0,0.0,7.0,2.0,1.0,1.0,JORDEB_FSR
qmof-c674a2d,True,86.138,-0.8208000000000002,24.06,6.0,2.0,2.0,2.0,0.0,0.0,1.0,OGAVIB_FSR
qmof-ea8c58f,True,167.99699999999999,-3.2766999999999995,137.13,10.0,8.0,0.0,5.0,0.0,0.0,0.0,HUZJUI_FSR
qmof-13a3ac6,True,170.164,-1.7073999999999987,80.25999999999999,12.0,4.0,0.0,4.0,2.0,0.0,1.0,RICHER_FSR
qmof-ce16907,True,348.4030000000002,-0.0032999999999996366,115.9,25.0,8.0,0.0,8.0,11.0,2.0,2.0,RIDBIR_FSR
qmof-ec58109,True,334.37600000000015,-0.3933999999999993,115.9,24.0,8.0,0.0,8.0,10.0,2.0,2.0,RIDBOX_FSR
qmof-a3fe9b5,True,226.231,1.1105999999999996,60.029999999999994,17.0,3.0,0.0,2.0,3.0,2.0,2.0,MEVDID_FSR
qmof-788acd1,True,175.08499999999995,0.46740000000000015,40.129999999999995,12.0,5.0,0.0,2.0,1.0,1.0,1.0,BEMLAI_FSR
qmof-cabb2ed,False,,,,,,,,,,,FITDEU_FSR
qmof-20b1e21,True,196.186,-1.793199999999999,97.90999999999998,14.0,6.0,2.0,4.0,4.0,1.0,1.0,DILGIP_FSR
qmof-ae0a299,True,151.034,-0.8195000000000001,97.0,9.0,6.0,0.0,3.0,3.0,0.0,0.0,DINDUZ_FSR
qmof-cfb9f4b,True,164.11599999999996,-1.5864000000000003,80.25999999999999,12.0,4.0,0.0,4.0,2.0,1.0,1.0,PEYYAT02_FSR
qmof-0138fe3,False,,,,,,,,,,,FITFOG_FSR
qmof-8357e7d,False,,,,,,,,,,,TAHVOQ_FSR
qmof-79d0163,True,212.14100000000002,0.16049999999999964,77.1,14.0,5.0,0.0,3.0,4.0,1.0,1.0,IQIJEZ_FSR
qmof-01d519e,True,299.3260000000001,-0.49650000000000083,92.28999999999999,22.0,5.0,1.0,5.0,6.0,2.0,2.0,OJALAO_FSR
qmof-5b2a0f0,False,,,,,,,,,,,TANVUZ_FSR
qmof-2630bb5,True,128.083,-2.567499999999999,80.25999999999999,9.0,4.0,0.0,4.0,3.0,0.0,0.0,ROJPOV_FSR
qmof-8bf1ad2,True,192.16999999999993,-1.7286,80.25999999999999,14.0,4.0,0.0,4.0,4.0,1.0,1.0,ROJQAK_FSR
qmof-8f56928,False,,,,,,,,,,,XEVMAM_FSR
qmof-7144491,True,100.061,-0.8176999999999999,85.15,7.0,6.0,1.0,4.0,0.0,0.0,1.0,WIKMAH_FSR
qmof-37f0bc6,True,125.09500000000001,-2.5793999999999997,123.54,9.0,7.0,1.0,3.0,0.0,0.0,1.0,WEYDEM_FSR
qmof-22e7468,True,178.05199999999996,-4.358199999999999,154.85999999999999,12.0,8.0,2.0,6.0,0.0,0.0,0.0,BAHOXH13_FSR
qmof-7425c11,True,88.01799999999999,-3.5138000000000003,80.25999999999999,6.0,4.0,0.0,4.0,0.0,0.0,0.0,NIKRUW_FSR
qmof-7a72222,True,236.07599999999996,-1.0299999999999998,80.25999999999999,16.0,8.0,0.0,4.0,2.0,1.0,1.0,XILSOC_FSR
qmof-9c02f4e,True,253.12199999999999,-5.705199999999999,173.40999999999997,18.0,9.0,0.0,9.0,2.0,1.0,1.0,XIPTAS_FSR
qmof-ec92eef,True,135.11,-0.9565000000000001,69.53,10.0,6.0,0.0,5.0,0.0,1.0,2.0,VUMQEA_FSR
qmof-4c590f1,True,147.06199999999998,-4.7576,120.38999999999999,10.0,6.0,0.0,6.0,0.0,0.0,0.0,VORBUA_FSR
qmof-50d8de5,True,59.044,-1.2438,40.129999999999995,4.0,2.0,0.0,2.0,0.0,0.0,0.0,OHESEB_FSR
qmof-b128f29,False,,,,,,,,,,,EDUHAP_FSR
qmof-65e795e,False,,,,,,,,,,,DIJZUS01_FSR
qmof-0526948,True,175.88899999999998,-5.0093999999999985,140.95,12.0,8.0,3.0,7.0,2.0,0.0,0.0,DIKRUL_FSR
qmof-251851e,True,84.062,-0.7987000000000002,77.19999999999999,6.0,5.0,1.0,4.0,0.0,0.0,1.0,PIGXIN_FSR
qmof-4d13400,False,,,,,,,,,,,CAVTIE_FSR
qmof-b3fea0d,True,67.071,0.26089000000000007,24.72,5.0,2.0,0.0,2.0,0.0,0.0,1.0,CAVTOK_FSR
qmof-c4cca42,False,,,,,,,,,,,CAVXOP_FSR
qmof-dee0a1f,False,,,,,,,,,,,BEFREL_FSR
qmof-5517ab7,False,,,,,,,,,,,BEFRIP_FSR
qmof-6ef199f,False,,,,,,,,,,,TAHJIW_FSR
qmof-58bd82c,True,185.11899999999997,-4.2613,145.1,13.0,8.0,1.0,7.0,2.0,0.0,1.0,JUSHUC_FSR
qmof-f2c3a63,True,135.11,-0.9565000000000001,69.53,10.0,6.0,0.0,5.0,0.0,1.0,2.0,GOFNEV_FSR
qmof-ac29f9c,True,228.15999999999994,-4.842999999999998,120.88,16.0,8.0,0.0,6.0,4.0,0.0,1.0,DIGTEU_FSR
qmof-d4093bf,False,,,,,,,,,,,TAKSAZ_FSR
qmof-25e06cf,True,85.082,-0.6876,40.129999999999995,6.0,2.0,0.0,2.0,1.0,0.0,0.0,WAGXAD01_FSR
qmof-6b7c621,True,351.178,2.2695000000000007,77.43,24.0,10.0,1.0,3.0,2.0,2.0,2.0,BEMLEM_FSR
qmof-8643335,False,,,,,,,,,,,WETBAB01_FSR
qmof-8b93713,False,,,,,,,,,,,WEWFAI_FSR
qmof-324b117,False,,,,,,,,,,,ODEWEA_FSR
qmof-56439ce,True,150.15699999999998,-0.23590000000000044,53.019999999999996,11.0,3.0,0.0,3.0,3.0,1.0,1.0,PUHNAI01_FSR
qmof-ba8f8c6,False,,,,,,,,,,,LIKKAT_FSR
qmof-918ee50,True,240.27000000000004,0.9661999999999998,61.42,18.0,6.0,0.0,6.0,4.0,3.0,3.0,SIXZIJ_FSR
qmof-70ccc93,True,240.27000000000004,0.9661999999999998,61.42,18.0,6.0,0.0,6.0,4.0,3.0,3.0,SIXZOP_FSR
qmof-9aae61a,False,,,,,,,,,,,CLIMCD_FSR
qmof-8535569,True,215.27399999999997,-0.43910000000000005,60.44,14.0,5.0,0.0,3.0,3.0,0.0,1.0,BEDWEN_FSR
qmof-904fd21,True,157.08499999999998,0.9277999999999997,57.2,10.0,4.0,1.0,1.0,1.0,1.0,1.0,VUZTUF01_FSR
qmof-53ec30e,False,,,,,,,,,,,HAYPEC_FSR
qmof-99f53a9,False,,,,,,,,,,,IPAMER_FSR
qmof-259af4b,False,,,,,,,,,,,OGALAK01_FSR
qmof-59b517c,True,117.03599999999999,-3.7146999999999997,100.16,8.0,5.0,0.0,4.0,2.0,0.0,0.0,OGANAN_FSR
qmof-13da5e7,True,60.09999999999999,-1.0962,52.04,4.0,2.0,2.0,2.0,1.0,0.0,0.0,RIGMIF_FSR
qmof-031685e,False,,,,,,,,,,,KOBBOS_FSR
qmof-965eff6,False,,,,,,,,,,,MEYJIL_FSR
qmof-9cc3331,True,156.12499999999997,-2.8076,122.88,11.0,7.0,2.0,7.0,2.0,1.0,1.0,FEBRIP_FSR
qmof-30cd2b2,True,288.212,-7.410000000000003,167.0,20.0,10.0,0.0,10.0,11.0,0.0,0.0,TACZUV_FSR
qmof-2c3d85b,False,,,,,,,,,,,FEFPAJ_FSR
qmof-5f0b53c,False,,,,,,,,,,,EGOXAA_FSR
qmof-485c8c2,False,,,,,,,,,,,BEFQOU_FSR
qmof-7f3a923,False,,,,,,,,,,,BEFQUA_FSR
qmof-a6dc226,True,96.06299999999999,-0.9077999999999999,73.94,5.0,5.0,0.0,2.0,0.0,0.0,0.0,ROFNAE_FSR
qmof-f7ddf20,True,192.16999999999993,-1.7286,80.25999999999999,14.0,4.0,0.0,4.0,4.0,1.0,1.0,GEKJAK_FSR
qmof-e3e5ec8,True,218.235,-0.31799999999999984,82.38,13.0,7.0,0.0,4.0,0.0,1.0,2.0,ICOMOC_FSR
qmof-0134889,False,,,,,,,,,,,DALXAS_FSR
qmof-0ef4ccf,False,,,,,,,,,,,KIPCAQ_FSR
qmof-0412385,False,,,,,,,,,,,BAMXUL_FSR
qmof-065e982,True,88.01799999999999,-3.5138000000000003,80.25999999999999,6.0,4.0,0.0,4.0,0.0,0.0,0.0,INASOF_FSR
qmof-c5d75d5,True,88.01799999999999,-3.5138000000000003,80.25999999999999,6.0,4.0,0.0,4.0,0.0,0.0,0.0,BAOXAL02_FSR
qmof-74f41a5,False,,,,,,,,,,,GOBPES_FSR
qmof-0a61a8e,False,,,,,,,,,,,SUSWEJ01_FSR
qmof-67fdce2,False,,,,,,,,,,,LIRPUZ_FSR
qmof-68f63a9,False,,,,,,,,,,,XOBGOK_FSR
qmof-849d7dc,False,,,,,,,,,,,HXTPSN01_FSR
qmof-75587b4,True,232.11199999999994,2.3164,73.94,14.0,6.0,0.0,2.0,3.0,1.0,1.0,QOXFUE_FSR
qmof-62c3d21,True,410.4740000000002,0.6115999999999997,115.9,30.0,8.0,0.0,8.0,11.0,3.0,3.0,GAXPOM_FSR
qmof-6cb09f0,True,382.42000000000013,-0.16859999999999942,115.9,28.0,8.0,0.0,8.0,9.0,3.0,3.0,GAXQAZ_FSR
qmof-6cce137,True,280.204,-5.055399999999997,167.46,20.0,12.0,0.0,12.0,7.0,2.0,2.0,WAKCUJ_FSR
qmof-56e00d6,False,,,,,,,,,,,WANQEH_FSR
qmof-d2eac4d,True,58.085,0.66498,23.79,3.0,2.0,0.0,1.0,0.0,0.0,0.0,DIDKAC01_FSR
qmof-ecbc8f8,True,179.15099999999995,-0.024600000000000066,66.43,13.0,4.0,0.0,4.0,2.0,1.0,1.0,PIKZAN_FSR
qmof-320fb46,True,88.01799999999999,-3.5138000000000003,80.25999999999999,6.0,4.0,0.0,4.0,0.0,0.0,0.0,PINFAW_FSR
qmof-31ff996,True,114.05599999999998,-2.9576000000000002,80.25999999999999,8.0,4.0,0.0,4.0,2.0,0.0,0.0,CDMALD_FSR
qmof-e8df2d4,True,66.043,-0.44704000000000005,61.68,5.0,3.0,0.0,2.0,0.0,0.0,0.0,WELNEH_FSR
qmof-58c93b3,False,,,,,,,,,,,INOXUE_FSR
qmof-149aeaf,False,,,,,,,,,,,BASQUI_FSR
qmof-2799dff,True,171.19699999999997,2.1950200000000004,59.699999999999996,11.0,4.0,0.0,0.0,1.0,1.0,1.0,WAQYIW_FSR
qmof-fac7320,True,278.308,-2.549399999999997,104.32,20.0,6.0,2.0,6.0,4.0,1.0,2.0,IPANAP_FSR
qmof-54f3ddb,True,192.16999999999996,-1.7286,80.25999999999999,14.0,4.0,0.0,4.0,4.0,1.0,1.0,IPANIX_FSR
qmof-6abc890,True,134.14199999999997,0.36478999999999995,51.18,10.0,4.0,0.0,3.0,0.0,0.0,2.0,BAYQAU03_FSR
qmof-d64dd12,True,156.077,-2.1336000000000004,118.99999999999999,11.0,7.0,2.0,5.0,2.0,1.0,1.0,SOGSAJ01_FSR
qmof-97b8ee9,False,,,,,,,,,,,WEXCAF_FSR
qmof-3503fd0,False,,,,,,,,,,,SOTMUK02_FSR
qmof-7a9c4b8,True,250.38999999999996,1.40558,34.68000000000001,18.0,4.0,0.0,2.0,7.0,0.0,2.0,LARFIW_FSR
qmof-77a1d56,True,173.09999999999997,-4.367499999999999,120.38999999999999,12.0,6.0,0.0,6.0,5.0,0.0,0.0,SUDNIQ_FSR
qmof-efc1075,False,,,,,,,,,,,HEBKEG_FSR
qmof-a99aeba,True,26.018,0.09637,23.79,2.0,1.0,0.0,1.0,0.0,0.0,0.0,WAZCAB_FSR
qmof-1646be5,False,,,,,,,,,,,CIXKEZ02_FSR
qmof-e68f2b2,True,45.016999999999996,-1.6339000000000001,40.129999999999995,3.0,2.0,0.0,2.0,0.0,0.0,0.0,NIFORM01_FSR
qmof-235d3c3,True,264.10999999999996,1.9184,114.39999999999999,16.0,8.0,2.0,2.0,4.0,1.0,1.0,NEXRAM_FSR
qmof-2b4c687,True,218.235,-0.31799999999999984,82.38,13.0,7.0,0.0,4.0,0.0,1.0,2.0,ICOMIW_FSR
qmof-6ff64b6,True,236.22599999999994,2.0866,119.4,14.0,8.0,0.0,0.0,2.0,1.0,1.0,AQOWIN_FSR
qmof-b97fe67,True,59.044,-1.2438,40.129999999999995,4.0,2.0,0.0,2.0,0.0,0.0,0.0,DADLOL_FSR
qmof-c30b37f,True,122.11999999999999,-2.3071999999999995,80.92,8.0,4.0,4.0,4.0,3.0,0.0,0.0,DADMEB01_FSR
qmof-1150e7f,True,190.06299999999996,-6.637499999999999,160.51999999999998,13.0,8.0,0.0,8.0,2.0,0.0,0.0,DAFNEG_FSR
qmof-0470d6b,True,190.06299999999996,-6.637499999999999,160.51999999999998,13.0,8.0,0.0,8.0,2.0,0.0,0.0,DAFNIK_FSR
qmof-fbc4c36,True,285.277,-2.386499999999998,126.42999999999998,19.0,8.0,1.0,6.0,7.0,1.0,1.0,RIFTOQ_FSR
qmof-e3dcc4d,True,162.19600000000003,1.1449900000000002,51.18,12.0,4.0,0.0,3.0,0.0,0.0,2.0,OFERUN03_FSR
qmof-017128d,True,162.19600000000003,1.1449900000000002,51.18,12.0,4.0,0.0,3.0,0.0,0.0,2.0,OFERUN04_FSR
qmof-6d2f6ac,True,249.222,-1.6899999999999984,109.35999999999999,18.0,6.0,1.0,5.0,2.0,1.0,2.0,POMSIV_FSR
qmof-708e4d8,False,,,,,,,,,,,LIHSEB_FSR
qmof-ea6c0f9,True,238.242,-3.6565999999999996,120.72,14.0,8.0,2.0,8.0,2.0,0.0,1.0,ROGSUC_FSR
qmof-db19c6b,True,248.335,2.2249800000000004,59.43,17.0,6.0,0.0,5.0,5.0,2.0,2.0,NIRCAT_FSR
qmof-3b6652e,True,165.17199999999997,-0.7786000000000002,79.03999999999999,12.0,4.0,1.0,4.0,3.0,1.0,1.0,ASALIP_FSR
qmof-86ab3d5,False,,,,,,,,,,,AROBAK_FSR
qmof-455307c,True,88.01799999999999,-3.5138000000000003,80.25999999999999,6.0,4.0,0.0,4.0,0.0,0.0,0.0,SOQVIF_FSR
qmof-90232dc,False,,,,,,,,,,,PODTUY_FSR
qmof-7050bc7,True,155.069,-3.4683000000000006,121.83000000000001,11.0,7.0,1.0,6.0,2.0,1.0,1.0,PODZOY_FSR
qmof-a6675c1,True,160.21799999999996,0.8850700000000001,57.93,10.0,4.0,0.0,3.0,1.0,0.0,0.0,MIBQAP_FSR
qmof-391a076,True,88.01799999999999,-3.5138000000000003,80.25999999999999,6.0,4.0,0.0,4.0,0.0,0.0,0.0,IDAZEU_FSR
qmof-e94ef3c,True,326.31200000000007,-1.337599999999998,115.89999999999999,24.0,8.0,0.0,8.0,4.0,3.0,3.0,MOLLIK_FSR
qmof-7c66e3b,True,238.294,2.1761999999999997,35.64,18.0,4.0,0.0,4.0,4.0,3.0,3.0,QOGXIU_FSR
qmof-028a878,True,88.01799999999999,-3.5138000000000003,80.25999999999999,6.0,4.0,0.0,4.0,0.0,0.0,0.0,RISNUD_FSR
qmof-b586c9e,True,328.36800000000017,0.3084,106.03999999999999,24.0,6.0,0.0,6.0,8.0,2.0,2.0,GEHQIU_FSR
qmof-7473900,True,306.32200000000006,-1.1735999999999984,115.9,22.0,8.0,0.0,8.0,7.0,2.0,2.0,QOHJON_FSR
qmof-6dd93a8,True,360.3950000000001,0.035099999999999465,115.9,25.0,9.0,0.0,9.0,7.0,3.0,3.0,YITVOO_FSR
qmof-bfa2fbe,False,,,,,,,,,,,YIXBAK_FSR
qmof-4cff130,True,218.235,-0.31799999999999984,82.38,13.0,7.0,0.0,4.0,0.0,1.0,2.0,YIQMOA_FSR
qmof-6519b1b,False,,,,,,,,,,,LEPPED_FSR
qmof-102b244,False,,,,,,,,,,,SAJSAY_FSR
qmof-6178f49,False,,,,,,,,,,,DAYTAB_FSR
qmof-bd1c996,True,169.005,-3.7148999999999996,137.45999999999998,10.0,8.0,1.0,5.0,0.0,0.0,0.0,XAPJIJ_FSR
qmof-390b161,True,84.062,-0.7987000000000002,77.19999999999999,6.0,5.0,1.0,4.0,0.0,0.0,1.0,UKOYID_FSR
qmof-4084077,True,118.13699999999999,-0.28362999999999994,57.93,7.0,4.0,0.0,3.0,1.0,0.0,0.0,UJIDIA_FSR
qmof-fd4212d,False,,,,,,,,,,,JARFEO_FSR
qmof-509fede,True,182.98799999999997,-3.1277999999999992,157.03,11.0,9.0,0.0,5.0,0.0,0.0,0.0,PAHTOI_FSR
qmof-e8f3744,True,306.276,0.4266899999999994,80.64,22.0,9.0,1.0,6.0,5.0,2.0,3.0,UCUJOS_FSR
qmof-361e7d5,False,,,,,,,,,,,BORNAY_FSR
qmof-70589ac,False,,,,,,,,,,,DOQHOH_FSR
qmof-3b5b6a1,True,136.285,2.1025,0.0,7.0,2.0,0.0,2.0,4.0,0.0,0.0,MAJDEI_FSR
qmof-5fe665d,False,,,,,,,,,,,MAKXON_FSR
qmof-0234a03,True,211.06499999999994,0.7456,40.129999999999995,14.0,7.0,0.0,2.0,1.0,1.0,1.0,HIZJIK_FSR
qmof-006948c,True,174.224,-0.9666299999999979,94.28999999999999,12.0,5.0,2.0,5.0,7.0,0.0,0.0,BOVGOK_FSR
qmof-8b5797b,True,236.07599999999994,-1.0300000000000002,80.25999999999999,16.0,8.0,0.0,4.0,2.0,1.0,1.0,LUWYEI_FSR
qmof-118a864,True,85.046,-0.4038,67.92,6.0,5.0,1.0,3.0,0.0,0.0,1.0,JEBJUY_FSR
qmof-a1cd150,True,315.178,1.4173999999999998,114.73,20.0,8.0,3.0,2.0,2.0,2.0,2.0,JEBLIM_FSR
qmof-1dad226,True,160.16,0.9227999999999998,64.07,12.0,5.0,0.0,4.0,2.0,1.0,2.0,UGASAX_FSR
qmof-41e78d0,True,131.11099999999996,-3.061,109.24,9.0,5.0,2.0,4.0,3.0,0.0,0.0,UGELAT_FSR
qmof-020dd5c,True,142.09799999999998,-2.9947999999999997,109.75,10.0,7.0,1.0,7.0,2.0,1.0,1.0,EXOSEQ_FSR
qmof-a13f65c,True,169.587,0.6323999999999996,40.129999999999995,11.0,3.0,0.0,2.0,2.0,1.0,1.0,EYABEN_FSR
qmof-6660b5e,True,238.294,2.1761999999999997,35.64,18.0,4.0,0.0,4.0,4.0,3.0,3.0,QUVDOC_FSR
qmof-0190167,False,,,,,,,,,,,KUYQEB_FSR
qmof-48ff125,True,85.046,-0.4038,67.92,6.0,5.0,1.0,3.0,0.0,0.0,1.0,JEBKEJ_FSR
qmof-28949da,True,814.2540000000004,-2.358229999999999,450.0299999999999,48.0,33.0,13.0,15.0,12.0,0.0,3.0,KUQYIF_FSR
qmof-1b305ca,False,,,,,,,,,,,CUMJEB_FSR
qmof-3076706,True,134.04299999999998,-4.8328999999999995,120.72,9.0,6.0,2.0,6.0,2.0,0.0,0.0,UFOCID_FSR
qmof-ee19259,True,132.071,-3.7628,100.49,9.0,5.0,1.0,5.0,3.0,0.0,0.0,UGAFIR01_FSR
qmof-8c434be,True,134.04299999999998,-4.8328999999999995,120.72,9.0,6.0,2.0,6.0,2.0,0.0,0.0,UFOGAZ_FSR
qmof-617f5a1,True,88.15400000000001,-0.3159999999999998,52.04,6.0,2.0,2.0,2.0,3.0,0.0,0.0,GUJTUB_FSR
qmof-f057986,True,131.087,-3.924199999999999,92.28999999999999,9.0,5.0,1.0,5.0,4.0,0.0,0.0,AFAVUA_FSR
qmof-40cbe6f,True,134.04299999999998,-4.8328999999999995,120.72,9.0,6.0,2.0,6.0,2.0,0.0,0.0,UFOCUP_FSR
qmof-3151dac,True,134.04299999999998,-4.8328999999999995,120.72,9.0,6.0,2.0,6.0,2.0,0.0,0.0,UFODAW_FSR
qmof-508f964,True,134.04299999999998,-4.8328999999999995,120.72,9.0,6.0,2.0,6.0,2.0,0.0,0.0,UFODUQ_FSR
qmof-aebe28e,True,134.04299999999998,-4.8328999999999995,120.72,9.0,6.0,2.0,6.0,2.0,0.0,0.0,UFOFEC_FSR
qmof-f78bdeb,True,134.04299999999998,-4.8328999999999995,120.72,9.0,6.0,2.0,6.0,2.0,0.0,0.0,UFOFIG_FSR
qmof-e0ec160,True,272.174,3.7820000000000027,92.4,16.0,8.0,0.0,4.0,9.0,0.0,0.0,IFUGEX_FSR
qmof-d51ae11,True,228.15999999999994,-4.842999999999998,120.88,16.0,8.0,0.0,6.0,4.0,0.0,1.0,XAFYEK_FSR
qmof-ac6419f,True,168.14799999999997,-1.9313999999999985,80.25999999999999,12.0,4.0,0.0,4.0,2.0,0.0,1.0,POJQEL_FSR
qmof-5c17b15,True,281.668,1.1777,113.82,18.0,8.0,0.0,4.0,1.0,0.0,2.0,DERJIT_FSR
qmof-ee3611d,False,,,,,,,,,,,SOHZEW_FSR
qmof-00a191a,True,144.126,-1.9533999999999987,80.25999999999999,10.0,4.0,0.0,4.0,5.0,0.0,0.0,QITYOI_FSR
qmof-d126681,True,79.979,0.23709999999999992,56.87,4.0,4.0,0.0,1.0,0.0,0.0,0.0,QIVMOX_FSR
qmof-8a7ef33,True,139.134,-0.8060000000000007,57.949999999999996,10.0,4.0,0.0,4.0,2.0,1.0,1.0,FUJRIM_FSR
qmof-f2d2091,False,,,,,,,,,,,SUMYOQ_FSR
qmof-b8e36f9,True,223.24799999999993,0.4074999999999997,77.42999999999999,16.0,4.0,1.0,3.0,2.0,0.0,4.0,KAHMIR_FSR
qmof-05dd4c4,True,132.071,-3.7628,100.49,9.0,5.0,1.0,5.0,3.0,0.0,0.0,FAYXEJ02_FSR
qmof-e05ace4,False,,,,,,,,,,,XIFXUG_FSR
qmof-5afef8e,True,187.05699999999996,-1.8333999999999984,120.34,8.0,6.0,2.0,2.0,1.0,0.0,0.0,XIGFEY_FSR
qmof-7a1656c,False,,,,,,,,,,,PONSEQ_FSR
qmof-b8d8d2d,True,125.09500000000001,-1.1367999999999998,109.88000000000001,9.0,7.0,0.0,3.0,0.0,0.0,1.0,ICAMOR_FSR
qmof-db2d084,True,164.17200000000003,-0.43020000000000036,61.42,12.0,6.0,0.0,6.0,3.0,2.0,2.0,NIJZIQ_FSR
qmof-6a1242b,True,72.107,0.7968,9.23,5.0,1.0,0.0,1.0,0.0,0.0,1.0,DAGGUP_FSR
qmof-8492159,True,132.071,-3.7628,100.49,9.0,5.0,1.0,5.0,3.0,0.0,0.0,MEYFEB_FSR
qmof-126e41c,True,95.12499999999999,0.8841,26.46,7.0,2.0,0.0,1.0,1.0,0.0,1.0,EHETER01_FSR
qmof-a6d1765,True,190.25,1.92519,51.18,14.0,4.0,0.0,3.0,2.0,0.0,2.0,EHETER_FSR
qmof-dda6765,True,188.11499999999995,-5.461899999999998,123.63,13.0,7.0,0.0,7.0,6.0,0.0,0.0,XISROJ_FSR
qmof-9865ee9,True,190.06299999999996,-6.637499999999999,160.51999999999998,13.0,8.0,0.0,8.0,2.0,0.0,0.0,DAFKIH_FSR
qmof-8236b17,False,,,,,,,,,,,EQUGUS_FSR
qmof-8792b44,True,26.018,0.09637,23.79,2.0,1.0,0.0,1.0,0.0,0.0,0.0,DIDQEM_FSR
qmof-4eb7b7a,False,,,,,,,,,,,CDCACD01_FSR
qmof-cb52709,True,190.25,1.56,35.64,14.0,4.0,0.0,4.0,5.0,2.0,2.0,BEBGEV01_FSR
qmof-0bdc70c,True,166.208,-0.9234299999999991,36.75,12.0,5.0,0.0,5.0,0.0,0.0,4.0,PIJWAG_FSR
qmof-e4c44a2,False,,,,,,,,,,,GISKUQ_FSR
qmof-9cb7ecc,True,218.11699999999993,-5.857299999999999,160.51999999999998,15.0,8.0,0.0,8.0,4.0,0.0,0.0,GITDIZ_FSR
qmof-1b1031a,True,250.78199999999998,-2.8859999999999997,86.66,10.0,6.0,1.0,5.0,3.0,0.0,0.0,FAMZIE_FSR
qmof-f43bf7e,True,112.03999999999998,-3.5104,80.25999999999999,8.0,4.0,0.0,4.0,0.0,0.0,0.0,ICUDOC_FSR
qmof-1ca400c,True,138.1,-1.4226000000000003,99.82999999999998,8.0,6.0,0.0,2.0,2.0,0.0,0.0,LARXIN_FSR
qmof-629f821,False,,,,,,,,,,,GOBZAZ_FSR
qmof-9ca48a0,True,300.29,-1.8727299999999967,119.80999999999999,22.0,12.0,0.0,9.0,4.0,1.0,4.0,AQOFUI_FSR
qmof-a3dadbc,True,228.15999999999994,-4.842999999999998,120.88,16.0,8.0,0.0,6.0,4.0,0.0,1.0,DIGTOE_FSR
qmof-7670773,False,,,,,,,,,,,IPABIL01_FSR
qmof-a8c7cd8,True,188.11499999999995,-5.461899999999998,123.63,13.0,7.0,0.0,7.0,6.0,0.0,0.0,OFITIH_FSR
qmof-5ec17b1,True,188.11499999999995,-5.461899999999998,123.63,13.0,7.0,0.0,7.0,6.0,0.0,0.0,OFITON01_FSR
qmof-a78d31b,True,191.956,-0.10440000000000016,154.2,10.0,10.0,2.0,2.0,0.0,0.0,0.0,IBOSUN_FSR
qmof-5dd6ad5,True,188.11499999999995,-5.461899999999998,123.63,13.0,7.0,0.0,7.0,6.0,0.0,0.0,OFITON_FSR
qmof-d7c9623,False,,,,,,,,,,,TADJEO_FSR
qmof-bd5da4b,True,556.6840000000003,-3.894799999999993,164.12,29.0,15.0,0.0,13.0,0.0,0.0,6.0,EGIBON_FSR
qmof-c8c5913,True,288.212,-7.410000000000003,167.0,20.0,10.0,0.0,10.0,11.0,0.0,0.0,TAHFUF_FSR
qmof-4e55d23,True,129.207,-1.1496999999999988,41.29,9.0,3.0,2.0,3.0,2.0,0.0,1.0,TAPVAK_FSR
qmof-8908571,False,,,,,,,,,,,DIFTUJ01_FSR
qmof-01324e2,True,145.13799999999998,-2.6708999999999996,109.24,10.0,5.0,2.0,4.0,4.0,0.0,0.0,TAKRIJ_FSR
qmof-5522e9e,True,112.176,-0.3824000000000001,6.48,8.0,2.0,0.0,2.0,0.0,0.0,3.0,WAFPUP_FSR
qmof-d07845e,True,148.13899999999998,-2.7805999999999997,80.25999999999999,9.0,5.0,0.0,5.0,4.0,0.0,0.0,LIMKIC_FSR
qmof-08b8104,True,140.14199999999997,-1.4258099999999996,46.61,10.0,4.0,0.0,4.0,2.0,0.0,1.0,XILPUE_FSR
qmof-a5f7f52,True,223.07699999999997,-3.200199999999999,140.37,14.0,9.0,0.0,6.0,6.0,0.0,0.0,XILXIB_FSR
qmof-54a157d,True,191.11499999999998,-2.5832,134.96,13.0,7.0,3.0,5.0,5.0,0.0,0.0,PIGPUQ01_FSR
qmof-0bc2115,False,,,,,,,,,,,REVFOO_FSR
qmof-8da777e,True,366.24600000000004,-6.989309999999997,220.93,26.0,14.0,0.0,13.0,8.0,1.0,2.0,MERFAT_FSR
qmof-4fa1780,False,,,,,,,,,,,FIVJEA_FSR
qmof-de13d28,True,182.13099999999994,-2.9441999999999995,89.49,13.0,5.0,0.0,5.0,2.0,0.0,2.0,TARGUQ_FSR
qmof-4918b41,True,207.17300000000003,-1.9434999999999987,101.55000000000001,15.0,8.0,0.0,8.0,4.0,2.0,2.0,TAHVIJ_FSR
qmof-81999f9,True,145.13799999999998,-2.6708999999999996,109.24,10.0,5.0,2.0,4.0,4.0,0.0,0.0,TAKREF_FSR
qmof-01fd9b9,True,123.15899999999999,0.40336,59.61,9.0,3.0,1.0,3.0,4.0,0.0,0.0,OHEMET_FSR
qmof-f17aef1,True,171.13199999999998,-3.2589999999999986,98.32999999999998,12.0,6.0,2.0,4.0,2.0,0.0,1.0,OHIVUW_FSR
qmof-57ee22e,False,,,,,,,,,,,ROKZIC01_FSR
qmof-6ef2062,False,,,,,,,,,,,ROKZOI01_FSR
qmof-b9c5c8c,True,188.11499999999995,-5.461899999999998,123.63,13.0,7.0,0.0,7.0,6.0,0.0,0.0,ASEMUG01_FSR
qmof-347261d,False,,,,,,,,,,,QIMNEH_FSR
qmof-911fbe9,True,127.083,-2.577,83.73,9.0,6.0,0.0,6.0,2.0,1.0,1.0,QIXWAX_FSR
qmof-4625e3c,False,,,,,,,,,,,KAPNUM_FSR
qmof-c2a6c60,True,83.074,0.30500000000000005,51.18,6.0,4.0,0.0,3.0,0.0,0.0,1.0,OCESUL01_FSR
qmof-9aa4a8f,False,,,,,,,,,,,IMATIZ_FSR
qmof-4d4c102,True,164.17200000000003,-0.43020000000000036,61.42,12.0,6.0,0.0,6.0,3.0,2.0,2.0,EKEGEG_FSR
qmof-15fda22,True,192.155,-0.14530000000000015,63.35,12.0,6.0,0.0,3.0,0.0,0.0,3.0,EKEHUZ_FSR
qmof-64496fb,True,244.10099999999994,-2.377699999999999,133.05,16.0,10.0,2.0,5.0,2.0,0.0,1.0,FATHAM_FSR
qmof-bfddfcd,True,126.11499999999997,-1.7680099999999999,55.4,9.0,4.0,1.0,4.0,2.0,0.0,1.0,FATRUP_FSR
qmof-e0c423e,True,256.293,1.11296,97.32,19.0,7.0,0.0,6.0,5.0,2.0,2.0,WIVFOX_FSR
qmof-4432ff1,True,183.14299999999994,-3.3057099999999986,86.74,13.0,6.0,0.0,6.0,4.0,0.0,1.0,CEKLOU_FSR
qmof-cbde705,False,,,,,,,,,,,SIVGIN05_FSR
qmof-857f34a,False,,,,,,,,,,,LIGZIN_FSR
qmof-9ba61f0,True,127.083,-2.577,83.73,9.0,6.0,0.0,6.0,2.0,1.0,1.0,LIHFUF_FSR
qmof-4c838aa,False,,,,,,,,,,,LODDOZ_FSR
qmof-b605e3f,True,214.17699999999996,-4.369599999999998,103.81,15.0,7.0,0.0,6.0,4.0,0.0,1.0,OGEHIT_FSR
qmof-5991f0e,True,395.07100000000014,5.480500000000004,92.4,23.0,10.0,0.0,4.0,6.0,2.0,2.0,OGOWUD_FSR
qmof-2b46da3,True,244.24200000000002,-0.48714000000000035,123.1,18.0,9.0,0.0,8.0,4.0,2.0,2.0,NEWCUP_FSR
qmof-cf1e4d0,True,299.9,2.202,38.33,13.0,7.0,1.0,3.0,2.0,0.0,1.0,NEWQEN01_FSR
qmof-7e9b3eb,True,79.979,0.23709999999999992,56.87,4.0,4.0,0.0,1.0,0.0,0.0,0.0,HUYGOX_FSR
qmof-1bc82b5,True,176.19299999999998,-2.000399999999998,80.25999999999999,11.0,5.0,0.0,5.0,6.0,0.0,0.0,LANXUW_FSR
qmof-a23b78e,False,,,,,,,,,,,OJOZOE_FSR
qmof-f3b9a1a,True,418.6390000000003,-3.2067999999999968,131.34000000000003,22.0,12.0,0.0,10.0,0.0,0.0,5.0,BENWAU_FSR
qmof-c02979d,True,148.207,-1.1832999999999991,66.14999999999999,9.0,4.0,1.0,4.0,4.0,0.0,0.0,LMETZN_FSR
qmof-1e42cc3,False,,,,,,,,,,,JOSDEA01_FSR
qmof-a880cf1,False,,,,,,,,,,,NENLEZ_FSR
qmof-6849271,False,,,,,,,,,,,VINNAJ_FSR
qmof-a3ce047,True,170.164,-1.7073999999999987,80.25999999999999,12.0,4.0,0.0,4.0,2.0,0.0,1.0,ECEZES_FSR
qmof-7006a4a,True,183.14299999999994,-3.3057099999999986,86.74,13.0,6.0,0.0,6.0,4.0,0.0,1.0,XOTNEB01_FSR
qmof-a098afb,True,126.09499999999998,-1.9719999999999998,70.84,9.0,5.0,0.0,5.0,2.0,1.0,1.0,XOTSUV_FSR
qmof-db56513,True,126.09499999999998,-2.281109999999999,69.83,9.0,5.0,0.0,4.0,2.0,0.0,1.0,XOTTAC_FSR
qmof-17de19a,True,283.212,-1.7292999999999985,152.03,20.0,8.0,3.0,5.0,4.0,0.0,3.0,OKIPEE_FSR
qmof-521818e,False,,,,,,,,,,,ISEBEN_FSR
qmof-206a6de,False,,,,,,,,,,,ATAHIO_FSR
qmof-14210e6,False,,,,,,,,,,,IMACZN01_FSR
qmof-efe5d3e,False,,,,,,,,,,,FIRXIP_FSR
qmof-16dfff2,True,190.10699999999997,-3.9179,137.79,13.0,7.0,2.0,6.0,5.0,0.0,0.0,APANAI_FSR
qmof-3f25aa2,True,126.09499999999998,-2.281109999999999,69.83,9.0,5.0,0.0,4.0,2.0,0.0,1.0,XOZZOC_FSR
qmof-bda49bd,True,371.6170000000002,-4.464399999999995,141.93,22.0,12.0,0.0,10.0,2.0,0.0,3.0,LALZIJ_FSR
qmof-9446f9c,False,,,,,,,,,,,IROQEM_FSR
qmof-897cb31,True,166.208,-0.9234299999999991,36.75,12.0,5.0,0.0,5.0,0.0,0.0,4.0,VISTUM_FSR
qmof-2658448,True,127.083,-2.577,83.73,9.0,6.0,0.0,6.0,2.0,1.0,1.0,JOJJEY_FSR
qmof-fb68689,True,127.083,-2.577,83.73,9.0,6.0,0.0,6.0,2.0,1.0,1.0,JOJHUM01_FSR
qmof-cf9b31e,True,172.13599999999997,-2.3842999999999988,97.33000000000001,12.0,5.0,0.0,5.0,6.0,0.0,0.0,CAJCUL_FSR
qmof-28b48d0,True,243.23499999999999,-2.705199999999997,120.38999999999999,17.0,6.0,0.0,6.0,2.0,0.0,1.0,PESSUD01_FSR
qmof-db63f95,True,243.23499999999999,-2.705199999999997,120.38999999999999,17.0,6.0,0.0,6.0,2.0,0.0,1.0,PESTAK01_FSR
qmof-25a8aa5,True,243.23499999999999,-2.705199999999997,120.38999999999999,17.0,6.0,0.0,6.0,2.0,0.0,1.0,PESTEO01_FSR
qmof-81894a6,True,156.125,-2.4337999999999997,109.75,11.0,7.0,1.0,7.0,2.0,1.0,1.0,ECIHIK_FSR
qmof-cf57844,True,564.4080000000002,-6.128000000000002,309.71999999999997,40.0,16.0,4.0,12.0,8.0,0.0,6.0,OKINUS_FSR
qmof-9da79ba,True,88.01799999999999,-3.5138000000000003,80.25999999999999,6.0,4.0,0.0,4.0,0.0,0.0,0.0,QQQBDJ04_FSR
qmof-af9169c,True,226.14399999999998,-4.9963999999999995,138.45999999999998,16.0,8.0,2.0,6.0,2.0,0.0,3.0,IKOLUP_FSR
qmof-e2f1ea2,True,326.94899999999996,2.4487000000000005,126.54000000000002,17.0,12.0,0.0,6.0,4.0,0.0,0.0,PUYFUL_FSR
qmof-9794e9c,True,140.126,-0.23120000000000002,80.28,10.0,6.0,1.0,4.0,1.0,0.0,1.0,BERRUN_FSR
qmof-89d5815,True,126.09900000000002,-0.6213,80.28,9.0,6.0,1.0,4.0,0.0,0.0,1.0,BERSOI_FSR
qmof-36e99dc,True,243.23499999999999,-2.705199999999997,120.38999999999999,17.0,6.0,0.0,6.0,2.0,0.0,1.0,PESSOX02_FSR
qmof-d929741,True,131.11099999999996,-3.1887999999999987,95.24999999999999,9.0,5.0,2.0,4.0,3.0,0.0,0.0,TEXTUL_FSR
qmof-848fedb,True,127.083,-2.577,83.73,9.0,6.0,0.0,6.0,2.0,1.0,1.0,JOJHUM_FSR
qmof-a7b5390,True,258.269,-0.09704000000000002,123.1,19.0,9.0,0.0,8.0,5.0,2.0,2.0,MAZTOX_FSR
qmof-f3c6526,True,45.016999999999996,-1.6339000000000001,40.129999999999995,3.0,2.0,0.0,2.0,0.0,0.0,0.0,SIFLEY_FSR
qmof-784eb1d,False,,,,,,,,,,,MOGVEK_FSR
qmof-8f2ae02,True,59.044,-1.2438,40.129999999999995,4.0,2.0,0.0,2.0,0.0,0.0,0.0,XESBUT_FSR
qmof-f19982c,True,386.29200000000003,-4.824409999999998,202.08999999999997,28.0,16.0,0.0,15.0,6.0,3.0,4.0,QEYWIB_FSR
qmof-3d4f57d,False,,,,,,,,,,,MITRIR_FSR
qmof-0c65e4f,True,188.16299999999995,-4.0725999999999996,124.35,13.0,7.0,3.0,5.0,5.0,0.0,0.0,MITROX_FSR
qmof-ae62f99,True,287.26900000000006,-0.4569000000000001,139.96,19.0,8.0,0.0,4.0,5.0,1.0,1.0,EKIDOS_FSR
qmof-182f378,True,287.26900000000006,-0.4569000000000001,139.96,19.0,8.0,0.0,4.0,5.0,1.0,1.0,EKIFAG_FSR
qmof-f38090a,True,416.3820000000001,1.7966999999999997,128.14999999999998,29.0,12.0,0.0,9.0,8.0,4.0,4.0,OMICUJ_FSR
qmof-3d6d180,False,,,,,,,,,,,OLITIM_FSR
qmof-2e3e817,False,,,,,,,,,,,MOXFEL_FSR
qmof-573a6eb,False,,,,,,,,,,,VEGYAI_FSR
qmof-f917bec,True,88.106,0.03320000000000001,18.46,6.0,2.0,0.0,2.0,0.0,0.0,1.0,BEVJES_FSR
qmof-f78ad77,True,136.118,1.0425900000000001,75.9,10.0,6.0,0.0,5.0,0.0,0.0,2.0,VERQOA01_FSR
qmof-0beae43,False,,,,,,,,,,,ERUVEU_FSR
qmof-a5e076e,False,,,,,,,,,,,FABCOC_FSR
qmof-0dfada7,True,84.082,-1.0081000000000004,56.730000000000004,6.0,4.0,1.0,4.0,0.0,1.0,1.0,PEPWIR_FSR
qmof-ae1a5ff,True,58.085,0.66498,23.79,3.0,2.0,0.0,1.0,0.0,0.0,0.0,PEPWOX_FSR
qmof-8ce7f1c,False,,,,,,,,,,,MOYBIL_FSR
qmof-4cd6b6d,True,143.082,-3.584600000000001,128.03,10.0,7.0,1.0,6.0,0.0,0.0,1.0,KOMGUP_FSR
qmof-cd04a40,False,,,,,,,,,,,LIHRAW01_FSR
qmof-71e5f47,True,45.016999999999996,-1.6339000000000001,40.129999999999995,3.0,2.0,0.0,2.0,0.0,0.0,0.0,HIBGEF_FSR
qmof-23daf81,True,190.25,1.56,35.64,14.0,4.0,0.0,4.0,5.0,2.0,2.0,RUPYOR_FSR
qmof-600fd47,True,45.016999999999996,-1.6339000000000001,40.129999999999995,3.0,2.0,0.0,2.0,0.0,0.0,0.0,NIXQAO01_FSR
qmof-b2f4f8a,True,125.10699999999997,-1.367,57.949999999999996,9.0,4.0,0.0,4.0,2.0,1.0,1.0,SEYVEY01_FSR
qmof-227ae8f,True,125.10699999999997,-1.367,57.949999999999996,9.0,4.0,0.0,4.0,2.0,1.0,1.0,SEYVIC01_FSR
qmof-1339fce,True,204.17700000000002,0.6185899999999999,114.72,15.0,9.0,0.0,7.0,0.0,0.0,3.0,HEJQIZ_FSR
qmof-53e5178,True,209.13,-4.735499999999997,158.35000000000002,14.0,8.0,5.0,7.0,5.0,0.0,0.0,KDGLUC01_FSR
qmof-000741d,True,45.016999999999996,-1.6339000000000001,40.129999999999995,3.0,2.0,0.0,2.0,0.0,0.0,0.0,SCFORM01_FSR
qmof-7e0b219,False,,,,,,,,,,,NURYOO01_FSR
qmof-a1de534,False,,,,,,,,,,,NURYOO_FSR
qmof-f528aef,True,91.086,-1.2299000000000002,60.36,6.0,3.0,2.0,2.0,2.0,0.0,0.0,IJIWOO_FSR
qmof-5226456,True,334.37600000000015,-0.3933999999999993,115.9,24.0,8.0,0.0,8.0,10.0,2.0,2.0,KIHDOX_FSR
qmof-c5532d8,True,188.18299999999996,-3.944499999999998,104.32,13.0,6.0,2.0,6.0,2.0,0.0,1.0,KIHJOD_FSR
qmof-d69dd6c,True,255.206,-3.1831999999999985,124.63,18.0,8.0,2.0,6.0,3.0,0.0,3.0,IKOMIE_FSR
qmof-c7403de,False,,,,,,,,,,,KOPBEW_FSR
qmof-ade9957,False,,,,,,,,,,,REGLUM_FSR
qmof-f9a6beb,True,158.10899999999998,-3.372699999999999,100.49000000000001,11.0,5.0,1.0,5.0,2.0,0.0,1.0,FUZYOP_FSR
qmof-4cbf5c8,False,,,,,,,,,,,MUGLAC_FSR
qmof-a50d865,True,189.09899999999996,-5.252599999999999,140.61999999999998,13.0,7.0,1.0,7.0,5.0,0.0,0.0,ISEQIH_FSR
qmof-802c05e,True,243.23499999999999,-2.705199999999997,120.38999999999999,17.0,6.0,0.0,6.0,2.0,0.0,1.0,KOTDEE_FSR
qmof-324dab2,True,243.23499999999999,-2.705199999999997,120.38999999999999,17.0,6.0,0.0,6.0,2.0,0.0,1.0,KOTDII_FSR
qmof-ed28d7b,True,243.23499999999999,-2.705199999999997,120.38999999999999,17.0,6.0,0.0,6.0,2.0,0.0,1.0,KOTDOO_FSR
qmof-33487ab,False,,,,,,,,,,,MAYXUG_FSR
qmof-eb1fb4c,False,,,,,,,,,,,VAMJAU_FSR
qmof-91c2978,True,116.07199999999999,-2.733599999999999,80.25999999999999,8.0,4.0,0.0,4.0,3.0,0.0,0.0,VARCOH_FSR
qmof-c215e9b,True,188.11499999999995,-5.461899999999998,123.63,13.0,7.0,0.0,7.0,6.0,0.0,0.0,VAWQIU01_FSR
qmof-b7c34ea,False,,,,,,,,,,,TISLEN_FSR
qmof-db849d6,False,,,,,,,,,,,BUXBUR_FSR
qmof-bd158a6,True,95.978,-0.05220000000000008,77.1,5.0,5.0,1.0,1.0,0.0,0.0,0.0,YAHLOJ_FSR
qmof-918b373,True,164.132,0.3640000000000001,102.36000000000001,12.0,8.0,0.0,6.0,3.0,0.0,2.0,HUHHEY_FSR
qmof-903582e,True,243.23499999999999,-2.705199999999997,120.38999999999999,17.0,6.0,0.0,6.0,2.0,0.0,1.0,KOTCUT_FSR
qmof-2320388,True,142.10999999999999,-2.1773999999999987,80.25999999999999,10.0,4.0,0.0,4.0,4.0,0.0,0.0,MARMEA_FSR
qmof-16b0771,False,,,,,,,,,,,MARPIE_FSR
qmof-5ba9d7d,True,169.09599999999998,-4.161009999999999,109.96000000000001,12.0,7.0,0.0,6.0,3.0,0.0,1.0,XELVAO_FSR
qmof-fc8dd71,True,83.45,0.33309999999999995,76.9,4.0,4.0,0.0,0.0,0.0,0.0,0.0,HEPNIA_FSR
qmof-956f0fd,True,142.09799999999998,-2.9947999999999997,109.75,10.0,7.0,1.0,7.0,2.0,1.0,1.0,MISHAY_FSR
qmof-311d91b,True,204.17700000000002,0.6185899999999999,114.72,15.0,9.0,0.0,7.0,0.0,0.0,3.0,HEJQAR_FSR
qmof-b3a116c,True,175.281,-0.4515200000000003,87.85999999999999,11.0,5.0,3.0,4.0,5.0,0.0,0.0,JIVXUH_FSR
qmof-42bd54c,True,178.15900000000002,0.7541,102.36,13.0,8.0,0.0,6.0,4.0,0.0,2.0,HUHHIC_FSR
qmof-3ad55a3,True,26.018,0.09637,23.79,2.0,1.0,0.0,1.0,0.0,0.0,0.0,HAFDOI_FSR
qmof-0b6afbc,True,134.04299999999998,-4.8328999999999995,120.72,9.0,6.0,2.0,6.0,2.0,0.0,0.0,VAHRON_FSR
qmof-f96d302,False,,,,,,,,,,,DUWWOH03_FSR
qmof-90bddf0,False,,,,,,,,,,,JIRLAA_FSR
qmof-4219847,True,198.218,-1.071299999999999,80.25999999999999,14.0,4.0,0.0,4.0,2.0,0.0,1.0,JITQOT_FSR
qmof-efb2482,True,68.059,-0.42400000000000004,38.82,5.0,3.0,0.0,2.0,0.0,0.0,1.0,EZABEN_FSR
qmof-553cf0b,False,,,,,,,,,,,MUHPAG_FSR
qmof-1dedbf9,True,244.11099999999993,-7.014199999999999,169.75,17.0,9.0,0.0,9.0,4.0,0.0,1.0,QUMXUS_FSR
qmof-3e12f05,True,134.04299999999998,-4.8328999999999995,120.72,9.0,6.0,2.0,6.0,2.0,0.0,0.0,MAQTUV_FSR
qmof-2ccb488,True,134.04299999999998,-4.8328999999999995,120.72,9.0,6.0,2.0,6.0,2.0,0.0,0.0,MAQVAD_FSR
qmof-eef0fa0,True,134.04299999999998,-4.8328999999999995,120.72,9.0,6.0,2.0,6.0,2.0,0.0,0.0,MAQVIL_FSR
qmof-5e02587,True,239.29499999999996,-0.019200000000000328,84.75,17.0,5.0,2.0,5.0,3.0,0.0,2.0,KEKXAB_FSR
qmof-69552f5,True,320.3490000000001,-0.7834999999999988,115.9,23.0,8.0,0.0,8.0,9.0,2.0,2.0,IDUKOK01_FSR
qmof-df44502,True,348.40300000000013,-0.1473999999999993,115.9,25.0,8.0,0.0,8.0,9.0,2.0,2.0,IDULIF_FSR
qmof-d23528f,False,,,,,,,,,,,LUHTEO_FSR
qmof-e18f67b,True,183.14299999999994,-3.3057099999999986,86.74,13.0,6.0,0.0,6.0,4.0,0.0,1.0,PAWKAA_FSR
qmof-8912cf1,True,176.223,1.1699,35.64,13.0,4.0,0.0,4.0,4.0,2.0,2.0,PAYMIN_FSR
qmof-9445ed4,False,,,,,,,,,,,BILNOB_FSR
qmof-389345a,True,136.078,-0.41619999999999996,102.36000000000001,10.0,8.0,0.0,6.0,1.0,0.0,2.0,UYEWUS02_FSR
qmof-a45ca63,True,256.166,-5.755399999999998,160.51999999999998,18.0,8.0,0.0,8.0,4.0,0.0,1.0,LUGWAM01_FSR
qmof-1700e53,True,256.166,-5.755399999999998,160.51999999999998,18.0,8.0,0.0,8.0,4.0,0.0,1.0,LUGWAM_FSR
qmof-651a6e1,False,,,,,,,,,,,GOXYAV_FSR
qmof-076f453,True,190.25,1.56,35.64,14.0,4.0,0.0,4.0,5.0,2.0,2.0,GUXCIM_FSR
qmof-e7ec131,False,,,,,,,,,,,WURYEO_FSR
qmof-7f7b053,True,228.15999999999994,-4.842999999999998,120.88,16.0,8.0,0.0,6.0,4.0,0.0,1.0,XAFXOT_FSR
qmof-aa83c13,False,,,,,,,,,,,HEVRAC_FSR
qmof-3d4ee1f,False,,,,,,,,,,,KEKWIH_FSR
qmof-7e2c431,True,84.062,-0.7987000000000002,77.19999999999999,6.0,5.0,1.0,4.0,0.0,0.0,1.0,HOZXAX_FSR
qmof-7e74c2d,True,187.05699999999996,-1.8333999999999984,120.34,8.0,6.0,2.0,2.0,1.0,0.0,0.0,ETUXUM_FSR
qmof-ebe5130,True,342.2400000000001,-6.408299999999997,186.39,24.0,12.0,0.0,12.0,9.0,1.0,1.0,IXENOQ_FSR
qmof-1bc0596,False,,,,,,,,,,,TUMGAJ_FSR
qmof-44f1f3a,True,135.14199999999997,0.35851999999999995,40.129999999999995,10.0,2.0,0.0,2.0,1.0,1.0,1.0,DUPMOR_FSR
qmof-64b7989,True,134.04299999999998,-4.8328999999999995,120.72,9.0,6.0,2.0,6.0,2.0,0.0,0.0,MAQVOR_FSR
qmof-61b7fa5,False,,,,,,,,,,,MALKES_FSR
qmof-1da8047,False,,,,,,,,,,,OSAYEN01_FSR
qmof-c54ce08,True,201.99499999999998,0.7605999999999997,133.97,11.0,9.0,1.0,3.0,2.0,0.0,0.0,PASKUS_FSR
qmof-5c3a722,True,132.16400000000002,-1.6012,52.16,8.0,4.0,1.0,4.0,1.0,0.0,1.0,GALSER_FSR
qmof-cee9997,True,136.118,1.0425900000000001,75.9,10.0,6.0,0.0,5.0,0.0,0.0,2.0,KUHDEX_FSR
qmof-a7cd6ff,True,292.295,-1.563699999999998,115.9,21.0,8.0,0.0,8.0,7.0,2.0,2.0,IYESEM_FSR
qmof-0b31941,True,112.04800000000002,-1.9650000000000003,91.31,8.0,6.0,0.0,5.0,1.0,0.0,1.0,OTEPAF_FSR
qmof-bc155dc,True,188.01200000000003,0.21819999999999984,114.39999999999999,10.0,8.0,2.0,2.0,3.0,0.0,0.0,JEXPOS_FSR
qmof-2c1bb43,True,188.11499999999995,-5.461899999999998,123.63,13.0,7.0,0.0,7.0,6.0,0.0,0.0,QEKDOA_FSR
qmof-054fe48,True,198.15799999999996,-2.767499999999999,119.07999999999998,14.0,7.0,0.0,6.0,4.0,0.0,1.0,NOKPAF_FSR
qmof-b31f520,True,198.15799999999996,-2.767499999999999,119.07999999999998,14.0,7.0,0.0,6.0,4.0,0.0,1.0,NOKPEJ_FSR
qmof-34f7631,True,113.16000000000001,0.6766000000000001,29.1,8.0,2.0,1.0,1.0,0.0,0.0,1.0,XADRAY_FSR
qmof-fc0e787,False,,,,,,,,,,,UNISEQ01_FSR
qmof-bfeaa60,True,320.3490000000001,-0.7834999999999988,115.9,23.0,8.0,0.0,8.0,9.0,2.0,2.0,IYEQIO_FSR
qmof-612faa4,True,170.164,-1.7073999999999987,80.25999999999999,12.0,4.0,0.0,4.0,2.0,0.0,1.0,JEYZUJ_FSR
qmof-0d028a0,True,125.14699999999999,0.0925999999999998,40.129999999999995,9.0,2.0,0.0,2.0,1.0,0.0,1.0,HUDQON_FSR
qmof-a95d07f,False,,,,,,,,,,,KUQWOK_FSR
qmof-4840cc5,True,184.14699999999996,-2.7201999999999993,89.49,13.0,5.0,0.0,5.0,2.0,0.0,2.0,BOVRUA_FSR
qmof-85a47a8,False,,,,,,,,,,,AVEROJ_FSR
qmof-12dfe13,True,188.11499999999995,-5.461899999999998,123.63,13.0,7.0,0.0,7.0,6.0,0.0,0.0,AVUYAR_FSR
qmof-352b9b5,True,188.11499999999995,-5.461899999999998,123.63,13.0,7.0,0.0,7.0,6.0,0.0,0.0,AVUYEV01_FSR
qmof-1011c2b,True,148.13899999999998,-2.7805999999999997,80.25999999999999,9.0,5.0,0.0,5.0,4.0,0.0,0.0,DAYVEF_FSR
qmof-4836d6c,False,,,,,,,,,,,LEDQIV_FSR
qmof-144f0d1,False,,,,,,,,,,,IDUQUV_FSR
qmof-32f666c,True,141.19299999999998,0.7572999999999999,59.699999999999996,7.0,5.0,1.0,1.0,2.0,0.0,0.0,IFUJID_FSR
qmof-84ec9a6,False,,,,,,,,,,,UDUXAT_FSR
qmof-ecadfbd,True,125.17499999999997,0.23189999999999955,43.84,9.0,3.0,1.0,3.0,3.0,1.0,1.0,FIBMOU_FSR
qmof-b06367f,True,177.18099999999998,-3.4532999999999996,106.27999999999999,11.0,6.0,1.0,6.0,5.0,0.0,0.0,NAMCUA_FSR
qmof-8781cc3,True,262.126,-4.823399999999997,179.92,18.0,10.0,2.0,8.0,4.0,0.0,2.0,NAMHEP_FSR
qmof-310a9ef,True,162.196,0.8205999999999998,35.64,12.0,4.0,0.0,4.0,1.0,2.0,2.0,NAPTAA_FSR
qmof-08e1896,True,162.196,0.8205999999999998,35.64,12.0,4.0,0.0,4.0,1.0,2.0,2.0,NAPTUU_FSR
qmof-2d57373,True,256.166,-5.755399999999998,160.51999999999998,18.0,8.0,0.0,8.0,4.0,0.0,1.0,UMAWOV_FSR
qmof-21ec5d0,True,112.04800000000002,-1.9650000000000003,91.31,8.0,6.0,0.0,5.0,1.0,0.0,1.0,UMORIY_FSR
qmof-4acd25f,False,,,,,,,,,,,OWUVUY_FSR
qmof-b222296,True,136.11800000000002,-0.8190000000000002,61.42,10.0,6.0,0.0,6.0,1.0,2.0,2.0,BIZJOK_FSR
qmof-20b6e60,True,222.204,-1.3020099999999997,114.37,16.0,7.0,0.0,6.0,0.0,0.0,2.0,HOYQAP_FSR
qmof-dd89c20,False,,,,,,,,,,,HORXAN_FSR
qmof-40899bb,False,,,,,,,,,,,RACBOO_FSR
qmof-c9f70f1,False,,,,,,,,,,,JAXYIT_FSR
qmof-733ea24,True,302.23900000000003,-7.019900000000002,167.0,21.0,10.0,0.0,10.0,12.0,0.0,0.0,JAMPUJ_FSR
qmof-a4a2556,False,,,,,,,,,,,HIXWIU01_FSR
qmof-42408b9,True,188.11499999999995,-5.461899999999998,123.63,13.0,7.0,0.0,7.0,6.0,0.0,0.0,AFUQUN_FSR
qmof-1c6182a,False,,,,,,,,,,,HIYPAH_FSR
qmof-1eaffa4,True,66.043,-0.44704000000000005,61.68,5.0,3.0,0.0,2.0,0.0,0.0,0.0,EMINEU_FSR
qmof-85f8fb2,True,257.222,-2.6354999999999977,135.63,18.0,8.0,3.0,5.0,2.0,0.0,2.0,PAJFEL_FSR
qmof-e18b97d,True,188.11499999999995,-5.461899999999998,123.63,13.0,7.0,0.0,7.0,6.0,0.0,0.0,MAGXOI_FSR
qmof-edb1c81,False,,,,,,,,,,,QAXXUJ_FSR
qmof-6d456c1,True,190.25,1.56,35.64,14.0,4.0,0.0,4.0,5.0,2.0,2.0,QUXHOH01_FSR
qmof-0dd2a81,True,187.15099999999998,-3.2288999999999977,109.35999999999999,13.0,6.0,1.0,5.0,5.0,0.0,0.0,CIJNEP_FSR
qmof-8ec91c2,False,,,,,,,,,,,DOYZUN_FSR
qmof-bb63e19,True,214.17699999999996,-4.369599999999998,103.81,15.0,7.0,0.0,6.0,4.0,0.0,1.0,IZEBOF_FSR
qmof-2c2b344,False,,,,,,,,,,,CUGSED_FSR
qmof-fceba70,False,,,,,,,,,,,CUGSAZ_FSR
qmof-e7fc863,True,194.183,-2.5656999999999983,99.38000000000001,13.0,6.0,4.0,6.0,2.0,0.0,1.0,GOJFIW_FSR
qmof-5d6af87,False,,,,,,,,,,,TECSOJ_FSR
qmof-65bd4b6,True,116.07199999999999,-2.733599999999999,80.25999999999999,8.0,4.0,0.0,4.0,3.0,0.0,0.0,FIQZOV_FSR
qmof-b78412e,False,,,,,,,,,,,EDIMUZ_FSR
qmof-bb9be5b,False,,,,,,,,,,,PEYKIN_FSR
qmof-56ace0f,True,103.09699999999998,-0.8233999999999999,49.36,7.0,3.0,1.0,2.0,0.0,0.0,1.0,VOHSER_FSR
qmof-1212d08,True,230.12799999999996,-3.866199999999999,154.86,16.0,8.0,2.0,6.0,4.0,0.0,1.0,XUMVAE01_FSR
qmof-3b6ad64,True,45.016999999999996,-1.6339000000000001,40.129999999999995,3.0,2.0,0.0,2.0,0.0,0.0,0.0,NEWCEA_FSR
qmof-2742f35,True,288.04599999999994,-0.9726000000000007,80.25999999999999,18.0,12.0,0.0,4.0,5.0,0.0,0.0,XORWEH_FSR
qmof-130af1f,True,288.04599999999994,-0.9726000000000007,80.25999999999999,18.0,12.0,0.0,4.0,5.0,0.0,0.0,XORWAD_FSR
qmof-148947f,True,45.016999999999996,-1.6339000000000001,40.129999999999995,3.0,2.0,0.0,2.0,0.0,0.0,0.0,NEWCAW_FSR
qmof-39faf76,False,,,,,,,,,,,NEPHEW_FSR
qmof-0b0666d,False,,,,,,,,,,,PEYGAC_FSR
qmof-b24889c,False,,,,,,,,,,,FARCAC_FSR
qmof-925b718,False,,,,,,,,,,,FAQWAX_FSR
qmof-4770f5f,True,89.07,-1.6173000000000002,49.36,6.0,3.0,0.0,3.0,2.0,0.0,0.0,JATKIB_FSR
qmof-1ac9244,True,102.04499999999999,-3.1236999999999995,80.25999999999999,7.0,4.0,0.0,4.0,2.0,0.0,0.0,YOCMAF_FSR
qmof-04a2435,False,,,,,,,,,,,YIYJOF_FSR
qmof-b7c1288,True,170.164,-1.7073999999999987,80.25999999999999,12.0,4.0,0.0,4.0,2.0,0.0,1.0,QUWWOV_FSR
qmof-968a6c5,False,,,,,,,,,,,CUGREC_FSR
qmof-ea93e69,False,,,,,,,,,,,CUGQUR_FSR
qmof-ed45178,True,116.07199999999999,-2.733599999999999,80.25999999999999,8.0,4.0,0.0,4.0,3.0,0.0,0.0,HOTPOW_FSR
qmof-c18cdd5,True,149.078,-3.4573,117.89,10.0,6.0,3.0,5.0,3.0,0.0,0.0,UNIROZ_FSR
qmof-d66fc4f,True,342.2400000000001,-6.408299999999997,186.39,24.0,12.0,0.0,12.0,9.0,1.0,1.0,UPOVOL_FSR
qmof-20db4c0,False,,,,,,,,,,,JAFWUI02_FSR
qmof-74b2b06,True,327.037,4.172500000000002,92.4,17.0,10.0,0.0,4.0,6.0,0.0,0.0,MAKSUN_FSR
qmof-aaf4daf,True,189.09899999999996,-5.252599999999999,140.61999999999998,13.0,7.0,1.0,7.0,5.0,0.0,0.0,MABBEZ_FSR
qmof-d1be428,True,45.016999999999996,-1.6339000000000001,40.129999999999995,3.0,2.0,0.0,2.0,0.0,0.0,0.0,FIGXEY_FSR
qmof-6667c00,False,,,,,,,,,,,OWOSUQ_FSR
qmof-8f7bf53,True,140.07899999999998,-0.8591,108.91,8.0,6.0,2.0,3.0,1.0,0.0,0.0,XAYYUR01_FSR
qmof-c26be66,False,,,,,,,,,,,XEDBOZ_FSR
qmof-ea3d030,True,116.07199999999999,-2.733599999999999,80.25999999999999,8.0,4.0,0.0,4.0,3.0,0.0,0.0,IFACIC01_FSR
qmof-cf6922c,False,,,,,,,,,,,IZEGEA_FSR
qmof-d65b5bf,True,149.078,-3.4573,117.89,10.0,6.0,3.0,5.0,3.0,0.0,0.0,DULSIN_FSR
qmof-ea93f5d,True,227.15299999999996,-0.6211999999999998,120.14000000000001,14.0,8.0,1.0,3.0,6.0,0.0,0.0,NAFHAE_FSR
qmof-361e7a4,True,187.17499999999998,-2.2752999999999988,98.32999999999998,13.0,6.0,2.0,4.0,3.0,0.0,0.0,KUPTOE_FSR
qmof-d1c9be5,False,,,,,,,,,,,UFAFUD_FSR
qmof-a0ff6b5,True,59.044,-1.2438,40.129999999999995,4.0,2.0,0.0,2.0,0.0,0.0,0.0,UDUNIS_FSR
qmof-3ee197c,True,102.04499999999999,-3.1236999999999995,80.25999999999999,7.0,4.0,0.0,4.0,2.0,0.0,0.0,JETVAF_FSR
qmof-8547db1,True,150.13,-2.582299999999999,90.15,10.0,5.0,4.0,5.0,0.0,0.0,1.0,UBUQAM_FSR
qmof-bad4c4a,True,59.044,-1.2438,40.129999999999995,4.0,2.0,0.0,2.0,0.0,0.0,0.0,JIPLAW_FSR
qmof-1b7824b,False,,,,,,,,,,,UVUMEF_FSR
qmof-663df11,False,,,,,,,,,,,RUVLAV01_FSR
qmof-c11f9ca,False,,,,,,,,,,,XAHZAI_FSR
qmof-156c4a2,True,79.979,0.23709999999999992,56.87,4.0,4.0,0.0,1.0,0.0,0.0,0.0,XANZES_FSR
qmof-0c9867d,True,128.107,-1.9850999999999992,69.23,9.0,4.0,1.0,3.0,1.0,0.0,1.0,EWUSIZ_FSR
qmof-64088a1,True,303.264,-2.041809999999999,195.56999999999996,20.0,14.0,3.0,8.0,0.0,2.0,3.0,MUPYEC_FSR
qmof-8b9a8e7,True,59.044,-1.2438,40.129999999999995,4.0,2.0,0.0,2.0,0.0,0.0,0.0,JIPKUP_FSR
qmof-a8b674d,True,94.006,0.6702999999999999,56.87,5.0,4.0,0.0,1.0,0.0,0.0,0.0,JICGEK_FSR
qmof-c8f54f2,True,229.11999999999998,-5.200899999999999,157.69,16.0,8.0,1.0,7.0,4.0,0.0,1.0,LUKQEN_FSR
qmof-1b587f2,False,,,,,,,,,,,CUPHOM_FSR
qmof-90fad48,True,116.07199999999999,-2.733599999999999,80.25999999999999,8.0,4.0,0.0,4.0,3.0,0.0,0.0,ETUSUI_FSR
qmof-a1c84c4,False,,,,,,,,,,,YEBPOK_FSR
qmof-6b8f04a,False,,,,,,,,,,,NATETZ01_FSR
qmof-185bbaf,False,,,,,,,,,,,IJIWAZ_FSR
qmof-964c967,True,145.11399999999998,-3.406299999999999,106.27999999999999,10.0,5.0,1.0,5.0,4.0,0.0,0.0,SEBMER01_FSR
qmof-86f8b0e,False,,,,,,,,,,,GIFYOL_FSR
qmof-1d53084,True,102.04499999999999,-3.1236999999999995,80.25999999999999,7.0,4.0,0.0,4.0,2.0,0.0,0.0,CEWNIB_FSR
qmof-2f15906,True,116.07199999999999,-2.733599999999999,80.25999999999999,8.0,4.0,0.0,4.0,3.0,0.0,0.0,WOQXIJ03_FSR
qmof-2594c1c,False,,,,,,,,,,,FAQVOK_FSR
qmof-c42d76c,False,,,,,,,,,,,LECCON_FSR
qmof-d14d086,True,126.07500000000002,-1.5749,91.31,9.0,6.0,0.0,5.0,2.0,0.0,1.0,LAYZUI_FSR
qmof-bcf23d1,True,45.016999999999996,-1.6339000000000001,40.129999999999995,3.0,2.0,0.0,2.0,0.0,0.0,0.0,RUGHEI_FSR
qmof-f5d380a,True,45.016999999999996,-1.6339000000000001,40.129999999999995,3.0,2.0,0.0,2.0,0.0,0.0,0.0,RUGGUX_FSR
qmof-6ecacb7,True,170.164,-1.7073999999999987,80.25999999999999,12.0,4.0,0.0,4.0,2.0,0.0,1.0,RUFSIW_FSR
qmof-79ae55e,False,,,,,,,,,,,RURKAS_FSR
qmof-60db40b,False,,,,,,,,,,,RURJOF_FSR
qmof-a7e57bb,False,,,,,,,,,,,RURJIZ_FSR
qmof-977a187,False,,,,,,,,,,,MISLAE_FSR
qmof-e128553,False,,,,,,,,,,,MISKUX_FSR
qmof-01f8adf,False,,,,,,,,,,,AZATIE_FSR
qmof-f11cf25,True,45.016999999999996,-1.6339000000000001,40.129999999999995,3.0,2.0,0.0,2.0,0.0,0.0,0.0,RUGHOS_FSR
qmof-8fbc5fe,False,,,,,,,,,,,LECDAA_FSR
qmof-349a88c,False,,,,,,,,,,,WURYOY_FSR
qmof-c3c786f,True,85.082,-0.6876,40.129999999999995,6.0,2.0,0.0,2.0,2.0,0.0,0.0,QAKBUZ_FSR
qmof-d0b275d,True,59.044,-1.2438,40.129999999999995,4.0,2.0,0.0,2.0,0.0,0.0,0.0,KELKUK_FSR
qmof-d135d88,False,,,,,,,,,,,KEKXEF_FSR
qmof-4846b1b,False,,,,,,,,,,,NIRCUO_FSR
qmof-a5d6bc4,False,,,,,,,,,,,KIGCEI_FSR
qmof-c9fc4e7,True,45.016999999999996,-1.6339000000000001,40.129999999999995,3.0,2.0,0.0,2.0,0.0,0.0,0.0,RATDAS01_FSR
qmof-fe6d194,True,59.044,-1.2438,40.129999999999995,4.0,2.0,0.0,2.0,0.0,0.0,0.0,JIPMEB_FSR
qmof-4667835,True,59.044,-1.2438,40.129999999999995,4.0,2.0,0.0,2.0,0.0,0.0,0.0,JIPLOK_FSR
qmof-583d1af,True,59.044,-1.2438,40.129999999999995,4.0,2.0,0.0,2.0,0.0,0.0,0.0,JIPLEA_FSR
qmof-c124b27,True,118.06799999999998,-2.3682,89.46,8.0,5.0,2.0,4.0,2.0,0.0,0.0,BUDCIN_FSR
qmof-93c4073,True,256.166,-5.755399999999998,160.51999999999998,18.0,8.0,0.0,8.0,4.0,0.0,1.0,LUGVUF_FSR
qmof-0cd5578,True,188.11499999999995,-5.461899999999998,123.63,13.0,7.0,0.0,7.0,6.0,0.0,0.0,OQUWOO_FSR
qmof-52dc6d7,False,,,,,,,,,,,LAFSAM01_FSR
qmof-f876822,True,88.106,0.03320000000000001,18.46,6.0,2.0,0.0,2.0,0.0,0.0,1.0,TOFJAZ_FSR
qmof-05dadc1,False,,,,,,,,,,,ROZXAH_FSR
qmof-b247070,True,192.24,-1.3864999999999983,57.690000000000005,12.0,6.0,0.0,5.0,0.0,0.0,3.0,QICTEC_FSR
qmof-3f486ca,True,189.09899999999996,-5.252599999999999,140.61999999999998,13.0,7.0,1.0,7.0,5.0,0.0,0.0,SESLOS01_FSR
qmof-29823dd,True,144.126,-1.9533999999999987,80.25999999999999,10.0,4.0,0.0,4.0,5.0,0.0,0.0,AZIYOX02_FSR
qmof-7e00a12,True,116.07199999999999,-2.733599999999999,80.25999999999999,8.0,4.0,0.0,4.0,3.0,0.0,0.0,MISQAH_FSR
qmof-0ca5226,True,102.069,-2.388299999999999,83.22,7.0,4.0,1.0,3.0,2.0,0.0,0.0,BABTOP_FSR
qmof-ba40858,True,45.016999999999996,-1.6339000000000001,40.129999999999995,3.0,2.0,0.0,2.0,0.0,0.0,0.0,RUGNUE_FSR
qmof-74c20e7,True,45.016999999999996,-1.6339000000000001,40.129999999999995,3.0,2.0,0.0,2.0,0.0,0.0,0.0,RUGJEK_FSR
qmof-0e22315,True,45.016999999999996,-1.6339000000000001,40.129999999999995,3.0,2.0,0.0,2.0,0.0,0.0,0.0,RUGJAG_FSR
qmof-edddea1,True,45.016999999999996,-1.6339000000000001,40.129999999999995,3.0,2.0,0.0,2.0,0.0,0.0,0.0,RUGHUY_FSR
qmof-a81b7c9,True,126.09499999999998,-1.9719999999999998,70.84,9.0,5.0,0.0,5.0,2.0,1.0,1.0,RUDVAO_FSR
qmof-bbe92eb,True,688.3680000000004,-14.267999999999997,470.23999999999995,48.0,24.0,4.0,20.0,12.0,0.0,2.0,LAWSEJ01_FSR
qmof-1a54c0d,True,172.09799999999998,0.04259999999999997,91.00999999999999,9.0,7.0,0.0,3.0,2.0,0.0,0.0,LAWNUU_FSR
qmof-13baab5,False,,,,,,,,,,,NIRDAV_FSR
qmof-41724f3,True,172.05799999999996,-1.9452,80.25999999999999,11.0,7.0,0.0,4.0,0.0,0.0,0.0,SEWJUB_FSR
qmof-c213e54,True,131.11099999999996,-3.1887999999999987,95.24999999999999,9.0,5.0,2.0,4.0,3.0,0.0,0.0,HEFXIZ_FSR
qmof-888b462,True,200.023,1.4846999999999997,113.74000000000001,11.0,8.0,0.0,2.0,4.0,0.0,0.0,NUXMIC01_FSR
qmof-8c3516d,True,185.996,1.0945999999999998,113.74000000000001,10.0,8.0,0.0,2.0,3.0,0.0,0.0,NUXMEY01_FSR
qmof-639084b,False,,,,,,,,,,,WUQZOY_FSR
qmof-ba5d99e,True,116.07199999999999,-2.733599999999999,80.25999999999999,8.0,4.0,0.0,4.0,3.0,0.0,0.0,WOQXIJ_FSR
qmof-8e858cd,True,158.153,-1.563299999999999,80.25999999999999,11.0,4.0,0.0,4.0,6.0,0.0,0.0,DEKZIE_FSR
qmof-a83960a,True,494.2700000000002,-6.020199999999999,322.52000000000004,34.0,18.0,6.0,12.0,8.0,0.0,2.0,PUFWIX_FSR
qmof-26fc218,True,132.071,-3.7628,100.49,9.0,5.0,1.0,5.0,3.0,0.0,0.0,BAFCES_FSR
qmof-be050d1,True,116.07199999999999,-2.733599999999999,80.25999999999999,8.0,4.0,0.0,4.0,3.0,0.0,0.0,XETPOC_FSR
qmof-216904a,True,116.07199999999999,-2.733599999999999,80.25999999999999,8.0,4.0,0.0,4.0,3.0,0.0,0.0,XETPIW_FSR
qmof-f0f2e98,True,116.07199999999999,-2.733599999999999,80.25999999999999,8.0,4.0,0.0,4.0,3.0,0.0,0.0,XESFOR_FSR
qmof-5c7ac81,True,126.07500000000002,-1.5749,91.31,9.0,6.0,0.0,5.0,2.0,0.0,1.0,BUQROV_FSR
qmof-4adeac5,True,129.159,-0.39890000000000025,40.54,9.0,3.0,1.0,2.0,2.0,0.0,1.0,OQEVUD_FSR
qmof-edbc9dd,True,129.159,-0.39890000000000025,40.54,9.0,3.0,1.0,2.0,2.0,0.0,1.0,OQEVIR_FSR
qmof-ac2a33a,True,189.09899999999996,-5.252599999999999,140.61999999999998,13.0,7.0,1.0,7.0,5.0,0.0,0.0,ORONOA_FSR
qmof-6eb895d,True,149.069,1.3473,59.699999999999996,8.0,7.0,0.0,0.0,0.0,0.0,0.0,COQWUC_FSR
qmof-0138e8e,True,26.018,0.09637,23.79,2.0,1.0,0.0,1.0,0.0,0.0,0.0,YARYEV_FSR
qmof-fa074f8,True,116.07199999999999,-2.733599999999999,80.25999999999999,8.0,4.0,0.0,4.0,3.0,0.0,0.0,SIBJAP_FSR
qmof-516c757,True,191.11499999999998,-2.5832,134.96,13.0,7.0,3.0,5.0,5.0,0.0,0.0,LIHCIT01_FSR
qmof-73c8924,True,131.08699999999996,-3.7963999999999993,106.27999999999999,9.0,5.0,1.0,5.0,3.0,0.0,0.0,KAWFIX_FSR
qmof-3ecc302,False,,,,,,,,,,,ODAHUY_FSR
qmof-dad3c8f,True,144.126,-1.9533999999999987,80.25999999999999,10.0,4.0,0.0,4.0,5.0,0.0,0.0,EJIDUW02_FSR
qmof-a2aa4aa,False,,,,,,,,,,,PELTEG_FSR
qmof-83b8c19,True,178.15900000000002,0.7541000000000001,102.36000000000001,13.0,8.0,0.0,6.0,4.0,0.0,2.0,DUWTOG_FSR
qmof-7bda122,True,59.044,-1.2438,40.129999999999995,4.0,2.0,0.0,2.0,0.0,0.0,0.0,TMSNAC02_FSR
qmof-5eac041,True,116.07199999999999,-2.733599999999999,80.25999999999999,8.0,4.0,0.0,4.0,3.0,0.0,0.0,GAFXOB_FSR
qmof-3cc7791,True,116.07199999999999,-2.733599999999999,80.25999999999999,8.0,4.0,0.0,4.0,3.0,0.0,0.0,GAFXIV_FSR
qmof-1478a84,True,128.107,-1.9850999999999992,69.23,9.0,4.0,1.0,3.0,1.0,0.0,1.0,PEKCOX01_FSR
qmof-7f02829,True,189.09899999999996,-5.252599999999999,140.61999999999998,13.0,7.0,1.0,7.0,5.0,0.0,0.0,VAVFUU03_FSR
qmof-d81ae1a,True,189.09899999999996,-5.252599999999999,140.61999999999998,13.0,7.0,1.0,7.0,5.0,0.0,0.0,VAVFUU02_FSR
qmof-a3cad27,False,,,,,,,,,,,MAYYER_FSR
qmof-9196782,True,189.09899999999996,-5.252599999999999,140.61999999999998,13.0,7.0,1.0,7.0,5.0,0.0,0.0,NAZXOE_FSR
qmof-40b4231,True,128.067,-0.8564,89.37,9.0,6.0,2.0,3.0,0.0,0.0,1.0,XIBPII_FSR
qmof-65f4686,True,116.07199999999999,-2.733599999999999,80.25999999999999,8.0,4.0,0.0,4.0,3.0,0.0,0.0,XEZVIJ_FSR
qmof-2f2b6f8,True,134.175,0.29580000000000006,27.69,9.0,3.0,0.0,3.0,6.0,0.0,0.0,GEKJUB_FSR
qmof-b3a8a72,True,116.07199999999999,-2.733599999999999,80.25999999999999,8.0,4.0,0.0,4.0,3.0,0.0,0.0,GEJJEL_FSR
qmof-2e9916d,False,,,,,,,,,,,RODSOS_FSR
qmof-a95c660,False,,,,,,,,,,,CEGPOU_FSR
qmof-ffcaabe,False,,,,,,,,,,,MGBTHF01_FSR
qmof-6f04f48,True,59.044,-1.2438,40.129999999999995,4.0,2.0,0.0,2.0,0.0,0.0,0.0,CEBFUL01_FSR
qmof-051e7b6,True,212.18499999999995,-2.377399999999999,119.07999999999998,15.0,7.0,0.0,6.0,5.0,0.0,1.0,POXJAO_FSR
qmof-21f8c6f,True,308.028,-4.6587999999999985,235.11999999999995,18.0,14.0,4.0,8.0,4.0,0.0,0.0,SOGXAO_FSR
qmof-ea46652,True,189.09899999999996,-5.252599999999999,140.61999999999998,13.0,7.0,1.0,7.0,5.0,0.0,0.0,KALCAC01_FSR
qmof-6593af7,False,,,,,,,,,,,XIJXAS_FSR
qmof-2cc770d,True,140.164,-2.100299999999999,103.25,8.0,6.0,2.0,5.0,1.0,0.0,0.0,DEWHOD_FSR
qmof-cd6091d,True,166.202,-1.824899999999999,75.27,10.0,6.0,2.0,5.0,0.0,0.0,1.0,DEWHET_FSR
qmof-508007f,False,,,,,,,,,,,WEKYIW_FSR
qmof-47cbbc2,False,,,,,,,,,,,WEKWEP_FSR
qmof-c7465d6,True,382.23000000000013,-5.166399999999996,269.91999999999996,26.0,14.0,6.0,10.0,10.0,0.0,0.0,OCORIK01_FSR
qmof-06a0289,True,242.27399999999997,1.9798,119.4,14.0,8.0,0.0,0.0,2.0,0.0,1.0,INEHUF_FSR
qmof-f2f2969,True,189.09899999999996,-5.252599999999999,140.61999999999998,13.0,7.0,1.0,7.0,5.0,0.0,0.0,FAXNOI_FSR
qmof-e834939,True,170.212,-0.12729999999999986,63.400000000000006,12.0,4.0,1.0,2.0,3.0,0.0,1.0,KIJSII_FSR
qmof-9769ca0,True,192.18600000000004,1.1441999999999999,102.36000000000001,14.0,8.0,0.0,6.0,5.0,0.0,2.0,HUHJAW_FSR
qmof-fb472cc,True,189.09899999999996,-5.252599999999999,140.61999999999998,13.0,7.0,1.0,7.0,5.0,0.0,0.0,NAZXUK_FSR
qmof-6f20050,True,45.016999999999996,-1.6339000000000001,40.129999999999995,3.0,2.0,0.0,2.0,0.0,0.0,0.0,XIVLUK_FSR
qmof-5fd0b66,True,164.132,0.3640000000000001,102.36000000000001,12.0,8.0,0.0,6.0,3.0,0.0,2.0,HUHGUN_FSR
qmof-2baa420,True,116.07199999999999,-2.733599999999999,80.25999999999999,8.0,4.0,0.0,4.0,3.0,0.0,0.0,TIPJIM01_FSR
qmof-413a937,True,270.17699999999996,-3.1515999999999975,152.04999999999998,19.0,10.0,0.0,7.0,6.0,0.0,1.0,VALFOG_FSR
qmof-56e34ef,True,132.071,-3.4971999999999994,89.49000000000001,9.0,5.0,0.0,5.0,4.0,0.0,0.0,VAJNUQ_FSR
qmof-43bcc64,True,228.24799999999993,-3.115999999999996,86.74,16.0,6.0,0.0,6.0,6.0,0.0,1.0,VAGXOS_FSR
qmof-5ea29db,False,,,,,,,,,,,QUMGAI_FSR
qmof-a2967d1,True,132.071,-3.7628,100.49,9.0,5.0,1.0,5.0,3.0,0.0,0.0,QUQSIG_FSR
qmof-21b9d9a,True,88.106,0.03320000000000001,18.46,6.0,2.0,0.0,2.0,0.0,0.0,1.0,COHPEU01_FSR
qmof-117807b,True,116.07199999999999,-2.733599999999999,80.25999999999999,8.0,4.0,0.0,4.0,3.0,0.0,0.0,FIQZIP_FSR
qmof-d17983b,True,59.044,-1.2438,40.129999999999995,4.0,2.0,0.0,2.0,0.0,0.0,0.0,JOFQOM_FSR
qmof-cc1e71f,True,189.09899999999996,-5.252599999999999,140.61999999999998,13.0,7.0,1.0,7.0,5.0,0.0,0.0,JOFLEX_FSR
qmof-99760ed,True,132.071,-3.4971999999999994,89.49000000000001,9.0,5.0,0.0,5.0,4.0,0.0,0.0,CISWEH_FSR
qmof-4288fb3,True,79.979,0.23709999999999992,56.87,4.0,4.0,0.0,1.0,0.0,0.0,0.0,QIVMOX01_FSR
qmof-bdfe8f1,False,,,,,,,,,,,SOHZIA_FSR
qmof-f7a818d,True,148.06999999999996,-4.791999999999999,120.72,10.0,6.0,2.0,6.0,3.0,0.0,0.0,SOHYIZ_FSR
qmof-e92dc89,True,164.132,0.3640000000000001,102.36000000000001,12.0,8.0,0.0,6.0,3.0,0.0,2.0,ONAVAB_FSR
qmof-0993d90,True,164.132,0.3640000000000001,102.36000000000001,12.0,8.0,0.0,6.0,3.0,0.0,2.0,ONATUT_FSR
qmof-25b216b,True,216.14899999999997,-4.891299999999999,138.46,15.0,8.0,2.0,6.0,6.0,0.0,0.0,EBEZAO_FSR
qmof-ed69b2b,True,116.07199999999999,-2.733599999999999,80.25999999999999,8.0,4.0,0.0,4.0,3.0,0.0,0.0,MEGVUQ_FSR
qmof-6c0cc55,False,,,,,,,,,,,LORMOU01_FSR
qmof-12380d1,True,228.11199999999997,-6.535599999999999,160.51999999999998,16.0,8.0,0.0,8.0,4.0,0.0,1.0,XUMVOS_FSR
qmof-d38ae0b,True,230.12799999999996,-3.866199999999999,154.86,16.0,8.0,2.0,6.0,4.0,0.0,1.0,XUMVIM_FSR
qmof-3317db7,True,230.12799999999996,-3.866199999999999,154.86,16.0,8.0,2.0,6.0,4.0,0.0,1.0,XUMVAE_FSR
qmof-6de83a4,False,,,,,,,,,,,NELWUY_FSR
qmof-86884c1,False,,,,,,,,,,,DIBZEV_FSR
qmof-185eeb8,True,222.23999999999992,-0.9271999999999994,80.25999999999999,16.0,4.0,0.0,4.0,2.0,0.0,4.0,GIYKAB_FSR
qmof-6865832,True,59.044,-1.2438,40.129999999999995,4.0,2.0,0.0,2.0,0.0,0.0,0.0,CEBFUL_FSR
qmof-a57e16b,False,,,,,,,,,,,SUMZIK_FSR
qmof-c27ca26,False,,,,,,,,,,,SUHHOT_FSR
qmof-3dea6dd,False,,,,,,,,,,,BAKWIV_FSR
qmof-94199a7,True,79.979,0.23709999999999992,56.87,4.0,4.0,0.0,1.0,0.0,0.0,0.0,XIQSUO_FSR
qmof-d09389e,True,141.07999999999998,-2.5416999999999996,114.07,8.0,7.0,0.0,4.0,0.0,0.0,0.0,VESBIG01_FSR
qmof-0ef13af,True,131.107,-1.0088000000000004,77.42999999999999,9.0,4.0,1.0,3.0,4.0,0.0,0.0,VENDUO_FSR
qmof-9384b06,True,188.182,0.6685999999999999,119.4,10.0,8.0,0.0,0.0,3.0,0.0,0.0,BEZSIK_FSR
qmof-4d40eaa,False,,,,,,,,,,,EBIVUI_FSR
qmof-f47bb14,False,,,,,,,,,,,MUCNOO01_FSR
qmof-0f5c9ec,True,220.28,0.8210900000000001,60.410000000000004,16.0,6.0,0.0,5.0,7.0,1.0,2.0,QUCTIS_FSR
qmof-0a40ca2,True,170.164,-1.7073999999999987,80.25999999999999,12.0,4.0,0.0,4.0,2.0,0.0,1.0,GOLMUQ_FSR
qmof-14f8281,True,131.08699999999996,-3.7963999999999993,106.27999999999999,9.0,5.0,1.0,5.0,3.0,0.0,0.0,VEWMEP_FSR
qmof-1607c78,True,141.07999999999998,-2.5416999999999996,114.07,8.0,7.0,0.0,4.0,0.0,0.0,0.0,VESCED01_FSR
qmof-4625837,True,145.11399999999998,-3.406299999999999,106.27999999999999,10.0,5.0,1.0,5.0,4.0,0.0,0.0,CDLGLU10_FSR
qmof-ba39404,True,84.054,-1.35002,63.919999999999995,6.0,3.0,0.0,3.0,1.0,0.0,0.0,CDCYAC_FSR
qmof-d7b6a0d,False,,,,,,,,,,,QIVXUP_FSR
qmof-450cfae,True,79.979,0.23709999999999992,56.87,4.0,4.0,0.0,1.0,0.0,0.0,0.0,XIQTAV_FSR
qmof-b5281a7,True,116.096,-1.9981999999999998,83.22,8.0,4.0,1.0,3.0,3.0,0.0,0.0,BUZZUS_FSR
qmof-c579bff,True,142.158,-0.9059000000000004,63.400000000000006,10.0,4.0,1.0,2.0,2.0,0.0,1.0,VEDDAL_FSR
qmof-10b52ba,True,45.016999999999996,-1.6339000000000001,40.129999999999995,3.0,2.0,0.0,2.0,0.0,0.0,0.0,ITIPAE_FSR
qmof-e2332ff,True,144.126,-1.9533999999999987,80.25999999999999,10.0,4.0,0.0,4.0,5.0,0.0,0.0,QOPLAI01_FSR
qmof-3e7bd15,True,45.016999999999996,-1.6339000000000001,40.129999999999995,3.0,2.0,0.0,2.0,0.0,0.0,0.0,DACNEB_FSR
qmof-8874408,False,,,,,,,,,,,HIDDON_FSR
qmof-1246441,False,,,,,,,,,,,AQOHAQ_FSR
qmof-3d6f298,True,126.09499999999998,-2.281109999999999,69.83,9.0,5.0,0.0,4.0,2.0,0.0,1.0,XOJJIQ_FSR
qmof-080c4dc,True,189.09899999999996,-5.252599999999999,140.61999999999998,13.0,7.0,1.0,7.0,5.0,0.0,0.0,FIYQIO_FSR
qmof-6bdb3b0,True,139.10799999999998,-2.2478999999999996,91.34,8.0,6.0,0.0,5.0,0.0,0.0,0.0,FIYJOP_FSR
qmof-f2b9905,False,,,,,,,,,,,PIHSAB_FSR
qmof-da10e7b,False,,,,,,,,,,,QOSXON_FSR
qmof-558281a,True,126.09499999999998,-2.281109999999999,69.83,9.0,5.0,0.0,4.0,2.0,0.0,1.0,XOJJEM_FSR
qmof-5fd4397,True,228.134,-4.404999999999999,163.43,14.0,10.0,0.0,7.0,4.0,0.0,0.0,RINFEB_FSR
qmof-ed57492,True,230.12799999999996,-3.866199999999999,154.86,16.0,8.0,2.0,6.0,4.0,0.0,1.0,XITDEL_FSR
qmof-33cc193,True,231.13599999999997,-2.5314999999999994,152.03,16.0,8.0,3.0,5.0,4.0,0.0,1.0,XITDAH_FSR
qmof-02cdf5a,False,,,,,,,,,,,XITCUA_FSR
qmof-8c255b0,True,59.044,-1.2438,40.129999999999995,4.0,2.0,0.0,2.0,0.0,0.0,0.0,COKJUH01_FSR
qmof-e07b521,True,141.07999999999998,-2.5416999999999996,114.07,8.0,7.0,0.0,4.0,0.0,0.0,0.0,VESBEC01_FSR
qmof-48b4398,True,130.16699999999997,-0.8903000000000003,66.15,9.0,3.0,1.0,3.0,3.0,0.0,0.0,MEKHUI_FSR
qmof-f257e1e,True,228.07699999999997,2.2649,113.74000000000001,13.0,8.0,0.0,2.0,6.0,0.0,0.0,VONCUY_FSR
qmof-c31ac3d,True,270.17699999999996,-3.1515999999999975,152.04999999999998,19.0,10.0,0.0,7.0,6.0,0.0,1.0,OHAYUS_FSR
qmof-ceaab2d,False,,,,,,,,,,,CODVUO_FSR
qmof-0ffb4d8,True,148.06999999999996,-4.791999999999999,120.72,10.0,6.0,2.0,6.0,3.0,0.0,0.0,KNATAR23_FSR
qmof-0fde3f5,True,178.23299999999998,1.6647999999999998,71.72999999999999,11.0,5.0,1.0,1.0,2.0,0.0,1.0,RIFWEJ_FSR
qmof-c458714,True,188.03199999999995,-2.2432000000000007,80.25999999999999,12.0,8.0,0.0,4.0,3.0,0.0,0.0,AQFSZN_FSR
qmof-cb8b35f,True,170.164,-1.7073999999999987,80.25999999999999,12.0,4.0,0.0,4.0,2.0,0.0,1.0,FAGTAJ_FSR
qmof-951d08f,True,191.11499999999998,-2.5831999999999993,134.96,13.0,7.0,3.0,5.0,5.0,0.0,0.0,FAFMAD01_FSR
qmof-400a4d4,True,514.3480000000004,-8.84140000000001,315.38,36.0,16.0,2.0,14.0,8.0,0.0,2.0,FAFJAA_FSR
qmof-bd27e7d,True,189.09899999999996,-5.252599999999999,140.61999999999998,13.0,7.0,1.0,7.0,5.0,0.0,0.0,WAJCAM_FSR
qmof-2029646,False,,,,,,,,,,,PIHRUU_FSR
qmof-2e677ab,True,149.19,-1.734699999999999,63.93000000000001,10.0,4.0,3.0,4.0,6.0,0.0,0.0,GOCVID_FSR
qmof-751cc2f,True,59.044,-1.2438,40.129999999999995,4.0,2.0,0.0,2.0,0.0,0.0,0.0,CDACET01_FSR
qmof-ee30d4a,True,1028.6960000000004,-17.682799999999975,630.7600000000001,72.0,32.0,4.0,28.0,16.0,0.0,4.0,FAFHUS_FSR
qmof-a44e9a8,True,141.07999999999998,-2.5416999999999996,114.07,8.0,7.0,0.0,4.0,0.0,0.0,0.0,KIXSAN_FSR
qmof-82a10be,True,59.044,-1.2438,40.129999999999995,4.0,2.0,0.0,2.0,0.0,0.0,0.0,PEWKEH01_FSR
qmof-158ec44,False,,,,,,,,,,,TACSIB_FSR
qmof-21a8cfa,False,,,,,,,,,,,JOYZEE_FSR
qmof-ac1fa2d,True,440.5600000000002,1.333070000000002,119.80999999999999,32.0,12.0,0.0,9.0,14.0,1.0,4.0,PIBHOY_FSR
qmof-40dfb58,False,,,,,,,,,,,IROQAI_FSR
qmof-87535de,True,116.07199999999999,-2.733599999999999,80.25999999999999,8.0,4.0,0.0,4.0,3.0,0.0,0.0,TEYREW_FSR
qmof-867986f,True,198.218,-1.071299999999999,80.25999999999999,14.0,4.0,0.0,4.0,2.0,0.0,1.0,PEWDEC_FSR
qmof-4b075ae,False,,,,,,,,,,,PEPXIS_FSR
qmof-61450a6,True,185.996,1.0945999999999998,113.74000000000001,10.0,8.0,0.0,2.0,3.0,0.0,0.0,HAKWUM_FSR
qmof-bc8c13d,True,130.099,-2.343499999999999,80.25999999999999,9.0,4.0,0.0,4.0,4.0,0.0,0.0,AMUCOB_FSR
qmof-618e887,True,130.099,-2.343499999999999,80.25999999999999,9.0,4.0,0.0,4.0,4.0,0.0,0.0,NEMXUB_FSR
qmof-0457eae,True,189.09899999999996,-5.252599999999999,140.61999999999998,13.0,7.0,1.0,7.0,5.0,0.0,0.0,VIYHUJ_FSR
qmof-9eca0ee,True,169.144,-1.985299999999998,103.34,12.0,7.0,1.0,6.0,5.0,0.0,1.0,REYNOA01_FSR
qmof-acbcce6,True,132.071,-3.7628,100.49,9.0,5.0,1.0,5.0,3.0,0.0,0.0,KOGHEU_FSR
qmof-008e52d,True,59.044,-1.2438,40.129999999999995,4.0,2.0,0.0,2.0,0.0,0.0,0.0,HUYBEK_FSR
qmof-9492dc7,True,133.07899999999998,-2.4280999999999993,97.66,9.0,5.0,2.0,4.0,3.0,0.0,0.0,EDAKIE_FSR
qmof-363bce5,False,,,,,,,,,,,FAPWAX_FSR
qmof-2bccd8b,False,,,,,,,,,,,SAQYIT_FSR
qmof-b8d6e0a,True,164.037,-0.45260000000000006,107.20000000000002,10.0,8.0,3.0,3.0,0.0,0.0,1.0,QARWEN_FSR
qmof-6cdd83e,False,,,,,,,,,,,XAHZIQ_FSR
qmof-ba9234b,False,,,,,,,,,,,XAHZEM_FSR
qmof-4b072ee,False,,,,,,,,,,,NOKKUT01_FSR
qmof-493f8ed,True,126.07500000000002,-1.5749,91.31,9.0,6.0,0.0,5.0,2.0,0.0,1.0,RUSQOM_FSR
qmof-07ecb86,True,126.07500000000002,-1.5749,91.31,9.0,6.0,0.0,5.0,2.0,0.0,1.0,RUSQIG_FSR
qmof-7a71ba3,False,,,,,,,,,,,LEBHUY_FSR
qmof-ecd4c56,False,,,,,,,,,,,UNISEQ02_FSR
qmof-e1e57f0,False,,,,,,,,,,,UNIRUF01_FSR
qmof-32c8def,False,,,,,,,,,,,BOXDID_FSR
qmof-eeac529,False,,,,,,,,,,,UNISIU01_FSR
qmof-65a0364,True,164.037,-0.45260000000000006,107.20000000000002,10.0,8.0,3.0,3.0,0.0,0.0,1.0,QARWAJ_FSR
qmof-362033d,True,164.037,-0.45260000000000006,107.20000000000002,10.0,8.0,3.0,3.0,0.0,0.0,1.0,QARVUC_FSR
qmof-7be2f7c,True,244.15499999999997,-3.476099999999999,154.86,17.0,8.0,2.0,6.0,4.0,0.0,1.0,HESKEY_FSR
qmof-74d41f7,True,116.07199999999999,-2.733599999999999,80.25999999999999,8.0,4.0,0.0,4.0,3.0,0.0,0.0,CIJWID_FSR
qmof-8e9a95c,True,68.059,-0.42400000000000004,38.82,5.0,3.0,0.0,2.0,0.0,0.0,1.0,YOPYIL01_FSR
qmof-17d6cac,True,170.164,-1.7073999999999987,80.25999999999999,12.0,4.0,0.0,4.0,2.0,0.0,1.0,JECDUR_FSR
qmof-61e9a8c,True,290.268,-1.2373999999999992,154.85999999999999,20.0,8.0,2.0,6.0,10.0,0.0,0.0,CIHFUU_FSR
qmof-e9a379a,True,45.016999999999996,-1.6339000000000001,40.129999999999995,3.0,2.0,0.0,2.0,0.0,0.0,0.0,FIGXAU_FSR
qmof-0088633,False,,,,,,,,,,,NAKYUV_FSR
qmof-79371d1,True,317.3140000000001,-1.7918999999999978,157.69,22.0,8.0,1.0,7.0,12.0,0.0,0.0,NAJGAH_FSR
qmof-b0969e6,True,191.11499999999998,-2.5832,134.96,13.0,7.0,3.0,5.0,5.0,0.0,0.0,NAHCIT02_FSR
qmof-95b134a,False,,,,,,,,,,,JEFVOG_FSR
qmof-447554f,False,,,,,,,,,,,JEFVIA_FSR
qmof-b324a8c,True,308.242,-4.686999999999998,160.51999999999998,22.0,8.0,0.0,8.0,4.0,0.0,4.0,FIJFAG_FSR
qmof-dfe761c,False,,,,,,,,,,,GAKLAG_FSR
qmof-c2d9ec9,True,394.3290000000002,-1.6916999999999958,229.45999999999995,27.0,12.0,4.0,8.0,12.0,0.0,0.0,GENGEL_FSR
qmof-449b3ee,True,208.12199999999999,-6.070199999999997,161.17999999999998,14.0,8.0,4.0,8.0,5.0,0.0,0.0,AGALUR_FSR
qmof-fa05566,True,144.126,-1.9533999999999987,80.25999999999999,10.0,4.0,0.0,4.0,5.0,0.0,0.0,LEGREU_FSR
qmof-de11207,True,119.09599999999998,-1.1529,77.42999999999999,8.0,4.0,1.0,3.0,0.0,0.0,0.0,KHACET02_FSR
qmof-4fd00dc,True,130.099,-2.343499999999999,80.25999999999999,9.0,4.0,0.0,4.0,4.0,0.0,0.0,XATNIP01_FSR
qmof-47144b2,False,,,,,,,,,,,NOGMAY_FSR
qmof-a687e6e,False,,,,,,,,,,,YOLWUT_FSR
qmof-503c861,True,155.10699999999997,-2.1515999999999993,114.07,9.0,7.0,0.0,4.0,0.0,0.0,0.0,EXURAR_FSR
qmof-05c5351,True,148.06999999999996,-4.791999999999999,120.72,10.0,6.0,2.0,6.0,3.0,0.0,0.0,CUGSUT_FSR
qmof-ee6ac99,True,130.099,-2.343499999999999,80.25999999999999,9.0,4.0,0.0,4.0,4.0,0.0,0.0,NOKFOI_FSR
qmof-cee6232,True,116.07199999999999,-2.733599999999999,80.25999999999999,8.0,4.0,0.0,4.0,3.0,0.0,0.0,HEWFAR_FSR
qmof-5400c4d,False,,,,,,,,,,,NOGMIG_FSR
qmof-f838323,False,,,,,,,,,,,FIRGIW_FSR
qmof-c461512,True,257.174,-4.420699999999998,157.69,18.0,8.0,1.0,7.0,4.0,0.0,1.0,FAFHIG_FSR
qmof-b9ccb01,True,257.174,-4.420699999999998,157.69,18.0,8.0,1.0,7.0,4.0,0.0,1.0,FAFHOM_FSR
qmof-75af3c3,False,,,,,,,,,,,CUGROM_FSR
qmof-79529d8,True,144.126,-1.9533999999999987,80.25999999999999,10.0,4.0,0.0,4.0,5.0,0.0,0.0,CAKLOR_FSR
qmof-4fcaac7,False,,,,,,,,,,,GAVFEO01_FSR
qmof-137f122,True,105.06899999999999,-2.9105,80.59,7.0,4.0,2.0,4.0,2.0,0.0,0.0,TELDAP_FSR
qmof-c931987,True,222.23999999999992,-0.9271999999999994,80.25999999999999,16.0,4.0,0.0,4.0,2.0,0.0,4.0,CALBEY_FSR
qmof-51966a1,True,88.106,0.03320000000000001,18.46,6.0,2.0,0.0,2.0,0.0,0.0,1.0,OKORUC_FSR
qmof-8929658,True,128.107,-1.9850999999999992,69.23,9.0,4.0,1.0,3.0,1.0,0.0,1.0,VIWFOW_FSR
qmof-84d07ac,True,197.10299999999998,0.5609,73.89000000000001,12.0,7.0,0.0,5.0,2.0,0.0,1.0,VIVRIC_FSR
qmof-8c0a960,True,144.126,-1.9533999999999987,80.25999999999999,10.0,4.0,0.0,4.0,5.0,0.0,0.0,JOSNAG01_FSR
qmof-97ae29f,True,59.044,-1.2438,40.129999999999995,4.0,2.0,0.0,2.0,0.0,0.0,0.0,BEJXAP01_FSR
qmof-96c10f1,True,304.08400000000006,1.0303999999999998,188.34,18.0,12.0,2.0,4.0,6.0,0.0,0.0,QOTDUZ_FSR
qmof-99155ad,False,,,,,,,,,,,CATART03_FSR
qmof-c8b91c4,False,,,,,,,,,,,XOPDOV_FSR
qmof-4c0ef7e,True,59.044,-1.2438,40.129999999999995,4.0,2.0,0.0,2.0,0.0,0.0,0.0,HAVFAN_FSR
qmof-e4d85d4,True,102.093,-1.6528999999999998,86.18,7.0,4.0,2.0,2.0,2.0,0.0,0.0,REZWIE_FSR
qmof-5c43327,True,170.164,-1.7073999999999987,80.25999999999999,12.0,4.0,0.0,4.0,2.0,0.0,1.0,QOTZOP_FSR
qmof-fcf9e4e,True,140.102,-1.1848,91.31,10.0,6.0,0.0,5.0,3.0,0.0,1.0,EBOJOW_FSR
qmof-bdde873,True,154.12900000000002,-0.7947000000000002,91.31,11.0,6.0,0.0,5.0,4.0,0.0,1.0,ECOLOZ_FSR
qmof-c4a1c17,False,,,,,,,,,,,CAGLIS11_FSR
qmof-4c23f2e,True,45.016999999999996,-1.6339000000000001,40.129999999999995,3.0,2.0,0.0,2.0,0.0,0.0,0.0,CAFORM13_FSR
qmof-17246e7,True,187.00400000000002,0.6563999999999999,114.07000000000001,10.0,8.0,1.0,2.0,3.0,0.0,0.0,ODOJAT_FSR
qmof-1009736,True,170.164,-1.7073999999999987,80.25999999999999,12.0,4.0,0.0,4.0,2.0,0.0,1.0,QOQMIT01_FSR
qmof-e428070,True,137.00699999999998,-1.2096000000000002,97.0,8.0,6.0,0.0,3.0,2.0,0.0,0.0,WAZMUH_FSR
qmof-bb23f24,True,144.12599999999998,-2.2415999999999983,80.25999999999999,10.0,4.0,0.0,4.0,3.0,0.0,0.0,REKXOW01_FSR
qmof-f8c8bd4,False,,,,,,,,,,,EQOQEH_FSR
qmof-2397f35,True,178.23299999999998,1.6647999999999998,71.72999999999999,11.0,5.0,1.0,1.0,2.0,0.0,1.0,RIFVOS_FSR
qmof-e5d44b6,True,83.074,0.30500000000000005,51.18,6.0,4.0,0.0,3.0,0.0,0.0,1.0,AQIROJ_FSR
qmof-2de5ad7,True,185.996,1.0945999999999998,113.74000000000001,10.0,8.0,0.0,2.0,3.0,0.0,0.0,MESBAN_FSR
qmof-4f0b980,True,184.14699999999996,-2.7201999999999993,89.49,13.0,5.0,0.0,5.0,2.0,0.0,2.0,KOBBUY_FSR
qmof-7d96501,False,,,,,,,,,,,PIHSEF_FSR
qmof-37e4d9d,True,89.07,-1.8828999999999996,60.36,6.0,3.0,1.0,3.0,1.0,0.0,0.0,OFOJOL_FSR
qmof-69d6aa4,True,116.07199999999999,-2.733599999999999,80.25999999999999,8.0,4.0,0.0,4.0,3.0,0.0,0.0,OFUWIV02_FSR
qmof-b121520,True,132.071,-3.4971999999999994,89.49000000000001,9.0,5.0,0.0,5.0,4.0,0.0,0.0,WAMXEO_FSR
qmof-2bd0023,True,132.071,-3.7628,100.49,9.0,5.0,1.0,5.0,3.0,0.0,0.0,MEYFIF01_FSR
qmof-9621c39,True,132.071,-3.7628,100.49,9.0,5.0,1.0,5.0,3.0,0.0,0.0,MEYDUP_FSR
qmof-3d10714,True,215.058,1.4365999999999997,114.07000000000001,12.0,8.0,1.0,2.0,5.0,0.0,0.0,ODOJIB_FSR
qmof-76212a0,False,,,,,,,,,,,BARMOX_FSR
qmof-2416924,True,101.12499999999999,-0.07350000000000012,40.129999999999995,7.0,2.0,0.0,2.0,3.0,0.0,0.0,OMESIK01_FSR
qmof-e9836d3,True,196.187,0.7012999999999998,108.91,12.0,6.0,2.0,3.0,5.0,0.0,0.0,XUYTES_FSR
qmof-de509d5,True,172.17999999999998,-1.1731999999999994,80.25999999999999,12.0,4.0,0.0,4.0,7.0,0.0,0.0,NEMNUO_FSR
qmof-bdb5086,True,150.13,-2.582299999999999,90.15,10.0,5.0,4.0,5.0,0.0,0.0,1.0,PIRTAN_FSR
qmof-00a7fd4,False,,,,,,,,,,,EBEMUU_FSR
qmof-d139efc,False,,,,,,,,,,,OPEMIG_FSR
qmof-cf59d6c,False,,,,,,,,,,,IDAXIW01_FSR
qmof-8d641bc,True,171.172,-0.37270000000000003,77.42999999999999,12.0,4.0,1.0,3.0,2.0,0.0,1.0,IDAQEL_FSR
qmof-a8117e2,False,,,,,,,,,,,QIVYEA_FSR
qmof-d1bdfd3,False,,,,,,,,,,,RISJEK_FSR
qmof-6634b3e,True,158.153,-1.563299999999999,80.25999999999999,11.0,4.0,0.0,4.0,6.0,0.0,0.0,PIRGOO_FSR
qmof-6525c21,True,172.17999999999998,-1.1731999999999994,80.25999999999999,12.0,4.0,0.0,4.0,7.0,0.0,0.0,PIRHAB_FSR
qmof-33e59e9,True,45.016999999999996,-1.6339000000000001,40.129999999999995,3.0,2.0,0.0,2.0,0.0,0.0,0.0,WEZXAB01_FSR
qmof-3f041c4,True,167.142,-2.095299999999999,125.85000000000002,10.0,7.0,1.0,3.0,3.0,0.0,0.0,SIKROU_FSR
qmof-2a5ad82,True,83.074,0.30500000000000005,51.18,6.0,4.0,0.0,3.0,0.0,0.0,1.0,SIVGOV_FSR
qmof-574737f,True,83.074,0.30500000000000005,51.18,6.0,4.0,0.0,3.0,0.0,0.0,1.0,SIVGIP_FSR
qmof-99811c4,True,74.059,-2.3049999999999997,66.14999999999999,5.0,3.0,1.0,3.0,1.0,0.0,0.0,HEFXAR_FSR
qmof-f8e2658,True,173.188,0.1614999999999997,77.42999999999999,12.0,4.0,1.0,3.0,7.0,0.0,0.0,POPQOC_FSR
qmof-16812b6,True,202.03900000000002,0.6082999999999996,114.39999999999999,11.0,8.0,2.0,2.0,4.0,0.0,0.0,LOQVIW01_FSR
qmof-20fefbe,False,,,,,,,,,,,GAFPIO_FSR
qmof-7a9a971,True,132.071,-3.7628,100.49,9.0,5.0,1.0,5.0,3.0,0.0,0.0,ROTPEX_FSR
qmof-09cf381,True,79.979,0.23709999999999992,56.87,4.0,4.0,0.0,1.0,0.0,0.0,0.0,WISWIH_FSR
qmof-edb3d86,True,1196.5300000000007,-1.163479999999997,626.2800000000002,72.0,48.0,12.0,32.0,8.0,0.0,8.0,BUQCEV_FSR
qmof-55638ef,True,116.07199999999999,-2.733599999999999,80.25999999999999,8.0,4.0,0.0,4.0,3.0,0.0,0.0,LISUCC01_FSR
qmof-73a2a48,True,170.164,-1.7073999999999987,80.25999999999999,12.0,4.0,0.0,4.0,2.0,0.0,1.0,SUNDIP_FSR
qmof-22fb57d,True,59.044,-1.2438,40.129999999999995,4.0,2.0,0.0,2.0,0.0,0.0,0.0,GIXJOP_FSR
qmof-d4cc1c0,True,137.00699999999998,-1.2096000000000002,97.0,8.0,6.0,0.0,3.0,2.0,0.0,0.0,WAZNAO_FSR
qmof-1026675,True,182.17200000000003,-3.5853999999999986,121.38000000000001,12.0,6.0,6.0,6.0,5.0,0.0,0.0,CEDHEZ_FSR
qmof-980b76e,True,190.10699999999997,-3.9179,137.79,13.0,7.0,2.0,6.0,5.0,0.0,0.0,POYRUR_FSR
qmof-1fb5c1d,True,45.016999999999996,-1.6339000000000001,40.129999999999995,3.0,2.0,0.0,2.0,0.0,0.0,0.0,XIVLOE_FSR
qmof-2e79c69,False,,,,,,,,,,,KOQZAT_FSR
qmof-3876daa,True,189.09899999999996,-5.252599999999999,140.61999999999998,13.0,7.0,1.0,7.0,5.0,0.0,0.0,RAWGUS_FSR
qmof-1339194,True,79.979,0.23709999999999992,56.87,4.0,4.0,0.0,1.0,0.0,0.0,0.0,SOQRAS_FSR
qmof-f4581c4,True,45.016999999999996,-1.6339000000000001,40.129999999999995,3.0,2.0,0.0,2.0,0.0,0.0,0.0,MGFORD01_FSR
qmof-81ce5ac,True,132.071,-3.7628,100.49,9.0,5.0,1.0,5.0,3.0,0.0,0.0,FUHYUD_FSR
qmof-d81ebae,True,368.08000000000004,-4.710599999999997,253.57999999999996,22.0,16.0,4.0,10.0,8.0,0.0,0.0,RIWGEJ_FSR
qmof-cdca546,True,91.086,-1.6353000000000002,60.36,6.0,3.0,1.0,3.0,0.0,0.0,0.0,BAJXER_FSR
qmof-0094362,False,,,,,,,,,,,SOGXES_FSR
qmof-69cecc3,False,,,,,,,,,,,XILWUM_FSR
qmof-d3b4687,True,262.21399999999994,-2.017599999999999,154.85999999999999,18.0,8.0,2.0,6.0,8.0,0.0,0.0,POPQIW_FSR
qmof-f3f83dd,False,,,,,,,,,,,GELCOS_FSR
qmof-d826ea1,False,,,,,,,,,,,OPUFAH01_FSR
qmof-b1f611b,False,,,,,,,,,,,GAFQAH_FSR
qmof-9e8761c,True,189.09899999999996,-5.252599999999999,140.61999999999998,13.0,7.0,1.0,7.0,5.0,0.0,0.0,NIHXEI01_FSR
qmof-060e1c4,True,144.126,-1.9533999999999987,80.25999999999999,10.0,4.0,0.0,4.0,5.0,0.0,0.0,OCUGEZ01_FSR
qmof-76aa393,True,141.07999999999998,-2.5416999999999996,114.07,8.0,7.0,0.0,4.0,0.0,0.0,0.0,QUHMOX_FSR
qmof-fa83326,True,189.09899999999996,-5.252599999999999,140.61999999999998,13.0,7.0,1.0,7.0,5.0,0.0,0.0,HISCIX_FSR
qmof-dfa9a2b,True,59.044,-1.2438,40.129999999999995,4.0,2.0,0.0,2.0,0.0,0.0,0.0,HUJSOV_FSR
qmof-4438bc6,True,45.016999999999996,-1.6339000000000001,40.129999999999995,3.0,2.0,0.0,2.0,0.0,0.0,0.0,LUHZIY_FSR
qmof-19ccc4f,True,45.016999999999996,-1.6339000000000001,40.129999999999995,3.0,2.0,0.0,2.0,0.0,0.0,0.0,LUHZOE_FSR
qmof-31e129f,False,,,,,,,,,,,ORAWEL_FSR
qmof-d91e33b,True,261.12699999999995,1.3902999999999996,112.96000000000001,15.0,9.0,2.0,5.0,5.0,0.0,0.0,IXIMUX_FSR
qmof-5954ccc,True,141.07999999999998,-2.5416999999999996,114.07,8.0,7.0,0.0,4.0,0.0,0.0,0.0,QUHMEN_FSR
qmof-58c51cc,False,,,,,,,,,,,COZGED01_FSR
qmof-5a531c0,False,,,,,,,,,,,YEMTIT_FSR
qmof-e4e4393,True,189.09899999999996,-5.252599999999999,140.61999999999998,13.0,7.0,1.0,7.0,5.0,0.0,0.0,BIYHIB_FSR
qmof-6d3ca8c,False,,,,,,,,,,,ELOFAM_FSR
qmof-49dc93d,True,132.071,-3.4971999999999994,89.49000000000001,9.0,5.0,0.0,5.0,4.0,0.0,0.0,LICSUM_FSR
qmof-70e9f69,True,131.087,-3.924199999999999,92.28999999999999,9.0,5.0,1.0,5.0,4.0,0.0,0.0,CUMBAO_FSR
qmof-5b470ea,False,,,,,,,,,,,JIFXOM_FSR
qmof-659d5f8,True,45.016999999999996,-1.6339000000000001,40.129999999999995,3.0,2.0,0.0,2.0,0.0,0.0,0.0,LAYZIX_FSR
qmof-658c0fd,False,,,,,,,,,,,RURDEP_FSR
qmof-92fd333,True,180.20499999999998,0.35369999999999985,88.80000000000001,11.0,6.0,1.0,1.0,4.0,0.0,0.0,GIHWOJ01_FSR
qmof-49a30b9,True,130.099,-2.343499999999999,80.25999999999999,9.0,4.0,0.0,4.0,4.0,0.0,0.0,DEKZUQ_FSR
qmof-fc3e4dd,False,,,,,,,,,,,WOCQIQ_FSR
qmof-01346c1,False,,,,,,,,,,,NUXGIY_FSR
qmof-a49c0de,True,126.07500000000002,-1.5749,91.31,9.0,6.0,0.0,5.0,2.0,0.0,1.0,LAYZOC_FSR
qmof-8804440,False,,,,,,,,,,,MISKOR_FSR
qmof-adf0d46,False,,,,,,,,,,,GAFNUY_FSR
qmof-8228f8b,False,,,,,,,,,,,SEYWIC_FSR
qmof-534e590,False,,,,,,,,,,,GAFPAG_FSR
qmof-fd7b178,False,,,,,,,,,,,GAFPEK_FSR
qmof-770da4b,True,116.07199999999999,-2.733599999999999,80.25999999999999,8.0,4.0,0.0,4.0,3.0,0.0,0.0,DURGAY_FSR
qmof-7508c2e,True,45.016999999999996,-1.6339000000000001,40.129999999999995,3.0,2.0,0.0,2.0,0.0,0.0,0.0,NAXVOY02_FSR
qmof-3a1e8d9,True,45.016999999999996,-1.6339000000000001,40.129999999999995,3.0,2.0,0.0,2.0,0.0,0.0,0.0,NIXRAP_FSR
qmof-31e37cb,True,90.07799999999999,-1.1971000000000003,60.029999999999994,6.0,3.0,0.0,2.0,0.0,0.0,0.0,HEDNOT_FSR
qmof-9c0bd55,True,150.13,-2.582299999999999,90.15,10.0,5.0,4.0,5.0,0.0,0.0,1.0,KUZHAQ_FSR
qmof-ce0602b,False,,,,,,,,,,,QUTQIG_FSR
qmof-a1e22bf,True,270.11799999999994,0.6271999999999998,120.22,16.0,10.0,0.0,4.0,4.0,0.0,1.0,SAQYOZ_FSR
qmof-eee7429,False,,,,,,,,,,,LECCED_FSR
qmof-78cba0b,True,212.135,-3.641399999999999,154.2,13.0,9.0,0.0,6.0,3.0,0.0,0.0,SAPKUR_FSR
qmof-9bc55e5,False,,,,,,,,,,,FINQEA_FSR
qmof-e6f2443,True,59.044,-1.2438,40.129999999999995,4.0,2.0,0.0,2.0,0.0,0.0,0.0,JIPNIG_FSR
qmof-20ce10c,False,,,,,,,,,,,KEKLIY_FSR
qmof-2fffa21,True,59.044,-1.2438,40.129999999999995,4.0,2.0,0.0,2.0,0.0,0.0,0.0,CIBZES_FSR
qmof-3742f27,False,,,,,,,,,,,IJECUV_FSR
qmof-b759a0a,True,278.046,-0.6262000000000003,189.0,16.0,12.0,4.0,4.0,4.0,0.0,0.0,WUWYUI_FSR
qmof-cf8f441,True,84.054,-1.35002,63.919999999999995,6.0,3.0,0.0,3.0,1.0,0.0,0.0,ATUPIQ_FSR
qmof-16d3134,True,132.071,-3.7628,100.49,9.0,5.0,1.0,5.0,3.0,0.0,0.0,CIMZII_FSR
qmof-535a896,False,,,,,,,,,,,XELHUS_FSR
qmof-cb60298,True,164.037,-0.45260000000000006,107.20000000000002,10.0,8.0,3.0,3.0,0.0,0.0,1.0,DEDKEE_FSR
qmof-6a44e73,True,172.17999999999998,-1.1731999999999994,80.25999999999999,12.0,4.0,0.0,4.0,7.0,0.0,0.0,NOKGID_FSR
qmof-a421ddb,False,,,,,,,,,,,LESFEX_FSR
qmof-ea2f7b2,True,408.02200000000005,-0.2316000000000002,269.26,22.0,18.0,6.0,6.0,4.0,0.0,0.0,IGIZIJ_FSR
qmof-921bc5e,True,212.135,-3.641399999999999,154.2,13.0,9.0,0.0,6.0,3.0,0.0,0.0,SAPKIF_FSR
qmof-d868ada,True,212.135,-3.641399999999999,154.2,13.0,9.0,0.0,6.0,3.0,0.0,0.0,SAPKOL_FSR
qmof-d5e6031,True,45.016999999999996,-1.6339000000000001,40.129999999999995,3.0,2.0,0.0,2.0,0.0,0.0,0.0,JADLOP01_FSR
qmof-ac2095e,True,102.04499999999999,-3.1236999999999995,80.25999999999999,7.0,4.0,0.0,4.0,2.0,0.0,0.0,UCOCAR_FSR
qmof-e2ec095,True,149.078,-3.4573,117.89,10.0,6.0,3.0,5.0,3.0,0.0,0.0,DULSIN01_FSR
qmof-ee1a4a9,False,,,,,,,,,,,IYUCIP_FSR
qmof-3f33bff,False,,,,,,,,,,,QABGAB_FSR
qmof-24e5993,False,,,,,,,,,,,SEBMOB_FSR
qmof-68e5457,False,,,,,,,,,,,TUZYOD01_FSR
qmof-b4b5423,True,88.106,0.03320000000000001,18.46,6.0,2.0,0.0,2.0,0.0,0.0,1.0,BUBGAG_FSR
qmof-9dca13d,True,132.071,-3.7628,100.49,9.0,5.0,1.0,5.0,3.0,0.0,0.0,DORFOG_FSR
qmof-f1c5f8a,True,45.016999999999996,-1.6339000000000001,40.129999999999995,3.0,2.0,0.0,2.0,0.0,0.0,0.0,XEFPAB_FSR
qmof-83d54f4,False,,,,,,,,,,,NAACET05_FSR
qmof-baa9e72,False,,,,,,,,,,,HIWXIV_FSR
qmof-ae0f40c,True,74.079,-0.009299999999999975,18.46,5.0,2.0,0.0,2.0,0.0,0.0,1.0,QABGEF_FSR
qmof-25c39ef,True,187.089,0.8815999999999998,116.57,10.0,8.0,0.0,1.0,3.0,0.0,0.0,JISSEK_FSR
qmof-cb22aa8,False,,,,,,,,,,,XIGWUH_FSR
qmof-679e2ca,True,261.228,-3.4181999999999984,181.07999999999998,16.0,10.0,6.0,6.0,6.0,0.0,0.0,ODOSEI_FSR
qmof-185e359,True,120.173,0.19500000000000006,34.14,7.0,3.0,0.0,2.0,0.0,0.0,1.0,SIWFOT_FSR
qmof-50671ea,True,60.008,-2.447,63.19,4.0,3.0,0.0,3.0,0.0,0.0,0.0,NILCAP_FSR
qmof-aa0cfe7,True,172.17999999999998,-1.1731999999999994,80.25999999999999,12.0,4.0,0.0,4.0,7.0,0.0,0.0,POPSAQ_FSR
qmof-0f0c1d0,False,,,,,,,,,,,HEBTOA_FSR
qmof-855c443,True,143.206,1.0968,40.129999999999995,10.0,2.0,0.0,2.0,6.0,0.0,0.0,KOMMII_FSR
qmof-41ba790,False,,,,,,,,,,,GARSUP_FSR
qmof-b96fb0a,True,333.04799999999994,3.1359999999999997,40.129999999999995,20.0,14.0,1.0,1.0,1.0,0.0,0.0,NECCIK_FSR
qmof-d16a680,True,180.156,-3.8345999999999996,121.38000000000001,12.0,6.0,6.0,6.0,0.0,0.0,1.0,PIRSUG_FSR
qmof-da50262,True,253.21099999999998,0.7932999999999999,179.10000000000002,13.0,12.0,0.0,0.0,3.0,0.0,0.0,KMTSUL01_FSR
qmof-57d8d0a,False,,,,,,,,,,,GOKYEL_FSR
qmof-03f76d4,True,215.14299999999997,1.6617999999999997,116.57,12.0,8.0,0.0,1.0,5.0,0.0,0.0,AMORUQ_FSR
qmof-63babd7,True,215.14299999999997,1.6617999999999997,116.57,12.0,8.0,0.0,1.0,5.0,0.0,0.0,AMOROK_FSR
qmof-c6a024f,True,271.25899999999996,-0.2811999999999979,35.790000000000006,19.0,7.0,0.0,6.0,0.0,0.0,1.0,LAPJAO_FSR
qmof-e4e7c8a,False,,,,,,,,,,,LAPJES_FSR
qmof-76c8ad5,False,,,,,,,,,,,ISAROJ01_FSR
qmof-7e90e52,True,116.07199999999999,-2.733599999999999,80.25999999999999,8.0,4.0,0.0,4.0,3.0,0.0,0.0,NOKFEY_FSR
qmof-8173fb9,True,124.14099999999998,-0.2138,85.72,7.0,5.0,1.0,1.0,2.0,0.0,0.0,OYERAM_FSR
qmof-cf00f6e,False,,,,,,,,,,,MUNJEK_FSR
qmof-649c1c3,True,330.298,4.365200000000005,114.39999999999999,20.0,8.0,2.0,2.0,10.0,0.0,0.0,SEZVUO_FSR
qmof-2edacf2,True,87.098,-0.46360000000000023,40.129999999999995,6.0,2.0,0.0,2.0,2.0,0.0,0.0,OSAXOW01_FSR
qmof-ad9b461,True,88.106,0.03320000000000001,18.46,6.0,2.0,0.0,2.0,0.0,0.0,1.0,LICDOX01_FSR
qmof-cc6fd4d,False,,,,,,,,,,,QUTQAY_FSR
qmof-78ccc0f,True,243.213,-2.228599999999999,122.19,15.0,9.0,2.0,7.0,3.0,0.0,1.0,DORREI_FSR
qmof-4df7a58,True,140.07899999999998,-0.8591,108.91,8.0,6.0,2.0,3.0,1.0,0.0,0.0,XAYYUR02_FSR
qmof-9074759,False,,,,,,,,,,,HOCMIV_FSR
qmof-abb7a68,True,144.126,-1.9533999999999987,80.25999999999999,10.0,4.0,0.0,4.0,5.0,0.0,0.0,XAGDUE_FSR
qmof-22501f6,True,187.089,0.8815999999999998,116.57,10.0,8.0,0.0,1.0,3.0,0.0,0.0,RUBGAX_FSR
qmof-380359a,False,,,,,,,,,,,IHUZAO_FSR
qmof-7b525e0,True,188.182,0.6685999999999999,119.4,10.0,8.0,0.0,0.0,3.0,0.0,0.0,GUTYAW_FSR
