qmof_id,name,analysis_bin,val_fold,primary_metal,linker_scaffold
qmof-9b1be38,TARQAF_FSR,bandgap_0_to_0.5eV,5,Cs,
qmof-aca3388,ILEDIO_FSR,bandgap_0_to_0.5eV,4,Co,c1cc(CCc2ccncc2)ccn1
qmof-4ce077a,ILICOW_FSR,bandgap_0_to_0.5eV,2,Rh,
qmof-4241a3d,WOLKUF_FSR,bandgap_0_to_0.5eV,5,Zn,c1ccc2c(c1)[N]C(c1cscn1)=N2.c1ccccc1
qmof-6d2fc7d,MIDVEA_FSR,bandgap_0_to_0.5eV,5,Cu,
qmof-7e4dbb6,NESYOZ02_FSR,bandgap_0_to_0.5eV,2,Cu,
qmof-dbb4b69,OXAZIX_FSR,bandgap_0_to_0.5eV,5,Pr,c1ccncc1
qmof-54114ac,BIHZID_FSR,bandgap_0_to_0.5eV,3,Hg,c1ccncc1
qmof-4bb9ee9,DOTYUI01_FSR,bandgap_0_to_0.5eV,3,Co,c1cc([N][N]c2ccncc2)ccn1
qmof-f40f3e7,DOTZIX_FSR,bandgap_0_to_0.5eV,4,Co,C(=Cc1ccncc1)c1ccncc1
qmof-7cefc8c,OKECUE_FSR,bandgap_0_to_0.5eV,4,Cd,c1ccc(Oc2ccccc2)cc1
qmof-62dbb8e,DORWAK_FSR,bandgap_0_to_0.5eV,3,Cu,
qmof-33eaa8a,LIKZAI_FSR,bandgap_0_to_0.5eV,2,Cu,
qmof-80d14e6,SEHDAM_FSR,bandgap_0_to_0.5eV,2,Cd,O=C1[N]NC(=O)c2ccc([CH]c3ccc4c(c3)C(=O)N[N]C4=O)cc21
qmof-d2f6719,OFEGUD_FSR,bandgap_0_to_0.5eV,4,Cd,[CH]1C=NC(c2ccccc2)=N1.[CH]1C=NC(c2ccccc2)=N1
qmof-2ea7167,EKESOC_FSR,bandgap_0_to_0.5eV,5,Cu,C1CN2CCN1CC2
qmof-606ca52,OVIVOF_FSR,bandgap_0_to_0.5eV,2,Cd,c1nnc[nH]1
qmof-8cfc29d,REJKUN_FSR,bandgap_0_to_0.5eV,3,Cu,c1ccc(C2=NN=N[N]2)cc1
qmof-aa82d3e,GIWTUB_FSR,bandgap_0_to_0.5eV,1,Cu,O=C1C(=O)C(=O)C1=O
qmof-46e13c3,JIPRIM_FSR,bandgap_0_to_0.5eV,2,K,C1COCCO1
qmof-afd3d78,QEKLEZ_FSR,bandgap_0_to_0.5eV,2,Cd,c1cc(-c2ccncc2)ccn1.c1ccc(-c2ccccc2)cc1
qmof-d0bb092,LALQEW_FSR,bandgap_0_to_0.5eV,1,Cd,O=C1C=CC=C[C]1C=Nc1ccc(-c2nc3ccccc3[nH]2)cc1
qmof-1dc08c3,PIDZEI_FSR,bandgap_0_to_0.5eV,5,K,O=C1C=C[CH]C=C1.O=C1[CH]C=CC=C1
qmof-3a0f684,PILPAD_FSR,bandgap_0_to_0.5eV,2,Cd,c1ncn(CCn2cncn2)n1
qmof-b311e90,UTIHAH_FSR,bandgap_0_to_0.5eV,1,Cu,
qmof-93cbc2c,PEWFEE_FSR,bandgap_0_to_0.5eV,4,Cu,c1ccccc1
qmof-9f865ef,HAFQUC_FSR,bandgap_0_to_0.5eV,1,Al,c1ccccc1
qmof-de9db8f,DODJUC_FSR,bandgap_0_to_0.5eV,1,Hg,
qmof-c8c6644,HAFQOW_FSR,bandgap_0_to_0.5eV,5,Al,c1ccccc1
qmof-cb9b730,ISOQEM01_FSR,bandgap_0_to_0.5eV,4,Cu,
qmof-2dea218,SACPAQ_FSR,bandgap_0_to_0.5eV,5,Hg,
qmof-1b4e871,PAZXOD_FSR,bandgap_0_to_0.5eV,3,Cr,c1cnc(-c2ncccn2)nc1
qmof-214ad37,KARSAY_FSR,bandgap_0_to_0.5eV,1,Ag,
qmof-7e46631,KASRUS_FSR,bandgap_0_to_0.5eV,3,Cu,
qmof-0d0a55e,PODMUR_FSR,bandgap_0_to_0.5eV,4,Cu,c1cc(-c2ccc(-c3ccnnc3)cc2)cnn1
qmof-c031960,DICVUI_FSR,bandgap_0_to_0.5eV,3,Cu,c1ccccc1
qmof-d7b29f8,HUGLUS_FSR,bandgap_0_to_0.5eV,1,Ga,c1ccc(Cc2ccccc2)cc1
qmof-2d06267,MOYWAZ_FSR,bandgap_0_to_0.5eV,4,Sr,
qmof-f94dd0a,YORKAS_FSR,bandgap_0_to_0.5eV,1,Cu,c1cc(-c2nnc(-c3ccncc3)s2)ccn1.c1ccccc1
qmof-aaa4160,XUGQUM_FSR,bandgap_0_to_0.5eV,3,Ag,c1cnccn1
qmof-e79aee6,HISGEX_FSR,bandgap_0_to_0.5eV,1,Rb,O=S(=O)(c1ccccc1)c1ccccc1
qmof-0c21f93,WOFYIB_FSR,bandgap_0.5_to_1.0eV,4,Co,
qmof-4a4b090,CEMPAN_FSR,bandgap_0.5_to_1.0eV,3,Cu,c1ccccc1.c1cnc(-c2ncccn2)nc1
qmof-ff9ebb7,WEFDIU_FSR,bandgap_0.5_to_1.0eV,1,Cu,
qmof-2b29f90,ELIMOC_FSR,bandgap_0.5_to_1.0eV,5,Mn,c1cc(-c2ccncc2)ccn1.c1ccccc1
qmof-d928e40,NEKTEE_FSR,bandgap_0.5_to_1.0eV,3,Mn,c1cc([N][N]c2ccncc2)ccn1.c1ccccc1
qmof-1f7d79e,CENLEP_FSR,bandgap_0.5_to_1.0eV,3,Cu,C1=N[N]C=N[N]1
qmof-9b0ccbd,BETGUF_FSR,bandgap_0.5_to_1.0eV,2,Cu,
qmof-c9f9a46,PASQUX_FSR,bandgap_0.5_to_1.0eV,3,Cu,C1=CN=C(c2ccccc2)[N]1
qmof-e7b175c,FORWUF01_FSR,bandgap_0.5_to_1.0eV,3,Fe,C1CCCCC1
qmof-c937650,OSUWIJ_FSR,bandgap_0.5_to_1.0eV,4,Ag,c1ccc2ccccc2c1
qmof-12544e7,PITVOD_FSR,bandgap_0.5_to_1.0eV,2,Mn,c1cnccn1
qmof-7311839,BISVUW_FSR,bandgap_0.5_to_1.0eV,4,Ag,c1ccccc1
qmof-f8c7a01,DIHHOS_FSR,bandgap_0.5_to_1.0eV,5,Cu,
qmof-a3a6bff,LAFRUG_FSR,bandgap_0.5_to_1.0eV,2,Cu,
qmof-0fcda30,HACWIR02_FSR,bandgap_0.5_to_1.0eV,1,Mn,[CH]1C=NC=CN1
qmof-1b8f727,DEZZUE_FSR,bandgap_0.5_to_1.0eV,1,Cu,c1cnccn1
qmof-462389a,KCLNLA01_FSR,bandgap_0.5_to_1.0eV,2,K,O=C1C=CC(=O)C=C1
qmof-c054f0b,YAKLIF_FSR,bandgap_0.5_to_1.0eV,1,Cu,C1SCSCS1
qmof-79768f1,ETEVOP_FSR,bandgap_0.5_to_1.0eV,4,Rb,O=C1C=CC(=O)C=C1
qmof-c6fb628,MICRAU_FSR,bandgap_0.5_to_1.0eV,2,Cu,c1ccc(Sc2ccccc2)cc1
qmof-c8cd84e,NOQBUS_FSR,bandgap_0.5_to_1.0eV,4,Co,c1cc(-c2cc[nH+]cc2)cc[nH+]1
qmof-3767e26,ETETON_FSR,bandgap_0.5_to_1.0eV,1,K,O=C1C=CC(=O)C=C1
qmof-3d26180,SIPYUM_FSR,bandgap_0.5_to_1.0eV,2,Cu,c1ccccc1
qmof-043bf63,JETLEC_FSR,bandgap_0.5_to_1.0eV,2,Cu,C(#Cc1c2ccccc2c(C#Cc2ccncc2)c2ccccc12)c1ccncc1
qmof-287a882,UHOCEB02_FSR,bandgap_0.5_to_1.0eV,4,Cu,C1=CC(c2ccccn2)=N[N]1.C1=N[N]C(c2ccccn2)=C1.[CH]1C=NN=C1c1ccccn1
qmof-2bd5eb8,COQTAE_FSR,bandgap_0.5_to_1.0eV,1,K,C1CCOC1
qmof-926eb2f,PODNAY_FSR,bandgap_0.5_to_1.0eV,5,Cu,c1cc(-c2ccc(-c3ccnnc3)cc2)cnn1
qmof-5961f99,REGMEX_FSR,bandgap_0.5_to_1.0eV,3,Cu,
qmof-1cfa94a,BADXEJ01_FSR,bandgap_0.5_to_1.0eV,5,Cu,c1cncnc1
qmof-6071ce7,IBUBIS01_FSR,bandgap_0.5_to_1.0eV,3,Organic_Only,
qmof-9308b8e,GOVJAC_FSR,bandgap_0.5_to_1.0eV,1,Cu,
qmof-545e186,MOJWUF_FSR,bandgap_0.5_to_1.0eV,5,Zn,c1cc(CCc2ccncc2)ccn1.c1ccc(Oc2ccccc2)cc1
qmof-230a690,WIHQEM_FSR,bandgap_0.5_to_1.0eV,5,Cu,S=C1N=CC=NC1=S
qmof-9545770,AFOLIR_FSR,bandgap_1.0_to_1.5eV,4,Mn,c1cc(-c2ccncc2)ccn1
qmof-361fd6f,BANHAA_FSR,bandgap_1.0_to_1.5eV,5,Zn,C(=Cc1cccnc1)c1ccccc1
qmof-10ff507,HICQIW_FSR,bandgap_1.0_to_1.5eV,1,Mn,c1ccc(-n2ccnc2)cc1
qmof-49bc51b,APASAN_FSR,bandgap_1.0_to_1.5eV,3,Cu,c1cncc(C2=N[N]C(c3cccnc3)=N[N]2)c1
qmof-cea3393,JEWCIY_FSR,bandgap_1.0_to_1.5eV,3,Cu,c1cnccn1
qmof-6f98772,CUTCIF_FSR,bandgap_1.0_to_1.5eV,2,Mn,c1ccccc1
qmof-0d8afa2,MUQWOM_FSR,bandgap_1.0_to_1.5eV,2,Li,O=C1c2ccccc2C(=O)c2ccccc21
qmof-7668bea,FABJID_FSR,bandgap_1.0_to_1.5eV,3,Cu,
qmof-48ff45a,FATLUJ_FSR,bandgap_1.0_to_1.5eV,1,Cu,c1cc(CCCc2ccncc2)ccn1.c1ccccc1
qmof-3feeaa5,MIJKIA_FSR,bandgap_1.0_to_1.5eV,4,Mn,
qmof-193431e,YEQQER_FSR,bandgap_1.0_to_1.5eV,5,Cu,
qmof-ba8d316,INIROM_FSR,bandgap_1.0_to_1.5eV,1,Co,c1ccccc1
qmof-7af20fe,SITGAG_FSR,bandgap_1.0_to_1.5eV,2,Cu,
qmof-a3e45d0,NAJSUM02_FSR,bandgap_1.0_to_1.5eV,2,Mn,c1cnc(-c2ncccn2)nc1
qmof-3546d7f,MAXWUE_FSR,bandgap_1.0_to_1.5eV,4,Cu,
qmof-dc9df4c,VORTON01_FSR,bandgap_1.0_to_1.5eV,3,Cu,
qmof-3bba393,LOJPIL_FSR,bandgap_1.0_to_1.5eV,3,Mo,
qmof-3110c7f,WUTNEG_FSR,bandgap_1.0_to_1.5eV,3,Cu,
qmof-16d3687,CUFCEN_FSR,bandgap_1.0_to_1.5eV,4,Mn,c1ccccc1
qmof-244cb4f,RAMGIX_FSR,bandgap_1.0_to_1.5eV,3,Zn,c1cc(-c2ccncc2)ccn1
qmof-c8756ec,ODIJES_FSR,bandgap_1.0_to_1.5eV,4,Mo,C(=Cc1ccncc1)c1ccncc1
qmof-a79b912,EFIWAT_FSR,bandgap_1.0_to_1.5eV,3,W,
qmof-0f656a9,IRIGIB_FSR,bandgap_1.0_to_1.5eV,1,Cu,
qmof-45d422a,EDAPAC_FSR,bandgap_1.0_to_1.5eV,5,Cu,
qmof-e59232d,LIYLOU_FSR,bandgap_1.0_to_1.5eV,3,Mn,c1cc(-c2ccncc2)ccn1
qmof-1510275,OGUVES_FSR,bandgap_1.0_to_1.5eV,2,Mo,
qmof-d1fec5e,PAQJOG_FSR,bandgap_1.0_to_1.5eV,2,Mn,
qmof-37e26c7,PATHOI_FSR,bandgap_1.0_to_1.5eV,1,Cu,c1ccc(C2=N[N]C(c3ccccn3)N=N2)nc1.c1ccc(C2=N[N]C(c3ccccn3)[N][N]2)nc1
qmof-2b2d255,OXCFOR_FSR,bandgap_1.0_to_1.5eV,1,Co,
qmof-b5bdb39,DUMHEZ01_FSR,bandgap_1.0_to_1.5eV,2,Cu,c1cc(C2=N[N]C(c3ccncc3)=N[N]2)ccn1
qmof-4d2d076,CISMOJ_FSR,bandgap_1.0_to_1.5eV,1,Cu,O=C([N]N=Cc1ccccc1)c1ccccc1
qmof-62820e8,LAZCEV_FSR,bandgap_1.0_to_1.5eV,4,Cu,
qmof-638b408,PENXIQ_FSR,bandgap_1.0_to_1.5eV,2,Cu,c1cnc2c(n1)SC(=C1Sc3nccnc3S1)S2
qmof-4fac276,DOJKEU_FSR,bandgap_1.0_to_1.5eV,5,Mo,C(=Cc1ccncc1)c1ccncc1.c1ccccc1
qmof-4e8ed50,KOFVUY_FSR,bandgap_1.0_to_1.5eV,2,Cd,
qmof-cafe9dc,GASJES_FSR,bandgap_1.0_to_1.5eV,3,Cs,O=C1C=CC(=O)C=C1
qmof-d972c84,DINQOG_FSR,bandgap_1.0_to_1.5eV,1,Cu,
qmof-f906424,GEBZAR_FSR,bandgap_1.0_to_1.5eV,4,Mn,c1ccc(Oc2cccnc2)cc1
qmof-5bf0c2a,QOCHAR_FSR,bandgap_1.0_to_1.5eV,4,Cd,O=C1[CH]C(=O)C(=O)[CH]C1=O
qmof-81dfe71,KALNOA_FSR,bandgap_1.0_to_1.5eV,5,Cu,
qmof-0aea5e3,JUSXUQ_FSR,bandgap_1.0_to_1.5eV,2,Mn,c1cnccn1
qmof-932ec8e,QIPPIO_FSR,bandgap_1.0_to_1.5eV,3,Mn,
qmof-663129a,RESGUU_FSR,bandgap_1.0_to_1.5eV,3,Li,c1ccc2c(c1)C1c3ccccc3C2c2ccccc21
qmof-2cdc589,GEHMOW_FSR,bandgap_1.0_to_1.5eV,1,Cu,[N]([N]c1nnn[nH]1)c1nnn[nH]1
qmof-8b33bc9,DIDYUM_FSR,bandgap_1.0_to_1.5eV,2,Cu,C(=Nc1ccccc1SCCSc1ccccc1N=Cc1ccccc1)c1ccccc1
qmof-7192ec8,PIRNAH01_FSR,bandgap_1.0_to_1.5eV,1,Cs,O=C1C=CC(=O)C=C1
qmof-d0d6fd2,BOKXIK_FSR,bandgap_1.0_to_1.5eV,5,Cu,O=S1(=O)[N]c2c(c3ncccc3c3cccnc23)[N]1
qmof-85bc3c6,PUPXII_FSR,bandgap_1.0_to_1.5eV,5,Mn,c1cc(-c2ncc[nH]2)ccn1
qmof-31797e0,DEYWAI01_FSR,bandgap_1.0_to_1.5eV,4,Cu,
qmof-d46ee4f,DAZXOU_FSR,bandgap_1.0_to_1.5eV,1,Cu,
qmof-1f8e39f,QAFFAF_FSR,bandgap_1.0_to_1.5eV,5,Mn,
qmof-c4f3917,DEJGUV_FSR,bandgap_1.0_to_1.5eV,4,Cu,
qmof-0122bb1,BAMSEN_FSR,bandgap_1.0_to_1.5eV,3,Ga,
qmof-45a6307,WEZNUM_FSR,bandgap_1.0_to_1.5eV,5,Zn,c1ccccc1
qmof-a457b47,BAHHUP01_FSR,bandgap_1.0_to_1.5eV,5,Cd,
qmof-c776af3,CAXCAG_FSR,bandgap_1.0_to_1.5eV,1,Cu,c1cnccn1
qmof-d42c622,SOQVOK_FSR,bandgap_1.0_to_1.5eV,2,Mn,[CH]1C=C(C2=N[N]N=N2)C=CN1
qmof-a471706,SIWHAI_FSR,bandgap_1.0_to_1.5eV,5,Cu,C1CCCCC1
qmof-bf12e76,HEWRIK_FSR,bandgap_1.0_to_1.5eV,2,Cu,c1ccc2nc3ccccc3nc2c1
qmof-8bcdd4b,CERKAO_FSR,bandgap_1.0_to_1.5eV,4,Mn,[CH]1N=C[N]N1c1ccccc1
qmof-3b1e56c,CEPGEJ_FSR,bandgap_1.0_to_1.5eV,5,Cu,
qmof-c30e806,HUTWUQ_FSR,bandgap_1.0_to_1.5eV,4,Mn,[CH]([N][N][CH]c1ccncc1)c1ccncc1.c1ccccc1
qmof-9062b93,CAVGIS_FSR,bandgap_1.0_to_1.5eV,4,Ni,
qmof-3600621,CAKTEP_FSR,bandgap_1.0_to_1.5eV,1,Zn,
qmof-64ce5e9,CAQXAT01_FSR,bandgap_1.5_to_2.0eV,5,Cu,c1ccnnc1
qmof-b874271,HOFZAD_FSR,bandgap_1.5_to_2.0eV,2,Au,O=c1[nH]cc(-c2c[nH]c(=O)[nH]c2=O)c(=O)[nH]1
qmof-acc8248,TACDOR_FSR,bandgap_1.5_to_2.0eV,2,Tl,
qmof-a3577c1,TEMSUB_FSR,bandgap_1.5_to_2.0eV,2,Cu,
qmof-534fef5,TEJXIQ_FSR,bandgap_1.5_to_2.0eV,4,Rb,C=c1c(=O)c(=C)c(=O)c1=O
qmof-2c0cdf7,AGUMUL_FSR,bandgap_1.5_to_2.0eV,4,Mo,[CH]1N=CN(Cc2cccnc2)N1.[CH]1N=CNN1Cc1cccnc1.[CH]1N=C[N]N1Cc1cccnc1
qmof-6949036,HIHNET_FSR,bandgap_1.5_to_2.0eV,2,Mn,
qmof-195ef6a,HIFZOM_FSR,bandgap_1.5_to_2.0eV,2,Cu,c1cc(-c2ccnnc2)cnn1
qmof-6cf875d,TEYLUG_FSR,bandgap_1.5_to_2.0eV,1,Co,c1cnccn1
qmof-fbc9303,CADZIT_FSR,bandgap_1.5_to_2.0eV,3,Zn,[CH]([N][N][CH]c1ccncc1)c1ccncc1.c1ccccc1
qmof-cd4e737,CEKSEQ01_FSR,bandgap_1.5_to_2.0eV,5,Mn,c1ccncc1
qmof-56f3712,HIFZIG_FSR,bandgap_1.5_to_2.0eV,1,Cu,c1cc(-c2ccnnc2)cnn1
qmof-391b168,SOWHES_FSR,bandgap_1.5_to_2.0eV,1,Cu,c1ccc(-c2ccc3nnc(-c4cccnc4)n3n2)cc1
qmof-6fbdeae,SUXSUA_FSR,bandgap_1.5_to_2.0eV,1,Cu,C(=Cc1ccncc1)c1ccncc1
qmof-fd5ecfb,SUYDOF01_FSR,bandgap_1.5_to_2.0eV,2,Cu,c1ccc2nccnc2c1
qmof-1fd65b5,BAHNUW_FSR,bandgap_1.5_to_2.0eV,5,Ag,[CH]([N]N=Cc1ccncc1)c1ccncc1
qmof-8a54112,FANZEA_FSR,bandgap_1.5_to_2.0eV,4,Cu,O=C1C(=O)C(=O)C(=O)C1=O.c1cnccn1
qmof-d7660a3,MOFPUU_FSR,bandgap_1.5_to_2.0eV,2,Tb,O=C(Nc1ccccc1)c1ccncc1
qmof-082c84f,MOHFIA_FSR,bandgap_1.5_to_2.0eV,3,Mo,
qmof-68010e6,MOLVOZ01_FSR,bandgap_1.5_to_2.0eV,4,Cu,
qmof-2f9cf3e,GICZOI_FSR,bandgap_1.5_to_2.0eV,5,K,c1ccc([N][N][N]c2ccccc2)cc1
qmof-5f6120f,KEXFOJ_FSR,bandgap_1.5_to_2.0eV,5,Ag,
qmof-d4d3c5f,GIWVEO_FSR,bandgap_1.5_to_2.0eV,3,Cs,C=c1c(=O)c(=C)c(=O)c1=O
qmof-ec24300,GIQYAH_FSR,bandgap_1.5_to_2.0eV,4,Ru,
qmof-308fadd,GIQYUB_FSR,bandgap_1.5_to_2.0eV,3,Ru,
qmof-15d1d11,GIRFAQ_FSR,bandgap_1.5_to_2.0eV,1,Cu,
qmof-7351afb,UFUTAQ_FSR,bandgap_1.5_to_2.0eV,5,Cu,
qmof-04aceb4,UGENUP_FSR,bandgap_1.5_to_2.0eV,1,Cu,
qmof-222bdec,UGEPAX_FSR,bandgap_1.5_to_2.0eV,3,Cu,
qmof-b01b0cf,KAKTIA01_FSR,bandgap_1.5_to_2.0eV,4,Cu,c1ccncc1
qmof-4541d4f,KALMIT_FSR,bandgap_1.5_to_2.0eV,3,Cu,
qmof-7de6775,KAPSIF_FSR,bandgap_1.5_to_2.0eV,2,Ag,
qmof-a820aa0,GIQXUA_FSR,bandgap_1.5_to_2.0eV,1,Ru,
qmof-4a16101,CIZWIU_FSR,bandgap_1.5_to_2.0eV,2,Mn,C(=Cc1ccncc1)c1ccncc1.O=[PH](c1ccccc1)c1ccccc1
qmof-a47217e,GUVBOP_FSR,bandgap_1.5_to_2.0eV,3,V,
qmof-97f5963,XUXZOF01_FSR,bandgap_1.5_to_2.0eV,2,Cu,
qmof-14906a2,GUKNAC01_FSR,bandgap_1.5_to_2.0eV,3,Mn,
qmof-8782178,CUKZOY_FSR,bandgap_1.5_to_2.0eV,5,V,c1cn(CCCCn2ccnc2)cn1
qmof-3fa29a2,RABBUS_FSR,bandgap_1.5_to_2.0eV,5,Cu,c1cnc(CSCc2cnccn2)cn1
qmof-8962914,XODZEX_FSR,bandgap_1.5_to_2.0eV,1,Cu,
qmof-54f7ee7,KAZQAG_FSR,bandgap_1.5_to_2.0eV,5,Co,
qmof-d3a4dfb,DIBGOM_FSR,bandgap_1.5_to_2.0eV,5,Fe,c1ccccc1
qmof-44525cd,DEWLOJ_FSR,bandgap_1.5_to_2.0eV,2,Ag,C1=C(c2ccncc2)SC(=C2SC3=C(SCCS3)S2)S1
qmof-cbd795c,DEXVEJ_FSR,bandgap_1.5_to_2.0eV,1,Co,c1cncc(-c2cc(-c3ccc(-c4cc(-c5cccnc5)nc(-c5cccnc5)c4)cc3)cc(-c3cccnc3)n2)c1
qmof-3cfd336,DEJGOP_FSR,bandgap_1.5_to_2.0eV,3,Cu,
qmof-c47521e,GICCUS_FSR,bandgap_1.5_to_2.0eV,2,Mn,c1ccccc1
qmof-8676659,AREWOL_FSR,bandgap_1.5_to_2.0eV,2,Ir,
qmof-da61c3d,DIDYOG_FSR,bandgap_1.5_to_2.0eV,1,Cu,C(=Nc1ccccc1SCc1ccc(CSc2ccccc2N=Cc2cccs2)cc1)c1cccs1
qmof-74b1a87,DIHFAD_FSR,bandgap_1.5_to_2.0eV,5,Mn,
qmof-f1ec197,UNEQOU_FSR,bandgap_1.5_to_2.0eV,2,Mn,
qmof-d04a2a3,KIQLAX_FSR,bandgap_1.5_to_2.0eV,1,Mo,c1cncnc1
qmof-2aec50f,KIHVAB_FSR,bandgap_1.5_to_2.0eV,4,Mn,c1cc[nH+]cc1
qmof-6219623,KIVZAR_FSR,bandgap_1.5_to_2.0eV,4,Cu,c1cnccn1
qmof-0be87d2,IXITIS_FSR,bandgap_1.5_to_2.0eV,5,Cu,C1Cc2nnc3c4c(nnc(c24)C1)CCC3
qmof-0abe557,RAPDER_FSR,bandgap_1.5_to_2.0eV,3,Fe,c1cnc(-c2ncccn2)nc1
qmof-41c3d42,COKNOH_FSR,bandgap_1.5_to_2.0eV,1,Fe,c1ccccc1
qmof-9544bd5,BUKHUM_FSR,bandgap_1.5_to_2.0eV,4,Cu,c1ccccc1.c1cnccn1
qmof-00da3cc,RETXIY_FSR,bandgap_1.5_to_2.0eV,2,Cu,c1ccc(-c2cc(-c3cccnc3)cc(-c3ccccn3)n2)nc1
qmof-f6a044d,QETFEA_FSR,bandgap_1.5_to_2.0eV,3,Co,c1cnc(-c2ncccn2)nc1
qmof-7aa6be5,QEJZUB01_FSR,bandgap_1.5_to_2.0eV,5,Cu,c1nnc[nH]1
qmof-3f56361,QIBZAD_FSR,bandgap_1.5_to_2.0eV,1,Mn,
qmof-f0a4dcc,QIFVOT_FSR,bandgap_1.5_to_2.0eV,2,Cu,
qmof-fea9e70,BOQTEH_FSR,bandgap_1.5_to_2.0eV,1,Ag,c1ccc2nc3ccccc3nc2c1
qmof-e3bbf40,QIXYAY_FSR,bandgap_1.5_to_2.0eV,3,Cu,
qmof-623366c,DAMXAT_FSR,bandgap_1.5_to_2.0eV,4,Cu,[CH]1N=C[N]c2ccccc21
qmof-3f54b7d,DAMXEX_FSR,bandgap_1.5_to_2.0eV,5,Cu,
qmof-6fe7cc9,KALMOZ_FSR,bandgap_1.5_to_2.0eV,5,Cu,
qmof-1f7d6ac,KALNIU_FSR,bandgap_1.5_to_2.0eV,3,Cu,
qmof-2482286,GIWTEL01_FSR,bandgap_1.5_to_2.0eV,3,Mn,O=C1C(=O)C(=O)C1=O
qmof-65e8107,GOXSIV_FSR,bandgap_1.5_to_2.0eV,1,Mn,C(=Cc1ccncc1)c1ccncc1
qmof-f5b47bc,KOFWOT_FSR,bandgap_1.5_to_2.0eV,4,Mn,c1ccc2[nH]cnc2c1.c1ccc2[nH]cnc2c1
qmof-5e0e2eb,DINQUM_FSR,bandgap_1.5_to_2.0eV,3,Cu,c1cnccn1
qmof-a78e151,DINTID_FSR,bandgap_1.5_to_2.0eV,4,Cu,c1cnccn1
qmof-9e620c1,PIHJOH03_FSR,bandgap_1.5_to_2.0eV,4,Mn,c1ccc(-c2ccncc2)cc1
qmof-8137b0f,UQUYOW_FSR,bandgap_1.5_to_2.0eV,2,Cu,O=C1[CH]C(=O)C(=O)[CH]C1=O
qmof-d45d958,BIYWOY_FSR,bandgap_1.5_to_2.0eV,1,Cu,
qmof-6104fb7,GAXNEA_FSR,bandgap_1.5_to_2.0eV,5,Fe,O=C1[N]NC(=O)c2ccccc21
qmof-0331d6b,XENBUN_FSR,bandgap_1.5_to_2.0eV,3,Ru,c1ccc2nc3ccccc3nc2c1
qmof-cd498a4,GAJBEB_FSR,bandgap_1.5_to_2.0eV,2,Cu,
qmof-ed02e1b,DOHGAK_FSR,bandgap_1.5_to_2.0eV,1,Cd,[CH]1C=C(c2ccncc2)C=CN1CCN1[CH]C=C(c2ccncc2)C=C1
qmof-b56b577,GEQBAH_FSR,bandgap_1.5_to_2.0eV,4,Gd,O=C1[CH]C(=O)C(=O)[CH]C1=O
qmof-ca905a4,HAVSAB_FSR,bandgap_1.5_to_2.0eV,3,Cu,
qmof-0ec6421,ISADAH_FSR,bandgap_1.5_to_2.0eV,5,V,
qmof-bf18e45,IVAQEC_FSR,bandgap_1.5_to_2.0eV,5,Cu,[CH]1C=CN[C]2S[C]34S[C]5N=CC=C[N]5[Cu]3([N]12)[N]1C=CC=N[C]1S4
qmof-0514159,HADMIJ_FSR,bandgap_1.5_to_2.0eV,2,Cu,c1cc(-c2ccncc2)ccn1
qmof-ba7c077,IWIVIV02_FSR,bandgap_1.5_to_2.0eV,2,Cu,C1=NN=C[N]1
qmof-8ce3f11,DOCJEL_FSR,bandgap_1.5_to_2.0eV,4,Cs,O=C1C=C[NH+]C=C1
qmof-03f7272,BIWRUX_FSR,bandgap_1.5_to_2.0eV,1,Cu,C(#Cc1cc(C#Cc2ccncc2)cc(C#Cc2ccncc2)c1)c1ccncc1
qmof-70b42ce,BIWSAE_FSR,bandgap_1.5_to_2.0eV,4,Cu,
qmof-300be09,BIYLAY_FSR,bandgap_1.5_to_2.0eV,1,Cu,c1cnc(SSc2ncccn2)nc1
qmof-22c0271,BIYLEC_FSR,bandgap_1.5_to_2.0eV,3,Cu,c1cnc(SSc2ncccn2)nc1
qmof-dbb129d,GAGJIK_FSR,bandgap_1.5_to_2.0eV,5,Cu,
qmof-f46187c,LABJEF_FSR,bandgap_1.5_to_2.0eV,5,Cu,c1cc(-c2cc(-c3ccncc3)c(-c3ccncc3)cc2-c2ccncc2)ccn1
qmof-9806c75,LABJOP_FSR,bandgap_1.5_to_2.0eV,1,Cu,c1cc(-c2cc(-c3ccncc3)c(-c3ccncc3)cc2-c2ccncc2)ccn1
qmof-5d90805,XEHYEP_FSR,bandgap_1.5_to_2.0eV,2,V,c1cnccn1
qmof-9be438c,GABHUN_FSR,bandgap_1.5_to_2.0eV,5,Cu,c1cnccn1
qmof-9b8ff46,PARTEI_FSR,bandgap_1.5_to_2.0eV,3,Mn,c1ccccc1
qmof-566c8f2,BIPKUH_FSR,bandgap_1.5_to_2.0eV,1,Cu,
qmof-5f11e5e,BIRFIU_FSR,bandgap_1.5_to_2.0eV,3,Cu,c1cnc2c(n1)CCCC2
qmof-684e478,LASTAC_FSR,bandgap_1.5_to_2.0eV,5,Cu,c1ccc(-c2nnc(-c3ccccn3)o2)nc1
qmof-536a1f0,LAWLEC_FSR,bandgap_1.5_to_2.0eV,1,Zn,C1=CSCCS1.c1cc(-c2ccncc2)ccn1
qmof-583b75f,XECWIN_FSR,bandgap_1.5_to_2.0eV,4,Mn,O=C1c2ccccc2C(=O)c2ccccc21
qmof-282f987,XEHYAL_FSR,bandgap_1.5_to_2.0eV,1,V,c1cnccn1
qmof-27a6787,BIJYOK_FSR,bandgap_1.5_to_2.0eV,2,Cu,
qmof-39a2f45,PALYAD_FSR,bandgap_1.5_to_2.0eV,5,Mn,C(=Cc1ccncc1)c1ccncc1
qmof-c53a076,ROVWIK_FSR,bandgap_1.5_to_2.0eV,2,Cu,[CH]1C=C(c2ccncc2)C=CN1CCCCN1[CH]C=C(c2ccncc2)C=C1
qmof-9433b10,ROPWEA_FSR,bandgap_1.5_to_2.0eV,4,Mo,
qmof-60b8e98,CIJREU_FSR,bandgap_1.5_to_2.0eV,2,Mn,
qmof-733e678,SACJUD_FSR,bandgap_1.5_to_2.0eV,3,Mn,
qmof-33892a7,RITMIR_FSR,bandgap_1.5_to_2.0eV,1,Fe,c1cnccn1
qmof-58ccd6f,OKERIG_FSR,bandgap_1.5_to_2.0eV,4,Ni,
qmof-99ad091,XAKCOB_FSR,bandgap_1.5_to_2.0eV,3,Ag,C1=C[C]2C=CC=C2C=C1.[CH]1C=CC=C2C=CC=C12.[CH]1C=c2ccccc2=C1
qmof-7980106,XAKGIB_FSR,bandgap_1.5_to_2.0eV,4,Mn,c1ccc(-c2ccccc2)cc1.c1cn(CCCCn2ccnc2)cn1
qmof-80d488f,LEXREN_FSR,bandgap_1.5_to_2.0eV,5,Cu,
qmof-2aa8eb1,LICXAX_FSR,bandgap_1.5_to_2.0eV,2,Co,
qmof-d6cf7a2,BIGWIY_FSR,bandgap_1.5_to_2.0eV,3,Cr,
qmof-df9cac4,XEBMUM_FSR,bandgap_1.5_to_2.0eV,2,Cu,c1cnccn1
qmof-15fac80,LEHNEU_FSR,bandgap_1.5_to_2.0eV,2,Cu,c1cc(-c2nnc(-c3ccncc3)[nH]2)ccn1
qmof-27bbb6a,LETDIY_FSR,bandgap_1.5_to_2.0eV,1,Cu,c1nnc[nH]1
qmof-828f8b4,LELMOG_FSR,bandgap_1.5_to_2.0eV,1,Cd,C1=CSC(=C2SC=CS2)S1
qmof-01f1640,OLOFIF_FSR,bandgap_1.5_to_2.0eV,2,Co,[CH]1C=C(c2ccccc2)C=CN1
qmof-4b552f4,UYOXOW_FSR,bandgap_1.5_to_2.0eV,2,Nd,c1ccccc1
qmof-c1381a2,LIWCEB_FSR,bandgap_1.5_to_2.0eV,2,Rh,c1ccc2nc3ccccc3nc2c1
qmof-a5e17b9,LOJLAZ_FSR,bandgap_1.5_to_2.0eV,4,Au,c1cc(-c2nnc(-c3ccncc3)nn2)ccn1
qmof-d40bf2f,FISPIJ_FSR,bandgap_1.5_to_2.0eV,1,Cu,
qmof-f5a08c4,FISPOP_FSR,bandgap_1.5_to_2.0eV,1,Cu,
qmof-62678da,WUTGOJ01_FSR,bandgap_1.5_to_2.0eV,1,Cu,
qmof-429c0de,ONARIF_FSR,bandgap_1.5_to_2.0eV,1,Ag,
qmof-afe2748,OMEZUC_FSR,bandgap_1.5_to_2.0eV,3,Cu,
qmof-8539847,ONOVAP_FSR,bandgap_1.5_to_2.0eV,4,Mn,c1cncnc1
qmof-db2fd16,DUYPEU_FSR,bandgap_1.5_to_2.0eV,1,Cu,
qmof-bd3e848,VEVGUY01_FSR,bandgap_1.5_to_2.0eV,2,Cu,c1ccc2nccnc2c1
qmof-88ef49a,ECUTAX_FSR,bandgap_1.5_to_2.0eV,1,Cu,C(#Cc1cccnc1)c1cccnc1
qmof-8ebb5d3,VEGZAJ_FSR,bandgap_1.5_to_2.0eV,5,Organic_Only,
qmof-832230f,ECOJIP_FSR,bandgap_1.5_to_2.0eV,4,Mn,c1ccncc1
qmof-f2b7fe9,CEPFOS_FSR,bandgap_1.5_to_2.0eV,4,Cu,c1cc(-c2ccncn2)ncn1
qmof-e8bc912,HAYLEB_FSR,bandgap_1.5_to_2.0eV,4,Co,C(=Nc1cccc2c(N=Cc3ccncc3)cccc12)c1ccncc1
qmof-f6519c0,HAWCIT_FSR,bandgap_1.5_to_2.0eV,4,Mo,c1ccncc1
qmof-e5a036c,HAWTOQ_FSR,bandgap_1.5_to_2.0eV,5,Cu,S=c1nccc[nH]1
qmof-d587b67,HAWWIO01_FSR,bandgap_1.5_to_2.0eV,4,Cu,c1cnccn1
qmof-90c2d5e,HAXNEB_FSR,bandgap_1.5_to_2.0eV,2,Cu,C(=NN=Cc1ccccc1)c1ccccc1
qmof-21a886a,TIZCIR_FSR,bandgap_1.5_to_2.0eV,2,Cu,c1ccccc1
qmof-6b5adb3,LICXEB_FSR,bandgap_1.5_to_2.0eV,5,Ni,c1coc(C2=NSS[N]2)c1
qmof-686888c,LIGGOA_FSR,bandgap_1.5_to_2.0eV,4,Cu,O=C(c1cccc(C(=O)n2nnc3ccccc32)c1)n1nnc2ccccc21
qmof-1c8cb7c,ODOFIW_FSR,bandgap_1.5_to_2.0eV,1,Cu,c1cnccn1
qmof-9d86f1e,ODOFOC_FSR,bandgap_1.5_to_2.0eV,4,Cu,
qmof-cbf7bfe,EDEDEZ_FSR,bandgap_1.5_to_2.0eV,2,Cu,C1=C[N]N=C1.[CH]1C=CN=N1.[CH]1C=NN=C1
qmof-61d14dd,EDEDID_FSR,bandgap_1.5_to_2.0eV,4,Cu,C1=C[N]N=C1.[CH]1C=CN=N1.[CH]1C=NN=C1
qmof-cf1fc30,EDEDOJ_FSR,bandgap_1.5_to_2.0eV,3,Cu,C1=C[N]N=C1.[CH]1C=CN=N1.[CH]1C=NN=C1
qmof-caea536,OCIXON01_FSR,bandgap_1.5_to_2.0eV,1,Mo,c1cnccn1
qmof-6d36b89,ODOFES_FSR,bandgap_1.5_to_2.0eV,1,Cu,c1cnccn1
qmof-a883af6,OCECOR_FSR,bandgap_1.5_to_2.0eV,4,Cu,
qmof-8437032,VIFDIZ_FSR,bandgap_1.5_to_2.0eV,3,Mn,
qmof-8208646,BEQDAF_FSR,bandgap_1.5_to_2.0eV,5,Cu,C1CCNCC1
qmof-41e2d68,LOVTOF_FSR,bandgap_1.5_to_2.0eV,5,Cu,c1cncnc1
qmof-4716b44,LOTROB_FSR,bandgap_1.5_to_2.0eV,2,Cu,
qmof-de034a9,LUNRET_FSR,bandgap_1.5_to_2.0eV,1,Co,c1cnc(-c2ncccn2)nc1
qmof-0d43f7f,AKAYER_FSR,bandgap_1.5_to_2.0eV,1,Cu,O=C(Oc1cc(OC(=O)c2ccncc2)cc(OC(=O)c2ccncc2)c1)c1ccncc1
qmof-39f4852,SAWTUF_FSR,bandgap_1.5_to_2.0eV,1,Cu,
qmof-50b0e76,SAWVIV_FSR,bandgap_1.5_to_2.0eV,5,Cu,
qmof-03814d4,SAZTIX02_FSR,bandgap_1.5_to_2.0eV,5,Cu,c1cc(-c2ccncc2)ccn1
qmof-aea2084,CEZBEQ_FSR,bandgap_1.5_to_2.0eV,3,Cu,O=C(Oc1ccc(OC(=O)c2ccncc2)cc1)c1ccncc1
qmof-15d1cfa,CETMEW_FSR,bandgap_1.5_to_2.0eV,4,Cu,
qmof-e5e66c6,CEWFAN_FSR,bandgap_1.5_to_2.0eV,3,Cu,c1cn(-c2ccc([N][N]c3ccc(-n4ccnc4)cc3)cc2)cn1
qmof-5ff6ae2,QOLFIH_FSR,bandgap_1.5_to_2.0eV,2,Fe,c1ccc2ccccc2c1
qmof-d33d1b0,DACQEG_FSR,bandgap_1.5_to_2.0eV,4,Cu,S=C1NCCN1C1=NCCN1
qmof-97a7eaf,QORBAA_FSR,bandgap_1.5_to_2.0eV,5,Cu,c1ccc2nsnc2c1
qmof-beb45ec,DABXOW_FSR,bandgap_1.5_to_2.0eV,5,Zn,c1ccccc1
qmof-8637eeb,UDILUQ_FSR,bandgap_1.5_to_2.0eV,1,Mn,c1ccccc1
qmof-6884d48,JOCNUN_FSR,bandgap_1.5_to_2.0eV,4,Mn,[CH]1N=C[N]N1Cc1ccc(Cn2cncn2)cc1.c1ccccc1
qmof-2fb3ec3,GOSFUP_FSR,bandgap_1.5_to_2.0eV,4,Cu,
qmof-f5242a4,GOSGEA_FSR,bandgap_1.5_to_2.0eV,5,Cu,c1ccc(-c2nccnc2-c2ccccn2)nc1
qmof-544348b,XOSZAG_FSR,bandgap_1.5_to_2.0eV,5,Cu,c1cc(-c2ccncc2)ccn1
qmof-5eabff0,APOMID_FSR,bandgap_1.5_to_2.0eV,2,Cu,c1ccncc1
qmof-9a9e64a,APONAW_FSR,bandgap_1.5_to_2.0eV,3,Cu,c1ccncc1
qmof-c4b76e9,APONIE_FSR,bandgap_1.5_to_2.0eV,2,Cu,c1ccncc1
qmof-d197604,KABTEO_FSR,bandgap_1.5_to_2.0eV,5,Cu,
qmof-1461a66,RAXPAJ_FSR,bandgap_1.5_to_2.0eV,1,Cu,
qmof-b4cdf8e,EMAYUM_FSR,bandgap_1.5_to_2.0eV,2,Ag,
qmof-5b60b2b,VOBRAH_FSR,bandgap_1.5_to_2.0eV,1,Cu,
qmof-c6652e8,EMAFUU_FSR,bandgap_1.5_to_2.0eV,2,Mo,c1cn(-c2ccc(-n3ccnc3)cc2)cn1
qmof-579321e,NOPQIU_FSR,bandgap_1.5_to_2.0eV,3,Cu,c1ccc(C2=NSc3ccccc3N2)nc1
qmof-497c336,NUHQEN_FSR,bandgap_1.5_to_2.0eV,3,Cu,c1ccc2nccnc2c1
qmof-c8fe486,MAPMOH_FSR,bandgap_1.5_to_2.0eV,3,Cu,
qmof-28454c2,MARHOC_FSR,bandgap_1.5_to_2.0eV,1,Cu,
qmof-78cdf5d,MATGAQ_FSR,bandgap_1.5_to_2.0eV,5,Mn,c1ccccc1
qmof-b8b1d35,FEPPAU_FSR,bandgap_1.5_to_2.0eV,3,Cu,
qmof-e6b3552,MARFUH_FSR,bandgap_1.5_to_2.0eV,2,Cu,
qmof-939017e,WOHYOH_FSR,bandgap_1.5_to_2.0eV,2,Mn,c1ccncc1
qmof-0b4817e,NIDRAW_FSR,bandgap_1.5_to_2.0eV,3,Cu,[CH]1C=C(C2=NN=N[N]2)C=CN1
qmof-268888c,LONVIV_FSR,bandgap_1.5_to_2.0eV,4,Mn,c1c2c(cc3c1=NN=N3)=NN=N2
qmof-50d7874,EKALIL_FSR,bandgap_1.5_to_2.0eV,4,Cu,
qmof-d3530bc,MIHKUL_FSR,bandgap_1.5_to_2.0eV,3,Cu,O=C(NCCCCNC(=O)c1cccnc1)c1cccnc1
qmof-253ef86,VORTON_FSR,bandgap_1.5_to_2.0eV,5,Cu,
qmof-93da51e,NIGNUP_FSR,bandgap_1.5_to_2.0eV,5,Er,O=C1[CH]C(=O)C(=O)[CH]C1=O
qmof-c885572,ERIVEI_FSR,bandgap_1.5_to_2.0eV,5,Mn,
qmof-1f3610c,ESEHEP_FSR,bandgap_1.5_to_2.0eV,4,Mn,
qmof-a2745e9,ESIQUS_FSR,bandgap_1.5_to_2.0eV,4,Mn,
qmof-4cdc080,VUWDUN_FSR,bandgap_1.5_to_2.0eV,4,Mn,
qmof-f77560d,NIGJES_FSR,bandgap_1.5_to_2.0eV,5,Cu,c1cc2ccc1CSCc1ccc(cc1)CSC2
qmof-ad11f37,MEQUNI01_FSR,bandgap_1.5_to_2.0eV,3,Ni,
qmof-4ee5c8e,FEJKAI_FSR,bandgap_1.5_to_2.0eV,3,Hg,
qmof-1547f0e,AZIWEM_FSR,bandgap_1.5_to_2.0eV,3,Cu,[CH]([N][N][CH]c1ccncc1)c1ccncc1
qmof-8a1e648,ETUZEY_FSR,bandgap_1.5_to_2.0eV,3,Mn,c1ccncc1
qmof-7d579e0,WURNIG_FSR,bandgap_1.5_to_2.0eV,3,Cu,
qmof-7d8ce0e,WURNOM_FSR,bandgap_1.5_to_2.0eV,2,Cu,
qmof-7ceb9a5,WEMDAU_FSR,bandgap_1.5_to_2.0eV,3,Cu,c1cc(-c2cncnc2)ccn1
qmof-52cac05,AZOSAJ_FSR,bandgap_1.5_to_2.0eV,4,Mo,
qmof-e534471,MIZYAV_FSR,bandgap_1.5_to_2.0eV,4,La,O=C1[CH]C(=O)C(=O)[CH]C1=O
qmof-272dfc1,FAQSIA_FSR,bandgap_1.5_to_2.0eV,5,Cu,
qmof-1de625c,NECDUV_FSR,bandgap_1.5_to_2.0eV,4,Mo,C(=Cc1ccsc1)c1ccsc1
qmof-e2b0729,BAXPOG_FSR,bandgap_1.5_to_2.0eV,5,Hg,
qmof-2499b88,WEGFEW_FSR,bandgap_1.5_to_2.0eV,4,Cu,
qmof-8c21d01,WEHVIP01_FSR,bandgap_1.5_to_2.0eV,1,Cu,C(=Cc1ccncc1)c1ccncc1
qmof-ad7387b,MUQVOL01_FSR,bandgap_1.5_to_2.0eV,1,Li,O=C1c2ccccc2C(=O)c2ccccc21
qmof-6fcc83e,MUQWAY01_FSR,bandgap_1.5_to_2.0eV,4,Li,O=C1c2ccccc2C(=O)c2ccccc21
qmof-7953340,MUQWIG_FSR,bandgap_1.5_to_2.0eV,2,Li,O=C1c2ccccc2C(=O)c2ccccc21
qmof-f6ecddf,NARVIM_FSR,bandgap_1.5_to_2.0eV,3,Cu,
qmof-4619124,NALLAP_FSR,bandgap_1.5_to_2.0eV,5,Cu,
qmof-8d09e55,WEJNEF_FSR,bandgap_1.5_to_2.0eV,1,Cu,
qmof-df79c2c,NATYUF_FSR,bandgap_1.5_to_2.0eV,5,Mn,
qmof-94eb142,SITGEK_FSR,bandgap_1.5_to_2.0eV,3,Cu,
qmof-11b275c,HESKIZ_FSR,bandgap_1.5_to_2.0eV,5,Cu,O=C1[CH]C(=O)C(=O)[CH]C1=O
qmof-350f7da,IMUQEN_FSR,bandgap_1.5_to_2.0eV,2,Ni,c1cc(-c2ccncc2)ccn1
qmof-fdbdc7f,MIRNOR01_FSR,bandgap_1.5_to_2.0eV,3,Cu,c1cc(-c2ccncc2)ccn1
qmof-996e2da,FARJEO_FSR,bandgap_1.5_to_2.0eV,3,Mn,c1cc(-c2cc[nH+]cc2)cc[nH+]1
qmof-a36f9a4,FABYAK_FSR,bandgap_1.5_to_2.0eV,4,Cu,
qmof-ba8315e,MUPKIS_FSR,bandgap_1.5_to_2.0eV,2,Cu,c1cc(-c2nnc(-c3ccncc3)[nH]2)ccn1
qmof-050f6a7,MUHQAH_FSR,bandgap_1.5_to_2.0eV,2,Cu,c1cnccn1
qmof-094542b,MUQWUS_FSR,bandgap_1.5_to_2.0eV,4,Li,O=C1c2ccccc2C(=O)c2ccccc21
qmof-73c479b,RARTOV_FSR,bandgap_1.5_to_2.0eV,3,Cu,
qmof-ee4a4ac,UCAXAY_FSR,bandgap_1.5_to_2.0eV,1,Mn,c1cc(-c2cc[nH+]cc2)cc[nH+]1
qmof-2f8d683,BOYWES_FSR,bandgap_1.5_to_2.0eV,3,Mn,
qmof-81462ef,CUTCEB_FSR,bandgap_1.5_to_2.0eV,4,Mn,c1ccccc1
qmof-2eac6d3,CUSFAZ_FSR,bandgap_1.5_to_2.0eV,1,Cu,c1cnccn1
qmof-866f4f7,JENRUQ_FSR,bandgap_1.5_to_2.0eV,1,Mn,
qmof-af4c0b7,JIQHEW_FSR,bandgap_1.5_to_2.0eV,1,Ag,
qmof-fa87b9a,IBIVOF_FSR,bandgap_1.5_to_2.0eV,5,Cd,O=C1C(=O)C(=O)C(=O)C(=O)C1=O.c1cnc(-c2ncccn2)nc1
qmof-d84e3da,HOQFAU01_FSR,bandgap_1.5_to_2.0eV,5,Ag,c1cnccn1
qmof-5d28c85,HORWAM_FSR,bandgap_1.5_to_2.0eV,2,Cu,
qmof-d55dcc4,HORWEQ_FSR,bandgap_1.5_to_2.0eV,3,Cu,[CH]1N=CN=CN1
qmof-dcabab2,AFEDAR_FSR,bandgap_1.5_to_2.0eV,3,Er,c1ccccc1
qmof-6092a23,HUJJEB_FSR,bandgap_1.5_to_2.0eV,2,Cu,c1cc2cncc3ccc4cncc1c4c23
qmof-1ac2507,TEBJUI_FSR,bandgap_2.0_to_2.5eV,3,K,
qmof-bcdc0ff,TEBDIQ_FSR,bandgap_2.0_to_2.5eV,1,Zn,O=C1[CH]C(=O)C(=O)[CH]C1=O.c1cn(Cc2ccc(Cn3ccnc3)cc2)cn1
qmof-add8947,TEBCOV_FSR,bandgap_2.0_to_2.5eV,4,Cd,O=C1[CH]C(=O)C(=O)[CH]C1=O
qmof-1fe9d39,TAZTOG_FSR,bandgap_2.0_to_2.5eV,1,Cd,O=C1C=CC(=O)C=C1
qmof-330a403,CASQEU_FSR,bandgap_2.0_to_2.5eV,4,Co,c1cc(-c2nnc(-c3ccncc3)s2)ccn1.c1ccc(Cc2ccccc2)cc1
qmof-fe7db0d,CAQMIS_FSR,bandgap_2.0_to_2.5eV,1,Cu,
qmof-529911c,CAPQIU_FSR,bandgap_2.0_to_2.5eV,3,Cu,[CH]1C=CC=CN1
qmof-75b0794,TADBAD_FSR,bandgap_2.0_to_2.5eV,5,Au,
qmof-d8f54c1,TACZUU_FSR,bandgap_2.0_to_2.5eV,4,Au,
qmof-ed94e56,HIHFAH_FSR,bandgap_2.0_to_2.5eV,3,Ni,[CH]1C=CN=C1[C](C1=CC=C[N]1)c1ccncc1.[CH]1C=NC([C](C2=CC=C[N]2)c2ccncc2)=C1
qmof-85d5909,IBOPOH_FSR,bandgap_2.0_to_2.5eV,4,Cd,C(C=Cc1ccncc1)=Cc1ccncc1.c1ccccc1
qmof-1000751,IBOBOQ_FSR,bandgap_2.0_to_2.5eV,4,Cu,
qmof-459525d,HUZRIE_FSR,bandgap_2.0_to_2.5eV,5,Zn,C(=Cc1ccncc1)c1ccncc1
qmof-beeff21,HUMPOV_FSR,bandgap_2.0_to_2.5eV,1,Na,O=C1[CH]C(=O)C(=O)[CH]C1=O
qmof-834dbd5,HUTWUP02_FSR,bandgap_2.0_to_2.5eV,5,Cu,c1cnccn1
qmof-c946ba5,HUJHUP01_FSR,bandgap_2.0_to_2.5eV,5,Cu,c1cncnc1
qmof-4ee0d95,TEBZAB01_FSR,bandgap_2.0_to_2.5eV,5,Co,c1cnccn1
qmof-0054a8a,BAKPOS_FSR,bandgap_2.0_to_2.5eV,2,Hg,
qmof-379302a,BAHZAO_FSR,bandgap_2.0_to_2.5eV,1,Na,c1ccccc1
qmof-a4aabcf,WILPEN_FSR,bandgap_2.0_to_2.5eV,1,Pb,
qmof-c69c808,FAHPIO_FSR,bandgap_2.0_to_2.5eV,4,Cd,O=C1[CH]C(=O)C(=O)[CH]C1=O
qmof-a157e00,FANNAM_FSR,bandgap_2.0_to_2.5eV,5,Zn,c1cc(-c2ccncc2)ccn1.c1ccc(-c2ccccc2)cc1
qmof-d6563eb,MOJLII01_FSR,bandgap_2.0_to_2.5eV,5,Cu,c1ccccc1
qmof-8af2c4b,WILFON_FSR,bandgap_2.0_to_2.5eV,4,Ag,c1nncc2cnncc12
qmof-73c6324,BADXUZ01_FSR,bandgap_2.0_to_2.5eV,4,Cu,
qmof-f2f6110,WISZIH_FSR,bandgap_2.0_to_2.5eV,2,Cu,
qmof-1a7f459,FAQHEM_FSR,bandgap_2.0_to_2.5eV,1,Co,
qmof-1a42fad,MIZZEA_FSR,bandgap_2.0_to_2.5eV,4,Y,O=C1[CH]C(=O)C(=O)[CH]C1=O
qmof-0c75beb,WIMSIV_FSR,bandgap_2.0_to_2.5eV,2,Mn,c1cn(Cn2ccnc2)cn1
qmof-b1d5255,WIWTUU_FSR,bandgap_2.0_to_2.5eV,1,Ag,C1=CN=C[N]1
qmof-0fe7196,WIWQAW_FSR,bandgap_2.0_to_2.5eV,5,Mo,
qmof-360dd73,WOGHEG_FSR,bandgap_2.0_to_2.5eV,4,Zn,c1cc(-c2nnc(-c3ccncc3)nn2)ccn1.c1ccccc1
qmof-b71cc86,MUPMEQ01_FSR,bandgap_2.0_to_2.5eV,5,Cu,c1cncc(-c2nnc(-c3cccnc3)[nH]2)c1
qmof-e6be400,MUSHAJ_FSR,bandgap_2.0_to_2.5eV,3,Cu,c1cnc2ccc3ncccc3c2c1
qmof-9466437,MUSGIQ_FSR,bandgap_2.0_to_2.5eV,4,Cu,
qmof-c906ab4,MUSGEM_FSR,bandgap_2.0_to_2.5eV,3,Cu,
qmof-9f0b3fe,MUHQEL_FSR,bandgap_2.0_to_2.5eV,3,Cu,c1cnccn1
qmof-4d203e9,MUPKUE_FSR,bandgap_2.0_to_2.5eV,3,Cu,c1cc(-c2nnc(-c3ccncc3)[nH]2)ccn1
qmof-d44e9a3,MUPKOY_FSR,bandgap_2.0_to_2.5eV,1,Cu,c1cc(-c2nnc(-c3ccncc3)[nH]2)ccn1
qmof-dcbefe5,FABHEX_FSR,bandgap_2.0_to_2.5eV,3,Mn,
qmof-86555b1,WOFMAI_FSR,bandgap_2.0_to_2.5eV,2,Cu,
qmof-b420251,MIRRUB_FSR,bandgap_2.0_to_2.5eV,1,Mn,
qmof-bb7bee0,FARXOM_FSR,bandgap_2.0_to_2.5eV,2,Ni,
qmof-651fdeb,FARXEC_FSR,bandgap_2.0_to_2.5eV,1,Ni,
qmof-8ca501e,MIWNIR_FSR,bandgap_2.0_to_2.5eV,1,Pr,
qmof-0a8fd51,MIVNUC_FSR,bandgap_2.0_to_2.5eV,4,Mo,
qmof-1e13a77,FAQVEY_FSR,bandgap_2.0_to_2.5eV,2,Hg,
qmof-0771f58,FAYDAN_FSR,bandgap_2.0_to_2.5eV,2,Zn,c1cc(-c2ccncc2)ccn1.c1ccc(N(c2ccccc2)c2ccccc2)cc1
qmof-66dc50d,MIJLEX_FSR,bandgap_2.0_to_2.5eV,2,Cu,c1cnccn1
qmof-0af7444,MEYLUZ_FSR,bandgap_2.0_to_2.5eV,1,Cu,
qmof-3dab219,NAZTEQ_FSR,bandgap_2.0_to_2.5eV,1,Cu,C(=Cc1ccncc1)c1ccncc1
qmof-f6b20e5,NARBEO_FSR,bandgap_2.0_to_2.5eV,3,Ni,
qmof-8ecac40,NAYJAY_FSR,bandgap_2.0_to_2.5eV,2,Co,
qmof-e7b6156,BAVKIS_FSR,bandgap_2.0_to_2.5eV,1,Hg,
qmof-e6d34bf,WAYQOF_FSR,bandgap_2.0_to_2.5eV,2,Fe,C(=Cc1ccncc1)c1ccncc1
qmof-371cbb6,NACKEH_FSR,bandgap_2.0_to_2.5eV,2,Cu,O=C1[CH]C(=O)C(=O)[CH]C1=O
qmof-a27f33e,VUTLAY_FSR,bandgap_2.0_to_2.5eV,5,V,c1cn(CCCCn2ccnc2)cn1
qmof-f312b31,WAHMOJ_FSR,bandgap_2.0_to_2.5eV,3,Mo,[CH]1N=C[N]N1CCCn1cncn1
qmof-ea963b6,NEDHIN_FSR,bandgap_2.0_to_2.5eV,3,Cu,
qmof-f93c790,ETIREG_FSR,bandgap_2.0_to_2.5eV,1,Ag,c1ccccc1
qmof-e2ef78a,ETEVEG_FSR,bandgap_2.0_to_2.5eV,3,Cu,
qmof-f754d4b,NEHZEF_FSR,bandgap_2.0_to_2.5eV,5,Mn,O=C1[CH]C(=O)C(=O)[CH]C1=O.c1cnc(-c2ncccn2)nc1
qmof-56f4308,NEGKIW_FSR,bandgap_2.0_to_2.5eV,3,Zn,
qmof-bfbbb54,NEFMET_FSR,bandgap_2.0_to_2.5eV,5,K,O=C1[C](c2ccccc2)C(=O)C(=O)[C](c2ccccc2)C1=O
qmof-27fd119,NAWSEM_FSR,bandgap_2.0_to_2.5eV,5,Mo,
qmof-306fb3e,NAZWET_FSR,bandgap_2.0_to_2.5eV,1,Zn,c1cc([N][N]c2ccncc2)ccn1.c1ccccc1
qmof-04459f0,AZIROQ_FSR,bandgap_2.0_to_2.5eV,3,Zn,c1cc(-c2ccncc2)ccn1.c1ccccc1
qmof-ce36f66,AYOXOD_FSR,bandgap_2.0_to_2.5eV,3,Co,C(=Cc1ccncc1)c1ccncc1
qmof-4a50fa6,WOPXAA01_FSR,bandgap_2.0_to_2.5eV,4,Mo,c1cnccn1
qmof-322e926,WOLLUF_FSR,bandgap_2.0_to_2.5eV,3,Cu,c1cc(-c2ccc(-c3ccnnc3)cc2)cnn1
qmof-49b3901,MEJCEJ_FSR,bandgap_2.0_to_2.5eV,3,Rh,c1ccccc1
qmof-edd39e3,FELFUA_FSR,bandgap_2.0_to_2.5eV,2,Cu,
qmof-82f6d0d,FEKDAA_FSR,bandgap_2.0_to_2.5eV,2,Ag,C1=CSC(=C2SC=CS2)S1
qmof-9d46947,FEJYAV_FSR,bandgap_2.0_to_2.5eV,3,Mn,c1c[nH+]cc[nH+]1
qmof-aabf74a,FEJXUO_FSR,bandgap_2.0_to_2.5eV,3,Mn,c1c[nH+]cc[nH+]1
qmof-46eeb9f,MAYNOQ_FSR,bandgap_2.0_to_2.5eV,5,Bi,
qmof-c4a4198,VOQVOO_FSR,bandgap_2.0_to_2.5eV,5,Zn,c1ccccc1
qmof-8ef372e,VUTLEC_FSR,bandgap_2.0_to_2.5eV,3,V,c1cn(CCCCn2ccnc2)cn1
qmof-b2b6f0e,NENRIK_FSR,bandgap_2.0_to_2.5eV,1,Zn,c1ccc([N][N]c2cccc3ncccc23)cc1
qmof-3ca5d72,NESDIY_FSR,bandgap_2.0_to_2.5eV,4,Ag,S=c1sc2c(s1)SCCS2
qmof-a57163a,ERAQET_FSR,bandgap_2.0_to_2.5eV,4,Cu,
qmof-d314647,NEJYAE_FSR,bandgap_2.0_to_2.5eV,1,Mn,
qmof-67b33e8,ESINUR_FSR,bandgap_2.0_to_2.5eV,4,Fe,
qmof-74ea819,ESATEY_FSR,bandgap_2.0_to_2.5eV,4,Zn,c1cc([N][N]c2ccncc2)ccn1.c1ccc2ccccc2c1
qmof-68ec4be,NEFLUI_FSR,bandgap_2.0_to_2.5eV,3,Cs,O=C1[C](c2ccccc2)C(=O)C(=O)[C](c2ccccc2)C1=O
qmof-7337787,NEFJOA_FSR,bandgap_2.0_to_2.5eV,2,K,O=C1[CH]C(=O)C(=O)[CH]C1=O
qmof-58c4b5f,ENUQEK_FSR,bandgap_2.0_to_2.5eV,2,Zn,c1cc2cccc3c4cccc5cccc(c(c1)c23)c54
qmof-e297624,VOPBUZ_FSR,bandgap_2.0_to_2.5eV,3,Cu,
qmof-8aecaef,BELCUT_FSR,bandgap_2.0_to_2.5eV,1,Mn,c1ccc2nc(C3=N[N]N=N3)ccc2c1
qmof-d1d61f9,VOTCOY_FSR,bandgap_2.0_to_2.5eV,2,Zn,
qmof-c777fbc,VOTCIS_FSR,bandgap_2.0_to_2.5eV,1,Zn,
qmof-9372acf,NIFSIF_FSR,bandgap_2.0_to_2.5eV,3,Zn,
qmof-b780466,EPUMEJ_FSR,bandgap_2.0_to_2.5eV,5,Mn,c1ccc([N][N]c2ccccc2)cc1
qmof-def34ed,EPIYOT_FSR,bandgap_2.0_to_2.5eV,1,Cu,O=C1C=CC(=O)N1
qmof-1dc8075,EPIRUS_FSR,bandgap_2.0_to_2.5eV,3,Cu,
qmof-0782391,NESPAC_FSR,bandgap_2.0_to_2.5eV,5,Cu,c1ccc2nccnc2c1
qmof-905f6f5,EQIZAF_FSR,bandgap_2.0_to_2.5eV,3,Cu,c1cncnc1
qmof-12d3e65,NEXLIN_FSR,bandgap_2.0_to_2.5eV,3,Fe,c1ccn2c(-c3cnccn3)nnc2c1
qmof-8af7565,AYIVEK_FSR,bandgap_2.0_to_2.5eV,5,Mo,c1cc(-c2ccncc2)ccn1
qmof-940a088,WOXQUX_FSR,bandgap_2.0_to_2.5eV,5,Cd,C(=Cc1ccc2ccccc2n1)c1cccnc1
qmof-aa014ee,WOWYIQ_FSR,bandgap_2.0_to_2.5eV,4,Cu,c1cnccn1
qmof-bfc5248,AYATUR_FSR,bandgap_2.0_to_2.5eV,4,Ag,C1CCOC1
qmof-2d64b34,MARHEU_FSR,bandgap_2.0_to_2.5eV,3,Ag,c1cnccn1
qmof-34904e2,FERVOP_FSR,bandgap_2.0_to_2.5eV,2,Ag,
qmof-d7633f2,MASVUY_FSR,bandgap_2.0_to_2.5eV,2,Ni,
qmof-194d013,FETLUM_FSR,bandgap_2.0_to_2.5eV,3,Cu,
qmof-755604a,MARHUI_FSR,bandgap_2.0_to_2.5eV,5,Cu,
qmof-7cb4137,MAPCOW_FSR,bandgap_2.0_to_2.5eV,5,Cu,
qmof-3c2a00c,VIPXIC_FSR,bandgap_2.0_to_2.5eV,3,Mn,c1cc(CC(c2ccncc2)C(Cc2ccncc2)c2ccncc2)ccn1.c1ccccc1
qmof-1794723,VIXBEK_FSR,bandgap_2.0_to_2.5eV,2,Cu,c1cc(SSSc2ccncc2)ccn1
qmof-ef5cc84,EMEMAK01_FSR,bandgap_2.0_to_2.5eV,3,Cu,c1cnccn1
qmof-8ed0ec6,EMELOX_FSR,bandgap_2.0_to_2.5eV,3,Cu,c1cnccn1
qmof-ee1da8c,EMELIR_FSR,bandgap_2.0_to_2.5eV,4,Cu,c1cnccn1
qmof-d689892,EMAZAT_FSR,bandgap_2.0_to_2.5eV,4,Ag,
qmof-0e5e7e0,NOKZUK_FSR,bandgap_2.0_to_2.5eV,3,Mn,c1ccccc1
qmof-172319f,NIXPOC_FSR,bandgap_2.0_to_2.5eV,4,Cu,c1cc(C2=NN=N[N]2)cc(-c2ccncc2)c1
qmof-a1d95f7,NOFQIK_FSR,bandgap_2.0_to_2.5eV,2,Cu,
qmof-c041b36,ENCTMN_FSR,bandgap_2.0_to_2.5eV,3,Mn,
qmof-02650f9,MALQUN_FSR,bandgap_2.0_to_2.5eV,3,Pb,
qmof-e7ef967,LUXJIZ_FSR,bandgap_2.0_to_2.5eV,4,Mn,c1ccc([N][N]c2ccccc2)cc1
qmof-e58cc9d,FIKKOC01_FSR,bandgap_2.0_to_2.5eV,1,Cu,
qmof-9ca5469,WUGJAK_FSR,bandgap_2.0_to_2.5eV,4,Fe,
qmof-a680360,WUFFIN_FSR,bandgap_2.0_to_2.5eV,3,Cu,O=C1[N]NC(=O)c2ccccc21
qmof-d798ea0,LULGEF_FSR,bandgap_2.0_to_2.5eV,4,Co,O=C([N][N]C(=O)c1ccncc1)c1ccncc1
qmof-04a422b,LUMSIX_FSR,bandgap_2.0_to_2.5eV,1,Cu,C(=NCCCCCCCCN=Cc1ccncc1)c1ccncc1
qmof-c136b83,LOTQUG_FSR,bandgap_2.0_to_2.5eV,4,Cu,c1cc(-c2ccncc2)ccn1
qmof-a34c45f,LOTQAM_FSR,bandgap_2.0_to_2.5eV,4,Cu,c1ccc2c(-c3ccncc3)c3ccccc3c(-c3ccncc3)c2c1
qmof-330d191,FIPHOD_FSR,bandgap_2.0_to_2.5eV,4,Cu,
qmof-fe96a80,LOHKOK_FSR,bandgap_2.0_to_2.5eV,1,Na,O=C1[N]NC(=O)c2ccccc21
qmof-0be35a0,EHAFEZ_FSR,bandgap_2.0_to_2.5eV,5,Na,
qmof-caff655,VIRJOW_FSR,bandgap_2.0_to_2.5eV,3,Zn,c1ccccc1
qmof-f9909c4,EHUFAP_FSR,bandgap_2.0_to_2.5eV,5,Cu,C1=NC=N[C]1c1ccc([C]2C=NC=N2)cc1
qmof-903f166,OBOGIX_FSR,bandgap_2.0_to_2.5eV,2,Mn,c1cnc(-c2ncccn2)nc1
qmof-e49dfd4,EKINOB_FSR,bandgap_2.0_to_2.5eV,3,Cu,c1ccnnc1
qmof-182e268,NUKLOV_FSR,bandgap_2.0_to_2.5eV,4,Cu,
qmof-00afe28,LOVSOE_FSR,bandgap_2.0_to_2.5eV,3,Cu,
qmof-7080970,FIWVAK_FSR,bandgap_2.0_to_2.5eV,3,Ru,
qmof-f4beb93,FIVCIX_FSR,bandgap_2.0_to_2.5eV,1,Cu,C(#Cc1ccccc1C#Cc1ccccn1)c1ccccn1
qmof-a8c7976,LODPUR_FSR,bandgap_2.0_to_2.5eV,4,Zn,C1=NC=C(c2ccc(C3=CN=C[N]3)cc2)[N]1.c1ccccc1.c1ncc(-c2ccc(-c3cnc[nH]3)cc2)[nH]1
qmof-4c64da3,LOBXEH_FSR,bandgap_2.0_to_2.5eV,1,Co,c1ccncc1
qmof-5dcb48a,LIWHEF_FSR,bandgap_2.0_to_2.5eV,1,Cu,
qmof-0b22857,LIXROZ_FSR,bandgap_2.0_to_2.5eV,2,Cu,
qmof-70f4cf7,OGUKAE_FSR,bandgap_2.0_to_2.5eV,4,Zn,c1nncn1[N][N]n1cnnc1
qmof-c702b6f,EDEVER_FSR,bandgap_2.0_to_2.5eV,2,Ca,
qmof-a4d0def,OHOXIS_FSR,bandgap_2.0_to_2.5eV,5,Cu,
qmof-e6dada5,OHIZIO01_FSR,bandgap_2.0_to_2.5eV,2,Mn,c1cnccn1
qmof-ef42d2a,OGAWEA_FSR,bandgap_2.0_to_2.5eV,1,Cu,c1ccncc1
qmof-9f89994,EFABOF_FSR,bandgap_2.0_to_2.5eV,5,Cu,
qmof-cbf7280,OGUHII_FSR,bandgap_2.0_to_2.5eV,5,Cu,O=C1NC(=O)[C]2N=NN=C2N1.O=c1[nH]c2c(c(=O)[nH]1)N=N[N]2.c1cnc(-c2ncccn2)nc1
qmof-228a2e8,OGIJUK_FSR,bandgap_2.0_to_2.5eV,5,Ni,
qmof-44c1049,OFACAB_FSR,bandgap_2.0_to_2.5eV,1,Cu,c1cc(N(c2ccncc2)c2ccc(N(c3ccncc3)c3ccncc3)cc2)ccn1
qmof-3de2d70,FODLEQ03_FSR,bandgap_2.0_to_2.5eV,3,Cu,
qmof-89b132d,WURYOZ_FSR,bandgap_2.0_to_2.5eV,5,Cu,c1cnc(C2CC(c3cnccn3)CC(c3cnccn3)C2)cn1
qmof-0bcba24,WUXMOR03_FSR,bandgap_2.0_to_2.5eV,4,Mn,c1cc(-c2ccncc2)ccn1
qmof-517abf2,AWIBEP_FSR,bandgap_2.0_to_2.5eV,4,Lu,c1ccccc1
qmof-1d20a91,AWIBAL_FSR,bandgap_2.0_to_2.5eV,2,Lu,c1ccccc1
qmof-c71dee9,FOFWII_FSR,bandgap_2.0_to_2.5eV,3,Fe,C1COCCOCCOCCOCCOCCO1
qmof-92b4b13,LIDYAZ_FSR,bandgap_2.0_to_2.5eV,2,Cu,c1cnccn1
qmof-68d8b85,FOPLAZ_FSR,bandgap_2.0_to_2.5eV,2,Cu,
qmof-f85239d,FOKHIW_FSR,bandgap_2.0_to_2.5eV,5,K,O=C1c2ccccc2C(=O)c2cc(C3CCCCO3)ccc21
qmof-335b492,OLIZAK_FSR,bandgap_2.0_to_2.5eV,1,K,O=C1C=CC(=O)N1
qmof-99503b5,ECAZUG_FSR,bandgap_2.0_to_2.5eV,5,Cu,c1ccc2[nH]nnc2c1
qmof-e6e27de,EBOSOG_FSR,bandgap_2.0_to_2.5eV,1,Mn,c1ncn(-c2ccc(C3=NN=N[N]3)cc2)n1
qmof-0bf1c5d,VEFHAQ_FSR,bandgap_2.0_to_2.5eV,4,Ag,
qmof-bfae863,OKECEO_FSR,bandgap_2.0_to_2.5eV,1,Co,
qmof-c3c94d3,OJOLIK_FSR,bandgap_2.0_to_2.5eV,5,Hg,
qmof-3847280,VEYXIH_FSR,bandgap_2.0_to_2.5eV,2,Cu,[CH]1C=CC=CN1c1ccncc1
qmof-d45c96f,VEVFUX_FSR,bandgap_2.0_to_2.5eV,4,Cu,c1cnccn1
qmof-70b2910,DUYPUK_FSR,bandgap_2.0_to_2.5eV,5,Cu,
qmof-92074bc,EBASOR_FSR,bandgap_2.0_to_2.5eV,4,Co,c1cc(-c2ccncc2)ccn1
qmof-5533340,VAVQUF_FSR,bandgap_2.0_to_2.5eV,2,Co,c1ccccc1
qmof-9da8e10,VAQQEK_FSR,bandgap_2.0_to_2.5eV,1,Mo,
qmof-d75d8da,OMECIS_FSR,bandgap_2.0_to_2.5eV,2,Ni,c1ccccc1
qmof-4721a8e,EBIVES_FSR,bandgap_2.0_to_2.5eV,2,Zn,C(=Cc1ccncc1)c1ccncc1.c1ccccc1
qmof-0f66a7d,EBIVAO_FSR,bandgap_2.0_to_2.5eV,2,Zn,c1cc(-c2ccncc2)ccn1.c1ccccc1
qmof-abf9b57,OMUYUR_FSR,bandgap_2.0_to_2.5eV,4,Cu,c1ccccc1
qmof-877d368,OMURIY_FSR,bandgap_2.0_to_2.5eV,1,Sn,c1ccncc1
qmof-9a7a515,OLUNEO_FSR,bandgap_2.0_to_2.5eV,2,Rh,
qmof-c9f20d8,OLOQOV_FSR,bandgap_2.0_to_2.5eV,4,Cu,O=C(OCCOC(=O)c1ccncc1)c1ccncc1
qmof-5583708,XAQWAO_FSR,bandgap_2.0_to_2.5eV,5,Mn,c1cc(Cn2ccnc2)cc(Cn2ccnc2)c1
qmof-85790cf,XAQBOI_FSR,bandgap_2.0_to_2.5eV,2,Cu,
qmof-b7cf313,XAPGOK_FSR,bandgap_2.0_to_2.5eV,3,Ag,c1cnccn1
qmof-feff9d6,LELPAV_FSR,bandgap_2.0_to_2.5eV,1,Ag,c1ccccc1
qmof-ea2f1f4,FOSQOU_FSR,bandgap_2.0_to_2.5eV,2,Cu,c1ccc([N][N]c2ccccc2)cc1
qmof-05c1e93,LEBGEG_FSR,bandgap_2.0_to_2.5eV,1,Gd,O=C1[CH]C(=O)C(=O)[CH]C1=O
qmof-a22c08f,LEHZOP_FSR,bandgap_2.0_to_2.5eV,4,Cu,
qmof-c95d01f,XANKIH_FSR,bandgap_2.0_to_2.5eV,2,Cu,c1cnccn1
qmof-222fb1a,XEBXIL_FSR,bandgap_2.0_to_2.5eV,2,V,
qmof-76b43c3,XEBMOG_FSR,bandgap_2.0_to_2.5eV,1,Cu,c1cnccn1
qmof-5692e6a,XEBMIA_FSR,bandgap_2.0_to_2.5eV,2,Cu,c1cnccn1
qmof-fc36310,BIJXOJ_FSR,bandgap_2.0_to_2.5eV,5,Cu,C(=NN=Cc1ccccn1)c1ccccn1
qmof-fd8c6e6,BIHRAO_FSR,bandgap_2.0_to_2.5eV,5,K,
qmof-be091d4,OWABUL_FSR,bandgap_2.0_to_2.5eV,5,Cu,
qmof-038174d,OXAZUK_FSR,bandgap_2.0_to_2.5eV,4,Cd,
qmof-a5380bd,OXAZOE_FSR,bandgap_2.0_to_2.5eV,5,Cd,
qmof-362d57a,DUPTUE_FSR,bandgap_2.0_to_2.5eV,2,Cu,
qmof-c81cb2d,OSOMAM_FSR,bandgap_2.0_to_2.5eV,3,Ag,
qmof-51990f7,OROZUR_FSR,bandgap_2.0_to_2.5eV,2,Mn,c1cc[nH+]cc1
qmof-d0dfc27,ORAPUT_FSR,bandgap_2.0_to_2.5eV,3,Ru,
qmof-67cdba3,BIMSAU_FSR,bandgap_2.0_to_2.5eV,4,Mn,c1ccc(Oc2ccccc2)cc1.c1cn(-c2ccc(-n3ccnc3)cc2)cn1
qmof-ed19d45,BIKMIT_FSR,bandgap_2.0_to_2.5eV,2,Cu,c1cnccn1
qmof-719983e,UZEBAE_FSR,bandgap_2.0_to_2.5eV,5,Cu,
qmof-b4b183a,UZEBAE01_FSR,bandgap_2.0_to_2.5eV,2,Cu,
qmof-dcf8193,PAFWAX_FSR,bandgap_2.0_to_2.5eV,4,Cu,
qmof-5a1ec49,DOVQAI_FSR,bandgap_2.0_to_2.5eV,1,Cu,
qmof-5b36cd1,DUFGIW_FSR,bandgap_2.0_to_2.5eV,5,Cu,
qmof-2dd47d8,OXUXAI02_FSR,bandgap_2.0_to_2.5eV,5,Pb,
qmof-46322fa,OZAXOE_FSR,bandgap_2.0_to_2.5eV,5,Mn,[CH]1C=CC=CN1c1ccccc1
qmof-90458ae,BIJYAW_FSR,bandgap_2.0_to_2.5eV,5,Cu,
qmof-a4ece54,BIJXUP_FSR,bandgap_2.0_to_2.5eV,3,Cu,
qmof-ab89669,AVONEG_FSR,bandgap_2.0_to_2.5eV,2,Cd,
qmof-001ef83,XEHFOH_FSR,bandgap_2.0_to_2.5eV,1,Cu,[CH]1C(c2cccnc2)=NN=C1c1cccnc1
qmof-b9e6452,LAXNII_FSR,bandgap_2.0_to_2.5eV,5,Mn,c1ccc(-c2ccccc2)cc1
qmof-b5821fa,FOZQUI_FSR,bandgap_2.0_to_2.5eV,2,Co,c1cc(-c2ccncc2)ccn1.c1ccc(Oc2cccnc2)cc1
qmof-715f306,FUHNUT_FSR,bandgap_2.0_to_2.5eV,4,Ag,c1ccccc1
qmof-a9f6b42,LATRAC_FSR,bandgap_2.0_to_2.5eV,2,Cd,c1cc([N][N]c2ccncc2)ccn1.c1ccc(COc2ccccc2)cc1
qmof-ab5d6dc,LAMXOO_FSR,bandgap_2.0_to_2.5eV,2,Co,
qmof-ba60a35,FUXCEI_FSR,bandgap_2.0_to_2.5eV,3,Ag,c1csc(-c2ccc(-c3cccs3)s2)c1
qmof-2e3e058,LAGSEU_FSR,bandgap_2.0_to_2.5eV,2,Cu,c1cnccn1
qmof-e951f69,LAGRIX_FSR,bandgap_2.0_to_2.5eV,4,Cu,c1cc(-c2ccncc2)ccn1
qmof-6dead95,GACTUA_FSR,bandgap_2.0_to_2.5eV,4,Mn,C(=NN=Cc1ccccn1)c1ccccn1
qmof-163ccaa,UVUPIM_FSR,bandgap_2.0_to_2.5eV,2,Cd,c1ccc(C2=N[N]C(c3ccccn3)=N[N]2)nc1
qmof-efeaa2d,PAZSIT_FSR,bandgap_2.0_to_2.5eV,2,K,
qmof-71cc7da,PAWXUJ_FSR,bandgap_2.0_to_2.5eV,4,Ag,c1cnccn1
qmof-1f9df20,PAKTIF_FSR,bandgap_2.0_to_2.5eV,4,Ag,S=c1[nH]cc[nH]1
qmof-3ff41fb,PAMBUB_FSR,bandgap_2.0_to_2.5eV,4,Ag,c1ccc(-c2n[nH]c(-c3ccco3)c3cccc2-3)cc1
qmof-e7a1a72,PASBUI_FSR,bandgap_2.0_to_2.5eV,2,Cu,
qmof-7e84f6f,UYOHOH_FSR,bandgap_2.0_to_2.5eV,1,Mn,[CH]1C=CC=CN1Cc1ccccc1
qmof-3301d94,LAJZOO_FSR,bandgap_2.0_to_2.5eV,3,Cu,c1cc(-c2ccncc2)ccn1.c1ccc(Oc2ccccc2)cc1.c1ccc(Oc2ccccc2)cc1
qmof-07388f0,LAJPEU_FSR,bandgap_2.0_to_2.5eV,4,Mo,O1[AsH]O[AsH]O[AsH]1.[CH]1N=C[N]N1CCCN1[CH]N=C[N]1
qmof-15e8a31,LAMCAE_FSR,bandgap_2.0_to_2.5eV,5,Mn,c1cncnc1
qmof-2cf73c1,XEMBUN_FSR,bandgap_2.0_to_2.5eV,5,Au,
qmof-0de9112,GAFLEG_FSR,bandgap_2.0_to_2.5eV,3,Cu,
qmof-fb59727,LACFEC_FSR,bandgap_2.0_to_2.5eV,1,Cu,c1c([C]2NCCO2)cc(C2=NCCO2)cc1C1=NCCO1
qmof-ad50634,KULTOB_FSR,bandgap_2.0_to_2.5eV,3,Ag,c1ccc2nc3ccccc3cc2c1
qmof-0ca8b3d,GAKYAU_FSR,bandgap_2.0_to_2.5eV,1,Cu,c1ccc(-c2ccnc(SCCCCCCSc3nccc(-c4ccccc4)n3)n2)cc1
qmof-fc713a7,GAJDIH_FSR,bandgap_2.0_to_2.5eV,5,Cu,
qmof-f843b93,PEVCEZ_FSR,bandgap_2.0_to_2.5eV,5,Cu,
qmof-303c74f,PEPVEM_FSR,bandgap_2.0_to_2.5eV,2,Mo,
qmof-ccb2028,PEPBAP_FSR,bandgap_2.0_to_2.5eV,4,Cd,c1cc(-c2ccnnc2)cnn1
qmof-7b3d567,DODQIX_FSR,bandgap_2.0_to_2.5eV,2,Mo,O=C(c1ccncc1)c1cccnc1
qmof-9fbe71b,DOFWUR_FSR,bandgap_2.0_to_2.5eV,5,Ba,O=C1C=C[NH+]C=C1
qmof-34515cf,GAHZUN_FSR,bandgap_2.0_to_2.5eV,2,Cu,
qmof-1a00b4b,KUQYAX_FSR,bandgap_2.0_to_2.5eV,2,Cd,
qmof-ee4de36,XELQIP_FSR,bandgap_2.0_to_2.5eV,5,Hg,
qmof-9d3a481,XELQEL_FSR,bandgap_2.0_to_2.5eV,2,Hg,
qmof-6815e74,ASUQAI01_FSR,bandgap_2.0_to_2.5eV,1,Cu,
qmof-2370a00,GALXOI_FSR,bandgap_2.0_to_2.5eV,1,Ag,c1cnccn1
qmof-6a436c8,KUQCUV_FSR,bandgap_2.0_to_2.5eV,5,Cs,O=C1C=CC(=O)N1
qmof-3fd032f,KOJCUI_FSR,bandgap_2.0_to_2.5eV,4,Mn,c1ccc(Nc2ccccc2)cc1
qmof-f3defa1,KOHVEJ_FSR,bandgap_2.0_to_2.5eV,1,Ag,c1cc(-c2ccncc2)ccn1
qmof-0154f42,KIZXIA_FSR,bandgap_2.0_to_2.5eV,5,Cu,
qmof-84f5fd4,GAXNIE_FSR,bandgap_2.0_to_2.5eV,1,Cu,
qmof-e4d678d,PIFROM_FSR,bandgap_2.0_to_2.5eV,3,Cu,c1cn(Cc2ccc(Cn3ccnc3)cc2)cn1
qmof-ce57f55,URIWOJ_FSR,bandgap_2.0_to_2.5eV,4,K,c1n[nH]c(-c2ncn[nH]2)n1
qmof-837f84a,PEYVAS_FSR,bandgap_2.0_to_2.5eV,3,Sm,O=C1c2ccccc2C(=O)c2ccccc21.O=C1c2ccccc2C(=O)c2ccccc21
qmof-116061c,DINYEG01_FSR,bandgap_2.0_to_2.5eV,3,K,c1ccccc1
qmof-c158d1f,PEYTOE_FSR,bandgap_2.0_to_2.5eV,1,Tb,O=C1c2ccccc2C(=O)c2ccccc21.O=C1c2ccccc2C(=O)c2ccccc21
qmof-8ac4d87,PEYTIY_FSR,bandgap_2.0_to_2.5eV,3,Dy,O=C1c2ccccc2C(=O)c2ccccc21.O=C1c2ccccc2C(=O)c2ccccc21
qmof-f1b0a1e,PEYTEU_FSR,bandgap_2.0_to_2.5eV,5,Er,O=C1c2ccccc2C(=O)c2ccccc21.O=C1c2ccccc2C(=O)c2ccccc21
qmof-003f026,PEYGUW_FSR,bandgap_2.0_to_2.5eV,3,Ca,
qmof-abe6699,PESGEB_FSR,bandgap_2.0_to_2.5eV,1,Fe,C(=Cc1ccncc1)c1ccncc1
qmof-43f07bb,GASTUP_FSR,bandgap_2.0_to_2.5eV,5,K,N=C1C=CC=CC1=O.O=C1C=C[CH]C=C1
qmof-6fe62e0,KOGNIE_FSR,bandgap_2.0_to_2.5eV,4,Cu,c1cc(-n2cnnc2)nc(-n2cnnc2)c1.c1ccccc1
qmof-0b83e38,GEBQUB01_FSR,bandgap_2.0_to_2.5eV,1,Li,O=C1[CH]C(=O)C(=O)[CH]C1=O.[Li]1[O]c2cc3c(cc2[O]1)[O][Li][O]3
qmof-2bb9974,ASEWUQ_FSR,bandgap_2.0_to_2.5eV,1,V,
qmof-86eb544,XIHFAV_FSR,bandgap_2.0_to_2.5eV,3,Cu,
qmof-6bf0ec2,KIVWAO01_FSR,bandgap_2.0_to_2.5eV,2,Cu,
qmof-d3fd7fc,KIVFUR_FSR,bandgap_2.0_to_2.5eV,1,Zn,c1ccc([N][N]c2ccccc2)cc1
qmof-dc0fa21,KICZOM_FSR,bandgap_2.0_to_2.5eV,1,Cu,c1cnccn1
qmof-58cb01d,KIQZIW_FSR,bandgap_2.0_to_2.5eV,2,K,
qmof-0ca7b2c,XILDUS_FSR,bandgap_2.0_to_2.5eV,2,Mn,c1ccc(C2=NN=C(c3ccccn3)[N]2)nc1
qmof-9576b30,UJACOX_FSR,bandgap_2.0_to_2.5eV,1,Mn,
qmof-0a24818,UJACIR_FSR,bandgap_2.0_to_2.5eV,2,Mn,
qmof-534ae51,UJUJOZ_FSR,bandgap_2.0_to_2.5eV,2,Cu,
qmof-c0f392b,DIDDIE_FSR,bandgap_2.0_to_2.5eV,3,Zn,c1cc([N][N]c2ccncc2)ccn1.c1ccc(Oc2ccccc2)cc1
qmof-6c1d234,PIHNIF_FSR,bandgap_2.0_to_2.5eV,1,Ni,[CH]1C=CC=CN1
qmof-a1f2118,DIDKEJ_FSR,bandgap_2.0_to_2.5eV,3,Ag,C1=N[N]C=C1c1c2ccccc2c([C]2C=NN=C2)c2ccccc12.[CH]1N=NC=C1c1c2ccccc2c(C2=C[N]N=C2)c2ccccc12
qmof-14b3a73,XINKEL_FSR,bandgap_2.0_to_2.5eV,5,Cu,c1ccncc1
qmof-96bfe65,KEXDUN_FSR,bandgap_2.0_to_2.5eV,4,Cu,c1cc(-c2ccncc2)ccn1
qmof-ac6a77a,KEWZOD_FSR,bandgap_2.0_to_2.5eV,2,Zn,C(#Cc1ccccc1)c1ccccc1.c1cc(-c2ccncc2)ccn1
qmof-6977d9d,KETYAM01_FSR,bandgap_2.0_to_2.5eV,5,Cr,
qmof-cd3310b,GEPZOS_FSR,bandgap_2.0_to_2.5eV,1,Organic_Only,O=C1[CH]C(=O)C(=O)[CH]C1=O
qmof-e100550,KIBCAA_FSR,bandgap_2.0_to_2.5eV,5,Cu,c1cnccn1
qmof-cdc4bef,KERKEY_FSR,bandgap_2.0_to_2.5eV,5,Sn,
qmof-cc65277,KECGUV_FSR,bandgap_2.0_to_2.5eV,2,Mn,c1ccc2nc(-c3ccc4ccccc4n3)ccc2c1
qmof-b1e4752,GEZVEO_FSR,bandgap_2.0_to_2.5eV,2,Ag,c1ccc(-c2cncnc2)cc1
qmof-a6a8f49,GIFLAL_FSR,bandgap_2.0_to_2.5eV,5,Cd,
qmof-5bdb017,GIFKOY_FSR,bandgap_2.0_to_2.5eV,4,Zn,
qmof-7dd3a77,UHOTUH_FSR,bandgap_2.0_to_2.5eV,1,Rb,O=C1[CH]C(=O)C(=O)[CH]C1=O
qmof-d690c9a,UHOTER_FSR,bandgap_2.0_to_2.5eV,3,Li,O=C1[CH]C(=O)C(=O)C=C1
qmof-98f79b2,UHOSUG_FSR,bandgap_2.0_to_2.5eV,1,Cs,O=C1[CH]C(=O)C(=O)[CH]C1=O
qmof-64e197b,BOLYIM_FSR,bandgap_2.0_to_2.5eV,3,Mn,c1ccccc1
qmof-9d372e0,PUQFIQ_FSR,bandgap_2.0_to_2.5eV,4,Mn,c1ccccc1
qmof-02e2726,POFDUK_FSR,bandgap_2.0_to_2.5eV,5,Cd,c1cc(-c2ccncc2)ccn1
qmof-bebcb31,KEGTOI_FSR,bandgap_2.0_to_2.5eV,4,Mn,
qmof-b882056,GIKBEK_FSR,bandgap_2.0_to_2.5eV,2,Ba,c1ccc2cc3ccccc3cc2c1.c1ccc2cc3ccccc3cc2c1
qmof-e25f656,XIVTAZ_FSR,bandgap_2.0_to_2.5eV,4,Cu,[CH]1c2cnc[n]2[Cu]23[N]1C1CCCCC1[N]2[CH]c1cnc[n]13
qmof-9fd94e8,XOGGAD_FSR,bandgap_2.0_to_2.5eV,1,Mn,[CH]1C=CC=CN1
qmof-89a5c57,KAQYOR_FSR,bandgap_2.0_to_2.5eV,1,Cu,c1ccc(-c2cnc(-c3ccc(-c4ncc(-c5ccccc5)o4)cc3)o2)cc1
qmof-146e551,KALHOU_FSR,bandgap_2.0_to_2.5eV,2,Cu,c1ccncc1
qmof-c4e84a2,KALHIO_FSR,bandgap_2.0_to_2.5eV,2,Cu,c1ccncc1
qmof-5fe5f33,QAYLEK_FSR,bandgap_2.0_to_2.5eV,4,Zn,
qmof-30bdcd5,QEHKUK_FSR,bandgap_2.0_to_2.5eV,4,Cu,O=C1C(=O)C(=O)C1=O
qmof-c376a8c,UGEMUQ_FSR,bandgap_2.0_to_2.5eV,1,Cu,c1ccc(C2=NN=N[N]2)cc1
qmof-a6c82f9,QAVBEW_FSR,bandgap_2.0_to_2.5eV,5,Mn,[CH]1C=NC=N1
qmof-40093f4,DECWIS_FSR,bandgap_2.0_to_2.5eV,5,Cu,c1cc(-c2ccncc2)ccn1
qmof-3f0a2ed,QAXCAU_FSR,bandgap_2.0_to_2.5eV,3,Ag,
qmof-5279ab6,QAPLEY01_FSR,bandgap_2.0_to_2.5eV,2,Cu,c1cc(-c2ccncc2)ccn1
qmof-7714b19,QANBAJ_FSR,bandgap_2.0_to_2.5eV,4,Co,c1cc(-c2ccncc2)ccn1.c1ccccc1
qmof-df3c618,QAFNAO01_FSR,bandgap_2.0_to_2.5eV,5,Mn,
qmof-458f21b,PUMCIL_FSR,bandgap_2.0_to_2.5eV,3,Cd,[CH]([N][N][CH]c1cccnc1)c1cccnc1
qmof-a0090fa,GIWMEG_FSR,bandgap_2.0_to_2.5eV,4,Zn,C(=Cc1ccc(C=Cc2ccncc2)cc1)c1ccncc1.c1ccccc1
qmof-6cb5e16,GIWFAV_FSR,bandgap_2.0_to_2.5eV,4,Cu,[CH]([N][N][C]([C]([N][N][CH]c1ccnc2ccccc12)c1ccccc1)c1ccccc1)c1ccnc2ccccc12
qmof-2a08198,KALNAM01_FSR,bandgap_2.0_to_2.5eV,2,Cu,
qmof-15e0df7,KAKQEV_FSR,bandgap_2.0_to_2.5eV,3,Na,
qmof-d7c44a0,KAFPUE_FSR,bandgap_2.0_to_2.5eV,1,Mn,c1ccncc1
qmof-ee02e1d,GOBZII_FSR,bandgap_2.0_to_2.5eV,1,Cu,c1ccc(-c2nc(-c3ccccn3)c(-c3ccccn3)nc2-c2ccccn2)nc1.c1ccccc1
qmof-32f3cb0,BORBAM_FSR,bandgap_2.0_to_2.5eV,3,Mn,
qmof-d481578,QIJWOY_FSR,bandgap_2.0_to_2.5eV,3,Cd,c1cc(C2=NN=N[N]2)c2nsnc2c1
qmof-dd6e687,QIJKEB_FSR,bandgap_2.0_to_2.5eV,5,V,
qmof-9174c13,QEQLAC_FSR,bandgap_2.0_to_2.5eV,1,Hg,[CH]([N][N][CH]c1ccncc1)c1ccncc1
qmof-de0737b,QEQKIJ_FSR,bandgap_2.0_to_2.5eV,1,Hg,C(=Cc1ccncc1)c1ccncc1
qmof-ac3c21a,QEJLOJ_FSR,bandgap_2.0_to_2.5eV,3,Cu,C1=NN=N[N]1
qmof-c7e08a4,GOBXAX_FSR,bandgap_2.0_to_2.5eV,1,Mn,c1cncnc1
qmof-e11d9cb,APOLAU_FSR,bandgap_2.0_to_2.5eV,3,Cu,[CH]1C=CC=CN1.c1ccncc1
qmof-e411eea,GOJSED03_FSR,bandgap_2.0_to_2.5eV,3,Fe,c1cc(-c2ccncc2)ccn1
qmof-955f74a,JOHWIP_FSR,bandgap_2.0_to_2.5eV,2,Cu,
qmof-d46593c,JODVEG_FSR,bandgap_2.0_to_2.5eV,2,Cu,c1ccc2c(c1)nnn2CCCCCn1nnc2ccccc21
qmof-22ac9aa,JIQGIZ01_FSR,bandgap_2.0_to_2.5eV,3,Tl,
qmof-84de0d3,JIQGEV_FSR,bandgap_2.0_to_2.5eV,1,Ag,
qmof-ff54923,BOXBUN01_FSR,bandgap_2.0_to_2.5eV,3,Cu,c1ccc2ncc([SiH](c3cnc4ccccc4c3)c3cnc4ccccc4c3)cc2c1
qmof-13ec2a4,QOKHIH_FSR,bandgap_2.0_to_2.5eV,4,Ti,c1ccccc1
qmof-4d684e3,QOJLOR_FSR,bandgap_2.0_to_2.5eV,5,Cu,c1ccccc1
qmof-7240e2e,CUZNUG_FSR,bandgap_2.0_to_2.5eV,1,Cu,
qmof-9e675fa,QORBEE_FSR,bandgap_2.0_to_2.5eV,3,Cu,c1ccc2nsnc2c1
qmof-9fa0d98,QOGTIQ_FSR,bandgap_2.0_to_2.5eV,2,Cu,[CH]([N][N][CH]c1ccco1)c1ccco1
qmof-317089d,QOGJAX_FSR,bandgap_2.0_to_2.5eV,3,K,
qmof-ef8d4e1,QOFREJ_FSR,bandgap_2.0_to_2.5eV,1,Mn,
qmof-8e61c5b,DAGLEE_FSR,bandgap_2.0_to_2.5eV,4,Cu,
qmof-5791351,QIPPUD_FSR,bandgap_2.0_to_2.5eV,2,Cd,C(=Cc1ccc(-c2ccc(C=Cc3ccccc3)cc2)cc1)c1ccccc1.c1cnccn1
qmof-be4ff6a,XUKZUY_FSR,bandgap_2.0_to_2.5eV,2,Cu,c1cnccn1
qmof-3aa37a5,XUDMUG_FSR,bandgap_2.0_to_2.5eV,2,Cd,
qmof-82f67c4,GOZMAL_FSR,bandgap_2.0_to_2.5eV,2,V,
qmof-f53cf45,GOYSAO_FSR,bandgap_2.0_to_2.5eV,4,Cu,c1cnccn1
qmof-6518f6f,JIQSOU_FSR,bandgap_2.0_to_2.5eV,4,Cu,O=C(c1ccc(-n2ccnc2)cc1)c1ccc(-n2ccnc2)cc1
qmof-d441feb,JEHPAO_FSR,bandgap_2.0_to_2.5eV,4,K,O=C1[CH]C(=O)C(=O)[CH]C1=O
qmof-663ff1d,JESXEL_FSR,bandgap_2.0_to_2.5eV,5,Cu,c1cnccn1
qmof-d4c1cf1,JESXEL01_FSR,bandgap_2.0_to_2.5eV,2,Cu,c1cnccn1
qmof-76724f2,CURGUR_FSR,bandgap_2.0_to_2.5eV,3,Cu,
qmof-8efdd0d,CUSVUI_FSR,bandgap_2.0_to_2.5eV,2,Zn,
qmof-7a5b1ce,QULHAI_FSR,bandgap_2.0_to_2.5eV,5,Sm,C1=C[C]2Oc3ccccc3C(c3ccccc3)=C2C=C1.[CH]1C=CC=C2Oc3ccccc3C(c3ccccc3)=C12.[CH]1C=CC=C2Oc3ccccc3C(c3ccccc3)=C12.[CH]1C=CC=C2Oc3ccccc3C(c3ccccc3)=C12
qmof-cad0a5d,CUWRES_FSR,bandgap_2.0_to_2.5eV,4,Cu,c1cc(-c2ccncc2)ccn1
qmof-52d763a,CUXVEX_FSR,bandgap_2.0_to_2.5eV,2,Cu,c1cncc(Cn2nnc3ccccc32)c1
qmof-53f9751,QQQFIP02_FSR,bandgap_2.0_to_2.5eV,1,K,O=C1[CH]C(=O)C(=O)[CH]C1=O
qmof-a5e3397,QQQCUJ01_FSR,bandgap_2.0_to_2.5eV,4,Cu,
qmof-e44d943,TUYQAH_FSR,bandgap_2.0_to_2.5eV,1,Hg,
qmof-55cab56,UCIVAF_FSR,bandgap_2.0_to_2.5eV,1,Hg,
qmof-b793535,UBUTES_FSR,bandgap_2.0_to_2.5eV,1,Mn,c1cc(-c2ccncc2)ccn1
qmof-6db07a6,BOXCEY_FSR,bandgap_2.0_to_2.5eV,4,Cu,c1ccc2ncc([SiH](c3cnc4ccccc4c3)c3cnc4ccccc4c3)cc2c1
qmof-a7f15a5,BUKFAQ_FSR,bandgap_2.0_to_2.5eV,2,Cu,
qmof-977fd47,BUHSEE_FSR,bandgap_2.0_to_2.5eV,3,Fe,[CH](C1=CC=C[N]1)c1ccncc1.[CH]1C=NC([CH]c2ccncc2)=C1
qmof-4d60806,BUFCUA_FSR,bandgap_2.0_to_2.5eV,3,Cu,
qmof-4814ccb,CUCSAW_FSR,bandgap_2.0_to_2.5eV,1,Mo,
qmof-3e3c370,QUZFEY_FSR,bandgap_2.0_to_2.5eV,5,Hg,
qmof-509d624,CUGFUH_FSR,bandgap_2.0_to_2.5eV,4,Mn,
qmof-f5a8443,CUGCAK_FSR,bandgap_2.0_to_2.5eV,4,Cu,
qmof-9fd6fe0,CUMSEJ01_FSR,bandgap_2.0_to_2.5eV,4,Cd,c1cc(-c2ccncc2)ccn1.c1ccc(Nc2ccccc2)cc1
qmof-9e0dc6c,QUTYAG_FSR,bandgap_2.0_to_2.5eV,1,Cu,
qmof-1eea8fc,QUNXED_FSR,bandgap_2.0_to_2.5eV,5,Ag,c1cc(-c2ccncc2)ccn1
qmof-7ac9c16,JAPYOR_FSR,bandgap_2.0_to_2.5eV,5,Cu,c1ccncc1
qmof-0be7420,JAPYEH_FSR,bandgap_2.0_to_2.5eV,4,Cu,c1ccncc1
qmof-e458a47,JECFOP_FSR,bandgap_2.0_to_2.5eV,4,Ag,
qmof-9c4d48b,XUXWIX_FSR,bandgap_2.0_to_2.5eV,1,Ag,c1cnccn1
qmof-8242b5b,GUNYIZ_FSR,bandgap_2.0_to_2.5eV,4,Zn,C(=Cc1ccc2ccccc2n1)c1ccncc1
qmof-5b945c8,JAPZIM_FSR,bandgap_2.0_to_2.5eV,4,Cu,c1ccncc1
qmof-52e1c67,JAPZAE_FSR,bandgap_2.0_to_2.5eV,1,Cu,c1ccncc1
qmof-7c74ed0,JAPYUX_FSR,bandgap_2.0_to_2.5eV,1,Cu,c1ccncc1
qmof-7de4c1e,GURVUL01_FSR,bandgap_2.0_to_2.5eV,2,V,
qmof-8bd360f,JADBOI_FSR,bandgap_2.0_to_2.5eV,5,Fe,
qmof-b04cfde,IZEXAM_FSR,bandgap_2.0_to_2.5eV,3,Mn,
qmof-a9a00b7,IWENIH_FSR,bandgap_2.0_to_2.5eV,5,Cd,
qmof-aa1f73a,RESHUT_FSR,bandgap_2.0_to_2.5eV,2,Hg,
qmof-243715f,REYPIX_FSR,bandgap_2.0_to_2.5eV,4,Zn,C(=Nc1cccc2c(N=Cc3ccncc3)cccc12)c1ccncc1
qmof-0a513ec,COKMUM_FSR,bandgap_2.0_to_2.5eV,3,Mn,c1ccccc1
qmof-d68a206,REKBAL_FSR,bandgap_2.0_to_2.5eV,2,Mo,c1ccc2nccnc2c1
qmof-d03c776,REBROH_FSR,bandgap_2.0_to_2.5eV,2,Cu,
qmof-3a8fabc,RAPDAN_FSR,bandgap_2.0_to_2.5eV,4,Co,c1cnc(-c2ncccn2)nc1
qmof-cc4894a,RATGIF01_FSR,bandgap_2.0_to_2.5eV,3,Fe,C(C#Cc1ccncc1)#Cc1ccncc1
qmof-ca9f242,IXEKUT_FSR,bandgap_2.0_to_2.5eV,3,Organic_Only,c1ccccc1
qmof-2d19113,YASHOQ_FSR,bandgap_2.0_to_2.5eV,5,Cu,
qmof-08cf08d,HAJJUY01_FSR,bandgap_2.0_to_2.5eV,1,Cd,C(=Nc1cccc2c(N=Cc3ccncc3)cccc12)c1ccncc1
qmof-e44c0f4,ITOBEZ_FSR,bandgap_2.0_to_2.5eV,3,Zn,c1ccccc1
qmof-3511041,HAMJIR_FSR,bandgap_2.0_to_2.5eV,3,Hg,
qmof-f2e90e4,IRIPIJ_FSR,bandgap_2.0_to_2.5eV,3,Ag,c1ccccc1
qmof-23be8ef,TIZBOW_FSR,bandgap_2.0_to_2.5eV,2,Cu,
qmof-0091bbc,TIZBIQ_FSR,bandgap_2.0_to_2.5eV,4,Cu,
qmof-c398fa7,TIYYOS01_FSR,bandgap_2.0_to_2.5eV,3,Cu,
qmof-1f153d6,TIYXIL01_FSR,bandgap_2.0_to_2.5eV,1,Cu,
qmof-9d07fdc,ROGSUE_FSR,bandgap_2.0_to_2.5eV,3,Cu,c1ccncc1
qmof-29c250d,CISKIB_FSR,bandgap_2.0_to_2.5eV,4,Hg,C(=Nc1cccc2c(N=Cc3ccncc3)cccc12)c1ccncc1
qmof-14449b7,CIRGEQ_FSR,bandgap_2.0_to_2.5eV,1,V,
qmof-7672d8f,ROJLAG_FSR,bandgap_2.0_to_2.5eV,4,Co,O=C1[CH]C(=O)C(=O)[CH]C1=O
qmof-0162588,CISXAE_FSR,bandgap_2.0_to_2.5eV,3,Organic_Only,c1ccc2c(-c3cccc4ccccc34)cccc2c1
qmof-4c97440,RIPTUG_FSR,bandgap_2.0_to_2.5eV,1,Cu,c1ccc2nc(Oc3ccc(Oc4cnc5ccccc5n4)cc3)cnc2c1
qmof-8bbd7b4,RIPTOA_FSR,bandgap_2.0_to_2.5eV,4,Cu,c1cnc(Oc2ccc(Oc3cnccn3)cc2)cn1
qmof-1647128,RIVTOI_FSR,bandgap_2.0_to_2.5eV,5,Cu,c1cnccn1
qmof-545c247,RIVBAC_FSR,bandgap_2.0_to_2.5eV,2,Zn,[CH]([N][N][CH]c1cccnc1)c1cccnc1
qmof-b448093,RINPOT01_FSR,bandgap_2.0_to_2.5eV,2,Co,c1cc(-c2ccncc2)ccn1
qmof-c474841,SAQSUZ01_FSR,bandgap_2.0_to_2.5eV,4,Cu,c1cnccn1
qmof-4d8929f,SAQSOT_FSR,bandgap_2.0_to_2.5eV,5,Cu,S=c1nccc[nH]1
qmof-7e3b4a2,BUVRER_FSR,bandgap_2.0_to_2.5eV,4,Cu,
qmof-2290d6d,TIVWUR_FSR,bandgap_2.0_to_2.5eV,1,Li,O=C1[CH]C(=O)C(=O)[CH]C1=O
qmof-2e3bc32,TITTAU_FSR,bandgap_2.0_to_2.5eV,5,Cu,
qmof-7193001,SACSEV_FSR,bandgap_2.0_to_2.5eV,5,Cu,c1cncnc1
qmof-d209d87,CIJTAT_FSR,bandgap_2.0_to_2.5eV,2,Zn,
qmof-7127539,CIHSIW_FSR,bandgap_2.0_to_2.5eV,1,Cu,c1ccc(-c2cc(-c3cccnc3)ncn2)nc1
qmof-caec8ef,CILXIE_FSR,bandgap_2.0_to_2.5eV,4,Cu,c1nnc[nH]1
qmof-ab32015,RURZIP_FSR,bandgap_2.0_to_2.5eV,3,Zn,c1ccc(N=NN=NN=Nc2ccccc2)cc1
qmof-766433e,IRIHIA_FSR,bandgap_2.0_to_2.5eV,5,Mn,
qmof-e02e5c6,AMBRCD_FSR,bandgap_2.0_to_2.5eV,5,Cd,
qmof-b071271,YEDWEM_FSR,bandgap_2.0_to_2.5eV,5,Cd,
qmof-4629fe7,YEFPOR_FSR,bandgap_2.0_to_2.5eV,2,Cu,
qmof-ec51380,IQOZUJ_FSR,bandgap_2.0_to_2.5eV,4,Co,C1=CN=C[N]1.[CH]1C=NC=N1.[C]1=NC=N[CH]1
qmof-a5309c0,IQISEH_FSR,bandgap_2.0_to_2.5eV,5,Mn,c1ccccc1
qmof-58e98df,HAXGUL_FSR,bandgap_2.0_to_2.5eV,2,Cu,c1ccc(Cn2nnc3ccccc32)c(Cn2nnc3ccccc32)c1
qmof-3d489e4,HAWTUW_FSR,bandgap_2.0_to_2.5eV,3,Cu,S=c1nccc[nH]1
qmof-2d84c77,HAYYUE_FSR,bandgap_2.0_to_2.5eV,2,Fe,c1c2c(cc3c1=NN=N3)=NN=N2
qmof-20020d6,IQERIF_FSR,bandgap_2.0_to_2.5eV,1,Cu,
qmof-55d8a8c,SEZYOO_FSR,bandgap_2.0_to_2.5eV,1,Ag,c1cc(-c2ccncc2)ccn1.c1ccc([N][N]c2ccccc2)cc1
qmof-c8863c1,BUXKIQ_FSR,bandgap_2.0_to_2.5eV,1,Co,[CH]([N][N][CH]c1cccnc1)c1cccnc1
qmof-ad847be,CETVAA_FSR,bandgap_2.0_to_2.5eV,2,Cu,c1cc(-c2ccc(N(c3ccc(-c4ccncc4)cc3)c3ccc(-c4ccncc4)cc3)cc2)ccn1
qmof-7afc422,SEPNAD_FSR,bandgap_2.0_to_2.5eV,5,Cd,c1ccccc1.c1cnc2c(c1)ccc1cccnc12
qmof-a0af1a4,SENGAW_FSR,bandgap_2.0_to_2.5eV,1,Ag,O=C1[CH]C=C(C2=NN=N[N]2)C=C1
qmof-74f2403,CEXMIE_FSR,bandgap_2.0_to_2.5eV,2,Zn,C(=Cc1ccncc1)c1ccncc1
qmof-e2ef939,SEFLAT_FSR,bandgap_2.0_to_2.5eV,5,Zn,C(C#Cc1ccncc1)#Cc1ccncc1.c1ccc2ccccc2c1
qmof-b23591b,SAWWES_FSR,bandgap_2.0_to_2.5eV,1,Cu,
qmof-ac38828,IPINAY_FSR,bandgap_2.0_to_2.5eV,5,Cu,c1ccncc1
qmof-71e58ff,YEMQAJ_FSR,bandgap_2.0_to_2.5eV,3,V,
qmof-ec02694,IMULUX_FSR,bandgap_2.0_to_2.5eV,4,Cu,S=c1cccc[nH]1
qmof-b46c893,HEBROX_FSR,bandgap_2.0_to_2.5eV,5,Mn,
qmof-69ba10c,ILULOQ_FSR,bandgap_2.0_to_2.5eV,3,Cd,
qmof-e48a7ff,IJUBUK01_FSR,bandgap_2.0_to_2.5eV,1,Cu,c1cnccn1
qmof-1eebafa,HEFZUO_FSR,bandgap_2.0_to_2.5eV,5,Zn,[CH]([N][N][CH]c1ccncc1)c1ccncc1
qmof-15486a3,HEQLOH_FSR,bandgap_2.0_to_2.5eV,3,Cu,c1ccc2ncccc2c1
qmof-3f72d8d,IGEMIR_FSR,bandgap_2.0_to_2.5eV,1,Mo,c1cncc(Cn2cncn2)c1
qmof-86ce618,SOHLEI_FSR,bandgap_2.0_to_2.5eV,3,Cd,
qmof-cadc28b,TICTOP_FSR,bandgap_2.0_to_2.5eV,1,Cu,c1ccc2nc3ccccc3nc2c1
qmof-a13712f,CACHOE_FSR,bandgap_2.0_to_2.5eV,4,Mo,
qmof-028b150,CACHIY_FSR,bandgap_2.0_to_2.5eV,3,Mo,
qmof-4cbd9c7,SIXKIU01_FSR,bandgap_2.0_to_2.5eV,5,Ag,c1cnc(-c2ncccn2)nc1
qmof-e603f7e,CEMJAI_FSR,bandgap_2.0_to_2.5eV,2,Fe,
qmof-2b351d2,SIPYIA_FSR,bandgap_2.0_to_2.5eV,5,Cu,C(=Cc1ccncc1)c1ccncc1
qmof-1071e49,CERGAH_FSR,bandgap_2.0_to_2.5eV,5,Mn,
qmof-4e9c14b,CADNEC01_FSR,bandgap_2.0_to_2.5eV,2,Ag,c1cc(-c2ccncc2)ccn1
qmof-99bc583,TEXGIM_FSR,bandgap_2.0_to_2.5eV,5,Ni,c1cnccn1
qmof-efc74fb,CAXVII_FSR,bandgap_2.0_to_2.5eV,5,Fe,c1ccccc1
qmof-66698de,SUYDEV_FSR,bandgap_2.0_to_2.5eV,1,Cu,c1cnccn1
qmof-54b13b3,TADBEH_FSR,bandgap_2.0_to_2.5eV,5,Au,
qmof-0454c23,SUNMOE_FSR,bandgap_2.0_to_2.5eV,1,Co,
qmof-7786a16,SUNCAH01_FSR,bandgap_2.0_to_2.5eV,5,Fe,
qmof-20ebe36,CEHXIY_FSR,bandgap_2.0_to_2.5eV,2,Cu,c1cnccn1
qmof-16cda91,HEYREL_FSR,bandgap_2.0_to_2.5eV,3,Cu,c1ccccc1
qmof-8e00017,IFAPAH_FSR,bandgap_2.0_to_2.5eV,3,Mn,c1ccncc1
qmof-26ddf3f,YEVXUV_FSR,bandgap_2.0_to_2.5eV,2,Ag,C1=NCC[N]1
qmof-4b9ff08,AKAQEI_FSR,bandgap_2.0_to_2.5eV,4,Cu,c1cnccn1
qmof-76ab95c,AKAQAE_FSR,bandgap_2.0_to_2.5eV,3,Cu,c1cnccn1
qmof-1a90743,AKAPUX_FSR,bandgap_2.0_to_2.5eV,1,Cu,c1cnccn1
qmof-6226ce6,HIFNUG_FSR,bandgap_2.0_to_2.5eV,5,Ag,c1cc(-c2ccnnc2)cnn1
qmof-167de99,HICRUG_FSR,bandgap_2.0_to_2.5eV,4,Cu,
qmof-55c6596,ICACAS_FSR,bandgap_2.0_to_2.5eV,3,Cu,
qmof-51ef3ab,IDAPEI_FSR,bandgap_2.0_to_2.5eV,1,Cu,c1cc(-c2ccncc2)ccn1
qmof-ad02239,AHOMOB01_FSR,bandgap_2.0_to_2.5eV,4,Zn,c1cc([N][N]c2ccncc2)ccn1.c1ccccc1
qmof-225c8dd,AGUYEG_FSR,bandgap_2.0_to_2.5eV,3,Mo,
qmof-600a106,YOVZAL_FSR,bandgap_2.0_to_2.5eV,5,Cu,
qmof-8be3f19,HOXDEE_FSR,bandgap_2.0_to_2.5eV,5,Cu,c1ccc2c(c1)nnn2CCn1nnc2ccccc21
qmof-2bc26d1,HOBVOK_FSR,bandgap_2.0_to_2.5eV,4,Cu,
qmof-7624dc0,YOBWOD01_FSR,bandgap_2.0_to_2.5eV,4,Gd,
qmof-a4214c3,HORWIU_FSR,bandgap_2.0_to_2.5eV,4,Cu,
qmof-8cdbc5f,HIYMOS_FSR,bandgap_2.0_to_2.5eV,5,Hg,
qmof-f151cd3,VEGWUB_FSR,bandgap_2.5_to_3.0eV,3,Co,[CH]1C=CC=CN1
qmof-a0774e6,VEHHOG01_FSR,bandgap_2.5_to_3.0eV,2,Cu,
qmof-9852a98,VEJLUU_FSR,bandgap_2.5_to_3.0eV,3,Mn,c1cc[nH+]cc1
qmof-4024415,VEDBIR_FSR,bandgap_2.5_to_3.0eV,3,Dy,
qmof-1cfe255,VEDBUD_FSR,bandgap_2.5_to_3.0eV,3,Gd,
qmof-aa90826,VEDCAK_FSR,bandgap_2.5_to_3.0eV,1,Tb,
qmof-398f9ed,VEFTAB_FSR,bandgap_2.5_to_3.0eV,5,Cu,
qmof-6ae8a62,EBOTAS_FSR,bandgap_2.5_to_3.0eV,5,La,O=C1[CH]C=CC(=O)N1
qmof-8456d8c,EBOTEW_FSR,bandgap_2.5_to_3.0eV,3,Sm,O=C1[CH]C=CC(=O)N1
qmof-7efaea0,OKUTIY_FSR,bandgap_2.5_to_3.0eV,4,Zn,c1cc(-c2ccncc2)ccn1.c1ccccc1
qmof-c43329d,OLAQOJ_FSR,bandgap_2.5_to_3.0eV,1,Mn,
qmof-b9c921d,OLENEY_FSR,bandgap_2.5_to_3.0eV,5,Mn,c1cnccn1
qmof-072d2d6,EBUPEY_FSR,bandgap_2.5_to_3.0eV,5,Cu,c1cc[nH+]cc1
qmof-9d7e189,OKIXOX_FSR,bandgap_2.5_to_3.0eV,4,Pb,
qmof-8c2eca5,OLERUS01_FSR,bandgap_2.5_to_3.0eV,2,Cu,
qmof-b3bca92,OMAXEG_FSR,bandgap_2.5_to_3.0eV,2,Ag,O=S(=O)(c1cnccn1)c1cnccn1
qmof-fb361ae,HORTOY_FSR,bandgap_2.5_to_3.0eV,3,Cu,
qmof-e329fe5,HIZJIL_FSR,bandgap_2.5_to_3.0eV,2,Mn,
qmof-64dd8fc,HOYMUF_FSR,bandgap_2.5_to_3.0eV,3,Hg,
qmof-37badae,HOSPIQ_FSR,bandgap_2.5_to_3.0eV,1,Hg,
qmof-cd1f5fd,HOTBUP_FSR,bandgap_2.5_to_3.0eV,3,Hg,
qmof-28d6481,HOTCAW_FSR,bandgap_2.5_to_3.0eV,1,Hg,
qmof-af4297c,HOTDEZ_FSR,bandgap_2.5_to_3.0eV,4,Cu,
qmof-2b1aba1,HOXDII_FSR,bandgap_2.5_to_3.0eV,3,Cu,c1ccc2nn(CCn3nnc4ccccc43)nc2c1
qmof-9443aaf,TECNUN_FSR,bandgap_2.5_to_3.0eV,2,Cd,[CH]([N][N][CH]c1ccncc1)c1ccncc1
qmof-644aab4,ABAXUZ_FSR,bandgap_2.5_to_3.0eV,3,Zn,c1cc(-c2ccncc2)ccn1.c1ccc(-c2nccs2)cc1
qmof-f73a75b,YOVGEX_FSR,bandgap_2.5_to_3.0eV,5,Fe,c1cc(-c2ccc(-c3ccncc3)cc2)ccn1
qmof-c33f925,YOTVUA_FSR,bandgap_2.5_to_3.0eV,1,Ag,O=C1C(=Cc2cccnc2)CCCC1=Cc1cccnc1
qmof-b4606cd,ADIVUG_FSR,bandgap_2.5_to_3.0eV,5,Cd,[CH]1C=CC=CN1Cc1ccc(-c2ccc(CN3[CH]C=CC=C3)cc2)cc1
qmof-da91664,YOMMIY_FSR,bandgap_2.5_to_3.0eV,5,Co,O=C(c1ccncc1)N1CCN(C(=O)c2ccncc2)CC1.c1ccccc1
qmof-4f1aecf,YIYWEL_FSR,bandgap_2.5_to_3.0eV,1,Mo,
qmof-ccb2fa3,VERZIC_FSR,bandgap_2.5_to_3.0eV,2,Cu,
qmof-a9f842f,IBOPUN_FSR,bandgap_2.5_to_3.0eV,2,Cd,C(C=Cc1ccncc1)=Cc1ccncc1.c1ccccc1
qmof-2bd2131,TELFIC_FSR,bandgap_2.5_to_3.0eV,5,Cu,
qmof-ce17f39,TAHVOP_FSR,bandgap_2.5_to_3.0eV,2,Mn,
qmof-e103ffb,TAJXAF_FSR,bandgap_2.5_to_3.0eV,3,Cu,
qmof-b7eac83,TALWAH_FSR,bandgap_2.5_to_3.0eV,4,Na,O=C1Nc2ccccc2C1=O
qmof-ab6b13f,CAVSAV01_FSR,bandgap_2.5_to_3.0eV,2,Mn,O=C(NCCCn1ccnc1)c1ccc(C(=O)NCCCn2ccnc2)cc1
qmof-2341845,CAWZOR_FSR,bandgap_2.5_to_3.0eV,2,Cu,
qmof-52c738e,HUTGIO_FSR,bandgap_2.5_to_3.0eV,1,Cu,c1ccccc1
qmof-6822e8f,HUTWOJ_FSR,bandgap_2.5_to_3.0eV,5,Cu,c1cnccn1
qmof-5b9bf09,HIPMOK_FSR,bandgap_2.5_to_3.0eV,2,Tb,c1ccc(-c2ccccn2)nc1
qmof-a01a4d4,HIPPON_FSR,bandgap_2.5_to_3.0eV,3,Cu,
qmof-c808f5c,HIQGAQ_FSR,bandgap_2.5_to_3.0eV,5,Ag,c1cnccn1
qmof-18b9578,HIQGUK_FSR,bandgap_2.5_to_3.0eV,1,Cu,
qmof-c5c4f84,HIQVIN_FSR,bandgap_2.5_to_3.0eV,3,Cu,
qmof-7fcab56,HUPZAV_FSR,bandgap_2.5_to_3.0eV,2,Ag,
qmof-a2a22e2,HURDUT_FSR,bandgap_2.5_to_3.0eV,4,Cd,O=C1C(=O)C(=O)C(=O)C1=O
qmof-74d7c88,YIMTIZ01_FSR,bandgap_2.5_to_3.0eV,3,Gd,
qmof-d419bf6,YIPQAS_FSR,bandgap_2.5_to_3.0eV,1,Cu,
qmof-f171323,YIQBEF01_FSR,bandgap_2.5_to_3.0eV,1,Mn,c1cncnc1
qmof-f429f3b,YIQNIW_FSR,bandgap_2.5_to_3.0eV,1,Cu,
qmof-fda4509,YIQSIA_FSR,bandgap_2.5_to_3.0eV,3,Cu,
qmof-82fb334,YIRXOP_FSR,bandgap_2.5_to_3.0eV,3,Co,[CH]([N][N][CH]c1ccncc1)c1ccncc1.c1ccccc1
qmof-195d002,SUYZUH_FSR,bandgap_2.5_to_3.0eV,3,Cu,
qmof-c124bc0,TABFIN_FSR,bandgap_2.5_to_3.0eV,5,Ag,c1cc(-c2ccncc2)ccn1
qmof-ecb01a1,TABPES_FSR,bandgap_2.5_to_3.0eV,5,Ag,c1cc(-c2ccncc2)ccn1
qmof-91f45c3,TIDSEH_FSR,bandgap_2.5_to_3.0eV,4,Mo,
qmof-a34b819,TEJZUD_FSR,bandgap_2.5_to_3.0eV,4,Pb,
qmof-f6b0222,HIMFEQ_FSR,bandgap_2.5_to_3.0eV,1,Cu,
qmof-8ecb2ff,HIPCUF_FSR,bandgap_2.5_to_3.0eV,1,Ca,O=C1C(=O)C(=O)C(=O)C1=O
qmof-7e45b51,HIPMEA_FSR,bandgap_2.5_to_3.0eV,4,Er,c1ccc(-c2ccccn2)nc1
qmof-74d3352,HIPMID01_FSR,bandgap_2.5_to_3.0eV,3,Zn,c1cncnc1
qmof-4483808,HIPMIE_FSR,bandgap_2.5_to_3.0eV,4,Gd,c1ccc(-c2ccccn2)nc1
qmof-42b8b59,HIFNIU_FSR,bandgap_2.5_to_3.0eV,2,Organic_Only,c1ccccc1
qmof-ab2c780,HIFPAO_FSR,bandgap_2.5_to_3.0eV,3,Ag,c1nncc2cnncc12
qmof-35ae1e6,YILZOL_FSR,bandgap_2.5_to_3.0eV,1,Ni,c1ncc(-c2cncnc2)cn1
qmof-d092156,SOQDUZ_FSR,bandgap_2.5_to_3.0eV,3,Cd,
qmof-2eee4d9,SUNMIZ_FSR,bandgap_2.5_to_3.0eV,3,Cu,c1cnccn1
qmof-a84e475,SUNPOH_FSR,bandgap_2.5_to_3.0eV,4,Zn,
qmof-b6fc040,SUPSUS_FSR,bandgap_2.5_to_3.0eV,4,Cu,c1cnccn1
qmof-54296f8,SUQFUH01_FSR,bandgap_2.5_to_3.0eV,5,Cu,c1cncc(-c2cccnc2)c1
qmof-fa9e422,SUSLAV_FSR,bandgap_2.5_to_3.0eV,1,Cd,C(C=Cc1ccncc1)=Cc1ccncc1.c1ccccc1
qmof-6d9d540,SUSLEZ_FSR,bandgap_2.5_to_3.0eV,5,Cd,C(C=Cc1ccncc1)=Cc1ccncc1.c1ccccc1
qmof-143c563,SUSYAH_FSR,bandgap_2.5_to_3.0eV,4,Ag,c1cc(-c2ccncc2)ccn1
qmof-80cbbdb,CBZONC01_FSR,bandgap_2.5_to_3.0eV,2,Cu,
qmof-c0388ac,IBOQAU_FSR,bandgap_2.5_to_3.0eV,3,Cd,C(C=Cc1ccncc1)=Cc1ccncc1.c1ccccc1
qmof-800addb,HIGQUL_FSR,bandgap_2.5_to_3.0eV,5,Hg,
qmof-e6afac4,HIGRAS_FSR,bandgap_2.5_to_3.0eV,5,Hg,
qmof-f61cb8f,HIHWED_FSR,bandgap_2.5_to_3.0eV,4,Tb,
qmof-d0e3270,YILZUR_FSR,bandgap_2.5_to_3.0eV,5,Co,c1ncc(-c2cncnc2)cn1
qmof-7538884,YIMHAF_FSR,bandgap_2.5_to_3.0eV,3,Li,c1ccncc1
qmof-6ab4305,AJOFAI_FSR,bandgap_2.5_to_3.0eV,2,Zn,C(=Cc1ccncc1)c1ccncc1
qmof-b7e2716,IFEXUM_FSR,bandgap_2.5_to_3.0eV,1,Sn,c1ccc2ccccc2c1
qmof-d82fb09,IDUCOA01_FSR,bandgap_2.5_to_3.0eV,5,Zn,c1cc(-c2ccncc2)ccn1.c1ccccc1
qmof-8634ca3,IDUPAY_FSR,bandgap_2.5_to_3.0eV,2,Cu,c1cnc2ccc3ncccc3c2c1
qmof-3b44779,HEXTEK_FSR,bandgap_2.5_to_3.0eV,1,Na,
qmof-f19872f,HEYQIO_FSR,bandgap_2.5_to_3.0eV,1,Na,
qmof-1b73980,SUMPOF_FSR,bandgap_2.5_to_3.0eV,2,Mn,
qmof-2f987c8,SOZKOJ_FSR,bandgap_2.5_to_3.0eV,2,Zn,
qmof-bcbd03e,SUFXOI_FSR,bandgap_2.5_to_3.0eV,1,Mn,c1cc(-c2ccncc2)ccn1.c1ccc(Oc2ccc(-c3ccc(Oc4ccccc4)cc3)cc2)cc1
qmof-b2fddf8,SOQCIL_FSR,bandgap_2.5_to_3.0eV,4,Co,
qmof-ba35036,YIFSIS_FSR,bandgap_2.5_to_3.0eV,2,Zn,[CH]1C=CC=CN1
qmof-9dad958,ICEQUE_FSR,bandgap_2.5_to_3.0eV,4,Hg,
qmof-9ffff52,ICIMIS_FSR,bandgap_2.5_to_3.0eV,1,Ni,c1cc(-c2ccncc2)ccn1
qmof-5efd25c,HIDFOQ_FSR,bandgap_2.5_to_3.0eV,2,Cu,
qmof-e37213a,IHAMUA_FSR,bandgap_2.5_to_3.0eV,2,Cu,[CH]1C=CC=C1Sc1nc2ccccc2s1
qmof-76d9b07,IHIBOQ_FSR,bandgap_2.5_to_3.0eV,1,Cu,
qmof-23c6559,IHIYED_FSR,bandgap_2.5_to_3.0eV,2,Ag,c1ccc2c(c1)c1ccccc1c1nccnc21
qmof-4765fb9,IHIYIH_FSR,bandgap_2.5_to_3.0eV,2,Ag,c1ccc2c(c1)c1ccccc1c1nccnc21
qmof-be4f504,HEYQUA_FSR,bandgap_2.5_to_3.0eV,2,Cu,c1ccccc1
qmof-b6f0cb7,HEYRAH_FSR,bandgap_2.5_to_3.0eV,4,Na,
qmof-26b963b,IGIQAR_FSR,bandgap_2.5_to_3.0eV,1,Cu,c1cncc(COc2cccc(OCc3cccnc3)c2)c1
qmof-51faf5d,IGOZIN_FSR,bandgap_2.5_to_3.0eV,3,Ni,
qmof-4481428,IGUBIX_FSR,bandgap_2.5_to_3.0eV,1,Cu,
qmof-630e8b0,HEVQUV_FSR,bandgap_2.5_to_3.0eV,1,Cd,c1c[nH+]cc[nH+]1
qmof-33386bb,SOCCIX_FSR,bandgap_2.5_to_3.0eV,1,Cu,c1nnnn1CCCCn1cnnn1
qmof-78b016a,SOVKIY_FSR,bandgap_2.5_to_3.0eV,3,Cd,
qmof-50fed09,SOJJUY01_FSR,bandgap_2.5_to_3.0eV,4,Ni,c1cc(-c2ccncc2)ccn1.c1ccccc1
qmof-d4d92f8,SOMMOY_FSR,bandgap_2.5_to_3.0eV,2,Cd,c1ccccc1
qmof-4cea0e0,CEDSIQ_FSR,bandgap_2.5_to_3.0eV,3,Hg,
qmof-1d99f5f,CEDWUE_FSR,bandgap_2.5_to_3.0eV,1,Co,c1ccc2ncccc2c1
qmof-9a141c9,IJEBEF_FSR,bandgap_2.5_to_3.0eV,1,Ag,c1cn(-c2ccc(-c3ccc(-n4ccnc4)s3)s2)cn1
qmof-868bfa7,IMAVIB_FSR,bandgap_2.5_to_3.0eV,4,Tl,
qmof-09e15ea,IKUWAM_FSR,bandgap_2.5_to_3.0eV,4,Cu,
qmof-2cfb1a9,INUQAK_FSR,bandgap_2.5_to_3.0eV,3,Cd,c1cc(-c2ccncc2)ccn1
qmof-e697da3,INIPAY_FSR,bandgap_2.5_to_3.0eV,2,K,O=C1C(=O)C(=O)C(=O)C1=O
qmof-03d42ea,IKIBUZ_FSR,bandgap_2.5_to_3.0eV,1,Co,
qmof-6bca9b9,HEGBAX_FSR,bandgap_2.5_to_3.0eV,5,Zn,[CH]([N][N][CH]c1cccnc1)c1cccnc1
qmof-6494cc5,TIMXUJ_FSR,bandgap_2.5_to_3.0eV,3,Hg,
qmof-52b81d3,CACPOO_FSR,bandgap_2.5_to_3.0eV,2,Zn,O=C1C(=O)c2ccc(-c3ccncc3)cc2-c2cc(-c3ccncc3)ccc21
qmof-145a0bf,CADJAT_FSR,bandgap_2.5_to_3.0eV,1,Co,
qmof-006d43a,TEYWOL_FSR,bandgap_2.5_to_3.0eV,2,Ag,c1cnccn1
qmof-23640d7,SOCXAK_FSR,bandgap_2.5_to_3.0eV,4,Mn,
qmof-7322852,SODXEQ_FSR,bandgap_2.5_to_3.0eV,1,Zn,[CH]([N][N][CH]c1ccncc1)c1ccncc1.c1ccccc1
qmof-96f42f3,CEHWOD_FSR,bandgap_2.5_to_3.0eV,1,Ni,c1cnccn1
qmof-978d756,IGEFOP_FSR,bandgap_2.5_to_3.0eV,2,Hg,
qmof-111ce53,IJEXUR_FSR,bandgap_2.5_to_3.0eV,2,Zn,c1cc([N][N]c2ccncc2)ccn1.c1ccccc1
qmof-a4bb04b,HAYLOL_FSR,bandgap_2.5_to_3.0eV,1,Zn,C(=Nc1cccc2c(N=Cc3ccncc3)cccc12)c1ccncc1
qmof-de45389,HAYTAF_FSR,bandgap_2.5_to_3.0eV,3,Ca,c1cc(-c2ccc(-c3ncc[nH]3)cc2)ccn1
qmof-d5c113e,HAYZOY_FSR,bandgap_2.5_to_3.0eV,1,Ag,c1cnc2c(ccc3nccnc32)n1
qmof-287570d,HAZROP_FSR,bandgap_2.5_to_3.0eV,4,Cu,
qmof-f70c543,HEBLEH_FSR,bandgap_2.5_to_3.0eV,1,Organic_Only,c1ccc(-c2ccccc2)cc1
qmof-bdc19f7,IMIQOM_FSR,bandgap_2.5_to_3.0eV,1,Zn,C(=Cc1ccncc1)c1ccncc1
qmof-7ac41d1,IMOVOW_FSR,bandgap_2.5_to_3.0eV,2,Ag,
qmof-edd85aa,IMUQAJ_FSR,bandgap_2.5_to_3.0eV,5,Zn,c1cc(-c2ccncc2)ccn1
qmof-ffc9870,SISLOY_FSR,bandgap_2.5_to_3.0eV,1,Cu,
qmof-920db9a,SISLUE_FSR,bandgap_2.5_to_3.0eV,1,Cu,
qmof-904b4fd,SISPAO_FSR,bandgap_2.5_to_3.0eV,4,K,O=C1NC(=O)c2ccc3c4c(ccc1c24)C(=O)NC3=O
qmof-43a9124,SISPOC_FSR,bandgap_2.5_to_3.0eV,5,Li,O=C1NC(=O)c2ccc3c4c(ccc1c24)C(=O)NC3=O
qmof-e8cd8b4,BUZGEJ_FSR,bandgap_2.5_to_3.0eV,2,Cu,c1cncc(CN2CCN(Cc3cccnc3)CC2)c1
qmof-cd0f38e,BUZHUA_FSR,bandgap_2.5_to_3.0eV,1,Cu,
qmof-dbdf2e7,TIHPAE_FSR,bandgap_2.5_to_3.0eV,5,Mn,
qmof-d84f27e,TIJHAW_FSR,bandgap_2.5_to_3.0eV,5,V,c1ccc(-c2cc(-c3cc(-c4ccccn4)nc(-c4ccccn4)c3)cc(-c3ccccn3)n2)nc1
qmof-2784e60,IROTAL_FSR,bandgap_2.5_to_3.0eV,3,Cu,c1ccc2nc3c(nc2c1)[O][Cu][O]3
qmof-c9bb6d6,ALOVON_FSR,bandgap_2.5_to_3.0eV,4,Ag,c1cncc(C2=NN=N[N]2)c1
qmof-be04ff1,YATYIC_FSR,bandgap_2.5_to_3.0eV,4,Cu,
qmof-3a4a4ef,IRIWIP_FSR,bandgap_2.5_to_3.0eV,3,Cu,
qmof-c7bed75,INOZOA_FSR,bandgap_2.5_to_3.0eV,5,Hg,
qmof-1ebe47b,IQUBOM01_FSR,bandgap_2.5_to_3.0eV,5,Cu,
qmof-65d5eb5,YEBKIB_FSR,bandgap_2.5_to_3.0eV,1,Ag,
qmof-62e81dc,YEBMOI_FSR,bandgap_2.5_to_3.0eV,3,Ag,c1cnccn1
qmof-131f36e,SESZUO_FSR,bandgap_2.5_to_3.0eV,1,Zn,[CH]1C=C(C2=C[CH]NC=C2)C=CN1
qmof-c3c6d8e,SICDIT_FSR,bandgap_2.5_to_3.0eV,4,Zn,
qmof-f02d68c,SIDRUT_FSR,bandgap_2.5_to_3.0eV,5,Tl,
qmof-84a90c5,SIYCUY_FSR,bandgap_2.5_to_3.0eV,5,Cu,c1ccccc1
qmof-9fad232,ALIFOR01_FSR,bandgap_2.5_to_3.0eV,5,Cu,
qmof-acc6fa7,IPUCEB_FSR,bandgap_2.5_to_3.0eV,1,Cd,c1ccc2c(-c3ccncc3)c3ccccc3c(-c3ccncc3)c2c1
qmof-4a944d6,IPUCUR_FSR,bandgap_2.5_to_3.0eV,4,Cd,c1ccc2c(-c3ccncc3)c3ccccc3c(-c3ccncc3)c2c1
qmof-57bd41b,IQASOI_FSR,bandgap_2.5_to_3.0eV,4,Mn,
qmof-8a5626d,ITENUR_FSR,bandgap_2.5_to_3.0eV,1,Cu,
qmof-2c46e16,ITOZOI_FSR,bandgap_2.5_to_3.0eV,3,Cu,c1ccccc1
qmof-5ab2ae6,HAGWUI_FSR,bandgap_2.5_to_3.0eV,2,Cu,c1ccc(SSc2ccccn2)nc1
qmof-ae5b951,HAGXAP_FSR,bandgap_2.5_to_3.0eV,2,Cu,S=c1ccccn1-c1ccccn1
qmof-d206dbf,HAGXIX_FSR,bandgap_2.5_to_3.0eV,4,Cu,c1ccc(SCSc2ccccn2)nc1
qmof-36654ac,HALLIS_FSR,bandgap_2.5_to_3.0eV,3,Zn,c1cnccn1
qmof-f21d339,HALPOC01_FSR,bandgap_2.5_to_3.0eV,3,Fe,
qmof-011c3e3,HACTEM_FSR,bandgap_2.5_to_3.0eV,2,Cu,c1ccccc1
qmof-f667b4f,TIRBUS_FSR,bandgap_2.5_to_3.0eV,4,Cu,c1ccc2cnncc2c1
qmof-d8b6b8f,TISLUD_FSR,bandgap_2.5_to_3.0eV,3,Ag,[CH]1C=CC=CN1
qmof-3ae46b1,SEZGUZ_FSR,bandgap_2.5_to_3.0eV,4,Cu,c1cnccn1
qmof-d53e130,SGLACU01_FSR,bandgap_2.5_to_3.0eV,2,Cu,c1ccccc1
qmof-d0e040f,ISEMOI_FSR,bandgap_2.5_to_3.0eV,2,Cd,
qmof-e566fbb,ISOHEE_FSR,bandgap_2.5_to_3.0eV,2,Zn,c1cc(-c2ccncc2)ccn1.c1ccc([N][N]c2ccccc2)cc1
qmof-772af30,ISOPOV01_FSR,bandgap_2.5_to_3.0eV,3,Zn,c1cnccn1
qmof-02d6206,HALPUI_FSR,bandgap_2.5_to_3.0eV,3,Fe,
qmof-08da5c1,IVOQEQ_FSR,bandgap_2.5_to_3.0eV,5,Cu,C(=Nc1ccccc1)c1cccc2ccccc12
qmof-39f92ad,HAFHII_FSR,bandgap_2.5_to_3.0eV,2,Zn,[CH]([N]n1cnnc1)c1ccccc1
qmof-99810c8,HAGQOX_FSR,bandgap_2.5_to_3.0eV,4,Co,
qmof-8af78c6,YAZYOP_FSR,bandgap_2.5_to_3.0eV,5,Nd,c1ccccc1
qmof-d843630,YAMLIK_FSR,bandgap_2.5_to_3.0eV,4,Mn,c1cn(-c2ccc(-n3ccnc3)cc2)cn1
qmof-ba2dc43,YASQEQ_FSR,bandgap_2.5_to_3.0eV,1,Mn,C(=Cc1ccncc1)c1ccncc1.c1ccccc1
qmof-aa5ea8d,SEKLEC01_FSR,bandgap_2.5_to_3.0eV,3,Cu,c1ccccc1
qmof-ee705c4,SENDIZ_FSR,bandgap_2.5_to_3.0eV,4,Cu,
qmof-ad52eb9,SEPPIN_FSR,bandgap_2.5_to_3.0eV,2,Mn,c1cnccn1
qmof-e454c8c,CEVPID01_FSR,bandgap_2.5_to_3.0eV,4,Cu,c1ccc(C2=NN=N[N]2)cc1
qmof-2b581ba,CEVPIF_FSR,bandgap_2.5_to_3.0eV,4,Cu,c1cnc2[nH]nnc2c1
qmof-9be5910,BUVTET_FSR,bandgap_2.5_to_3.0eV,2,Mn,c1cc(-c2ccncc2)ccn1
qmof-22ff87f,BUVWOF01_FSR,bandgap_2.5_to_3.0eV,1,Fe,c1ccc(C2=NN=C(c3ccncc3)[N]2)nc1
qmof-444e801,TIPNIQ_FSR,bandgap_2.5_to_3.0eV,2,Cu,C1=NN=N[N]1
qmof-8f360ff,TIPREP_FSR,bandgap_2.5_to_3.0eV,1,Fe,
qmof-2286cb0,TIQZUP01_FSR,bandgap_2.5_to_3.0eV,1,Cu,c1cncnc1
qmof-535c7b9,GUYLUI_FSR,bandgap_2.5_to_3.0eV,2,Zn,c1cc(-c2ccncc2)ccn1.c1csc(-c2cccs2)c1
qmof-5b4883b,HABGEX_FSR,bandgap_2.5_to_3.0eV,1,Cs,O=C1N=C[N]N1.O=C1[N]C=NN1
qmof-50bd2e1,IXUCOT_FSR,bandgap_2.5_to_3.0eV,3,Co,O=C1[N]NC(=O)c2ccccc21
qmof-0d96be5,IWOGIM_FSR,bandgap_2.5_to_3.0eV,5,Ag,c1cnccn1
qmof-b3d9e07,IXEBIW_FSR,bandgap_2.5_to_3.0eV,4,Zn,N=C1C=N[CH]NC1=O.O=c1ccnc[nH]1
qmof-73ded45,SATNOR01_FSR,bandgap_2.5_to_3.0eV,2,Co,c1ccccc1
qmof-e40768f,SEFMUN_FSR,bandgap_2.5_to_3.0eV,5,Mn,c1cc(-c2ccncc2)ccn1.c1ccccc1
qmof-67a153c,CEZKEA_FSR,bandgap_2.5_to_3.0eV,2,Zn,c1ccncc1
qmof-7f3735a,CEZMUS_FSR,bandgap_2.5_to_3.0eV,1,Cd,
qmof-90d1dd5,CEZNAZ_FSR,bandgap_2.5_to_3.0eV,5,Cd,c1ccc2c(C3C(c4ccncc4)C(c4cccc5ccccc45)C3c3ccncc3)cccc2c1
qmof-ccded81,AMEVIX_FSR,bandgap_2.5_to_3.0eV,3,Cu,
qmof-b6e06d1,AMIJAJ_FSR,bandgap_2.5_to_3.0eV,3,Fe,
qmof-48ec37d,AMINUF_FSR,bandgap_2.5_to_3.0eV,3,Cu,
qmof-7b26ade,AMOYIL_FSR,bandgap_2.5_to_3.0eV,4,Zn,C(=Cc1ccc(C=Cc2ccncc2)cc1)c1ccncc1.c1ccccc1
qmof-08f8729,YADSUS_FSR,bandgap_2.5_to_3.0eV,2,Ni,
qmof-d21e6d3,IVIXIW_FSR,bandgap_2.5_to_3.0eV,2,Ag,C(=Cc1ccncc1)c1ccncc1.c1ccc(N=Nc2ccccc2)cc1
qmof-cfcb5ed,IWIPEJ_FSR,bandgap_2.5_to_3.0eV,3,Ag,O=C1C(=Cc2cccnc2)CCCC1=Cc1cccnc1
qmof-0b835b0,IZATUY_FSR,bandgap_2.5_to_3.0eV,4,Pd,
qmof-5f1347b,JABTAI_FSR,bandgap_2.5_to_3.0eV,3,V,
qmof-f125ded,GURCUS_FSR,bandgap_2.5_to_3.0eV,1,Cu,c1ccc2ccccc2c1
qmof-9ef6119,GUVHEL_FSR,bandgap_2.5_to_3.0eV,2,Cu,
qmof-6a4b14c,CIDLUY_FSR,bandgap_2.5_to_3.0eV,5,Hg,
qmof-15af914,CIDMIN_FSR,bandgap_2.5_to_3.0eV,1,Hg,
qmof-6e31a87,CIDMIO_FSR,bandgap_2.5_to_3.0eV,5,Ag,c1ccc(-c2nnc(-c3ccccn3)nc2-c2ccccc2)cc1
qmof-5b9087c,SAXCUP_FSR,bandgap_2.5_to_3.0eV,2,Cr,
qmof-d942d2c,SAXGOQ_FSR,bandgap_2.5_to_3.0eV,3,Ag,c1cc(-c2ccncc2)ccn1
qmof-1a45ce8,SAYWUN_FSR,bandgap_2.5_to_3.0eV,2,Cu,c1ccc(-c2nc3c4cccnc4c4ncccc4c3[nH]2)cc1.c1ccncc1
qmof-34697c5,CIBRIR_FSR,bandgap_2.5_to_3.0eV,5,Cu,O=C(c1ccccc1)N(Cc1cccnc1)C1CCCCC1N(Cc1cccnc1)C(=O)c1ccccc1
qmof-fbf431a,SARKON01_FSR,bandgap_2.5_to_3.0eV,4,Fe,c1ccc(C2=NN=C(c3cccnc3)[N]2)nc1
qmof-c70e8ee,SASCIB_FSR,bandgap_2.5_to_3.0eV,3,Mo,O=C(NC1CCCCC1NC(=O)c1c[nH]cn1)c1c[nH]cn1
qmof-69fcbdc,IWAJEW_FSR,bandgap_2.5_to_3.0eV,1,Zn,c1cc(-c2nnc(-c3ccncc3)nn2)ccn1.c1ccccc1
qmof-5ce2533,GUYLOC_FSR,bandgap_2.5_to_3.0eV,3,Zn,c1cc(-c2ccncc2)ccn1.c1csc(-c2cccs2)c1
qmof-7f0e1cd,AMULOK_FSR,bandgap_2.5_to_3.0eV,3,Cd,O=C(N[N][CH]c1cccc2ncccc12)c1cccnc1
qmof-c0462ed,XUYDIF_FSR,bandgap_2.5_to_3.0eV,4,Cd,c1ccc(-c2nnc(-c3ccncc3)n2-c2ccncc2)nc1
qmof-a3aedc5,YABMOF_FSR,bandgap_2.5_to_3.0eV,3,Mn,O=C1N[N]C(=O)c2ncccc21
qmof-084244e,GUHJOJ_FSR,bandgap_2.5_to_3.0eV,2,Cd,c1ccc(C2=NN=N[N]2)cc1
qmof-b2f66ca,IYUREA_FSR,bandgap_2.5_to_3.0eV,4,Cu,c1ccncc1
qmof-bb48b07,JADWAN_FSR,bandgap_2.5_to_3.0eV,3,Ni,c1cn(-c2cc(-n3ccnc3)cc(-n3ccnc3)c2)cn1
qmof-69c8db4,JAKROD_FSR,bandgap_2.5_to_3.0eV,3,Cu,
qmof-20ce0e3,JAMJOX_FSR,bandgap_2.5_to_3.0eV,5,Hg,
qmof-a02cfee,GULYIX_FSR,bandgap_2.5_to_3.0eV,1,Cu,
qmof-3faf53c,CIHNEO_FSR,bandgap_2.5_to_3.0eV,5,Cu,c1ccccc1
qmof-5319a12,SAWTOZ_FSR,bandgap_2.5_to_3.0eV,4,Cu,
qmof-5982646,SAWVER_FSR,bandgap_2.5_to_3.0eV,3,Cu,
qmof-9ae3430,SAWVUH_FSR,bandgap_2.5_to_3.0eV,4,Cu,
qmof-f447c7f,SAWWAO_FSR,bandgap_2.5_to_3.0eV,3,Cu,
qmof-ead21d1,CIDGON_FSR,bandgap_2.5_to_3.0eV,4,Cd,C1N2CN3CN1CN(C2)C3
qmof-aa24aa4,CIDLOS_FSR,bandgap_2.5_to_3.0eV,5,Hg,
qmof-6040f6b,JEPPEA_FSR,bandgap_2.5_to_3.0eV,3,Cu,c1cnccn1
qmof-421c2b7,JETZUE01_FSR,bandgap_2.5_to_3.0eV,4,Cu,c1cc(Sc2ccncc2)ccn1
qmof-bced2e6,GUCTUU02_FSR,bandgap_2.5_to_3.0eV,2,Mn,
qmof-93dfeb2,GUDCUE_FSR,bandgap_2.5_to_3.0eV,3,Ag,c1ccc(-c2nc3ccccc3nc2-c2ccccc2)cc1
qmof-3d65306,JEFSUJ_FSR,bandgap_2.5_to_3.0eV,2,Cu,
qmof-a326ecc,TIVZOO_FSR,bandgap_2.5_to_3.0eV,5,Mn,C1CNCCN1.c1c[nH]cn1
qmof-5191c64,TIWREX_FSR,bandgap_2.5_to_3.0eV,3,Cu,c1ccccc1
qmof-31fb841,BUTKAD_FSR,bandgap_2.5_to_3.0eV,2,Ni,c1ccc2ccccc2c1
qmof-2ea3b1f,BUTXIY_FSR,bandgap_2.5_to_3.0eV,3,Pb,c1cnc(-c2cnccn2)cn1
qmof-48dc10f,CIDMUZ_FSR,bandgap_2.5_to_3.0eV,4,Hg,
qmof-9abc2d6,CIDNEK_FSR,bandgap_2.5_to_3.0eV,5,Hg,
qmof-314b33f,SAQSAF03_FSR,bandgap_2.5_to_3.0eV,5,Cu,S=c1[nH]c(=S)[nH]c(=S)[nH]1
qmof-36a49d4,SAQSEJ_FSR,bandgap_2.5_to_3.0eV,4,Cu,S=c1[nH]c(=S)[nH]c(=S)[nH]1
qmof-22d24da,SARHAW_FSR,bandgap_2.5_to_3.0eV,1,Fe,c1ccccc1
qmof-cf6e5de,SARJAY_FSR,bandgap_2.5_to_3.0eV,2,Cu,
qmof-4d020d6,AMULAX_FSR,bandgap_2.5_to_3.0eV,1,Cu,c1c[nH+]cc(C2=NN=N[N]2)c1
qmof-d8c6afb,GOYLOX_FSR,bandgap_2.5_to_3.0eV,3,Cd,c1ccccc1
qmof-f2942aa,GOYPOB_FSR,bandgap_2.5_to_3.0eV,5,Cu,
qmof-9f906c1,JIQQIM_FSR,bandgap_2.5_to_3.0eV,2,Cd,c1ccccc1
qmof-49d6640,JIQQOS_FSR,bandgap_2.5_to_3.0eV,5,Cd,c1ccccc1
qmof-67efbe9,JEXCIZ_FSR,bandgap_2.5_to_3.0eV,3,K,
qmof-f817326,XUPCIV_FSR,bandgap_2.5_to_3.0eV,4,Mn,c1cncc(-c2ccnc(SCc3ccc(CSc4nccc(-c5cccnc5)n4)cc3)n2)c1
qmof-eb46ddd,XUTREJ_FSR,bandgap_2.5_to_3.0eV,1,Mn,
qmof-2a537d2,RUVCIV_FSR,bandgap_2.5_to_3.0eV,4,Mn,c1ccccc1
qmof-74da432,SAKLUN_FSR,bandgap_2.5_to_3.0eV,4,Cu,c1ccccc1
qmof-760e8d9,CIHYID_FSR,bandgap_2.5_to_3.0eV,2,Cd,C(=Nn1cnnc1)c1ccccn1
qmof-4f5e770,BUSYIY_FSR,bandgap_2.5_to_3.0eV,4,Cd,c1ccccc1
qmof-92f6474,TISRAO_FSR,bandgap_2.5_to_3.0eV,5,Pd,
qmof-50a4b12,TITHAH_FSR,bandgap_2.5_to_3.0eV,3,Cu,N=C(c1cccnc1)c1cccnc1
qmof-d3d45c4,JAVJUM_FSR,bandgap_2.5_to_3.0eV,1,Hg,
qmof-ab60730,JAZJEA_FSR,bandgap_2.5_to_3.0eV,2,Ag,c1cnccn1
qmof-15a9ba1,JAPREA_FSR,bandgap_2.5_to_3.0eV,1,Cd,c1cc(C2=Nc3c(-n4ccnc4)ccc(-n4ccnc4)c3[N]2)ccn1
qmof-e7bb000,GONLUS_FSR,bandgap_2.5_to_3.0eV,1,Ag,c1ccc(CNCc2cccnc2)cc1
qmof-22695b0,GONMAZ_FSR,bandgap_2.5_to_3.0eV,3,Ag,c1cncc(CNCc2cccnc2)c1
qmof-dba9b91,JOBQUM_FSR,bandgap_2.5_to_3.0eV,2,Ag,c1ccc(-c2ccccn2)nc1
qmof-ec84fcf,GOYRIX_FSR,bandgap_2.5_to_3.0eV,1,Co,
qmof-02c7846,JIQGOF_FSR,bandgap_2.5_to_3.0eV,5,Ag,
qmof-fc79d47,JODVAC_FSR,bandgap_2.5_to_3.0eV,5,Cu,c1ccc2c(c1)nnn2CCCCCn1nnc2ccccc21
qmof-e8d1a8e,JODVIK_FSR,bandgap_2.5_to_3.0eV,4,Cu,
qmof-039ecdf,JOFBIQ01_FSR,bandgap_2.5_to_3.0eV,4,V,
qmof-81035b4,GORGOL_FSR,bandgap_2.5_to_3.0eV,3,Cd,c1ccc(-c2nc(-c3ccccn3)c(-c3ccccn3)nc2-c2ccccn2)nc1
qmof-e717cad,JIVBEW_FSR,bandgap_2.5_to_3.0eV,1,Co,c1ccc2ncccc2c1
qmof-fe78ad2,JIYWUM_FSR,bandgap_2.5_to_3.0eV,4,Zn,[CH]1C=C(C2=C[CH]NC=C2)C=CN1.c1ccccc1
qmof-3a8ae72,SACSIZ_FSR,bandgap_2.5_to_3.0eV,5,Cu,c1cncnc1
qmof-6f21ecc,SACWEB_FSR,bandgap_2.5_to_3.0eV,4,Zn,
qmof-6b0b16d,CILDAD_FSR,bandgap_2.5_to_3.0eV,1,Cu,c1ccncc1
qmof-7a15af1,XOVPII_FSR,bandgap_2.5_to_3.0eV,4,Cu,c1ccccc1
qmof-ca123bd,JIQYIS01_FSR,bandgap_2.5_to_3.0eV,4,Hg,
qmof-3d5b416,JUSKIT_FSR,bandgap_2.5_to_3.0eV,2,Ba,c1ccc(-c2c3ccccc3c(-c3ccccc3)c3ccccc23)cc1
qmof-ebb57c2,GOGKUJ_FSR,bandgap_2.5_to_3.0eV,3,Ag,c1cnccn1
qmof-97e68bf,GOGNAT_FSR,bandgap_2.5_to_3.0eV,1,Tb,
qmof-0df7bd9,JOQRIS_FSR,bandgap_2.5_to_3.0eV,2,Cu,C([N]c1ccncc1)=Nc1ccncc1
qmof-da92f5a,JOQREO_FSR,bandgap_2.5_to_3.0eV,2,Cu,[CH]([N]c1ccncc1)[N]c1ccncc1
qmof-1fcb8db,JOFQIE_FSR,bandgap_2.5_to_3.0eV,3,Zn,c1cc2nc(-c3ccc4cnccc4n3)ccc2cn1
qmof-1a19916,JOFQOK_FSR,bandgap_2.5_to_3.0eV,1,Cd,c1cc2nc(-c3ccc4cnccc4n3)ccc2cn1
qmof-b03493e,XOYWIT_FSR,bandgap_2.5_to_3.0eV,5,Cu,
qmof-688a1df,XUBQES_FSR,bandgap_2.5_to_3.0eV,2,Cu,c1ccc(Sc2ccccc2)cc1
qmof-3d8172e,BURMAE_FSR,bandgap_2.5_to_3.0eV,1,Ag,C1=NC=N[N]1
qmof-a8294e1,BUSGOM_FSR,bandgap_2.5_to_3.0eV,4,Cu,c1ccncc1
qmof-d4582ac,BUSXUJ_FSR,bandgap_2.5_to_3.0eV,1,Zn,c1ccccc1
qmof-911a5bf,RUVCUH_FSR,bandgap_2.5_to_3.0eV,4,Mn,
qmof-e88ad2b,RUMFAI_FSR,bandgap_2.5_to_3.0eV,1,Ag,c1ccccc1.c1cnccn1
qmof-2520893,JOGHUK_FSR,bandgap_2.5_to_3.0eV,2,Mn,c1ccccc1
qmof-f529638,GOMGAS_FSR,bandgap_2.5_to_3.0eV,5,Zn,c1cc(-c2ccncc2)ccn1
qmof-c926dc5,JOXBIJ_FSR,bandgap_2.5_to_3.0eV,4,Zn,O=C(N[N][CH]c1cccc2ncccc12)c1cccnc1
qmof-b1a98b4,JOXPET_FSR,bandgap_2.5_to_3.0eV,3,Ag,c1cnccn1
qmof-2cb73f9,JOXPOD_FSR,bandgap_2.5_to_3.0eV,1,Ag,c1cnccn1
qmof-d3129ea,JOXPUJ_FSR,bandgap_2.5_to_3.0eV,3,Ag,c1cnccn1
qmof-a3da55b,JOXQAQ_FSR,bandgap_2.5_to_3.0eV,2,Ag,c1cnccn1
qmof-9d46a1c,JOXQEU_FSR,bandgap_2.5_to_3.0eV,2,Ag,c1cnccn1
qmof-cf8f8f2,JUXTIF_FSR,bandgap_2.5_to_3.0eV,4,Cu,
qmof-82d7d48,KACJAB_FSR,bandgap_2.5_to_3.0eV,5,Pd,c1ccccc1
qmof-83f42ba,KACYIZ_FSR,bandgap_2.5_to_3.0eV,3,Cd,C(=Cc1ccncc1)c1ccncc1.c1ccc(-c2ccc(-c3ccccc3)cc2)cc1
qmof-9bedbe0,ROGVER_FSR,bandgap_2.5_to_3.0eV,3,Cu,
qmof-014c977,XORQOL01_FSR,bandgap_2.5_to_3.0eV,3,Cu,c1cnc(SCSc2ncccn2)nc1
qmof-803dd45,XOTPOL01_FSR,bandgap_2.5_to_3.0eV,3,V,
qmof-73f900e,XOMTAU_FSR,bandgap_2.5_to_3.0eV,2,Cu,
qmof-23b082a,XOMTIE_FSR,bandgap_2.5_to_3.0eV,4,Cu,
qmof-804ba67,JUJPEJ_FSR,bandgap_2.5_to_3.0eV,3,Cu,
qmof-be02dba,JUKXIY_FSR,bandgap_2.5_to_3.0eV,5,Mn,c1cncc(-c2cccnc2)c1
qmof-7685f3d,KADTEQ_FSR,bandgap_2.5_to_3.0eV,4,Cu,
qmof-4db3325,KAGYOJ_FSR,bandgap_2.5_to_3.0eV,5,Sn,
qmof-f3a8143,KAHMIQ_FSR,bandgap_2.5_to_3.0eV,3,Cu,c1ccc(C2=NN=C(c3ccccn3)[N]2)nc1
qmof-2b45577,KAJFUY_FSR,bandgap_2.5_to_3.0eV,1,Cu,O=C(NCCNC(=O)Nc1cccnc1)Nc1cccnc1
qmof-18467b8,KAKNOA01_FSR,bandgap_2.5_to_3.0eV,5,Cu,c1ccc2ccccc2c1.c1cncc(Oc2ccc(-c3ccc(Oc4cccnc4)cc3)cc2)c1
qmof-7749ab4,JUVYUU_FSR,bandgap_2.5_to_3.0eV,1,Cr,c1ccncc1
qmof-16addb6,ROJKOT_FSR,bandgap_2.5_to_3.0eV,5,Cu,O=C1[CH]C(=O)C(=O)[CH]C1=O
qmof-25af73a,ROBNIG_FSR,bandgap_2.5_to_3.0eV,4,Cu,c1ccccc1
qmof-f342182,ROCVOX_FSR,bandgap_2.5_to_3.0eV,3,Mo,
qmof-0f24bbe,CITLAV_FSR,bandgap_2.5_to_3.0eV,4,Sn,c1ccc2cccc-2cc1
qmof-313ba41,CITLID_FSR,bandgap_2.5_to_3.0eV,2,Na,c1ccc2cccc-2cc1
qmof-2d4accf,CITYAG_FSR,bandgap_2.5_to_3.0eV,5,Cu,c1ccccc1
qmof-8366080,RIWTIC_FSR,bandgap_2.5_to_3.0eV,3,Organic_Only,c1ccc(OCC(COc2ccccc2)COc2ccccc2)cc1
qmof-b0f3adb,RIWWOK_FSR,bandgap_2.5_to_3.0eV,2,Zn,C(=Cc1ccccc1)c1ccccc1
qmof-8ccaa8e,ROSFOW_FSR,bandgap_2.5_to_3.0eV,2,Ag,
qmof-e28dafe,JOWVEW_FSR,bandgap_2.5_to_3.0eV,1,Hg,
qmof-93aaf79,KARSEC_FSR,bandgap_2.5_to_3.0eV,3,Ag,
qmof-75041b5,GIQROP_FSR,bandgap_2.5_to_3.0eV,5,Mn,c1ccc(-c2ccccc2)cc1
qmof-62f985c,GIQVUA_FSR,bandgap_2.5_to_3.0eV,1,Co,
qmof-666050e,AQIFEM_FSR,bandgap_2.5_to_3.0eV,5,Mn,O=C1c2ccccc2C(=O)c2ccccc21
qmof-e132d67,AQIGUD_FSR,bandgap_2.5_to_3.0eV,3,Cu,c1ccccc1
qmof-c3ddefd,XOJKUD01_FSR,bandgap_2.5_to_3.0eV,1,V,c1cc(CCc2ccncc2)ccn1
qmof-cae19ba,GIRQAB_FSR,bandgap_2.5_to_3.0eV,1,Hg,
qmof-b19a7c5,GIWBEV_FSR,bandgap_2.5_to_3.0eV,4,Ag,c1ccccc1.c1cnccn1
qmof-45d96c5,JUVZEF_FSR,bandgap_2.5_to_3.0eV,5,Cu,
qmof-1acb010,JUWRIE_FSR,bandgap_2.5_to_3.0eV,4,Zn,c1ccc(Cn2ccnc2)c(Cn2ccnc2)c1.c1ccc(NNc2ccccc2)cc1
qmof-dd9715b,CIYZIU_FSR,bandgap_2.5_to_3.0eV,4,Er,c1ccsc1
qmof-bd1d6cf,CIZFOG_FSR,bandgap_2.5_to_3.0eV,1,Ni,c1cc(-c2ccncc2)ccn1
qmof-22abcf3,CIZPIM_FSR,bandgap_2.5_to_3.0eV,5,Co,O=C(Nc1ccncc1)c1ccc(C(=O)Nc2ccncc2)cc1
qmof-2a004e6,RIWXAX01_FSR,bandgap_2.5_to_3.0eV,2,Cd,C(=Cc1ccccc1)c1ccccc1
qmof-db74e94,RISVUL_FSR,bandgap_2.5_to_3.0eV,4,Rb,O=C1C=C[CH]C=C1.O=C1[CH]C=CC=C1
qmof-1b500ca,GOBRUL_FSR,bandgap_2.5_to_3.0eV,5,Cd,c1cc(CNc2ccc(-c3ccc(NCc4ccncc4)cc3)cc2)ccn1
qmof-83f7a75,XODJUW_FSR,bandgap_2.5_to_3.0eV,3,Zn,
qmof-37e791c,AQUZUI_FSR,bandgap_2.5_to_3.0eV,5,Cu,O=C(c1ccncc1)N1CCN(C(=O)c2ccncc2)CC1
qmof-14c3c38,ARATIY_FSR,bandgap_2.5_to_3.0eV,1,Cu,c1ccc2ccccc2c1
qmof-1ca4ac2,GIJDEI_FSR,bandgap_2.5_to_3.0eV,3,Cu,
qmof-5876e46,KAWQOP_FSR,bandgap_2.5_to_3.0eV,5,Cu,
qmof-64edccc,COCZOK_FSR,bandgap_2.5_to_3.0eV,3,Cu,c1cncc(NCc2ccc(CNc3cccnc3)cc2)c1
qmof-72dbbff,REZSAR_FSR,bandgap_2.5_to_3.0eV,2,Mo,
qmof-52cd170,RICLIA_FSR,bandgap_2.5_to_3.0eV,2,Cu,O=P1(c2ccccc2)COc2ccccc2OC1
qmof-5448086,RISBOM_FSR,bandgap_2.5_to_3.0eV,5,Cd,c1cc(-c2ccc(N(c3ccc(-c4ccncc4)cc3)c3ccc(-c4ccncc4)cc3)cc2)ccn1
qmof-12917c1,RIHZEN_FSR,bandgap_2.5_to_3.0eV,4,Cu,c1ccccc1
qmof-be8828b,RILDEV_FSR,bandgap_2.5_to_3.0eV,5,Ag,C1=CSCCOCCOCCS1
qmof-999d9d0,CIXXOW_FSR,bandgap_2.5_to_3.0eV,5,Ag,
qmof-a153565,CIYDAP01_FSR,bandgap_2.5_to_3.0eV,4,Cu,
qmof-cda7b48,GIWBIZ_FSR,bandgap_2.5_to_3.0eV,3,Zn,c1cnccn1
qmof-f3c86fd,KAQYIL_FSR,bandgap_2.5_to_3.0eV,2,Cu,c1ccc(-c2cnc(-c3ccc(-c4ncc(-c5ccccc5)o4)cc3)o2)cc1
qmof-afadce0,KAQZAE_FSR,bandgap_2.5_to_3.0eV,3,Cu,c1ccc(-c2cnc(-c3ccc(-c4ncc(-c5ccccc5)o4)cc3)o2)cc1
qmof-fc6aa9f,GIFZIG_FSR,bandgap_2.5_to_3.0eV,4,Cu,c1ccc(CN2CCN(Cc3ccccn3)CC2)nc1
qmof-6d961d0,KAZCOD_FSR,bandgap_2.5_to_3.0eV,2,K,
qmof-c30f3bc,KAZHEZ_FSR,bandgap_2.5_to_3.0eV,1,K,
qmof-f7fed86,KEBQAL_FSR,bandgap_2.5_to_3.0eV,5,Cu,
qmof-fe36449,KEBQEP_FSR,bandgap_2.5_to_3.0eV,4,Cu,
qmof-9df353e,COGLOA_FSR,bandgap_2.5_to_3.0eV,3,Cu,c1ccc(C2=NN=N[N]2)cc1
qmof-d5ed188,COGVEC_FSR,bandgap_2.5_to_3.0eV,1,Cu,
qmof-d5dcdb2,COHVOM01_FSR,bandgap_2.5_to_3.0eV,1,Zn,[CH]1C=C(c2ccncc2)C=CN1
qmof-88da678,COJQEY_FSR,bandgap_2.5_to_3.0eV,3,Cu,
qmof-0faa5f9,RELLOK_FSR,bandgap_2.5_to_3.0eV,3,Cu,c1ccncc1
qmof-00744ff,REMVUC_FSR,bandgap_2.5_to_3.0eV,2,Zn,C1=NN=C[N]1.c1ccccc1
qmof-225a152,RIDJIZ_FSR,bandgap_2.5_to_3.0eV,2,Cu,O=C(Oc1cc2ccccc2cc1OC(=O)c1ccncc1)c1ccncc1
qmof-a0304d6,RIGDOC_FSR,bandgap_2.5_to_3.0eV,2,Ag,c1ccccc1.c1cnccn1
qmof-3424c25,RIGROR_FSR,bandgap_2.5_to_3.0eV,2,Cu,
qmof-47e07dd,RIHSIK_FSR,bandgap_2.5_to_3.0eV,1,Cu,O=C1N=CC=NC1=O.c1cnccn1
qmof-92a333a,COCPOZ_FSR,bandgap_2.5_to_3.0eV,5,Ba,c1ccccc1
qmof-d4b0dbe,GIGBAC_FSR,bandgap_2.5_to_3.0eV,3,Zn,O=C1c2ccccc2C(=O)c2ccccc21
qmof-edfc49d,KEGVAW_FSR,bandgap_2.5_to_3.0eV,3,Tl,
qmof-2c1dcb9,KEGVEA_FSR,bandgap_2.5_to_3.0eV,5,Rb,c1ccccc1
qmof-ddb2d23,KEGZIG_FSR,bandgap_2.5_to_3.0eV,5,Ag,
qmof-4a4cead,KEHVAX_FSR,bandgap_2.5_to_3.0eV,4,Zn,c1coc(-c2ccco2)c1
qmof-e82535e,TOXFIX_FSR,bandgap_2.5_to_3.0eV,5,Hg,
qmof-4ffcb6d,TOZGOE01_FSR,bandgap_2.5_to_3.0eV,5,Ag,c1cnccn1
qmof-9a8cfcb,TUBMIO_FSR,bandgap_2.5_to_3.0eV,1,Cd,
qmof-b678688,BUNGUN_FSR,bandgap_2.5_to_3.0eV,4,Cu,
qmof-96d8778,BUNHAU_FSR,bandgap_2.5_to_3.0eV,3,Cu,
qmof-dccc2e2,BUNHEY_FSR,bandgap_2.5_to_3.0eV,3,Cu,
qmof-a92c7de,BUQQIP_FSR,bandgap_2.5_to_3.0eV,4,Na,C1=C[C]2NON=C2C=C1.[CH]1C=CC=C2NON=C12
qmof-3348556,RETDUS_FSR,bandgap_2.5_to_3.0eV,1,Cu,c1cc(-n2cnnc2)cc(-n2cnnc2)c1
qmof-0bc936c,REWJAH_FSR,bandgap_2.5_to_3.0eV,3,Cu,
qmof-453d314,REQPOV_FSR,bandgap_2.5_to_3.0eV,5,Organic_Only,c1ccc(-c2ccccc2)cc1
qmof-3a7368c,GIMFOZ_FSR,bandgap_2.5_to_3.0eV,3,K,
qmof-c07580b,GIFGUA_FSR,bandgap_2.5_to_3.0eV,2,Cd,c1cn(CCCCn2ccnc2)cn1
qmof-d85a85c,GIFKUE_FSR,bandgap_2.5_to_3.0eV,1,Cd,
qmof-36bc27d,KEKRIE_FSR,bandgap_2.5_to_3.0eV,4,Ca,c1ccc([N][N]c2ccccc2)cc1
qmof-ba4fa5c,KELCUA01_FSR,bandgap_2.5_to_3.0eV,2,Rh,c1cnccn1
qmof-0a9c4b3,GEZVOY_FSR,bandgap_2.5_to_3.0eV,5,Ag,c1ccc(-c2cncnc2)cc1
qmof-9682aa4,GIDCIF_FSR,bandgap_2.5_to_3.0eV,2,Cu,
qmof-19e56ac,GIDQOZ01_FSR,bandgap_2.5_to_3.0eV,4,Mn,c1cnccn1
qmof-c895b41,RAWRUD_FSR,bandgap_2.5_to_3.0eV,4,Cu,c1cnccn1
qmof-40bd696,REJCEP_FSR,bandgap_2.5_to_3.0eV,2,Cu,c1cncc(CSSCc2cccnc2)c1
qmof-79beb3b,COKNUL_FSR,bandgap_2.5_to_3.0eV,4,Cu,
qmof-75309dd,COKNUN01_FSR,bandgap_2.5_to_3.0eV,4,Mn,c1ccccc1
qmof-2264c2b,COKPEZ_FSR,bandgap_2.5_to_3.0eV,3,Mg,c1ccccc1
qmof-eac69bf,COLYAE_FSR,bandgap_2.5_to_3.0eV,2,Cd,
qmof-2b9b71a,TOQROH_FSR,bandgap_2.5_to_3.0eV,1,Fe,C1CCCCC1
qmof-23397f7,TORXOP01_FSR,bandgap_2.5_to_3.0eV,3,Cu,C1=NN=N[N]1
qmof-a756e86,TOWGAP_FSR,bandgap_2.5_to_3.0eV,2,Zn,O=c1cccc[nH]1.c1cc(-c2ccncc2)ccn1
qmof-b89807d,XIPCEF01_FSR,bandgap_2.5_to_3.0eV,4,Cu,c1ccncc1
qmof-fe766fb,XISFOX_FSR,bandgap_2.5_to_3.0eV,5,Zn,c1ccn2ccnc2c1
qmof-7787590,ARINEV_FSR,bandgap_2.5_to_3.0eV,4,Ag,c1cnccn1
qmof-b0bfb8e,KERVIP_FSR,bandgap_2.5_to_3.0eV,1,K,c1ccccc1
qmof-2a0e4a4,KESJAW_FSR,bandgap_2.5_to_3.0eV,3,K,
qmof-4d83581,KESSOS01_FSR,bandgap_2.5_to_3.0eV,2,Cu,
qmof-050c6ef,GESDEP_FSR,bandgap_2.5_to_3.0eV,3,Mn,c1ccc(-c2c3ccccc3c(-c3ccccc3)c3ccccc23)cc1
qmof-0f35ae8,KEYFAX_FSR,bandgap_2.5_to_3.0eV,4,Mn,[CH]1N=C[N]N1Cc1ccc(Cn2cncn2)cc1.c1ncn(Cc2ccc(Cn3cncn3)cc2)n1
qmof-cabbf40,KEQVOT_FSR,bandgap_2.5_to_3.0eV,1,Ag,O=C(Oc1cccc2c(OC(=O)c3ccncc3)cccc12)c1ccncc1
qmof-9ff30cc,RAZBAW_FSR,bandgap_2.5_to_3.0eV,2,Ag,
qmof-79ed331,RAZYEX_FSR,bandgap_2.5_to_3.0eV,5,Cu,c1cnccn1
qmof-65f6051,REDSEZ01_FSR,bandgap_2.5_to_3.0eV,4,Co,
qmof-f314ce7,COPACT02_FSR,bandgap_2.5_to_3.0eV,3,Cu,
qmof-37aec10,COQPAZ01_FSR,bandgap_2.5_to_3.0eV,1,Ag,C(C#Cc1ccccn1)#Cc1ccccn1
qmof-9d51105,COQPAZ_FSR,bandgap_2.5_to_3.0eV,3,Ag,C(C#Cc1ccccn1)#Cc1ccccn1
qmof-206e25b,CORJIC_FSR,bandgap_2.5_to_3.0eV,1,Cu,c1cnccn1
qmof-c8f88ad,KIJYIM01_FSR,bandgap_2.5_to_3.0eV,2,Ag,c1cnccn1
qmof-df70e6a,GEKQUI01_FSR,bandgap_2.5_to_3.0eV,1,K,O=C1C=C[CH]C=C1.O=C1[CH]C=CC=C1
qmof-74c27d5,KIFRUM_FSR,bandgap_2.5_to_3.0eV,5,Cu,
qmof-a4ca9ef,KIBQUI_FSR,bandgap_2.5_to_3.0eV,4,Cu,[CH]1N=C[N]N1Cc1c2ccccc2c(CN2[CH]N=C[N]2)c2ccccc12
qmof-0c70758,TUHWAV_FSR,bandgap_2.5_to_3.0eV,4,Ag,c1ccc2c(-c3ccncc3)c3ccccc3c(-c3ccncc3)c2c1
qmof-b2d2ac6,BUCWIH_FSR,bandgap_2.5_to_3.0eV,5,Cd,c1ccccc1
qmof-ebe89ba,BUHDAL_FSR,bandgap_2.5_to_3.0eV,3,Mn,
qmof-f837f30,RAQZOZ_FSR,bandgap_2.5_to_3.0eV,5,Cu,
qmof-a123871,RARZAN_FSR,bandgap_2.5_to_3.0eV,3,Cu,
qmof-8a007d6,RASVIT_FSR,bandgap_2.5_to_3.0eV,5,Cu,c1cc(-c2ccncc2)ccn1
qmof-4774c35,RATFEA_FSR,bandgap_2.5_to_3.0eV,1,Fe,C(C#Cc1ccncc1)#Cc1ccncc1
qmof-f5af0e8,RATFOK_FSR,bandgap_2.5_to_3.0eV,4,Fe,C(C#Cc1ccncc1)#Cc1ccncc1
qmof-f0c9af4,GEMQAS_FSR,bandgap_2.5_to_3.0eV,1,Co,c1ccc2c(c1)ncn2CCCn1cnc2ccccc21.c1ccccc1
qmof-8bbce0c,GERCAK_FSR,bandgap_2.5_to_3.0eV,4,Co,O=C(Nc1cccnc1)c1cccnc1
qmof-aef676f,KEVGAV_FSR,bandgap_2.5_to_3.0eV,1,Cd,c1ccc(SSc2ccccc2)cc1
qmof-ef3b26e,KEXFAV_FSR,bandgap_2.5_to_3.0eV,1,Cu,c1cc(Sc2ccncc2)ccn1
qmof-21f2274,KIVYEU_FSR,bandgap_2.5_to_3.0eV,5,Sr,c1ccccc1
qmof-49f5ae1,GEHSER01_FSR,bandgap_2.5_to_3.0eV,3,Cu,C1=CSC(=C2SC=CS2)S1
qmof-222ea6e,XILSIU_FSR,bandgap_2.5_to_3.0eV,5,Ag,
qmof-0519a50,XIDZAN_FSR,bandgap_2.5_to_3.0eV,1,Cd,c1ccccc1.c1cn(-c2ccc(-n3ccnc3)cc2)cn1
qmof-96efc84,RALVOR_FSR,bandgap_2.5_to_3.0eV,4,V,
qmof-edd4ef0,RAMHES01_FSR,bandgap_2.5_to_3.0eV,5,Co,c1ccccc1
qmof-3fccae8,RAMJEV_FSR,bandgap_2.5_to_3.0eV,4,Hg,C(#Cc1ccccc1C#Cc1ccccc1C#Cc1ccncc1)c1ccncc1
qmof-5ac6b32,RAMSON_FSR,bandgap_2.5_to_3.0eV,1,Hg,
qmof-33b7d3d,CUCDOX01_FSR,bandgap_2.5_to_3.0eV,4,Cu,
qmof-5bab3c6,CUCPYO12_FSR,bandgap_2.5_to_3.0eV,4,Cu,[CH]1C=CC=CN1
qmof-8ee2e69,TUVVAH_FSR,bandgap_2.5_to_3.0eV,5,Cu,c1ccc2c(c1)nnn2Cn1nnc2ccccc21
qmof-3165240,TUFJUA_FSR,bandgap_2.5_to_3.0eV,4,Hg,
qmof-8957a59,TUFKAH_FSR,bandgap_2.5_to_3.0eV,1,Hg,
qmof-e6a0327,ARIRUQ_FSR,bandgap_2.5_to_3.0eV,4,Hg,
qmof-7d02795,ARONAY_FSR,bandgap_2.5_to_3.0eV,2,Cu,c1ccc(-n2cnnc2)cc1
qmof-e3a20ba,ARUYIX_FSR,bandgap_2.5_to_3.0eV,2,Zn,C(=NNc1ccccc1)c1cccnc1
qmof-6492d35,KIZBEC01_FSR,bandgap_2.5_to_3.0eV,1,K,C(=Cc1ccccc1)c1ccccc1
qmof-c72f180,XIFQEK_FSR,bandgap_2.5_to_3.0eV,5,Cu,
qmof-285b2ff,ASAJUZ_FSR,bandgap_2.5_to_3.0eV,1,Bi,
qmof-02fc147,ASAKAG_FSR,bandgap_2.5_to_3.0eV,5,Bi,
qmof-ef5f46f,ASAXID_FSR,bandgap_2.5_to_3.0eV,4,Zn,c1ccc(C2=NN=N[N]2)cc1
qmof-f774737,ASEBAD_FSR,bandgap_2.5_to_3.0eV,2,Organic_Only,c1ccc2nc(-c3ccc4ccccc4n3)ccc2c1
qmof-d4aace5,KIXXAS_FSR,bandgap_2.5_to_3.0eV,1,Ni,c1cnccn1
qmof-51f0dec,KIYCIH_FSR,bandgap_2.5_to_3.0eV,5,Cu,c1ccncc1
qmof-7a361fd,RAHQOI_FSR,bandgap_2.5_to_3.0eV,5,Cu,c1nnc(SCCSc2nncs2)s1
qmof-5c59bff,RAHQUO_FSR,bandgap_2.5_to_3.0eV,2,Cu,c1nnc(SCCCCSc2nncs2)s1
qmof-8cdca87,RAHREZ_FSR,bandgap_2.5_to_3.0eV,1,Cu,c1nnc(SCCCSc2nncs2)s1
qmof-f51fae1,RAHYIK_FSR,bandgap_2.5_to_3.0eV,5,Cd,c1ccccc1
qmof-78f6bfc,QUZDUM_FSR,bandgap_2.5_to_3.0eV,2,Hg,
qmof-1c721d8,QUZFAU_FSR,bandgap_2.5_to_3.0eV,3,Hg,
qmof-8d4b921,KIVGEC_FSR,bandgap_2.5_to_3.0eV,4,Co,
qmof-579a1f8,KIVWOD_FSR,bandgap_2.5_to_3.0eV,2,Mn,c1ccsc1.c1cn(CCCCn2ccnc2)cn1
qmof-dfd0917,KOSJAF_FSR,bandgap_2.5_to_3.0eV,3,Co,c1ccccc1
qmof-dc7e5a3,KOSKUA_FSR,bandgap_2.5_to_3.0eV,1,Co,c1ccccc1
qmof-ba9fbf5,CUPSOW_FSR,bandgap_2.5_to_3.0eV,4,K,c1ccc(N=Nc2ccccc2)cc1
qmof-f78bef1,RAFLUG_FSR,bandgap_2.5_to_3.0eV,3,K,c1ccc2cc3c(cc2c1)OCCOCCOCCOCCOCCO3
qmof-cdfdc6f,QUVVEK_FSR,bandgap_2.5_to_3.0eV,1,Cd,
qmof-ca88fa4,QUVVIO_FSR,bandgap_2.5_to_3.0eV,4,Cd,
qmof-6610b05,QUVWEL_FSR,bandgap_2.5_to_3.0eV,3,Hg,
qmof-bacc828,QUVZOY_FSR,bandgap_2.5_to_3.0eV,2,Hg,
qmof-2edb599,CUHYUB_FSR,bandgap_2.5_to_3.0eV,1,Gd,c1ccc([N][N]c2ccccc2)cc1
qmof-8b755ec,CUJCIV_FSR,bandgap_2.5_to_3.0eV,2,Tb,c1ccc([N][N]c2ccccc2)cc1
qmof-ceeb95d,KIYZID03_FSR,bandgap_2.5_to_3.0eV,2,K,C(=Cc1ccccc1)c1ccccc1
qmof-e2ab328,KISSIP_FSR,bandgap_2.5_to_3.0eV,5,Cd,
qmof-10cf41c,KIVDID_FSR,bandgap_2.5_to_3.0eV,3,Cu,c1cc(-c2ccncc2)ccn1.c1ccncc1
qmof-2c24a5c,KOGBEP_FSR,bandgap_2.5_to_3.0eV,3,Ba,C1=CN=C[N]1
qmof-ccd7445,KOGBUF_FSR,bandgap_2.5_to_3.0eV,3,K,C1=CN=C[N]1.[CH]1C=NC=N1
qmof-2967134,KOGCAM_FSR,bandgap_2.5_to_3.0eV,2,Na,
qmof-67879cc,KUDPUV_FSR,bandgap_2.5_to_3.0eV,1,Zn,c1ccc2ccccc2c1
qmof-37ddac4,GALXUO_FSR,bandgap_2.5_to_3.0eV,5,Ag,c1cnccn1
qmof-6fb95e8,GANKEM_FSR,bandgap_2.5_to_3.0eV,5,Cu,
qmof-7caab1d,KOZKUH_FSR,bandgap_2.5_to_3.0eV,5,Cu,
qmof-c82cbb7,KOZZOQ_FSR,bandgap_2.5_to_3.0eV,3,Cd,c1cc([N][N]c2ccncc2)ccn1
qmof-f002901,XIDCET_FSR,bandgap_2.5_to_3.0eV,1,Cs,
qmof-a1a5849,QUPZIM01_FSR,bandgap_2.5_to_3.0eV,5,Fe,C1=N[N]C=C1c1ccc([C]2C=NN=C2)cc1
qmof-02d00ee,QUSVIK_FSR,bandgap_2.5_to_3.0eV,4,Co,c1cc(-c2ccncc2)ccn1.c1ccc(Oc2ccccc2)cc1
qmof-a6a11b6,QUTBOY_FSR,bandgap_2.5_to_3.0eV,3,Na,c1ccncc1
qmof-711c472,CUNFEX_FSR,bandgap_2.5_to_3.0eV,1,Cu,O=C(Nc1ccc(Oc2ccc(NC(=O)c3ccncc3)cc2)cc1)c1ccncc1
qmof-05cf9f3,CUPQUA_FSR,bandgap_2.5_to_3.0eV,3,K,
qmof-bc0149c,KIWTAM_FSR,bandgap_2.5_to_3.0eV,2,Cu,c1cnccn1
qmof-8cf88c7,KIXTIW_FSR,bandgap_2.5_to_3.0eV,5,Gd,
qmof-1215008,KUBCIU_FSR,bandgap_2.5_to_3.0eV,3,Cu,
qmof-ce0c773,KUBYIQ_FSR,bandgap_2.5_to_3.0eV,5,Cu,
qmof-ff76421,KOQDEB_FSR,bandgap_2.5_to_3.0eV,2,Cd,c1ccc([N][N]c2ccccc2)cc1.c1cncc(COc2ccccc2OCc2cccnc2)c1
qmof-3825fe9,GADRUB_FSR,bandgap_2.5_to_3.0eV,4,Sr,
qmof-90996c9,GADSAI_FSR,bandgap_2.5_to_3.0eV,2,Ca,
qmof-51703bc,KUYMIB_FSR,bandgap_2.5_to_3.0eV,3,Ag,
qmof-2be2765,KUQXOK_FSR,bandgap_2.5_to_3.0eV,3,Cu,
qmof-546dd2b,ASOWOU_FSR,bandgap_2.5_to_3.0eV,1,Ag,c1cc(-c2ccncc2)ccn1
qmof-eef474b,XEMWAP_FSR,bandgap_2.5_to_3.0eV,5,Cu,C1=NN=C(n2cnnc2)[N]1
qmof-738e108,XELQOV_FSR,bandgap_2.5_to_3.0eV,1,Hg,
qmof-6dc7402,KUTJEQ_FSR,bandgap_2.5_to_3.0eV,4,Cu,
qmof-bc379ad,KUTJOA_FSR,bandgap_2.5_to_3.0eV,1,Cu,
qmof-1ad729f,GAJBOK_FSR,bandgap_2.5_to_3.0eV,2,Cu,O=C(NCCCCNC(=O)c1cccnc1)c1cccnc1
qmof-6b4b6aa,QUMGIP_FSR,bandgap_2.5_to_3.0eV,5,Cu,
qmof-8e732a8,QUMGUC_FSR,bandgap_2.5_to_3.0eV,5,Cu,c1ccc([C]2N=C(c3ccccn3)N=C2c2ccccn2)nc1
qmof-321595e,CUTDOM_FSR,bandgap_2.5_to_3.0eV,1,Zn,c1ccccc1
qmof-480bd21,CUTDUS01_FSR,bandgap_2.5_to_3.0eV,3,Zn,c1ccccc1
qmof-874e961,CUTDUS_FSR,bandgap_2.5_to_3.0eV,5,Zn,c1ccccc1
qmof-77f477c,CUTKUY_FSR,bandgap_2.5_to_3.0eV,3,Pb,c1ccccc1
qmof-cf35b6c,FUQHOP_FSR,bandgap_2.5_to_3.0eV,3,K,
qmof-3214fca,LAMTOL_FSR,bandgap_2.5_to_3.0eV,2,Pb,
qmof-2fbc4be,LAMTUR_FSR,bandgap_2.5_to_3.0eV,2,Pb,
qmof-eaa76fc,LAMVAZ_FSR,bandgap_2.5_to_3.0eV,2,Pb,
qmof-39b29a5,LALKEP_FSR,bandgap_2.5_to_3.0eV,1,Mn,c1ccncc1
qmof-ed866db,XEJCUN_FSR,bandgap_2.5_to_3.0eV,4,Cd,
qmof-83d0f4f,XEKHAY_FSR,bandgap_2.5_to_3.0eV,1,Cu,c1ccncc1
qmof-bce77ec,XEKNOS_FSR,bandgap_2.5_to_3.0eV,1,Co,c1cn(Cc2ccc(Cn3ccnc3)cc2)cn1
qmof-6663119,LAMKUH_FSR,bandgap_2.5_to_3.0eV,4,Cd,
qmof-53f1fd7,FUZVAZ_FSR,bandgap_2.5_to_3.0eV,5,Zn,c1cc(-c2ccncc2)ccn1.c1ccc2c(-c3cccc4ccccc34)cccc2c1
qmof-21ceae6,BUCTAV01_FSR,bandgap_2.5_to_3.0eV,4,Mn,c1ccc2ccccc2c1
qmof-419320c,TUPSIG01_FSR,bandgap_2.5_to_3.0eV,2,K,
qmof-fd1f953,TURTAB_FSR,bandgap_2.5_to_3.0eV,4,Cu,O=C1C(=O)C(=O)C1=O
qmof-827fbe8,QUPZIM_FSR,bandgap_2.5_to_3.0eV,5,Fe,C1=N[N]C=C1c1ccc([C]2C=NN=C2)cc1
qmof-e33dcbe,QULKUE_FSR,bandgap_2.5_to_3.0eV,1,Ag,
qmof-1c152b7,KUPHUY01_FSR,bandgap_2.5_to_3.0eV,3,Co,
qmof-83480f0,LAVFEW_FSR,bandgap_2.5_to_3.0eV,5,Cu,
qmof-ceef48c,FUHPAB_FSR,bandgap_2.5_to_3.0eV,2,Ag,c1ccccc1
qmof-006ae15,FUJMUU_FSR,bandgap_2.5_to_3.0eV,1,Pb,
qmof-a36c542,QUCVIU_FSR,bandgap_2.5_to_3.0eV,3,Cu,c1cncc(-c2nc3ccccc3[nH]2)c1
qmof-fea0a99,CUTNIP_FSR,bandgap_2.5_to_3.0eV,2,Ag,C(=Cc1ccccn1)c1ccncc1.c1ccccc1
qmof-897b9d2,CUVTUJ_FSR,bandgap_2.5_to_3.0eV,4,Co,c1ccccc1
qmof-bdde1f9,CUWRAO_FSR,bandgap_2.5_to_3.0eV,1,Ag,c1cnccn1
qmof-a0eb5fe,CUWRIW_FSR,bandgap_2.5_to_3.0eV,5,Ag,c1cc(-c2ccncc2)ccn1
qmof-9545f03,CUXPAN_FSR,bandgap_2.5_to_3.0eV,3,Sm,C(=Cc1ccccc1)c1ccccc1
qmof-de8f90e,CUXPIV_FSR,bandgap_2.5_to_3.0eV,4,Gd,C(=Cc1ccccc1)c1ccccc1
qmof-32f04aa,CUXPOB_FSR,bandgap_2.5_to_3.0eV,5,Tb,C(=Cc1ccccc1)c1ccccc1
qmof-9ea1107,CUXPUH_FSR,bandgap_2.5_to_3.0eV,1,Er,C(=Cc1ccccc1)c1ccccc1
qmof-fd26248,TUYWIU_FSR,bandgap_2.5_to_3.0eV,5,Ag,c1cnccn1
qmof-8d088c8,GACWIT_FSR,bandgap_2.5_to_3.0eV,3,Ba,
qmof-77cf3ff,LASSEF_FSR,bandgap_2.5_to_3.0eV,4,Zn,O=C1c2ccc3c4c(ccc(c24)C(=O)N1Cc1ccncc1)C(=O)N(Cc1ccncc1)C3=O
qmof-dc4c416,LASTEG_FSR,bandgap_2.5_to_3.0eV,1,Cu,O=C([N][N]C(=O)c1ccccn1)c1ccccn1.c1ccccc1
qmof-366a2aa,LAWFAR_FSR,bandgap_2.5_to_3.0eV,1,Rb,c1ccc([N]c2ccccc2)cc1
qmof-4c5a21f,LAWRUY_FSR,bandgap_2.5_to_3.0eV,3,Cd,C1CCCCC1
qmof-90abf4c,XEHXOY_FSR,bandgap_2.5_to_3.0eV,5,Cu,
qmof-d277af2,CUXQIW_FSR,bandgap_2.5_to_3.0eV,4,Tb,C(=Cc1ccccc1)c1ccccc1
qmof-6ea4b0d,CUXSUK_FSR,bandgap_2.5_to_3.0eV,1,Cd,c1cc(-c2ccncc2)ccn1.c1ccc(COc2ccccc2)cc1
qmof-ad8814b,CUXTOG_FSR,bandgap_2.5_to_3.0eV,4,Cd,c1ccccc1.c1ncn(-c2ccc(-c3ccc(-n4cncn4)cc3)cc2)n1
qmof-43f8428,CUYJIQ_FSR,bandgap_2.5_to_3.0eV,2,Sn,c1ccncc1
qmof-61fe6ed,CUYSAR_FSR,bandgap_2.5_to_3.0eV,5,Cu,c1ccc2c(c1)ncn2CCn1cnc2ccccc21
qmof-a6c2dc0,QOXBUC_FSR,bandgap_2.5_to_3.0eV,2,Cu,C1=CN=C[N]1
qmof-7d144b5,QOXFAK02_FSR,bandgap_2.5_to_3.0eV,4,V,c1cc(-c2ccncc2)ccn1
qmof-9b4c654,QOZXUZ_FSR,bandgap_2.5_to_3.0eV,2,Gd,c1ccsc1
qmof-c521538,QUKREU_FSR,bandgap_2.5_to_3.0eV,2,Co,c1cc(-c2ccncc2)ccn1.c1ccccc1
qmof-dca8305,LATJUO_FSR,bandgap_2.5_to_3.0eV,2,Ni,
qmof-d23c199,LATKAV_FSR,bandgap_2.5_to_3.0eV,2,Cu,
qmof-3d621ad,LATQUV_FSR,bandgap_2.5_to_3.0eV,1,Cd,C(=Cc1ccncc1)c1ccncc1.c1ccc(COc2ccccc2)cc1
qmof-6e6b22b,LAVFAS_FSR,bandgap_2.5_to_3.0eV,2,Cu,
qmof-223769d,LELMIZ_FSR,bandgap_2.5_to_3.0eV,5,Cd,c1cc(-c2ccncc2)ccn1.c1ccccc1
qmof-4389c27,FOWKEI_FSR,bandgap_2.5_to_3.0eV,4,Zn,c1ccccc1
qmof-67389c3,LEBYAU_FSR,bandgap_2.5_to_3.0eV,1,Zn,c1ccc2c(Cn3ccnc3)c3ccccc3c(Cn3ccnc3)c2c1.c1ccncc1
qmof-b8ca403,LECQEQ_FSR,bandgap_2.5_to_3.0eV,5,Ni,c1ccccc1
qmof-373fda4,LEXXAP_FSR,bandgap_2.5_to_3.0eV,1,Cd,c1cn(CCn2ccnc2)cn1
qmof-d071ed8,CUYTEW_FSR,bandgap_2.5_to_3.0eV,4,Cu,c1ccc2c(c1)ncn2CCCn1cnc2ccccc21
qmof-d55ec67,CYPYCU10_FSR,bandgap_2.5_to_3.0eV,4,Cu,c1ccncc1
qmof-d14d764,DABWEL_FSR,bandgap_2.5_to_3.0eV,5,Zn,C(=Cc1ccncc1)c1ccncc1.O=c1ccn(-c2ccccc2)cc1
qmof-f69d443,UDIRAB_FSR,bandgap_2.5_to_3.0eV,2,Co,c1cc(-c2nnc(-c3ccncc3)[nH]2)ccn1.c1ccccc1
qmof-b696fc8,BOXMEI_FSR,bandgap_2.5_to_3.0eV,3,Co,c1ccncc1
qmof-27e3cca,UCADUA_FSR,bandgap_2.5_to_3.0eV,4,Cu,c1ccc(-c2ccc(-c3ccccc3)cc2)cc1
qmof-7d4712b,UCAXIG_FSR,bandgap_2.5_to_3.0eV,5,Mn,c1ccccc1
qmof-a5a6fa2,LAYLEF_FSR,bandgap_2.5_to_3.0eV,1,Co,c1ccc2ncccc2c1
qmof-6880c1e,LAZDAS_FSR,bandgap_2.5_to_3.0eV,5,Mn,
qmof-38716ea,LAVYEN01_FSR,bandgap_2.5_to_3.0eV,2,Co,c1ccccc1
qmof-0c122db,LAWDUJ_FSR,bandgap_2.5_to_3.0eV,3,K,c1ccc([N]c2ccccc2)cc1
qmof-881eff2,LESZEP_FSR,bandgap_2.5_to_3.0eV,3,Cu,C1=C(c2ccncc2)[N]N=C1c1ccncc1.[CH]1C(c2ccncc2)=NN=C1c1ccncc1
qmof-99861b8,FOSQEK_FSR,bandgap_2.5_to_3.0eV,2,Mn,c1ccc([N][N]c2ccccc2)cc1
qmof-16367a4,FOSQIO_FSR,bandgap_2.5_to_3.0eV,2,Co,c1ccc([N][N]c2ccccc2)cc1
qmof-8442576,FOSQUA_FSR,bandgap_2.5_to_3.0eV,1,Zn,c1ccc([N][N]c2ccccc2)cc1
qmof-f1ab94c,FOTNEJ_FSR,bandgap_2.5_to_3.0eV,2,Hg,
qmof-53b3cdb,XASSAO_FSR,bandgap_2.5_to_3.0eV,4,Pb,
qmof-e4a5ede,XATRIU01_FSR,bandgap_2.5_to_3.0eV,3,Organic_Only,c1ccccc1
qmof-4d66a69,XATRIU_FSR,bandgap_2.5_to_3.0eV,4,Organic_Only,c1ccccc1
qmof-3d831dd,QIXGEK_FSR,bandgap_2.5_to_3.0eV,3,Ba,O=C1C=C[CH]C=C1.O=C1[CH]C=CC=C1
qmof-cc37fc3,QOPCED_FSR,bandgap_2.5_to_3.0eV,1,Co,O=C1N=CC=NC1=O
qmof-efc86e6,DAFGUN_FSR,bandgap_2.5_to_3.0eV,5,Cd,
qmof-17b2b67,QOCZUG_FSR,bandgap_2.5_to_3.0eV,5,Ag,
qmof-0e31ab4,QOHDEY_FSR,bandgap_2.5_to_3.0eV,1,K,
qmof-0cf7471,QORREW_FSR,bandgap_2.5_to_3.0eV,2,Cd,c1cc(Cn2ccnc2)cc(Cn2ccnc2)c1.c1ccccc1
qmof-6707d22,XANKED_FSR,bandgap_2.5_to_3.0eV,5,Cu,c1cnccn1
qmof-602401f,LEJJIV01_FSR,bandgap_2.5_to_3.0eV,2,Fe,
qmof-f5fa47d,LIFTOL_FSR,bandgap_2.5_to_3.0eV,2,Cu,
qmof-b2bccba,FOGXEF_FSR,bandgap_2.5_to_3.0eV,2,Co,c1ccccc1
qmof-249932b,XAGPUT_FSR,bandgap_2.5_to_3.0eV,2,Organic_Only,c1ccccc1
qmof-b14702d,AWAWIF_FSR,bandgap_2.5_to_3.0eV,1,Zn,c1cnccn1
qmof-cd3d266,LICDIL_FSR,bandgap_2.5_to_3.0eV,5,Co,O=P(CCP(=O)(c1ccccc1)c1ccccc1)(c1ccccc1)c1ccccc1
qmof-e6d350b,LICHIR_FSR,bandgap_2.5_to_3.0eV,1,Zn,C(=Cc1cccnc1)c1ccc(C=Cc2cccnc2)cc1.c1ccc(-c2ccccc2)cc1
qmof-c533c0e,FOJZEL_FSR,bandgap_2.5_to_3.0eV,4,Zn,C(=Cc1ccncc1)c1ccncc1.c1ccccc1
qmof-17f519a,FOMNOM_FSR,bandgap_2.5_to_3.0eV,4,Sn,c1ccccc1
qmof-313a301,LEXNOT_FSR,bandgap_2.5_to_3.0eV,5,Cu,
qmof-5c28dc8,DANHIL_FSR,bandgap_2.5_to_3.0eV,2,Ag,
qmof-50b429d,QIYNOB03_FSR,bandgap_2.5_to_3.0eV,4,Cu,
qmof-11e1ff2,DAHZAO_FSR,bandgap_2.5_to_3.0eV,3,Cd,c1ccccc1
qmof-8491731,DAKMIN_FSR,bandgap_2.5_to_3.0eV,3,Mn,c1ccc(Oc2ccccc2)cc1
qmof-21409d2,DALCAX_FSR,bandgap_2.5_to_3.0eV,3,Ni,c1cc(Cn2ccnc2)cc(Cn2ccnc2)c1.c1ccccc1
qmof-d9678a4,QIVTUL_FSR,bandgap_2.5_to_3.0eV,4,Cd,c1ccccc1
qmof-afcfed2,QIVYUR_FSR,bandgap_2.5_to_3.0eV,4,Zn,C(=Cc1ccncc1)c1ccncc1
qmof-0d1d4bd,LIYVOG_FSR,bandgap_2.5_to_3.0eV,4,Cu,c1ccccc1
qmof-33414d4,FOBGEJ_FSR,bandgap_2.5_to_3.0eV,3,Mn,
qmof-60f2715,LIRXUG_FSR,bandgap_2.5_to_3.0eV,5,Ag,c1cnc(C2=NN=N[N]2)cn1.c1cnc(C2=N[N]N=N2)cn1
qmof-e8169c3,XACYUV_FSR,bandgap_2.5_to_3.0eV,4,Li,
qmof-07fb9bf,AWOMEG_FSR,bandgap_2.5_to_3.0eV,2,Ag,
qmof-bafaf9d,LINQOP_FSR,bandgap_2.5_to_3.0eV,2,Ag,c1cnccn1
qmof-75a4330,FOCNIX_FSR,bandgap_2.5_to_3.0eV,1,Zn,c1ccc(COc2ccccc2)cc1
qmof-dd19832,FODHEM_FSR,bandgap_2.5_to_3.0eV,5,Mn,c1ccncc1
qmof-cef46c3,UFOQEO_FSR,bandgap_2.5_to_3.0eV,3,Zn,c1ccc([N][N]c2ccccc2)cc1
qmof-f0a7d0f,UFETEG01_FSR,bandgap_2.5_to_3.0eV,4,Cu,c1ccncc1
qmof-91f487b,UDESIG01_FSR,bandgap_2.5_to_3.0eV,5,Rb,O=C1C=C[CH]C=C1
qmof-8795f0c,QIXPET_FSR,bandgap_2.5_to_3.0eV,4,Cu,
qmof-74db68b,QITNEN_FSR,bandgap_2.5_to_3.0eV,1,Mn,c1cnccn1
qmof-47df5b7,QITZUP_FSR,bandgap_2.5_to_3.0eV,1,Cu,c1cncc(C2=NN=N[N]2)c1.c1cncc(C2=N[N]N=N2)c1
qmof-cfc5ef6,DALRAK_FSR,bandgap_2.5_to_3.0eV,1,Ag,
qmof-3f9c4e1,LIGYUX_FSR,bandgap_2.5_to_3.0eV,2,Zn,c1cc(-c2ccncc2)ccn1
qmof-e125d99,FIVPIK_FSR,bandgap_2.5_to_3.0eV,3,Ag,
qmof-6810890,WUVBAR_FSR,bandgap_2.5_to_3.0eV,1,Organic_Only,
qmof-08ed257,WUVYOC_FSR,bandgap_2.5_to_3.0eV,2,Mn,c1cc[nH+]cc1
qmof-5a93d85,AWOVUE_FSR,bandgap_2.5_to_3.0eV,5,Ag,[CH]([N][N][CH]c1ccncc1)c1ccncc1
qmof-d0592e2,QIBVED_FSR,bandgap_2.5_to_3.0eV,2,Zn,c1cnccn1
qmof-d2b7ca9,QEZNOA_FSR,bandgap_2.5_to_3.0eV,2,Hg,
qmof-b2849dd,QEZQIX_FSR,bandgap_2.5_to_3.0eV,4,Hg,
qmof-9c01d33,QEZQOD_FSR,bandgap_2.5_to_3.0eV,5,Hg,
qmof-39c37e1,UFOGEE_FSR,bandgap_2.5_to_3.0eV,3,Zn,c1cc(-c2ccncc2)ccn1.c1ccc([N][N]c2ccccc2)cc1
qmof-c0e5f08,UFONOS_FSR,bandgap_2.5_to_3.0eV,2,Cu,C1=C[C](Sc2ccncc2)C=C1.[CH]1C=CC=C1Sc1ccncc1
qmof-915b8e1,UFONUY_FSR,bandgap_2.5_to_3.0eV,5,Fe,C1=C[C](Sc2ccncc2)C=C1.[CH]1C=CC=C1Sc1ccncc1
qmof-2e883c9,UFOPAG_FSR,bandgap_2.5_to_3.0eV,3,Fe,C1=C[C](Sc2ccncc2)C=C1.[CH]1C=CC=C1Sc1ccncc1
qmof-d309263,FODHIQ_FSR,bandgap_2.5_to_3.0eV,1,Cu,c1ccccc1
qmof-a79f7a8,LIKPUS_FSR,bandgap_2.5_to_3.0eV,1,Cd,C(=Cc1ccc(C=Cc2ccncc2)cc1)c1ccncc1.c1ccccc1
qmof-cc6b28f,LINPAA_FSR,bandgap_2.5_to_3.0eV,4,Ag,c1cnccn1
qmof-2bd31fe,LIYHAE_FSR,bandgap_2.5_to_3.0eV,5,Co,O=C(NCCCCCCNC(=O)c1cccnc1)c1cccnc1.c1ccccc1
qmof-1b6c849,AXAQAT02_FSR,bandgap_2.5_to_3.0eV,1,Ag,c1cnccn1
qmof-4e4607a,WUJFEN_FSR,bandgap_2.5_to_3.0eV,5,Cu,c1ccsc1
qmof-cc574ac,WUJFIR_FSR,bandgap_2.5_to_3.0eV,4,Cu,c1cc(-c2ccncc2)ccn1.c1ccsc1
qmof-846b87e,WUJLUI01_FSR,bandgap_2.5_to_3.0eV,2,Mn,c1cc(CCc2ccncc2)ccn1
qmof-4577c03,LOVQUI_FSR,bandgap_2.5_to_3.0eV,4,Zn,N=C1C=N[CH]NC1=O.O=c1ccnc[nH]1
qmof-a7ec253,LOVTAR_FSR,bandgap_2.5_to_3.0eV,1,Cu,
qmof-102839a,LONKUU01_FSR,bandgap_2.5_to_3.0eV,4,Ag,c1cc(-c2ccncc2)ccn1
qmof-3927138,LONRAJ_FSR,bandgap_2.5_to_3.0eV,2,Cu,c1ccsc1
qmof-c08af26,LOQFAA_FSR,bandgap_2.5_to_3.0eV,3,Ag,c1cc(C2=N[N]N=N2)ccn1
qmof-49c91df,DAXZOU_FSR,bandgap_2.5_to_3.0eV,3,Hg,O=C(NCCN(CCNC(=O)c1ccncc1)CCNC(=O)c1ccncc1)C1=C[CH]NC=C1
qmof-8fc0c9f,QIBBAH_FSR,bandgap_2.5_to_3.0eV,5,K,
qmof-6cb849a,QEXKEM_FSR,bandgap_2.5_to_3.0eV,5,Cu,c1ccc(-c2cc(-c3cnccn3)nc(-c3cnccn3)c2)cc1.c1ccccc1
qmof-b10652a,QEQDEW_FSR,bandgap_2.5_to_3.0eV,2,Cd,[CH]([N][N][CH]c1cccnc1)c1cccnc1
qmof-97a9a72,QEQSOV_FSR,bandgap_2.5_to_3.0eV,1,Cu,O=C1C(=O)C(=O)C1=O
qmof-52246fc,QETBOJ_FSR,bandgap_2.5_to_3.0eV,5,Mn,
qmof-0eafb2f,LOBBEJ_FSR,bandgap_2.5_to_3.0eV,3,Cu,
qmof-2622a28,AXOVIT_FSR,bandgap_2.5_to_3.0eV,2,Mn,O=C1c2ccccc2-c2ccccc21
qmof-243bd48,LURDAE_FSR,bandgap_2.5_to_3.0eV,1,Ag,c1ccccc1.c1cnccn1
qmof-2cc3702,LUSGUC_FSR,bandgap_2.5_to_3.0eV,2,Mn,c1cc[nH+]cc1.c1ccccc1
qmof-58640c4,LUWCEL01_FSR,bandgap_2.5_to_3.0eV,1,Mn,
qmof-7b87b88,FIJSAU_FSR,bandgap_2.5_to_3.0eV,2,K,
qmof-a498ebd,FIMKEU_FSR,bandgap_2.5_to_3.0eV,2,Zn,c1ccc(C2=N[N]C(c3ccccn3)=N[N]2)nc1
qmof-009e30a,LULFUT_FSR,bandgap_2.5_to_3.0eV,5,Cu,
qmof-0455cd5,LULGIJ_FSR,bandgap_2.5_to_3.0eV,1,Cd,O=C([N][N]C(=O)c1ccncc1)c1ccncc1
qmof-2a38a87,LULXEX_FSR,bandgap_2.5_to_3.0eV,3,Zn,C(C=Cc1ccncc1)=Cc1ccncc1.c1ccccc1
qmof-4a2d090,LUGTOX_FSR,bandgap_2.5_to_3.0eV,2,Ni,
qmof-d776b6f,LOVGOU_FSR,bandgap_2.5_to_3.0eV,5,Cu,
qmof-18e13b8,DAZHAO_FSR,bandgap_2.5_to_3.0eV,3,Cu,
qmof-b575710,DAZPYC02_FSR,bandgap_2.5_to_3.0eV,4,Cu,
qmof-d6798a9,QEJLUN01_FSR,bandgap_2.5_to_3.0eV,1,Ag,c1ccc2nccnc2c1
qmof-99d6026,QENBAP_FSR,bandgap_2.5_to_3.0eV,1,Cu,
qmof-da90427,DAXGER_FSR,bandgap_2.5_to_3.0eV,5,Hg,O=C([N]N=Cc1ccccn1)c1ccncc1
qmof-83713ea,FILSAV01_FSR,bandgap_2.5_to_3.0eV,4,Cu,
qmof-e9201ea,FIMDAG_FSR,bandgap_2.5_to_3.0eV,5,Cu,
qmof-14990b5,LUMPAL_FSR,bandgap_2.5_to_3.0eV,2,Ag,c1cnccn1
qmof-ff5cabd,LUMPOZ_FSR,bandgap_2.5_to_3.0eV,4,Ag,c1cnccn1
qmof-00973d4,LUMQEQ_FSR,bandgap_2.5_to_3.0eV,4,Ag,c1cnccn1
qmof-530af98,LUWZEJ_FSR,bandgap_2.5_to_3.0eV,5,Cd,c1ccccc1
qmof-953f377,LUXBAI_FSR,bandgap_2.5_to_3.0eV,4,Mn,c1ccc(-c2cccnc2)cc1
qmof-b30a68e,FIHWOK_FSR,bandgap_2.5_to_3.0eV,3,Ni,S=C1[N]N=C(c2cccnc2)S1
qmof-dbaf834,BOPCIT_FSR,bandgap_2.5_to_3.0eV,2,Mg,
qmof-1aa1ca3,BOQSUW01_FSR,bandgap_2.5_to_3.0eV,4,Ag,c1cc(-c2ccncc2)ccn1
qmof-f3e9eb2,BOQTAD_FSR,bandgap_2.5_to_3.0eV,1,Ag,C(=Cc1ccncc1)c1ccncc1
qmof-411ae6c,QEDMAQ_FSR,bandgap_2.5_to_3.0eV,4,Er,c1csc(-c2cccs2)c1
qmof-295200f,WUGLIU_FSR,bandgap_2.5_to_3.0eV,3,Ba,
qmof-b9019be,WUGLOA_FSR,bandgap_2.5_to_3.0eV,5,Ca,
qmof-64aeaba,AXOLOO_FSR,bandgap_2.5_to_3.0eV,1,Cu,c1ccc(SCc2ccccc2CSc2ccccn2)nc1
qmof-c31564c,AXOVEP_FSR,bandgap_2.5_to_3.0eV,4,Cd,O=C1c2ccccc2-c2ccccc21
qmof-1cc7f79,MAFZAW01_FSR,bandgap_2.5_to_3.0eV,4,Ag,C(=Cc1ccncc1)c1ccncc1
qmof-7787227,MAKRIA_FSR,bandgap_2.5_to_3.0eV,1,Co,c1c[nH+]cc[nH+]1
qmof-4086205,FIJCAE_FSR,bandgap_2.5_to_3.0eV,2,Cd,O=C(Nc1ccc(C#Cc2ccncc2)cc1)c1ccncc1
qmof-c8a0720,FIJCEI_FSR,bandgap_2.5_to_3.0eV,3,Zn,O=C(Nc1ccc(C#Cc2ccncc2)cc1)c1ccncc1
qmof-caee757,FIJFUA_FSR,bandgap_2.5_to_3.0eV,1,Tb,c1cc2ccc3cccc4ccc(c1)c2c34
qmof-5c15ba0,FIDXIC_FSR,bandgap_2.5_to_3.0eV,4,Ag,c1ccncc1
qmof-4def5e6,FIFZOJ10_FSR,bandgap_2.5_to_3.0eV,1,Cu,
qmof-11e62e0,QAWGUT_FSR,bandgap_2.5_to_3.0eV,5,Cd,
qmof-556d95b,QAWJOP01_FSR,bandgap_2.5_to_3.0eV,4,Co,c1ccccc1.c1ccncc1
qmof-9c7dfa6,DAZYEI_FSR,bandgap_2.5_to_3.0eV,4,Zn,c1cc(-c2ccncc2)ccn1
qmof-190ac36,DECBAQ_FSR,bandgap_2.5_to_3.0eV,4,V,c1cnccn1
qmof-999a11d,DECVUE_FSR,bandgap_2.5_to_3.0eV,2,Sn,
qmof-d99607b,QAVDIC01_FSR,bandgap_2.5_to_3.0eV,2,Cd,c1ccc2ccccc2c1
qmof-4d037f7,QAVDOG_FSR,bandgap_2.5_to_3.0eV,5,Cu,O=C1[N]NC(=O)N1
qmof-56c641d,UGAYAE_FSR,bandgap_2.5_to_3.0eV,3,Zn,c1ccccc1
qmof-c246a61,FIKNAP_FSR,bandgap_2.5_to_3.0eV,3,Ag,c1ccncc1
qmof-b1bca8e,WOTZIQ_FSR,bandgap_2.5_to_3.0eV,5,Cu,c1cnc(-c2ncccn2)nc1
qmof-3355877,MACHII01_FSR,bandgap_2.5_to_3.0eV,1,Mn,
qmof-221d349,FEVRED_FSR,bandgap_2.5_to_3.0eV,4,Zn,c1cncc(-c2nnc(-c3cccnc3)nn2)c1.c1cncc(C2=N[N]C(c3cccnc3)=N[N]2)c1
qmof-d6e3fbd,FEWHAS_FSR,bandgap_2.5_to_3.0eV,4,Zn,c1ccc(-c2nnc(-c3ccccc3)nn2)cc1
qmof-9e477b5,FEWRAB_FSR,bandgap_2.5_to_3.0eV,4,Mn,
qmof-c8c50e9,QARPUX_FSR,bandgap_2.5_to_3.0eV,4,Cu,c1cc(SCc2cc(CSc3ccncc3)cc(CSc3ccncc3)c2)ccn1
qmof-0908118,QARQAE_FSR,bandgap_2.5_to_3.0eV,3,Cu,c1cc(SCc2cc(CSc3ccncc3)cc(CSc3ccncc3)c2)ccn1
qmof-3422a7a,DEGJEG_FSR,bandgap_2.5_to_3.0eV,4,Cu,c1cc(C2=NN=N[N]2)ccn1
qmof-b3af55f,QAJZEJ_FSR,bandgap_2.5_to_3.0eV,3,Ag,O=C(NN=Cc1cnccn1)c1ccccn1
qmof-044adae,QAKDAH_FSR,bandgap_2.5_to_3.0eV,4,Cd,C(=Cc1ccncc1)c1ccccc1
qmof-e2276ee,QAKWUV_FSR,bandgap_2.5_to_3.0eV,4,Mn,
qmof-d7df6c4,QANYIQ_FSR,bandgap_2.5_to_3.0eV,1,Ag,
qmof-48b0e97,QAFMAM_FSR,bandgap_2.5_to_3.0eV,4,Ag,C(C=Cc1ccccc1)=Cc1ccccc1
qmof-195c0ca,FIGHAF_FSR,bandgap_2.5_to_3.0eV,5,Cd,c1ccc(-c2nnc(-c3cccnc3)o2)nc1
qmof-4f153a3,FIGHEJ_FSR,bandgap_2.5_to_3.0eV,1,Cd,c1ccc(-c2nnc(-c3ccncc3)o2)nc1
qmof-e9e813b,LUYRAA_FSR,bandgap_2.5_to_3.0eV,3,Mo,c1cc(-n2cnnc2)ccc1-c1nn[nH]n1
qmof-0b46ca0,FELXAV_FSR,bandgap_2.5_to_3.0eV,5,Mo,
qmof-fec0e15,MEBLUD_FSR,bandgap_2.5_to_3.0eV,5,Zn,
qmof-de0077f,PUTFER_FSR,bandgap_2.5_to_3.0eV,3,Cu,O=C1C=C[CH]C=N1.c1cc(-c2ccncc2)ccn1
qmof-fd9adfa,PUVQUT_FSR,bandgap_2.5_to_3.0eV,2,Mn,
qmof-14fbfb7,PUVWAG_FSR,bandgap_2.5_to_3.0eV,5,Cd,O=C1NC(=O)C(=NNc2ccccc2)C(=O)N1
qmof-e102d07,QAGZOP_FSR,bandgap_2.5_to_3.0eV,1,Cu,
qmof-8a65b8e,DEGLOS_FSR,bandgap_2.5_to_3.0eV,2,Cd,c1ccc2ccccc2c1
qmof-fd09389,DEHGAB_FSR,bandgap_2.5_to_3.0eV,1,K,c1ccc(-c2ccccc2)cc1
qmof-b243d26,DEHWOE_FSR,bandgap_2.5_to_3.0eV,3,Mn,O=[PH](c1ccccc1)c1ccccc1
qmof-3998694,QADHOT01_FSR,bandgap_2.5_to_3.0eV,4,Cu,C(=Nc1ccccc1)c1ccccc1
qmof-083a454,MALAMN01_FSR,bandgap_2.5_to_3.0eV,5,Mn,
qmof-97fc651,MASMEY02_FSR,bandgap_2.5_to_3.0eV,3,Cu,c1cc(-c2ccncc2)ccn1
qmof-b788d3d,MATLUR_FSR,bandgap_2.5_to_3.0eV,5,Zn,C(=Nc1ccc(-c2ccc(N=Cc3ccncc3)cc2)cc1)c1ccncc1
qmof-8fd706f,MAXLEC_FSR,bandgap_2.5_to_3.0eV,1,Cu,c1ccc(CSCc2ccc(CSCc3ccccn3)cc2)nc1
qmof-9feb37c,FEPFIS_FSR,bandgap_2.5_to_3.0eV,5,Cd,c1ccc2c(Cn3ccnc3)c3ccccc3c(Cn3ccnc3)c2c1.c1ccc2ccccc2c1
qmof-6f67857,MARFOC_FSR,bandgap_2.5_to_3.0eV,3,Cu,
qmof-6f05745,FEDKAA_FSR,bandgap_2.5_to_3.0eV,1,Cs,c1ccccc1
qmof-5ed9aed,FEDMAC_FSR,bandgap_2.5_to_3.0eV,2,Rb,c1ccccc1
qmof-c32a137,FEFTER_FSR,bandgap_2.5_to_3.0eV,4,Mo,c1cc(-c2cc(-c3ccncc3)cc(-c3ccncc3)c2)ccn1
qmof-abe19f3,MAYBUK_FSR,bandgap_2.5_to_3.0eV,5,Ag,
qmof-198219a,MEPFIX_FSR,bandgap_2.5_to_3.0eV,1,Hg,c1cc(-c2nnc(-c3ccncc3)s2)ccn1
qmof-354fde1,MEKDEM_FSR,bandgap_2.5_to_3.0eV,4,Zn,
qmof-879a6d6,WOKVID_FSR,bandgap_2.5_to_3.0eV,4,Ni,c1ccc(-c2ccccc2)cc1
qmof-ff83ea3,WOLMEQ_FSR,bandgap_2.5_to_3.0eV,2,Ag,c1cc(-c2ccc(-c3ccnnc3)cc2)cnn1
qmof-6c0ffdd,BOKSOK_FSR,bandgap_2.5_to_3.0eV,2,Fe,c1ccc(N(c2ccccn2)c2cc(N(c3ccccn3)c3ccccn3)ncn2)nc1
qmof-f5dbc93,BOKWII_FSR,bandgap_2.5_to_3.0eV,2,Cd,c1cc(-c2ccncc2)ccn1
qmof-a6f4cc1,PYAZCU10_FSR,bandgap_2.5_to_3.0eV,5,Cu,c1ccnnc1
qmof-8e85940,AYELOH_FSR,bandgap_2.5_to_3.0eV,3,Cu,c1ccncc1
qmof-054541d,AYELUN_FSR,bandgap_2.5_to_3.0eV,1,Cu,c1ccncc1
qmof-f5690c7,AYIWOV01_FSR,bandgap_2.5_to_3.0eV,4,Cd,c1cc(-c2ccncc2)ccn1.c1ccccc1
qmof-4fc4a40,AYODIC_FSR,bandgap_2.5_to_3.0eV,5,Cu,c1cncc(-c2ncc[nH]2)c1
qmof-b0186a3,MEKDUC_FSR,bandgap_2.5_to_3.0eV,5,Cd,
qmof-84292ef,FAXGUH_FSR,bandgap_2.5_to_3.0eV,3,Ag,c1cc(-c2ccncc2)ccn1
qmof-1c86de8,FAXJUM_FSR,bandgap_2.5_to_3.0eV,4,Cd,c1ccc(-c2nc(-c3ccccn3)c(-c3ccccn3)nc2-c2ccccn2)nc1
qmof-df6c211,FEHGUX_FSR,bandgap_2.5_to_3.0eV,2,Dy,
qmof-dfef5fe,MESWEM_FSR,bandgap_2.5_to_3.0eV,1,Hg,
qmof-dee632b,FAZWOS_FSR,bandgap_2.5_to_3.0eV,1,Cu,
qmof-a74b442,FAZYEL_FSR,bandgap_2.5_to_3.0eV,3,Cd,c1cc(-c2ccncc2)ccn1.c1ccc(-c2ccccc2)cc1
qmof-6aa9860,PUPTOK_FSR,bandgap_2.5_to_3.0eV,3,Cd,c1ccccc1
qmof-fbfab17,DEPWUR_FSR,bandgap_2.5_to_3.0eV,5,Mn,c1ncn(CCCCn2cncn2)n1
qmof-c14baa5,POTQEW_FSR,bandgap_2.5_to_3.0eV,1,Zn,
qmof-2084a97,POXKET_FSR,bandgap_2.5_to_3.0eV,5,Li,
qmof-a09abf4,POYQOK_FSR,bandgap_2.5_to_3.0eV,5,Mn,c1cc[nH+]cc1.c1ccccc1
qmof-9e9806d,WOPJIW_FSR,bandgap_2.5_to_3.0eV,4,Co,
qmof-b65a2da,WOCHUS_FSR,bandgap_2.5_to_3.0eV,3,Mn,c1cc(-c2ccncc2)ccn1
qmof-32457b4,MEXLAE_FSR,bandgap_2.5_to_3.0eV,4,Co,O=C1c2ccccc2C(=O)c2ccccc21.c1ccc(Cn2ccnc2)c(Cn2ccnc2)c1
qmof-0db285c,FECVEO_FSR,bandgap_2.5_to_3.0eV,4,Rb,c1ccccc1
qmof-52a1760,FEDFOJ_FSR,bandgap_2.5_to_3.0eV,2,Rb,c1ccccc1
qmof-1c5a2db,WIRGEM_FSR,bandgap_2.5_to_3.0eV,2,Mn,c1cnccn1
qmof-17c0863,MIXFAC_FSR,bandgap_2.5_to_3.0eV,4,Cu,C1CCCCC1
qmof-c05a1d4,FASKUI_FSR,bandgap_2.5_to_3.0eV,5,Hg,
qmof-646df48,MIRWIU_FSR,bandgap_2.5_to_3.0eV,4,Ni,c1cc(-c2ccncc2)ccn1.c1ccccc1
qmof-57bbdbb,WOFSUH_FSR,bandgap_2.5_to_3.0eV,3,Pd,
qmof-9fa77bd,WIXGAN_FSR,bandgap_2.5_to_3.0eV,2,Cu,c1ccc2c(c1)nnn2OCCCOn1nnc2ccccc21
qmof-4097e0e,FATJAN_FSR,bandgap_2.5_to_3.0eV,1,Co,O=C(NCCNC(=O)c1cc[nH+]cc1)c1cc[nH+]cc1
qmof-9798592,MIMZOX_FSR,bandgap_2.5_to_3.0eV,5,Co,
qmof-98dce4c,MINJOK_FSR,bandgap_2.5_to_3.0eV,4,Mn,c1ccc(-c2c(-c3cccs3)sc(-c3cccs3)c2-c2ccccc2)cc1
qmof-b5e6f6b,MIWBID_FSR,bandgap_2.5_to_3.0eV,4,Cu,
qmof-bac9b75,PIZFIQ_FSR,bandgap_2.5_to_3.0eV,2,Co,c1cc([N][N]c2cc[nH+]cc2)cc[nH+]1
qmof-b1e068b,PIZGAJ_FSR,bandgap_2.5_to_3.0eV,1,Co,c1cc([N][N]c2cc[nH+]cc2)cc[nH+]1
qmof-ea3e64b,POPICR01_FSR,bandgap_2.5_to_3.0eV,4,K,O=C1C=C[CH]C=C1
qmof-1872d69,PORBUU_FSR,bandgap_2.5_to_3.0eV,5,Sn,
qmof-d2ed0fc,POMPIR_FSR,bandgap_2.5_to_3.0eV,4,Co,
qmof-d6cb039,MIBWEC_FSR,bandgap_2.5_to_3.0eV,3,Cd,O=C(C=Cc1cccnc1)Nc1cccc2c(NC(=O)C=Cc3cccnc3)cccc12.c1ccccc1
qmof-a543e01,MOPNIQ_FSR,bandgap_2.5_to_3.0eV,4,Zn,c1cc(-c2ccncc2)ccn1
qmof-450aa23,UKELEB_FSR,bandgap_2.5_to_3.0eV,3,Cu,c1cnccn1
qmof-ac5fb8a,UJEROR_FSR,bandgap_2.5_to_3.0eV,5,Mn,c1cc(-c2ccncc2)ccn1.c1ccc(-c2ccccc2)cc1
qmof-b8e4039,POFBOC_FSR,bandgap_2.5_to_3.0eV,1,Cu,
qmof-e5e5d05,POFFAT_FSR,bandgap_2.5_to_3.0eV,4,Cu,c1ccncc1
qmof-08db645,PIZDUA_FSR,bandgap_2.5_to_3.0eV,4,Co,c1cc([N][N]c2cc[nH+]cc2)cc[nH+]1
qmof-275dcce,PIZFAI_FSR,bandgap_2.5_to_3.0eV,1,Co,c1cc([N][N]c2cc[nH+]cc2)cc[nH+]1
qmof-3c4efcd,PIZFEM_FSR,bandgap_2.5_to_3.0eV,5,Co,c1cc([N][N]c2cc[nH+]cc2)cc[nH+]1
qmof-f5de41a,MIXLAI_FSR,bandgap_2.5_to_3.0eV,3,Zn,c1cc([N][N]c2ccncc2)ccn1
qmof-46c77c7,MIXMOW_FSR,bandgap_2.5_to_3.0eV,4,Ag,[CH]([N][N][CH]c1ccco1)c1ccco1
qmof-ee8c30a,MIZKOW_FSR,bandgap_2.5_to_3.0eV,5,Cu,c1ccncc1
qmof-6d5bf88,MIZLIR01_FSR,bandgap_2.5_to_3.0eV,5,Cu,c1cnc(SCSc2ncccn2)nc1
qmof-a79068c,MIZLIR_FSR,bandgap_2.5_to_3.0eV,5,Cu,c1cnc(SCSc2ncccn2)nc1
qmof-7661853,MIZLOX_FSR,bandgap_2.5_to_3.0eV,2,Cu,c1cnc(SCSc2ncccn2)nc1
qmof-b0aae08,MIZLUD_FSR,bandgap_2.5_to_3.0eV,3,Cu,c1cnc(SCCSc2ncccn2)nc1
qmof-ff83df9,WIQBEF_FSR,bandgap_2.5_to_3.0eV,3,Cu,[CH]1N=C[N]N1Cc1ccc(Cn2cncn2)c2ccccc12.c1ccc2c(Cn3cncn3)ccc(Cn3cncn3)c2c1
qmof-3ed54a7,MOSSUI_FSR,bandgap_2.5_to_3.0eV,1,Hg,
qmof-95dc237,FAJLUA_FSR,bandgap_2.5_to_3.0eV,2,Zn,O=C(Nc1ccc(Oc2ccccc2)cc1)c1ccncc1
qmof-c8f6487,MOLDIB_FSR,bandgap_2.5_to_3.0eV,5,Cu,
qmof-f6d88fe,MOLRUC_FSR,bandgap_2.5_to_3.0eV,2,Zn,c1ccccc1
qmof-dc694ac,PITMUB_FSR,bandgap_2.5_to_3.0eV,4,Cu,
qmof-0e9a127,PIWZUR_FSR,bandgap_2.5_to_3.0eV,1,Cd,c1cc(-c2cc[nH+]cc2)cc[nH+]1
qmof-fb7e966,PIYGEL_FSR,bandgap_2.5_to_3.0eV,5,Ag,
qmof-00aa9a9,DICVOC_FSR,bandgap_2.5_to_3.0eV,1,Cu,c1ccccc1
qmof-fc7ce55,UMUYIL_FSR,bandgap_2.5_to_3.0eV,5,Cu,c1cc(SCSc2ccncc2)ccn1
qmof-832a1ad,UNARIK_FSR,bandgap_2.5_to_3.0eV,5,Mn,c1cnccn1
qmof-9b4fafa,BOHLAM_FSR,bandgap_2.5_to_3.0eV,5,Ca,c1ccccc1
qmof-14d9a90,BAHNEG_FSR,bandgap_2.5_to_3.0eV,1,Ag,c1ccc(N=Nc2ccccc2)cc1
qmof-d346410,BAHNOQ_FSR,bandgap_2.5_to_3.0eV,2,Ag,[CH]([N][N][CH]c1cccnc1)c1cccnc1
qmof-a6ec3b8,WILHOO_FSR,bandgap_2.5_to_3.0eV,2,Na,C1COCCO1
qmof-a1de810,MOMZEU_FSR,bandgap_2.5_to_3.0eV,5,Ag,O=C(c1ccncc1)c1ccncc1
qmof-a2e5c9f,FALYIA_FSR,bandgap_2.5_to_3.0eV,2,Cu,
qmof-b5fc2ca,MUBZEQ01_FSR,bandgap_2.5_to_3.0eV,5,Cd,c1cc(-c2ccncc2)ccn1.c1ccc2ccccc2c1
qmof-3e2c2de,FACTOV_FSR,bandgap_2.5_to_3.0eV,3,Ag,O=C1NC(=O)C(=NNc2ccccc2)C(=O)N1
qmof-e5bc0b8,FADVUD_FSR,bandgap_2.5_to_3.0eV,4,Pb,
qmof-181fecb,WICXUE_FSR,bandgap_2.5_to_3.0eV,5,Cu,
qmof-67b2819,WIGDUL_FSR,bandgap_2.5_to_3.0eV,2,Cu,
qmof-4a650ba,BALFAV03_FSR,bandgap_2.5_to_3.0eV,3,Mo,c1cc(-c2ccncc2)ccn1
qmof-64280ff,WETFEJ_FSR,bandgap_2.5_to_3.0eV,1,Cd,C1=N[N]C(c2ccccn2)=C1.[CH]1C=NN=C1c1ccccn1.c1cnccn1
qmof-3104826,MOVTUO_FSR,bandgap_2.5_to_3.0eV,3,Co,C(=Cc1ccncc1)c1ccncc1.c1ccccc1
qmof-2f35f0d,FAFDEX_FSR,bandgap_2.5_to_3.0eV,3,K,
qmof-9747309,DIJZOM_FSR,bandgap_2.5_to_3.0eV,4,Zn,c1ccc(Sc2ccccc2)cc1
qmof-c1f90f1,PIGSEG_FSR,bandgap_2.5_to_3.0eV,2,Cd,c1cc(-c2ccncc2)ccn1.c1ccc(C(=C(c2ccccc2)c2ccccc2)c2ccccc2)cc1
qmof-57abf68,DIDNOV_FSR,bandgap_2.5_to_3.0eV,5,Cu,
qmof-e7249e1,DIFRIU01_FSR,bandgap_2.5_to_3.0eV,3,Ag,O=S1(=O)[N]C(=S)c2ccccc21
qmof-1031d24,DIHQAP_FSR,bandgap_2.5_to_3.0eV,4,Organic_Only,c1ccccc1
qmof-eb7c07e,PIZKUG_FSR,bandgap_2.5_to_3.0eV,5,Cu,c1ccncc1
qmof-94699eb,POCWAH_FSR,bandgap_2.5_to_3.0eV,5,Sr,
qmof-c7cd5a3,MOXZAB_FSR,bandgap_2.5_to_3.0eV,2,Pb,C1CCCCC1
qmof-c5f786c,MUQVEB01_FSR,bandgap_2.5_to_3.0eV,1,Li,O=C1c2ccccc2C(=O)c2ccccc21
qmof-867714c,MUMBON_FSR,bandgap_2.5_to_3.0eV,2,Mn,
qmof-af44312,EYUVIE_FSR,bandgap_2.5_to_3.0eV,3,Co,c1cc(-c2ccncc2)ccn1
qmof-700998f,EZEQEH_FSR,bandgap_2.5_to_3.0eV,2,Mg,c1cc(-c2cc[nH+]cc2)cc[nH+]1.c1ccccc1
qmof-4208484,EZILEF_FSR,bandgap_2.5_to_3.0eV,3,Fe,
qmof-e03dbd5,MUHLAC_FSR,bandgap_2.5_to_3.0eV,5,Fe,c1cc(-c2ccncc2)ccn1
qmof-b001a65,MURRIB_FSR,bandgap_2.5_to_3.0eV,2,K,[CH]1[N]CCN1
qmof-0467156,UNOGOU_FSR,bandgap_2.5_to_3.0eV,1,Rb,O=C1C=C[CH]C=C1.O=C1[CH]C=CC=C1
qmof-8266b5a,UNULEW_FSR,bandgap_2.5_to_3.0eV,4,Cu,
qmof-1a9a06d,UMUSIG_FSR,bandgap_2.5_to_3.0eV,4,Cd,c1ccc(-c2nc(-c3ccccn3)c(-c3ccccn3)nc2-c2ccccn2)nc1
qmof-6417424,UMUYEH_FSR,bandgap_2.5_to_3.0eV,1,Cu,c1cc(SCSc2ccncc2)ccn1
qmof-c41e374,PIJGAR_FSR,bandgap_2.5_to_3.0eV,2,Cd,O=C1C(=O)C(=O)C(=O)C1=O.c1cnc(-c2ncccn2)nc1
qmof-1115e4f,PIJGEV_FSR,bandgap_2.5_to_3.0eV,4,Cd,O=C1C(=O)C(=O)C1=O.c1cnc(-c2ncccn2)nc1
qmof-63f404f,DIHQET_FSR,bandgap_2.5_to_3.0eV,1,Organic_Only,c1ccccc1
qmof-5a6407d,MUKZAT_FSR,bandgap_2.5_to_3.0eV,1,Cu,c1ccccc1
qmof-284c1aa,MUTBUA_FSR,bandgap_2.5_to_3.0eV,3,Cu,[CH]1N=C[N]N1CC(Cc1ccncn1)c1ccccc1
qmof-d265887,MUVBAI_FSR,bandgap_2.5_to_3.0eV,1,Na,O=C1[N]N=CN1[N][N]n1cn[nH]c1=O
qmof-41bc44e,MUSGUC_FSR,bandgap_2.5_to_3.0eV,3,Cu,
qmof-5592882,MUPLEP_FSR,bandgap_2.5_to_3.0eV,2,Cu,c1cc(-c2nnc(-c3ccncc3)[nH]2)ccn1
qmof-83bf23c,MUPMAM01_FSR,bandgap_2.5_to_3.0eV,4,Cu,c1cncc(-c2nnc(-c3cccnc3)[nH]2)c1
qmof-3a1f7d3,MUPMEQ_FSR,bandgap_2.5_to_3.0eV,4,Cu,c1cncc(-c2nnc(-c3cccnc3)[nH]2)c1
qmof-1b62c0a,MUQTUO_FSR,bandgap_2.5_to_3.0eV,1,Cu,c1ccccc1
qmof-1406ccc,WEPWIA_FSR,bandgap_2.5_to_3.0eV,3,Co,c1cncc(CSc2nnc(SCc3cccnc3)s2)c1
qmof-56168eb,WERMEL_FSR,bandgap_2.5_to_3.0eV,2,Cd,
qmof-b4fd7d5,PIHJOG_FSR,bandgap_2.5_to_3.0eV,2,Hg,
qmof-a1efcf0,PIHJUM_FSR,bandgap_2.5_to_3.0eV,1,Hg,
qmof-1dacdd7,DILPAR_FSR,bandgap_2.5_to_3.0eV,1,Ag,c1ccc(-c2cc(-c3ccccn3)nc(-c3ccccn3)c2)cc1.c1ccccc1
qmof-983687c,DIMQOH_FSR,bandgap_2.5_to_3.0eV,2,Ag,c1cc(-c2ccncc2)ccn1
qmof-bac8e02,UQESUG_FSR,bandgap_2.5_to_3.0eV,5,Cu,c1ccc(Cn2cncn2)c(Cn2cncn2)c1.c1ccccc1
qmof-32a3837,USAWOC_FSR,bandgap_2.5_to_3.0eV,2,Ni,[CH]1N=C[N]N1c1ccc(-c2ccc(N3[CH]N=C[N]3)cc2)cc1.c1ccccc1
qmof-e08db99,BIYYUE_FSR,bandgap_2.5_to_3.0eV,3,Mn,c1cncnc1
qmof-2f1b443,WEJRIP_FSR,bandgap_2.5_to_3.0eV,5,Zn,
qmof-265b56c,WAYYUS_FSR,bandgap_2.5_to_3.0eV,4,Cu,
qmof-04353f7,DIWCES01_FSR,bandgap_2.5_to_3.0eV,5,Cu,c1cc(SCSc2ccncc2)ccn1
qmof-7e5c22f,DIWCUJ_FSR,bandgap_2.5_to_3.0eV,5,Ag,c1ccccc1.c1cnccn1
qmof-dab2b61,PICVEE_FSR,bandgap_2.5_to_3.0eV,1,Ag,
qmof-ecf9ede,PICYAE_FSR,bandgap_2.5_to_3.0eV,5,K,c1ccccc1
qmof-d6992f4,PICYIM_FSR,bandgap_2.5_to_3.0eV,3,Li,c1ccccc1
qmof-b0ddd80,DIPKIW_FSR,bandgap_2.5_to_3.0eV,5,Cu,c1cncnc1
qmof-f61c150,DIPROL_FSR,bandgap_2.5_to_3.0eV,3,Organic_Only,
qmof-e8bce86,DIPRUR_FSR,bandgap_2.5_to_3.0eV,4,Organic_Only,
qmof-925845d,PETXAO_FSR,bandgap_2.5_to_3.0eV,3,Zn,
qmof-b806efd,BAQXOG01_FSR,bandgap_2.5_to_3.0eV,3,Mn,O=C1C(=O)C(=O)C1=O
qmof-0f33589,WEGLAX_FSR,bandgap_2.5_to_3.0eV,3,Cu,
qmof-736e83b,MUZCEQ_FSR,bandgap_2.5_to_3.0eV,5,Fe,
qmof-22d90d1,MUZHOF_FSR,bandgap_2.5_to_3.0eV,3,Ag,c1ccncc1
qmof-ba95831,EXUMOZ_FSR,bandgap_2.5_to_3.0eV,5,Mn,c1ccc(-c2ccccn2)nc1
qmof-1c4f825,WASFAY_FSR,bandgap_2.5_to_3.0eV,2,Cu,
qmof-ad44d4e,NAYHUQ_FSR,bandgap_2.5_to_3.0eV,1,Ni,
qmof-ab449b7,NASZAK_FSR,bandgap_2.5_to_3.0eV,3,Bi,O=C1[CH]C(=O)C(=O)[CH]C1=O
qmof-906b305,UTIBAC_FSR,bandgap_2.5_to_3.0eV,4,Li,
qmof-b3a70b2,UTIBIK_FSR,bandgap_2.5_to_3.0eV,1,Rb,
qmof-bcc71d2,BIYKUR_FSR,bandgap_2.5_to_3.0eV,1,Cu,c1cnc(SSc2ncccn2)nc1
qmof-675adb3,BIYLOM_FSR,bandgap_2.5_to_3.0eV,3,Cu,
qmof-9723edf,UQEFUS_FSR,bandgap_2.5_to_3.0eV,3,Sn,
qmof-9679def,PEVZOG_FSR,bandgap_2.5_to_3.0eV,2,Co,c1c[nH+]cc[nH+]1
qmof-00ed6b6,NAQFER_FSR,bandgap_2.5_to_3.0eV,3,Ag,c1ccccc1.c1ccccc1
qmof-bc46dbc,EXAVOP_FSR,bandgap_2.5_to_3.0eV,1,Cu,C(=Cc1ccncc1)c1ccncc1.c1ccccc1
qmof-0f7c76b,EXERIJ_FSR,bandgap_2.5_to_3.0eV,5,Zn,c1cc(-c2ccncc2)ccn1
qmof-b8eb470,NAKNIY_FSR,bandgap_2.5_to_3.0eV,5,Cu,c1ccc(SCSc2ccccn2)nc1
qmof-dbee9b2,NAFGAE_FSR,bandgap_2.5_to_3.0eV,3,Mn,c1ccccc1
qmof-fbd4fed,NAGBII_FSR,bandgap_2.5_to_3.0eV,5,Organic_Only,c1ccc(-c2cccc(-c3ccccc3)c2)cc1
qmof-69314a9,NAGZIH_FSR,bandgap_2.5_to_3.0eV,1,Cu,c1ccccc1
qmof-bf460d2,NAVRIO_FSR,bandgap_2.5_to_3.0eV,3,Cu,
qmof-5224f49,PEPTUA_FSR,bandgap_2.5_to_3.0eV,4,Mo,c1ccc2nccnc2c1
qmof-3506788,DIXPEH01_FSR,bandgap_2.5_to_3.0eV,4,Hg,
qmof-ba1d37d,DIXPIL01_FSR,bandgap_2.5_to_3.0eV,5,Hg,
qmof-8742974,DIZWEP_FSR,bandgap_2.5_to_3.0eV,1,Co,O=C(c1ccccc1)c1ccccc1
qmof-b0f5ecd,DIZYOB_FSR,bandgap_2.5_to_3.0eV,3,Cu,c1cncc(-c2cccnc2)c1
qmof-edbe499,PEJVAD_FSR,bandgap_2.5_to_3.0eV,2,Cu,O=C(NCCNC(=O)Nc1cccnc1)Nc1cccnc1.c1ccc2ccccc2c1
qmof-1497a17,PEJVIL_FSR,bandgap_2.5_to_3.0eV,2,Cu,O=C(NCCNC(=O)Nc1cccnc1)Nc1cccnc1
qmof-dd74d6f,UWEBEF_FSR,bandgap_2.5_to_3.0eV,4,Cu,
qmof-156cc42,UWEBOP_FSR,bandgap_2.5_to_3.0eV,4,Cu,
qmof-d73f9b2,UTEZOK_FSR,bandgap_2.5_to_3.0eV,2,Cs,
qmof-e184986,WEBKAS_FSR,bandgap_2.5_to_3.0eV,2,Rb,O=C1[CH]C=CC(=O)[CH]1
qmof-b7041f4,WEBKEW_FSR,bandgap_2.5_to_3.0eV,5,Cs,O=C1C=C[CH]C=C1
qmof-6bd9402,WEBVOO_FSR,bandgap_2.5_to_3.0eV,3,Cu,
qmof-b3649d4,BARPAO_FSR,bandgap_2.5_to_3.0eV,3,Cu,
qmof-1dca0c6,BASMUE_FSR,bandgap_2.5_to_3.0eV,4,Mn,c1cc(-c2ccncc2)ccn1.c1ccccc1
qmof-25eb644,WATWIA_FSR,bandgap_2.5_to_3.0eV,3,Fe,
qmof-5c9a8d6,DOHQIB_FSR,bandgap_2.5_to_3.0eV,1,Cd,c1cc(-c2ccncc2)ccn1
qmof-dd09d8f,PELBAM_FSR,bandgap_2.5_to_3.0eV,1,Ag,c1ccccc1.c1cnccn1
qmof-b537f4f,PELBEQ_FSR,bandgap_2.5_to_3.0eV,3,Ag,c1ccccc1.c1cnccn1
qmof-c27a91a,PEGZEI_FSR,bandgap_2.5_to_3.0eV,4,Cu,
qmof-17877f3,DOCHEJ_FSR,bandgap_2.5_to_3.0eV,3,Rb,O=C1C=C[CH]C=N1
qmof-f38caad,DOCPOB_FSR,bandgap_2.5_to_3.0eV,2,Ce,c1ccncc1
qmof-104309e,DOCQOC_FSR,bandgap_2.5_to_3.0eV,2,Cd,c1ccncc1
qmof-6011be7,DODNIU_FSR,bandgap_2.5_to_3.0eV,5,Ag,c1csc(-c2cccs2)c1
qmof-e30a535,PEFDEK01_FSR,bandgap_2.5_to_3.0eV,4,Cu,c1cc(C2=NN=C(c3ccncc3)[N]2)ccn1
qmof-d9809f0,EVURUJ_FSR,bandgap_2.5_to_3.0eV,1,Zn,c1ccc(Oc2ccccc2)cc1
qmof-a915127,NAQFIV_FSR,bandgap_2.5_to_3.0eV,4,Ag,c1ccccc1
qmof-394db35,NEFDIL_FSR,bandgap_2.5_to_3.0eV,3,Cu,
qmof-31f7337,NAZWIX_FSR,bandgap_2.5_to_3.0eV,5,Cd,c1cc([N][N]c2ccncc2)ccn1.c1ccccc1
qmof-a170fdf,ETUGUV_FSR,bandgap_2.5_to_3.0eV,5,Cu,c1cc([N][N]c2ccncc2)ccn1
qmof-10aa8d9,ETUKEK_FSR,bandgap_2.5_to_3.0eV,3,Ag,c1ccccc1
qmof-fdc1db0,NEKTIJ_FSR,bandgap_2.5_to_3.0eV,1,Cu,
qmof-30e7776,NEKXAD_FSR,bandgap_2.5_to_3.0eV,4,Cu,
qmof-a69e224,NEKXEH_FSR,bandgap_2.5_to_3.0eV,3,Cu,c1cnc(SCc2ccc(CSc3ncccn3)cc2)nc1
qmof-c12e218,NELKOE_FSR,bandgap_2.5_to_3.0eV,4,Cu,
qmof-5bcb068,ESUCIF01_FSR,bandgap_2.5_to_3.0eV,4,Fe,
qmof-8ffd817,ESUCUR01_FSR,bandgap_2.5_to_3.0eV,2,Fe,
qmof-a76ae33,UXUQIP_FSR,bandgap_2.5_to_3.0eV,3,Ni,c1cnccn1
qmof-b4e619a,BINXOM_FSR,bandgap_2.5_to_3.0eV,4,Au,
qmof-049a2ef,UWEBEF01_FSR,bandgap_2.5_to_3.0eV,1,Cu,
qmof-556d7b3,PEFYOR_FSR,bandgap_2.5_to_3.0eV,5,Zn,c1ccc2c(-c3ccncc3)c3ccccc3c(-c3ccncc3)c2c1
qmof-656c2ee,DOGZUV_FSR,bandgap_2.5_to_3.0eV,4,Zn,C(=Cc1ccncc1)c1ccncc1.c1ccccc1
qmof-a583a54,NAVYIU_FSR,bandgap_2.5_to_3.0eV,5,Gd,
qmof-3ad0212,NAVYOA_FSR,bandgap_2.5_to_3.0eV,5,Sm,
qmof-92814dc,NEFNAQ_FSR,bandgap_2.5_to_3.0eV,5,Li,O=C1[C](C(c2ccccc2)c2ccccc2)C(=O)C(=O)[C](C(c2ccccc2)c2ccccc2)C1=O
qmof-a6ae0f1,NEGLUJ_FSR,bandgap_2.5_to_3.0eV,2,Zn,
qmof-c870313,NEBTOF_FSR,bandgap_2.5_to_3.0eV,4,Cd,c1ccc(Oc2ccccc2)cc1.c1ccc2c(-n3ccnc3)c3ccccc3c(-n3ccnc3)c2c1
qmof-056750f,ESATAU_FSR,bandgap_2.5_to_3.0eV,2,Zn,c1cc(-c2ccncc2)ccn1
qmof-00e611b,NEMZIQ_FSR,bandgap_2.5_to_3.0eV,2,Ag,c1cnccn1.c1cnccn1
qmof-6005a80,NEMZOW_FSR,bandgap_2.5_to_3.0eV,4,Ag,c1cnccn1
qmof-8e8295c,NETHIE_FSR,bandgap_2.5_to_3.0eV,4,Zn,O=C(Oc1ccc(C2(c3ccc(OC(=O)c4cccnc4)cc3)c3ccccc3-c3ccccc32)cc1)c1cccnc1
qmof-efcd351,NETQEJ_FSR,bandgap_2.5_to_3.0eV,5,Ag,C(=NN=Cc1nccs1)c1nccs1
qmof-e568186,PAXWIV_FSR,bandgap_2.5_to_3.0eV,2,Cu,
qmof-18c691a,PAYZEX_FSR,bandgap_2.5_to_3.0eV,4,Mn,c1cncnc1
qmof-9d5a46c,DOKPAV_FSR,bandgap_2.5_to_3.0eV,4,K,[CH]1C=CC=CC=C1
qmof-efbec56,DOMYUA_FSR,bandgap_2.5_to_3.0eV,5,Hg,
qmof-338291d,DOPQEE01_FSR,bandgap_2.5_to_3.0eV,5,Cu,c1ccc(SSc2ccccn2)nc1
qmof-177ecfa,UWIMET_FSR,bandgap_2.5_to_3.0eV,1,Ag,c1cnc(-c2ncccn2)nc1
qmof-a7901c6,UXEWEB_FSR,bandgap_2.5_to_3.0eV,5,K,O=C1[N]N=CN1[N][N]N1C=N[N]C1=O.O=c1[nH]ncn1[N][N]n1cn[nH]c1=O
qmof-7ffb302,BBZONC01_FSR,bandgap_2.5_to_3.0eV,4,Cu,
qmof-d43a3be,BEBDUK_FSR,bandgap_2.5_to_3.0eV,5,Mg,C1=CC2=C3C=CC=C[N]3[Pt][N]2C=C1
qmof-1547839,WAGKEX_FSR,bandgap_2.5_to_3.0eV,2,Cu,c1ccc2c(c1)ncn2CCCCn1cnc2ccccc21.c1ccc2ccccc2c1
qmof-ddef0e3,WAHMID_FSR,bandgap_2.5_to_3.0eV,3,Mo,c1ncn(CCn2cncn2)n1
qmof-28f0c4f,NETYAP_FSR,bandgap_2.5_to_3.0eV,2,Ho,c1ccc2cc3ccccc3cc2c1
qmof-875b2e9,ERAREU_FSR,bandgap_2.5_to_3.0eV,1,Ag,
qmof-657a971,NERDIX_FSR,bandgap_2.5_to_3.0eV,1,Cu,
qmof-ae97b2b,NENJIB01_FSR,bandgap_2.5_to_3.0eV,4,Zn,c1ccccc1.c1cncc([C]2N=C(c3cccnc3)[N]N2)c1
qmof-cc4910d,VUYTAL_FSR,bandgap_2.5_to_3.0eV,2,Co,O=C(c1ccncc1)N1CCN(C(=O)c2ccncc2)CC1
qmof-bb2839a,WACQAT_FSR,bandgap_2.5_to_3.0eV,3,Co,
qmof-bdb54d3,UYENOC_FSR,bandgap_2.5_to_3.0eV,1,Co,
qmof-74b7695,PASGAU_FSR,bandgap_2.5_to_3.0eV,5,Cu,c1cc(C2=NN=N[N]2)ccn1
qmof-b792eba,PANROO_FSR,bandgap_2.5_to_3.0eV,1,Cd,c1ccc2ccccc2c1.c1cncc(NCc2ccc(CNc3cccnc3)cc2)c1
qmof-3fe07f6,DOQBAN_FSR,bandgap_2.5_to_3.0eV,3,Cu,
qmof-9f3f1aa,DOQROQ_FSR,bandgap_2.5_to_3.0eV,2,Mn,c1cc(-c2ccncc2)ccn1
qmof-a3d0c86,PALHOA_FSR,bandgap_2.5_to_3.0eV,1,Cd,c1ccccc1
qmof-41a421b,ETAWOM_FSR,bandgap_2.5_to_3.0eV,3,Co,c1ccc2c(-n3ccnc3)c3ccccc3c(-n3ccnc3)c2c1
qmof-94c1285,NEFJAM_FSR,bandgap_2.5_to_3.0eV,2,K,O=C1[CH]C=CC1=O
qmof-d21be4e,NENXOU_FSR,bandgap_2.5_to_3.0eV,2,Cu,c1cc[nH+]cc1
qmof-f191a19,ESARAT_FSR,bandgap_2.5_to_3.0eV,4,Zn,c1ccc(NNc2ccccc2)cc1.c1cn(CCCCCn2ccnc2)cn1
qmof-2030d07,VOYVIQ_FSR,bandgap_2.5_to_3.0eV,4,Ag,c1ccccc1.c1cnccn1
qmof-13eb8e0,VOZQEI03_FSR,bandgap_2.5_to_3.0eV,2,Cu,
qmof-480dd0a,BEHHUR_FSR,bandgap_2.5_to_3.0eV,3,Mn,
qmof-d8112f8,BEHLOR_FSR,bandgap_2.5_to_3.0eV,3,Ag,
qmof-c49f101,NEWZIA_FSR,bandgap_2.5_to_3.0eV,5,Zn,C(=Cc1ccncc1)c1ccncc1.S=C1[CH]C=CC=N1
qmof-969bb72,NEYHOO_FSR,bandgap_2.5_to_3.0eV,5,Cu,
qmof-bca8d34,NEYNUC_FSR,bandgap_2.5_to_3.0eV,5,Mn,c1cc(-c2ccncc2)ccn1.c1ccccc1
qmof-178416a,PAFMOB_FSR,bandgap_2.5_to_3.0eV,2,Cu,
qmof-918c8d1,PAHVAW_FSR,bandgap_2.5_to_3.0eV,3,Cu,c1ccccc1
qmof-2774aad,PAHWAX_FSR,bandgap_2.5_to_3.0eV,5,Cu,
qmof-eea62f6,PAHXIG_FSR,bandgap_2.5_to_3.0eV,3,Mn,c1cc(-c2ccncc2)ccn1.c1ccccc1
qmof-0e116bf,DORVUD01_FSR,bandgap_2.5_to_3.0eV,4,Cu,
qmof-6c12fd7,DORWEO_FSR,bandgap_2.5_to_3.0eV,5,Cu,
qmof-e0a9631,UZEPEV_FSR,bandgap_2.5_to_3.0eV,4,Ag,
qmof-15d237d,BIKXIE_FSR,bandgap_2.5_to_3.0eV,1,Zn,C(=Cc1ccncc1)c1ccncc1.c1ccccc1
qmof-de728cd,NETXUI_FSR,bandgap_2.5_to_3.0eV,1,Er,c1ccc2cc3ccccc3cc2c1
qmof-3787d32,VOLJAH01_FSR,bandgap_2.5_to_3.0eV,4,Na,O=C1C=C[CH]C=C1
qmof-3ce92c0,VOLKEM_FSR,bandgap_2.5_to_3.0eV,2,Cu,c1cnccn1
qmof-5cbf12d,VIZCEN_FSR,bandgap_2.5_to_3.0eV,1,Cu,
qmof-d72a836,NIKREG_FSR,bandgap_2.5_to_3.0eV,3,Fe,
qmof-d976696,NILLEA_FSR,bandgap_2.5_to_3.0eV,5,Co,
qmof-e5376d7,NIMVEL_FSR,bandgap_2.5_to_3.0eV,2,Cu,c1ccncc1
qmof-e8122f2,NIMVIP_FSR,bandgap_2.5_to_3.0eV,1,Cu,c1ccncc1
qmof-88dbbc6,ENOSEH_FSR,bandgap_2.5_to_3.0eV,5,Gd,c1ccc([N][N]c2ccccc2)cc1
qmof-647f2f7,PADCEE_FSR,bandgap_2.5_to_3.0eV,4,Zn,C(=Cc1ccncc1)c1ccncc1.c1ccccc1
qmof-d7d4799,OYEKOT_FSR,bandgap_2.5_to_3.0eV,1,Cd,
qmof-debe154,OYOHUG_FSR,bandgap_2.5_to_3.0eV,2,Co,c1ccccc1
qmof-def2f62,OYUDOD_FSR,bandgap_2.5_to_3.0eV,1,Cu,[CH]1N=C[N]N1c1ccc(-c2ccc(N3[CH]N=C[N]3)cc2)cc1.c1ccccc1
qmof-c4e0f79,NIJYEM_FSR,bandgap_2.5_to_3.0eV,1,Zn,O=C1[N]NC(=O)c2cc3ccccc3cc21
qmof-09e67ae,EPEYAA_FSR,bandgap_2.5_to_3.0eV,3,Zn,C(=Cc1ccncc1)c1ccncc1
qmof-2369672,NIBXON_FSR,bandgap_2.5_to_3.0eV,3,Cu,O=C(Nc1ccc(NC(=O)c2cccnc2)cc1)c1cccnc1
qmof-3a33f7e,NICVAW_FSR,bandgap_2.5_to_3.0eV,2,Cu,C=c1c(=C)c(=O)c1=O
qmof-2677300,NODDAM_FSR,bandgap_2.5_to_3.0eV,1,Zn,c1cnccn1
qmof-d270b21,NODYOW_FSR,bandgap_2.5_to_3.0eV,2,V,c1nnc[nH]1
qmof-5243a2c,ENOSIL_FSR,bandgap_2.5_to_3.0eV,3,Er,c1ccc([N][N]c2ccccc2)cc1
qmof-d8b8533,ENUZEU_FSR,bandgap_2.5_to_3.0eV,5,Pb,
qmof-ece521b,NIGKAS_FSR,bandgap_2.5_to_3.0eV,1,Mn,
qmof-8529691,NIRROX_FSR,bandgap_2.5_to_3.0eV,1,Co,
qmof-3e96a80,NISZEU_FSR,bandgap_2.5_to_3.0eV,4,Mo,
qmof-8397f53,NIVXAU_FSR,bandgap_2.5_to_3.0eV,2,Fe,c1ccccc1
qmof-c05888d,EMUWOA_FSR,bandgap_2.5_to_3.0eV,3,Zn,C(C=Cc1ccncc1)=Cc1ccncc1.c1ccsc1
qmof-8e4a100,ENANUD_FSR,bandgap_2.5_to_3.0eV,3,Cd,c1ccc2c(c1)ncn2CCCCn1cnc2ccccc21
qmof-b538420,UZAVOH_FSR,bandgap_2.5_to_3.0eV,4,Cu,
qmof-aecacb7,OXOROK_FSR,bandgap_2.5_to_3.0eV,1,Dy,O=C1C(=O)C(=O)C1=O.c1cc[nH+]cc1
qmof-3d6fcc8,OXUVOU02_FSR,bandgap_2.5_to_3.0eV,2,Cu,C(=Nc1cccc2c(N=Cc3ccncc3)cccc12)c1ccncc1
qmof-9d06776,OXUXEM02_FSR,bandgap_2.5_to_3.0eV,2,Cu,C(=Nc1cccc2c(N=Cc3ccncc3)cccc12)c1ccncc1
qmof-9024308,OXALFE07_FSR,bandgap_2.5_to_3.0eV,2,Fe,
qmof-d587666,VOKNEO_FSR,bandgap_2.5_to_3.0eV,5,Na,
qmof-5948a73,NUGHEE_FSR,bandgap_2.5_to_3.0eV,4,Zn,[CH]1N=C[N]N1c1ccc(-c2ccc(-n3cncn3)cc2)cc1.c1ccccc1
qmof-6068c8d,NIXSOE_FSR,bandgap_2.5_to_3.0eV,4,Zn,C(C=Cc1ccncc1)=Cc1ccncc1.c1ccccc1
qmof-d1216ba,NIXWAV_FSR,bandgap_2.5_to_3.0eV,1,Tb,c1csc(-c2cccs2)c1
qmof-6bd302b,NIYCEF01_FSR,bandgap_2.5_to_3.0eV,1,Organic_Only,c1ccccc1
qmof-803f80f,NOKLIJ_FSR,bandgap_2.5_to_3.0eV,3,Ni,c1ccccc1
qmof-e77916f,NOJGAV_FSR,bandgap_2.5_to_3.0eV,4,Cd,
qmof-3f2cc61,VOBLOO_FSR,bandgap_2.5_to_3.0eV,4,Cu,C(=NCCCN=Cc1ccccc1)c1ccccc1
qmof-d6e31ae,OXELEK_FSR,bandgap_2.5_to_3.0eV,4,Cu,
qmof-754a74e,OXOKES_FSR,bandgap_2.5_to_3.0eV,5,Cu,C(=Cc1ncc[nH]1)c1ncc[nH]1
qmof-dce5b26,OXOQIC_FSR,bandgap_2.5_to_3.0eV,2,Cu,c1cn(Cc2ccc(Cn3ccnc3)cc2)cn1
qmof-fef756d,DUHDOA_FSR,bandgap_2.5_to_3.0eV,5,Cd,
qmof-7e9d037,BIFZAT_FSR,bandgap_2.5_to_3.0eV,4,Ni,c1ccc(-c2nc(-c3ccccn3)c(-c3ccccn3)nc2-c2ccccn2)nc1.c1ccccc1
qmof-c429dbc,VAMQUY_FSR,bandgap_2.5_to_3.0eV,4,Co,c1ccccc1
qmof-9b147f7,BIHMAH_FSR,bandgap_2.5_to_3.0eV,3,Li,c1ccc([N][N]c2ccccc2)cc1
qmof-8dc568d,ENEDAE_FSR,bandgap_2.5_to_3.0eV,3,Pb,
qmof-b33b31e,NOCJEV_FSR,bandgap_2.5_to_3.0eV,2,Cu,c1ccc2c(-c3ccncc3)c3ccccc3c(-c3ccncc3)c2c1
qmof-30fdc38,NUCDAR_FSR,bandgap_2.5_to_3.0eV,2,Mn,[CH]1N=C[N]N1CCCCn1cncn1.c1ncn(CCCCn2cncn2)n1
qmof-621f980,NUXYUC_FSR,bandgap_2.5_to_3.0eV,4,Co,C(C=C(c1ccccc1)c1ccccc1)=C(c1ccccc1)c1ccccc1
qmof-d572147,EKOMAT_FSR,bandgap_2.5_to_3.0eV,3,Zn,O=C1[N]NC(=O)c2cc3c(cc21)C(=O)N[N]C3=O
qmof-63270e1,EKOMEX_FSR,bandgap_2.5_to_3.0eV,4,Cd,O=C1[N]NC(=O)c2cc3c(cc21)C(=O)N[N]C3=O
qmof-bc15af2,NUVBIR_FSR,bandgap_2.5_to_3.0eV,5,Cu,
qmof-3195183,NOQDEE_FSR,bandgap_2.5_to_3.0eV,3,Zn,O=C(Nc1cccnc1)c1cccc(C(=O)Nc2cccnc2)n1.c1ccncc1
qmof-9f56ed6,NUKNEN_FSR,bandgap_2.5_to_3.0eV,3,Cu,c1ccccc1
qmof-ada4a4b,ELIMUI_FSR,bandgap_2.5_to_3.0eV,5,Ni,c1cc(-c2ccncc2)ccn1
qmof-4857358,OWAYER_FSR,bandgap_2.5_to_3.0eV,5,Zn,c1ccc(Oc2ccccc2)cc1.c1ccc2[nH]c(-c3ccncc3)nc2c1
qmof-d4624eb,DUKSAE_FSR,bandgap_2.5_to_3.0eV,2,Ag,c1cc(-c2ccncc2)ccn1
qmof-ec7bd74,OVIBUS_FSR,bandgap_2.5_to_3.0eV,5,Cd,c1ccc(N(c2ccccc2)c2ccccc2)cc1
qmof-aa48b68,OXAZIY_FSR,bandgap_2.5_to_3.0eV,1,Cd,c1ccc2nsnc2c1
qmof-47eb3b5,BENJAH_FSR,bandgap_2.5_to_3.0eV,3,Cu,c1ccoc1
qmof-8a01ddb,VIXFAL_FSR,bandgap_2.5_to_3.0eV,3,K,c1ccccc1
qmof-5c4a211,VIXZEJ_FSR,bandgap_2.5_to_3.0eV,5,Ag,c1ccccc1
qmof-993d367,NUFFAX01_FSR,bandgap_2.5_to_3.0eV,2,Ag,c1ccc(P(CN(CP(c2ccccc2)c2ccccc2)c2ccc(N(CP(c3ccccc3)c3ccccc3)CP(c3ccccc3)c3ccccc3)cc2)c2ccccc2)cc1
qmof-55409e0,OCEYIF_FSR,bandgap_2.5_to_3.0eV,4,Zn,C(=Cc1ccncc1)c1ccncc1.c1ccccc1
qmof-c8df599,OCIVAA01_FSR,bandgap_2.5_to_3.0eV,2,Fe,
qmof-3db4dff,EJINOB_FSR,bandgap_2.5_to_3.0eV,1,Zn,c1ccc(-c2nc3c4cccnc4c4ncccc4c3[nH]2)cc1
qmof-5c369eb,ODISOL_FSR,bandgap_2.5_to_3.0eV,4,Cu,c1ccc(-c2nc3ccccc3s2)c(SCCSc2ccccc2-c2nc3ccccc3s2)c1
qmof-99ecd48,NUNGEK_FSR,bandgap_2.5_to_3.0eV,2,Cu,c1ccccc1
qmof-aa314f7,NUNWAV_FSR,bandgap_2.5_to_3.0eV,5,Ag,c1ccc(-c2ccncn2)nc1
qmof-64a2be7,OBORIH_FSR,bandgap_2.5_to_3.0eV,5,Ag,
qmof-ea27d90,NUZJEZ01_FSR,bandgap_2.5_to_3.0eV,3,Co,O=C(Nc1cccnc1)C(=O)Nc1cccnc1
qmof-2253402,OROZOL_FSR,bandgap_2.5_to_3.0eV,2,Mn,c1cc[nH+]cc1
qmof-1db968d,OQIJOO_FSR,bandgap_2.5_to_3.0eV,2,Mn,
qmof-ba7d63d,OQOGAD_FSR,bandgap_2.5_to_3.0eV,4,Cd,
qmof-8a2fa8a,OTOXEB_FSR,bandgap_2.5_to_3.0eV,3,Ag,C(#Cc1ccncc1)c1ccncc1
qmof-0888573,OVAFUN_FSR,bandgap_2.5_to_3.0eV,3,Cd,c1cc(Nc2ccncc2)ccn1.c1ccccc1
qmof-8ce647a,OSOGIO_FSR,bandgap_2.5_to_3.0eV,5,Hg,C(=Nc1cccc2c(N=Cc3cccnc3)cccc12)c1cccnc1
qmof-46e5a60,OSOGOU_FSR,bandgap_2.5_to_3.0eV,3,Hg,
qmof-a374762,DUNLIJ_FSR,bandgap_2.5_to_3.0eV,1,Cu,C1=CN=N[N]1.[CH]1C=NN=N1
qmof-20e5849,VIDNII_FSR,bandgap_2.5_to_3.0eV,4,Mn,c1ccc(OCc2ccccc2COc2ccccc2)cc1
qmof-b5db4ad,VIGZES_FSR,bandgap_2.5_to_3.0eV,3,Pb,
qmof-f5b3fd7,OPUYAA_FSR,bandgap_2.5_to_3.0eV,1,Cu,c1ccc2c(c1)nnn2CCn1nnc2ccccc21
qmof-a6977a3,DUWSOE_FSR,bandgap_2.5_to_3.0eV,1,Hg,
qmof-68c173d,DUWSUK_FSR,bandgap_2.5_to_3.0eV,2,Hg,[CH]([N][N][CH]c1cccnc1)c1cccnc1
qmof-fb69b28,DUWXID01_FSR,bandgap_2.5_to_3.0eV,3,Nd,
qmof-042f5d3,OSEMUV_FSR,bandgap_2.5_to_3.0eV,3,Zn,O=C1N=C2C=CC=CN2[C]1c1cn2ccccc2n1
qmof-a7ea515,OSEWOZ_FSR,bandgap_2.5_to_3.0eV,2,Ag,O=C(c1ccncc1)c1cccc(C(=O)c2ccncc2)n1
qmof-4269ab3,OSIBOI01_FSR,bandgap_2.5_to_3.0eV,5,V,c1ccccc1
qmof-48504ab,DURKIL_FSR,bandgap_2.5_to_3.0eV,5,Cu,c1cncnc1
qmof-2ca6d90,DURKOR_FSR,bandgap_2.5_to_3.0eV,3,Ag,c1ccc2snnc2c1
qmof-75577f5,DURTEQ_FSR,bandgap_2.5_to_3.0eV,1,Na,C1=C[C]2OC(c3ccccc3)=CC=C2C=C1.[CH]1C=CC=C2OC(c3ccccc3)=CC=C12
qmof-f108d47,OQUWAZ_FSR,bandgap_2.5_to_3.0eV,2,Cd,c1cc(-c2ccncc2)ccn1
qmof-0fbfb10,NUXYOW_FSR,bandgap_2.5_to_3.0eV,1,Ni,C(C=C(c1ccccc1)c1ccccc1)=C(c1ccccc1)c1ccccc1
qmof-6a17ede,OCEJAK01_FSR,bandgap_2.5_to_3.0eV,2,Cd,[CH]1C=C(C2=C[CH]N(Cc3ccccc3)C=C2)C=CN1Cc1ccccc1
qmof-f284c0f,OCEROE_FSR,bandgap_2.5_to_3.0eV,5,Co,c1ccccc1
qmof-683545f,OFIZAF_FSR,bandgap_2.5_to_3.0eV,2,Cu,c1ccncc1
qmof-2c408e6,OFOCIY_FSR,bandgap_2.5_to_3.0eV,1,Cu,c1ccncc1
qmof-2869025,VIMMUA_FSR,bandgap_2.5_to_3.0eV,1,Cd,c1ccccc1
qmof-c2b42fd,OFEJIS_FSR,bandgap_2.5_to_3.0eV,1,Cu,c1cc(-c2cc[nH+]cc2)cc[nH+]1
qmof-07ff184,EHAHIF_FSR,bandgap_2.5_to_3.0eV,5,Ag,c1cnccn1.c1cnccn1
qmof-d29bd71,DUZVEB_FSR,bandgap_2.5_to_3.0eV,3,Cu,
qmof-5c8908e,ONOVET_FSR,bandgap_2.5_to_3.0eV,5,Fe,c1cncnc1
qmof-70585b5,OPITOY_FSR,bandgap_2.5_to_3.0eV,5,W,c1nnc[nH]1
qmof-c0a61f9,OPIZET_FSR,bandgap_2.5_to_3.0eV,3,Ni,c1cnc(N2CCN(c3cnccn3)CC2)cn1
qmof-a02c95b,OPIZUJ_FSR,bandgap_2.5_to_3.0eV,2,Cd,c1ccccc1.c1cnc(N2CCN(c3cnccn3)CC2)cn1
qmof-3e6ec79,OPOGAC_FSR,bandgap_2.5_to_3.0eV,2,Cd,c1cc(-c2sc(-c3ccncc3)c(-c3ccncc3)c2-c2ccncc2)ccn1
qmof-8a3ffa2,OPOHIL_FSR,bandgap_2.5_to_3.0eV,1,Cu,C1=NN=N[N]1
qmof-26c54ef,ODIZOQ01_FSR,bandgap_2.5_to_3.0eV,5,Co,c1ccncc1
qmof-fc8917e,EHIYUQ_FSR,bandgap_2.5_to_3.0eV,3,V,
qmof-95ecaaa,EJAWUH_FSR,bandgap_2.5_to_3.0eV,3,Fe,
qmof-03bce06,VICJUM_FSR,bandgap_2.5_to_3.0eV,5,Cu,
qmof-53f3394,EDURUT_FSR,bandgap_2.5_to_3.0eV,2,Au,C1CCSC1
qmof-1a901aa,EFEYIZ_FSR,bandgap_2.5_to_3.0eV,1,Cd,c1ccccc1.c1ccncc1
qmof-4a15926,EFOZAC_FSR,bandgap_2.5_to_3.0eV,5,Mn,O=C(c1ccccc1)c1ccccc1.c1cn(-c2ccc(-n3ccnc3)cc2)cn1
qmof-28d5f98,EFUKUM_FSR,bandgap_2.5_to_3.0eV,3,Cd,
qmof-5811114,ONIPEI_FSR,bandgap_2.5_to_3.0eV,1,Fe,c1ccc(-n2cnnc2)cc1
qmof-6238cac,ONIWAK_FSR,bandgap_2.5_to_3.0eV,4,Zn,C(#Cc1ccccc1)c1ccccc1
qmof-99cdb42,EBASUX01_FSR,bandgap_2.5_to_3.0eV,4,Mn,c1cc(-c2ccncc2)ccn1
qmof-9a3d32f,EBEMEE_FSR,bandgap_2.5_to_3.0eV,2,Cd,c1cc([N][N]c2ccncc2)ccn1.c1cnccn1
qmof-20e5839,OMOFUR_FSR,bandgap_2.5_to_3.0eV,3,Cu,c1ccncc1
qmof-18925a4,DUXKIR_FSR,bandgap_2.5_to_3.0eV,4,Organic_Only,
qmof-402d546,DUXZEC_FSR,bandgap_2.5_to_3.0eV,1,Cu,
qmof-e5ef618,ODUSOX_FSR,bandgap_2.5_to_3.0eV,2,Fe,c1cc(-n2cnnc2)nc(-n2cnnc2)c1
qmof-e057c66,EGETAN_FSR,bandgap_2.5_to_3.0eV,1,Fe,[CH]1C=CC=C1C=Cc1ccncc1
qmof-8ce7f32,EGOFAI_FSR,bandgap_2.5_to_3.0eV,3,Cu,c1cncnc1
qmof-f0dfa44,OFUZUL_FSR,bandgap_2.5_to_3.0eV,5,Cu,C1=CN=N[N]1.[CH]1C=NN=N1
qmof-09f467e,OFIYUY_FSR,bandgap_2.5_to_3.0eV,1,Cu,c1ccncc1
qmof-f6afc69,BETJAM_FSR,bandgap_2.5_to_3.0eV,1,Cu,[CH]1C=NC=N1
qmof-fb99880,VAQHAW_FSR,bandgap_2.5_to_3.0eV,2,Cu,
qmof-5c5f15c,VAQKIH_FSR,bandgap_2.5_to_3.0eV,2,Cu,
qmof-8ef3f6d,VASKOR_FSR,bandgap_2.5_to_3.0eV,3,Sc,c1ccccc1
qmof-42d7698,BEZTUX_FSR,bandgap_2.5_to_3.0eV,2,Cu,c1ccc(CSc2ccncc2)nc1
qmof-b8dd1c7,BIBFOJ_FSR,bandgap_2.5_to_3.0eV,5,Cd,c1ccccc1
qmof-be1b28a,BIFHEF_FSR,bandgap_2.5_to_3.0eV,5,Cu,
qmof-3ae8344,BIFWEU_FSR,bandgap_2.5_to_3.0eV,2,Mn,c1ccccc1
qmof-76aed81,OPENON_FSR,bandgap_2.5_to_3.0eV,1,Cu,c1ccccc1.c1cncc([C]2N=C(c3ccncc3)[N]N2)c1
qmof-861877e,ONIHUQ_FSR,bandgap_2.5_to_3.0eV,4,Hg,
qmof-5df454d,ONINOQ_FSR,bandgap_2.5_to_3.0eV,5,Hg,
qmof-b42feba,ONIPAE_FSR,bandgap_2.5_to_3.0eV,5,Co,c1ccc(-n2cnnc2)cc1
qmof-a18c01f,OFOSOS_FSR,bandgap_2.5_to_3.0eV,1,Cu,
qmof-58b9289,OHEQAT_FSR,bandgap_2.5_to_3.0eV,5,Ag,C(=Cc1ccccn1)c1ccccn1
qmof-7b915ca,OHIFOA_FSR,bandgap_2.5_to_3.0eV,2,Cu,
qmof-0f8af41,EDURED_FSR,bandgap_2.5_to_3.0eV,1,Au,
qmof-a001d0d,BETWAZ_FSR,bandgap_2.5_to_3.0eV,1,K,c1ccccc1
qmof-d3b25c3,VEPCIF_FSR,bandgap_2.5_to_3.0eV,4,Zn,C1=NN=N[N]1.[CH]1C=NC=N1
qmof-b477ed1,OJOLEG_FSR,bandgap_2.5_to_3.0eV,4,Hg,
qmof-d280801,OKAZOR_FSR,bandgap_2.5_to_3.0eV,5,Sm,c1ccccc1
qmof-202a1af,OKAZUX_FSR,bandgap_2.5_to_3.0eV,2,Pr,c1ccccc1
qmof-a6894e8,ECOYIG_FSR,bandgap_2.5_to_3.0eV,1,Mo,c1ccc([C]2N=C(c3cccnc3)[N]N2Cn2cncn2)nc1
qmof-77a1ed6,VERHAB_FSR,bandgap_2.5_to_3.0eV,2,Mo,
qmof-3e210ac,EBOFAD_FSR,bandgap_2.5_to_3.0eV,1,Co,
qmof-5d155f8,OMURUK_FSR,bandgap_2.5_to_3.0eV,5,Sn,c1ccc2ccccc2c1
qmof-b0fd440,ONAMAT_FSR,bandgap_2.5_to_3.0eV,5,V,c1ccc2ccccc2c1
qmof-d589613,EBITAM_FSR,bandgap_2.5_to_3.0eV,2,Zn,c1cc(-c2ccncc2)ccn1.c1ccccc1
qmof-249c513,EBOBOO_FSR,bandgap_2.5_to_3.0eV,1,Cu,
qmof-ff989c9,VEFTEF_FSR,bandgap_2.5_to_3.0eV,2,Cu,
qmof-7847c76,VEVJEL_FSR,bandgap_2.5_to_3.0eV,3,Cu,c1cnccn1
qmof-68bb3f2,VEYTID_FSR,bandgap_2.5_to_3.0eV,2,Cd,c1cnc(-c2ncccn2)nc1
qmof-7885ed1,VEZZOR_FSR,bandgap_2.5_to_3.0eV,4,Cu,
qmof-76d822e,HUSFUX_FSR,bandgap_2.5_to_3.0eV,4,Cd,
qmof-dc328b4,HUVJIT_FSR,bandgap_2.5_to_3.0eV,4,Zn,
qmof-a4541ac,HOXFEG_FSR,bandgap_2.5_to_3.0eV,4,Cu,
qmof-ecfd269,HIXMEJ_FSR,bandgap_2.5_to_3.0eV,3,Zn,C(=Nc1ccccc1)c1ccncc1
qmof-6a96bb3,HIXMIN_FSR,bandgap_2.5_to_3.0eV,1,Cd,C(=Nc1ccccc1)c1ccncc1
qmof-7415286,HIYMEI_FSR,bandgap_2.5_to_3.0eV,5,Hg,
qmof-71d9329,HUFJUN_FSR,bandgap_2.5_to_3.0eV,3,Cu,
qmof-c8854ce,HOXKOV_FSR,bandgap_2.5_to_3.0eV,1,Tb,c1ccsc1
qmof-e992e64,HOYLIS_FSR,bandgap_2.5_to_3.0eV,1,Hg,
qmof-1329145,HOYMAL_FSR,bandgap_2.5_to_3.0eV,3,Hg,
qmof-a3b763d,TARPUY_FSR,bandgap_2.5_to_3.0eV,1,Cs,O=C1C=C[CH]C=C1.O=C1[CH]C=CC=C1
qmof-65d1b27,TARQEJ_FSR,bandgap_2.5_to_3.0eV,2,Cs,O=C1C=C[CH]C=C1.O=C1[CH]C=CC=C1
qmof-cc4c6c7,CAPTEV_FSR,bandgap_2.5_to_3.0eV,1,Zn,
qmof-2449d69,CAQSUK_FSR,bandgap_2.5_to_3.0eV,2,Rh,
qmof-22d43db,TAPTOU_FSR,bandgap_2.5_to_3.0eV,2,Cu,c1ncn(Cc2ccc(Cn3cncn3)cc2)n1
qmof-9e9c33f,HOQMIL01_FSR,bandgap_2.5_to_3.0eV,1,Mg,c1cc(-c2cc[nH+]cc2)cc[nH+]1.c1ccccc1
qmof-9a10dde,VERHEF_FSR,bandgap_2.5_to_3.0eV,5,Mo,
qmof-45da32e,YOSLIB01_FSR,bandgap_2.5_to_3.0eV,3,Ag,c1cnccn1
qmof-9c5c154,ACISEM_FSR,bandgap_2.5_to_3.0eV,2,Cu,
qmof-d33c8e0,HOMMIG_FSR,bandgap_2.5_to_3.0eV,4,Ca,O=C1C(=NNc2ccccc2)C=NN1c1ccccc1
qmof-b21c6f8,HOGJIY_FSR,bandgap_2.5_to_3.0eV,2,W,
qmof-29e0c99,HOCPUM_FSR,bandgap_2.5_to_3.0eV,3,Ag,c1cc(-c2ccncc2)ccn1
qmof-e2faba1,HOQKOO_FSR,bandgap_2.5_to_3.0eV,5,Cu,c1cnccn1
qmof-afc3059,AGOXAX_FSR,bandgap_2.5_to_3.0eV,4,Cu,c1ccc2ccccc2c1
qmof-4140970,YITDUC_FSR,bandgap_2.5_to_3.0eV,4,Ag,c1cnccn1
qmof-7867d26,YIYYIP_FSR,bandgap_2.5_to_3.0eV,4,Cu,c1cnc(SSc2ncccn2)nc1
qmof-f4eeaf7,YISJAM_FSR,bandgap_3.0_to_3.5eV,4,Cd,c1ccccc1
qmof-9d2a214,YIWKUN_FSR,bandgap_3.0_to_3.5eV,4,Cd,c1cc(-c2ccc(-c3ccncc3)cc2)ccn1
qmof-4973626,YIWLEY_FSR,bandgap_3.0_to_3.5eV,3,Cd,c1cc(-c2ccc(-c3ccncc3)cc2)ccn1
qmof-f87c9d1,YIWRAZ_FSR,bandgap_3.0_to_3.5eV,2,Cu,C(=Cc1ccncc1)c1ccncc1
qmof-4472105,YIXKEV_FSR,bandgap_3.0_to_3.5eV,2,Cu,
qmof-8f721fc,AFUQIB_FSR,bandgap_3.0_to_3.5eV,3,Cu,c1ccccc1
qmof-37d508d,AFUXAC_FSR,bandgap_3.0_to_3.5eV,2,Sn,
qmof-b9a1228,AGACIW01_FSR,bandgap_3.0_to_3.5eV,1,Na,O=[PH](Oc1ccccc1)Oc1ccccc1
qmof-1b80432,AGEZUJ_FSR,bandgap_3.0_to_3.5eV,3,Pb,
qmof-c6e619f,YIMNUF_FSR,bandgap_3.0_to_3.5eV,1,Li,c1ccncc1
qmof-52917da,HIYMIM_FSR,bandgap_3.0_to_3.5eV,1,Hg,
qmof-0d463af,HIYZEV01_FSR,bandgap_3.0_to_3.5eV,1,Mn,c1ccccc1
qmof-7bf003d,HOQGAX_FSR,bandgap_3.0_to_3.5eV,2,Pb,c1ccc([N][N]c2ccccc2)cc1
qmof-6a27bf1,YOFLIP_FSR,bandgap_3.0_to_3.5eV,2,La,
qmof-75c9ad5,HODNOF_FSR,bandgap_3.0_to_3.5eV,4,Ag,c1cc(-c2ccncc2)ccn1
qmof-2da2c80,HOGQIF_FSR,bandgap_3.0_to_3.5eV,5,Gd,c1ccc(-c2ccccc2-c2ccccc2)cc1
qmof-3e982c9,HOJJEX_FSR,bandgap_3.0_to_3.5eV,1,Ag,c1ccccc1.c1ccncc1
qmof-f80de30,HOJJIB_FSR,bandgap_3.0_to_3.5eV,4,Ag,c1ccccc1.c1cnccn1
qmof-a144bb5,HOJLEY_FSR,bandgap_3.0_to_3.5eV,5,Cu,c1cc(CN2CCN(Cc3ccncc3)CC2)ccn1
qmof-61a8e50,HOMTAE_FSR,bandgap_3.0_to_3.5eV,2,Co,c1ccccc1
qmof-4a90838,ACIJAX_FSR,bandgap_3.0_to_3.5eV,5,Cu,c1cc(-c2ccncc2)ccn1
qmof-04ef21f,YORYEK_FSR,bandgap_3.0_to_3.5eV,2,Ni,C1CNCCN1.c1ccncc1
qmof-b8cc0aa,YOSDOA_FSR,bandgap_3.0_to_3.5eV,3,Cd,c1ccc2ccccc2c1
qmof-d55dd9b,YISHOA_FSR,bandgap_3.0_to_3.5eV,3,Cd,
qmof-c7fbe0d,VELFOI_FSR,bandgap_3.0_to_3.5eV,3,Cu,c1cnccn1
qmof-11b9e62,VEDRAY_FSR,bandgap_3.0_to_3.5eV,3,Organic_Only,
qmof-8e66c1e,OKONOT_FSR,bandgap_3.0_to_3.5eV,1,Ni,c1cc(-c2ccc(-c3ccc(-c4ccncc4)cc3)cc2)ccn1
qmof-8ccd876,EBUFIS_FSR,bandgap_3.0_to_3.5eV,5,Cu,
qmof-8c3a7df,OKEWUX_FSR,bandgap_3.0_to_3.5eV,4,Ni,c1ccccc1.c1cnccn1
qmof-00052d0,OKIHAR_FSR,bandgap_3.0_to_3.5eV,3,Zn,c1cnccn1
qmof-21356e5,OKIMEC_FSR,bandgap_3.0_to_3.5eV,1,Zn,c1cc(-c2ccncc2)ccn1.c1ccc([C]2N=C(c3ccccc3)[N]N2)cc1
qmof-9cdf88c,OMODIE_FSR,bandgap_3.0_to_3.5eV,2,Ag,c1cnccn1
qmof-a5b4f8a,OLEXOS_FSR,bandgap_3.0_to_3.5eV,3,K,
qmof-3b7796c,OLIGOH_FSR,bandgap_3.0_to_3.5eV,5,Organic_Only,
qmof-6c51382,OLIHIB_FSR,bandgap_3.0_to_3.5eV,3,Cu,c1ccccc1.c1ccccc1
qmof-9570dfb,OLOZAQ_FSR,bandgap_3.0_to_3.5eV,3,Cd,
qmof-2941470,OLUGOR_FSR,bandgap_3.0_to_3.5eV,4,Li,c1ccccc1
qmof-9c6ea2c,EBODEF_FSR,bandgap_3.0_to_3.5eV,1,Zn,
qmof-1580a8b,OKIYEO_FSR,bandgap_3.0_to_3.5eV,2,Co,
qmof-b7b79de,OJEPIE_FSR,bandgap_3.0_to_3.5eV,2,Hg,C1CCCCC1
qmof-638e1d5,OJIWIP_FSR,bandgap_3.0_to_3.5eV,3,Cu,O=C1NCCCN1
qmof-74470b6,ECOZIH_FSR,bandgap_3.0_to_3.5eV,4,Mo,[CH]1C=C(c2nc(-c3cccnc3)n(CN3[CH]N=C[N]3)n2)C=CN1
qmof-56bffcf,ECULEU_FSR,bandgap_3.0_to_3.5eV,4,Cu,c1cn(Cn2ccnc2)cn1
qmof-7f6d5c2,ECUVAB_FSR,bandgap_3.0_to_3.5eV,5,Zn,c1ccccc1.c1cn(Cc2ccc(Cn3ccnc3)cc2)cn1
qmof-89d52dd,ECUWAC_FSR,bandgap_3.0_to_3.5eV,4,Ni,
qmof-de78dd0,VEPFAX11_FSR,bandgap_3.0_to_3.5eV,1,Cu,O=C1[O][Cu]2[O]C3=CC=C[CH]C3=C[N]2C1Cc1ccccc1.O=C1[O][Cu]2[O][C]3C=CC=CC3=C[N]2C1Cc1ccccc1
qmof-39e2c38,VEQZAV_FSR,bandgap_3.0_to_3.5eV,4,Cu,
qmof-424203f,EBODOP01_FSR,bandgap_3.0_to_3.5eV,5,Zn,
qmof-dca4e37,EBOKUB_FSR,bandgap_3.0_to_3.5eV,1,Zn,c1cnccn1
qmof-bf55af2,OMUREU_FSR,bandgap_3.0_to_3.5eV,4,Sn,c1ccncc1
qmof-cd31982,ONABUB_FSR,bandgap_3.0_to_3.5eV,5,V,
qmof-5d36d6c,EBIKIK_FSR,bandgap_3.0_to_3.5eV,1,K,
qmof-1a49402,OMAYOS_FSR,bandgap_3.0_to_3.5eV,2,Cu,
qmof-cd21dc4,OMEXEK_FSR,bandgap_3.0_to_3.5eV,3,Dy,c1ccc2[nH]cnc2c1
qmof-5bdd458,VAXCED_FSR,bandgap_3.0_to_3.5eV,4,Co,
qmof-b6c2ee4,VAYREV_FSR,bandgap_3.0_to_3.5eV,4,V,c1ncc2nc[nH]c2n1
qmof-844af13,VANGIB_FSR,bandgap_3.0_to_3.5eV,5,Ni,c1ccc2ccccc2c1
qmof-69c3651,OHUXAS_FSR,bandgap_3.0_to_3.5eV,5,Zn,c1cnccn1
qmof-d83a3a6,OJABUY_FSR,bandgap_3.0_to_3.5eV,1,Cu,C(=Cc1ccncc1)c1ccncc1
qmof-9047456,EDATOV_FSR,bandgap_3.0_to_3.5eV,1,Cu,O=P(Nc1cccnc1)(Nc1cccnc1)Nc1cccnc1
qmof-7f7d8dd,EDICUQ_FSR,bandgap_3.0_to_3.5eV,2,Bi,
qmof-43048f4,EDOREU01_FSR,bandgap_3.0_to_3.5eV,2,Cu,c1cc(-c2ccncc2)ccn1
qmof-6c4ca0b,OGUVOC_FSR,bandgap_3.0_to_3.5eV,1,Mo,
qmof-bf937bb,BEQPUK_FSR,bandgap_3.0_to_3.5eV,1,Zn,c1ccc(Oc2ccccc2)cc1
qmof-c00d6a1,VETBAA_FSR,bandgap_3.0_to_3.5eV,3,Mn,c1ccc(-c2cccnc2)cc1
qmof-1ef23f7,VEXLEQ_FSR,bandgap_3.0_to_3.5eV,4,Rb,O=C1C=C[CH]C=C1.O=C1[CH]C=CC=C1
qmof-7a0465a,BERFIP_FSR,bandgap_3.0_to_3.5eV,3,Zn,C1=NC=N[N]1.c1ccccc1
qmof-40ab8ad,BERKOB_FSR,bandgap_3.0_to_3.5eV,1,Zn,
qmof-03e1732,BETHAM_FSR,bandgap_3.0_to_3.5eV,3,Ni,
qmof-750f9b8,VAWHOQ_FSR,bandgap_3.0_to_3.5eV,4,Ag,
qmof-817fdc2,BIFYEW_FSR,bandgap_3.0_to_3.5eV,4,Ni,c1ccccc1
qmof-e986fdb,BIFYIA_FSR,bandgap_3.0_to_3.5eV,3,Ni,c1ccccc1
qmof-d9a0694,OPENIH_FSR,bandgap_3.0_to_3.5eV,4,Cu,c1cc([C]2N=C(c3ccncc3)[N]N2)ccn1.c1ccccc1
qmof-8d86a35,ONIJOL_FSR,bandgap_3.0_to_3.5eV,1,Cu,
qmof-2f4a13b,OHAJEN_FSR,bandgap_3.0_to_3.5eV,1,Zn,C(=NN=Cc1cccnc1)c1cccnc1
qmof-d4efb4b,OHAPOD01_FSR,bandgap_3.0_to_3.5eV,1,Cu,
qmof-77fbc29,OHETOL_FSR,bandgap_3.0_to_3.5eV,2,Cd,
qmof-38de43e,EDURON_FSR,bandgap_3.0_to_3.5eV,3,Au,C1CCSC1
qmof-cf999a5,EFOLAM_FSR,bandgap_3.0_to_3.5eV,5,Tb,c1cc(-c2cc[nH+]cc2)cc[nH+]1
qmof-3af1f54,OGIHAO_FSR,bandgap_3.0_to_3.5eV,5,Co,c1cc(-c2ccncc2)ccn1.c1ccccc1
qmof-d429569,OHIRED02_FSR,bandgap_3.0_to_3.5eV,4,Cu,c1cnccn1
qmof-e374ad7,OHOSEJ_FSR,bandgap_3.0_to_3.5eV,1,Cu,C(=Nc1ccccc1)c1ccccn1
qmof-f563388,EBAMUQ_FSR,bandgap_3.0_to_3.5eV,4,Nd,c1ccc(OCCN(CCOc2ccccc2)CCOc2ccccc2)cc1
qmof-f1bc215,EBAQOP01_FSR,bandgap_3.0_to_3.5eV,1,K,
qmof-4324443,OMOGAY01_FSR,bandgap_3.0_to_3.5eV,5,Co,
qmof-741b28f,DUXBEE_FSR,bandgap_3.0_to_3.5eV,1,Rb,[CH]1C=NC=N1
qmof-b2685e8,DUXBII_FSR,bandgap_3.0_to_3.5eV,2,Ba,
qmof-c0d0be0,DUXMIT_FSR,bandgap_3.0_to_3.5eV,2,Co,O=C(Nc1ccccc1)c1ccncc1
qmof-6852054,DUXSOF_FSR,bandgap_3.0_to_3.5eV,5,Cu,c1cncc(-c2nnc(-c3cccnc3)o2)c1
qmof-8bcd749,DUXTAS_FSR,bandgap_3.0_to_3.5eV,1,Cd,c1cncc(-c2nnc(-c3cccnc3)o2)c1
qmof-ba20815,DUYHOW_FSR,bandgap_3.0_to_3.5eV,5,Zn,
qmof-5d9fab0,OFADAC_FSR,bandgap_3.0_to_3.5eV,3,Cu,c1cc(N(c2ccncc2)c2ccc(N(c3ccncc3)c3ccncc3)cc2)ccn1
qmof-b53096c,ODIQAU_FSR,bandgap_3.0_to_3.5eV,2,Hg,C(=Cc1ccncc1)c1ccncc1
qmof-ff5eefd,OGOLOL_FSR,bandgap_3.0_to_3.5eV,3,Ag,c1ccc(-c2ccncn2)nc1
qmof-79403ea,OGOVUC_FSR,bandgap_3.0_to_3.5eV,5,Zn,c1ccc2c(c1)Cc1ccccc1-2
qmof-2576b34,EFULIB_FSR,bandgap_3.0_to_3.5eV,3,Cd,C1CNCCN1.c1ccccc1
qmof-64900af,EFUWOR_FSR,bandgap_3.0_to_3.5eV,4,Cu,
qmof-f41b6c6,EGEDOL_FSR,bandgap_3.0_to_3.5eV,2,Cd,c1cc(-c2ccncc2)ccn1
qmof-d689f74,EGEMIO_FSR,bandgap_3.0_to_3.5eV,5,Pt,
qmof-e5e12e2,OFIWEG_FSR,bandgap_3.0_to_3.5eV,1,Cu,
qmof-0ea1d91,VIHTEL01_FSR,bandgap_3.0_to_3.5eV,5,Co,
qmof-42a3e7f,VIHYIW_FSR,bandgap_3.0_to_3.5eV,5,Ni,C(=Cc1ccncc1)c1ccncc1
qmof-f7c5ef4,BEPDUW_FSR,bandgap_3.0_to_3.5eV,3,Er,
qmof-c8783dd,BEPTUM01_FSR,bandgap_3.0_to_3.5eV,3,Mn,c1ccncc1
qmof-5b523bb,BEPVAU_FSR,bandgap_3.0_to_3.5eV,3,Mn,c1ccncc1
qmof-15ff44b,BEPYIH_FSR,bandgap_3.0_to_3.5eV,2,Cd,
qmof-8104eb0,BEQHIQ_FSR,bandgap_3.0_to_3.5eV,3,Cd,O=C1[CH]C=CC=C1.O=C1[CH]C=CC=C1.c1ncn(CCn2cncn2)n1
qmof-da84265,OFALIS_FSR,bandgap_3.0_to_3.5eV,5,Ag,
qmof-ac1edc6,OFAPES_FSR,bandgap_3.0_to_3.5eV,2,Pb,
qmof-26d80f2,OFICOW_FSR,bandgap_3.0_to_3.5eV,4,Tb,c1ccncc1
qmof-c1d4910,OFIKAQ_FSR,bandgap_3.0_to_3.5eV,4,Ag,c1ccccc1
qmof-467a98a,EGUHOD02_FSR,bandgap_3.0_to_3.5eV,3,Cd,c1ccc2ccccc2c1
qmof-92f0814,ODOJEZ_FSR,bandgap_3.0_to_3.5eV,5,Cu,c1ccccc1
qmof-bb736bf,DUYJOY_FSR,bandgap_3.0_to_3.5eV,4,Zn,
qmof-aa83aa8,DUZJAK01_FSR,bandgap_3.0_to_3.5eV,2,Cd,c1cc(-c2cc[nH+]cc2)cc[nH+]1.c1ccccc1
qmof-cdb5ed9,DUZSIC_FSR,bandgap_3.0_to_3.5eV,4,La,c1ccc2ccccc2c1.c1ccc2ccccc2c1
qmof-e732e6c,DUZTAV_FSR,bandgap_3.0_to_3.5eV,4,Sm,c1ccc2ccccc2c1.c1ccc2ccccc2c1
qmof-faf6244,OQOMEO_FSR,bandgap_3.0_to_3.5eV,5,Cd,c1ccc(CNCc2ccco2)cc1
qmof-add50d6,OQOYIE_FSR,bandgap_3.0_to_3.5eV,1,Cd,c1ccc(CNCc2ccc3c(c2)OCO3)cc1
qmof-2016868,OPIZIX_FSR,bandgap_3.0_to_3.5eV,4,Cd,c1cnc(N2CCN(c3cnccn3)CC2)cn1
qmof-f38d274,OPOBAX_FSR,bandgap_3.0_to_3.5eV,3,Zn,C(=Cc1ccncc1)c1ccncc1.c1ccccc1
qmof-85aea29,OPOGUW_FSR,bandgap_3.0_to_3.5eV,3,Cu,S=c1[nH]c2ccccc2[nH]1
qmof-e7477a4,ODIVED_FSR,bandgap_3.0_to_3.5eV,5,Cu,c1ncn(Cc2ccc(-c3nnc(-c4ccc(Cn5cncn5)cc4)o3)cc2)n1
qmof-e0cfb23,EHOQOH01_FSR,bandgap_3.0_to_3.5eV,4,Cu,c1cncnc1
qmof-255cbe5,EHUHIY_FSR,bandgap_3.0_to_3.5eV,1,Cd,C(#Cc1ccccn1)c1ccc(-c2ccncc2)cc1
qmof-2d1b778,EJANOU_FSR,bandgap_3.0_to_3.5eV,1,Mn,c1cc(C2C(c3ccncc3)C(c3ccncc3)C2c2ccncc2)ccn1.c1ccccc1
qmof-4fc3049,EJAXAO_FSR,bandgap_3.0_to_3.5eV,2,Cd,C(#Cc1ccncc1)c1ccncc1
qmof-d03a775,ODEJAI_FSR,bandgap_3.0_to_3.5eV,4,Zn,c1ccncc1
qmof-8e34fd9,ODEQOD_FSR,bandgap_3.0_to_3.5eV,2,Cd,
qmof-01be788,ODEQUJ_FSR,bandgap_3.0_to_3.5eV,4,Cd,
qmof-580676b,VIVRUQ_FSR,bandgap_3.0_to_3.5eV,2,Bi,c1ccncc1
qmof-cd363bf,VIGCAR_FSR,bandgap_3.0_to_3.5eV,5,Co,c1cnccn1
qmof-8958149,OPUJUG_FSR,bandgap_3.0_to_3.5eV,3,Pb,c1ccc(-c2ccc(-c3ccccc3)cc2)cc1
qmof-c1aa50a,DUXBAA_FSR,bandgap_3.0_to_3.5eV,3,K,[CH]1C=NC=N1
qmof-d9d6cca,OSAWEL_FSR,bandgap_3.0_to_3.5eV,2,Ca,c1ccccc1
qmof-274593f,DUWBAA_FSR,bandgap_3.0_to_3.5eV,2,Ag,c1ccccc1
qmof-1106f49,OQUJUG_FSR,bandgap_3.0_to_3.5eV,5,Na,
qmof-6438955,OCECUX_FSR,bandgap_3.0_to_3.5eV,2,Cu,
qmof-2bce3f1,OCESOF_FSR,bandgap_3.0_to_3.5eV,2,Cu,c1ccc(Oc2ccccc2)cc1
qmof-6d69c36,EJEBOL01_FSR,bandgap_3.0_to_3.5eV,3,Mn,c1c[nH]cn1
qmof-b8e1ccb,EJODIS_FSR,bandgap_3.0_to_3.5eV,2,Rb,c1ccccc1
qmof-9d1ad9e,EJOMEW_FSR,bandgap_3.0_to_3.5eV,5,Cu,c1ccc2ccccc2c1.c1ccncc1
qmof-36c0426,EJOMUM_FSR,bandgap_3.0_to_3.5eV,5,Cu,c1ccc2ccccc2c1.c1ccncc1
qmof-eb6d7e8,EJONAT_FSR,bandgap_3.0_to_3.5eV,1,Cu,c1ccc2ccccc2c1.c1ccncc1
qmof-cf362bb,EJONEX_FSR,bandgap_3.0_to_3.5eV,1,Cu,c1ccc2ccccc2c1.c1ccncc1
qmof-893a85d,OBOQII_FSR,bandgap_3.0_to_3.5eV,2,Ag,c1cncnc1
qmof-5bbacb7,NURCUA_FSR,bandgap_3.0_to_3.5eV,2,Nd,C1=CC(c2ccccc2)=CN[C]1c1ccccc1
qmof-033ade9,OBOXIM_FSR,bandgap_3.0_to_3.5eV,2,Cu,
qmof-c0b86a6,OBUJON_FSR,bandgap_3.0_to_3.5eV,1,Cd,O=C(NCc1ccncc1)c1ccc(C(=O)NCc2ccncc2)cc1.c1nncs1
qmof-890c483,OBUKAA_FSR,bandgap_3.0_to_3.5eV,2,Cd,O=C(NCc1ccncc1)c1ccc(C(=O)NCc2ccncc2)cc1.c1ccccc1
qmof-6357683,OCAKOV_FSR,bandgap_3.0_to_3.5eV,1,Zn,c1ccc(-c2ccccc2)cc1.c1cnccn1
qmof-48f26c5,EJOQAW_FSR,bandgap_3.0_to_3.5eV,1,Cd,c1cnc(C2=NN=N[N]2)cn1
qmof-db57196,EJOXUY_FSR,bandgap_3.0_to_3.5eV,4,Hg,
qmof-8b06d36,EKEHAE_FSR,bandgap_3.0_to_3.5eV,3,Cu,
qmof-580d3d5,NUZHUN_FSR,bandgap_3.0_to_3.5eV,2,Zn,c1ccccc1
qmof-2d80bfd,NUZZEN_FSR,bandgap_3.0_to_3.5eV,1,K,
qmof-baceef3,OBECIH_FSR,bandgap_3.0_to_3.5eV,1,Ag,
qmof-d3d1953,OBEHAF_FSR,bandgap_3.0_to_3.5eV,2,Cu,
qmof-e378426,OQIMUY_FSR,bandgap_3.0_to_3.5eV,1,Zn,[CH]([N]N=Cc1ccncc1)c1ccncc1
qmof-fdac092,OVAKIH_FSR,bandgap_3.0_to_3.5eV,2,Cd,c1cc(-c2ccncc2)ccn1
qmof-27ec0f6,OTABAO_FSR,bandgap_3.0_to_3.5eV,4,Hg,
qmof-20f395f,DUNLAB_FSR,bandgap_3.0_to_3.5eV,4,Cu,C1=CN=N[N]1.[CH]1C=NN=N1
qmof-97d33bf,DUNLOP_FSR,bandgap_3.0_to_3.5eV,3,Cu,C1=CN=N[N]1.[CH]1C=NN=N1
qmof-28b240f,DUPMAD_FSR,bandgap_3.0_to_3.5eV,1,Cd,c1cc(-c2ccnc(SSc3nccc(-c4ccncc4)n3)n2)ccn1
qmof-ced1629,DUQSUE01_FSR,bandgap_3.0_to_3.5eV,4,Cd,
qmof-ec0241b,DUQVAN01_FSR,bandgap_3.0_to_3.5eV,1,Mo,
qmof-22b8050,NOTVOJ_FSR,bandgap_3.0_to_3.5eV,4,Cu,c1cn(CCCCn2ccnc2)cn1
qmof-3f1fb36,NOTWAW_FSR,bandgap_3.0_to_3.5eV,3,Zn,
qmof-bfe8f46,NUCCUK_FSR,bandgap_3.0_to_3.5eV,4,Mn,c1ncn(CCCCn2cncn2)n1
qmof-f839aa6,NUXYUB_FSR,bandgap_3.0_to_3.5eV,3,Cu,c1cc(-c2nnc(-c3ccncc3)s2)ccn1
qmof-78bdc8c,NUYBAL_FSR,bandgap_3.0_to_3.5eV,5,Cd,c1cc(-c2nnc(-c3ccncc3)s2)ccn1
qmof-ef538ec,NUYBIT_FSR,bandgap_3.0_to_3.5eV,2,Cd,
qmof-e20ca81,EKOLUN_FSR,bandgap_3.0_to_3.5eV,1,Zn,[CH]1N=C[N]N1c1ccc(N(c2ccc(N3[CH]N=C[N]3)cc2)c2ccc(N3[CH]N=C[N]3)cc2)cc1.c1ccccc1
qmof-43d60ca,NUSTEB_FSR,bandgap_3.0_to_3.5eV,3,Ca,c1ccc(Nc2ccccc2)cc1
qmof-6d3d4f5,NUSYUW_FSR,bandgap_3.0_to_3.5eV,4,Ni,
qmof-acc11bc,NUSZAD_FSR,bandgap_3.0_to_3.5eV,2,Ni,c1cc(-c2ccncc2)ccn1.c1ccccc1
qmof-23e86cd,NULCAZ01_FSR,bandgap_3.0_to_3.5eV,4,Cd,
qmof-ea44590,EMAHAC01_FSR,bandgap_3.0_to_3.5eV,5,Cu,c1cc(CCCc2ccncc2)ccn1
qmof-9bb480f,EMASOA_FSR,bandgap_3.0_to_3.5eV,2,Cd,
qmof-df493b0,EMASUG_FSR,bandgap_3.0_to_3.5eV,4,Cd,
qmof-3bda7fc,NOPCUR_FSR,bandgap_3.0_to_3.5eV,1,Cu,
qmof-9914ceb,NOPQEP_FSR,bandgap_3.0_to_3.5eV,1,Na,
qmof-eae2192,NOQDII_FSR,bandgap_3.0_to_3.5eV,1,Cd,O=C(Nc1cccnc1)c1cccc(C(=O)Nc2cccnc2)n1.c1ccncc1
qmof-f16edf9,NUHSUG_FSR,bandgap_3.0_to_3.5eV,3,Fe,
qmof-439bd40,NUHTER01_FSR,bandgap_3.0_to_3.5eV,2,Fe,
qmof-06c8264,NUKGAC_FSR,bandgap_3.0_to_3.5eV,2,Ag,c1ccc(NCc2c[nH]cn2)cc1
qmof-58042a0,ELESEU_FSR,bandgap_3.0_to_3.5eV,5,Zn,c1cnccn1
qmof-e8a0b3c,ELESOE_FSR,bandgap_3.0_to_3.5eV,4,Zn,c1cncnc1
qmof-6259683,ELEXEA_FSR,bandgap_3.0_to_3.5eV,1,Hg,S=C1[N]N=C(c2ccccn2)N1
qmof-8ceaacf,ELIGEM_FSR,bandgap_3.0_to_3.5eV,4,Cd,c1ccccc1
qmof-c92d2ff,OSAVUA_FSR,bandgap_3.0_to_3.5eV,1,Ca,c1ccccc1
qmof-0bf120c,OWAXIU_FSR,bandgap_3.0_to_3.5eV,2,Mn,c1ccc(-c2ccccc2)cc1
qmof-63c5997,OWAZAO_FSR,bandgap_3.0_to_3.5eV,4,Cd,c1ccc(Oc2ccccc2)cc1
qmof-c22f0dd,OWELIN_FSR,bandgap_3.0_to_3.5eV,3,Na,
qmof-7fb5692,OWOKOC_FSR,bandgap_3.0_to_3.5eV,4,Cd,
qmof-4f5a813,OWOKUI_FSR,bandgap_3.0_to_3.5eV,3,Cd,c1cc(-c2ccncc2)ccn1.c1cnccn1
qmof-905ce17,DULDOF_FSR,bandgap_3.0_to_3.5eV,5,Ag,C1=CCC=C1.[CH]1C=C[CH]C1
qmof-c89a0d4,DUMHUP_FSR,bandgap_3.0_to_3.5eV,2,Zn,c1cnc(-c2ncccn2)nc1
qmof-4f1b040,OVEJEF_FSR,bandgap_3.0_to_3.5eV,3,Cd,c1ccccc1
qmof-1ba69f6,OVEJOQ_FSR,bandgap_3.0_to_3.5eV,2,Cd,C(=Cc1ccncc1)c1ccncc1.c1ccccc1
qmof-f7ad9cd,OVELEH01_FSR,bandgap_3.0_to_3.5eV,2,Cu,[CH]1N=C[N]N1CCCCN1[CH]N=C[N]1
qmof-92f3405,OTIPOX_FSR,bandgap_3.0_to_3.5eV,2,Co,c1ccccc1.c1cn(CCCCn2ccnc2)cn1
qmof-1f0ad0a,BEMWAS_FSR,bandgap_3.0_to_3.5eV,5,Co,O=C1[C](Nc2ccccc2)C(=O)C1=O
qmof-90b97bc,BENFUX_FSR,bandgap_3.0_to_3.5eV,4,Cu,
qmof-b57a861,BENHUA_FSR,bandgap_3.0_to_3.5eV,4,K,c1ccoc1
qmof-85b5866,BENNEO_FSR,bandgap_3.0_to_3.5eV,4,Rh,
qmof-2d358d1,VIWHOA_FSR,bandgap_3.0_to_3.5eV,4,Zn,c1cc(-c2ccncc2)ccn1.c1ccc(Oc2ccccc2)cc1
qmof-54e3d77,VIWXOQ_FSR,bandgap_3.0_to_3.5eV,4,Zn,C(=Cc1ccncc1)c1ccncc1.c1ccc([N][N]c2ccccc2)cc1
qmof-ce41736,VIRCEF_FSR,bandgap_3.0_to_3.5eV,3,Ce,O=c1[nH]c(=O)[nH]c(=O)[nH]1
qmof-b1bdd96,NUFQOV_FSR,bandgap_3.0_to_3.5eV,2,Cu,
qmof-cea32da,NUFRAI_FSR,bandgap_3.0_to_3.5eV,4,Cd,
qmof-5c99aeb,ELOKIZ_FSR,bandgap_3.0_to_3.5eV,1,Rb,c1ccc(-c2cccc(-c3ccccc3)c2)cc1
qmof-f66d709,ELUGUO_FSR,bandgap_3.0_to_3.5eV,1,Cu,c1ccccc1
qmof-5e57dd5,NOQQUH_FSR,bandgap_3.0_to_3.5eV,3,Zn,c1cc(-c2ccncc2)ccn1
qmof-52e8f8a,NONXAQ_FSR,bandgap_3.0_to_3.5eV,4,Cd,c1cc[nH+]cc1
qmof-80d4a16,EMATOB_FSR,bandgap_3.0_to_3.5eV,3,Ag,
qmof-461e88d,EMEFAD_FSR,bandgap_3.0_to_3.5eV,3,Co,c1ccncc1
qmof-3a50fd2,EMIQOG_FSR,bandgap_3.0_to_3.5eV,4,Sr,N=C1C=N[CH]NC1=O
qmof-0e0cf73,NOFQUW_FSR,bandgap_3.0_to_3.5eV,3,Cu,C(=Cc1ccncc1)c1ccncc1
qmof-896e1e1,NOFREG_FSR,bandgap_3.0_to_3.5eV,5,Pb,
qmof-cd9bc22,NOBZIP_FSR,bandgap_3.0_to_3.5eV,4,Cd,
qmof-4ee9dbb,VOFVIW_FSR,bandgap_3.0_to_3.5eV,1,Cd,c1ccncc1.c1cnc(C2=NN=C(c3cnccn3)[N]2)cn1
qmof-7b1303e,VOGTER_FSR,bandgap_3.0_to_3.5eV,5,Mg,c1ccccc1
qmof-01429b0,OXITEV_FSR,bandgap_3.0_to_3.5eV,1,Cd,O=C1c2ccccc2C(=O)c2ccccc21
qmof-d93d3b5,DUGFIW_FSR,bandgap_3.0_to_3.5eV,4,Zn,c1ccc(CSc2nc3ccccc3[nH]2)cc1
qmof-55e44c5,DUHPUS_FSR,bandgap_3.0_to_3.5eV,2,Hg,
qmof-d5a245c,DUJVOV_FSR,bandgap_3.0_to_3.5eV,1,Y,
qmof-f54e59c,DUJVUB_FSR,bandgap_3.0_to_3.5eV,1,Zn,C(=Cc1ccccc1)c1ccccc1.c1cn(-c2ccc(-n3ccnc3)cc2)cn1
qmof-5fdef1b,OWAWIT_FSR,bandgap_3.0_to_3.5eV,5,Co,c1ccccc1.c1cn(Cn2ccnc2)cn1
qmof-e203bf0,VAJVAF_FSR,bandgap_3.0_to_3.5eV,4,Cd,S=C1C=C[CH]C=N1
qmof-8a9774d,VAMWIP_FSR,bandgap_3.0_to_3.5eV,2,Pb,
qmof-1fa8bff,BIHLUB_FSR,bandgap_3.0_to_3.5eV,5,Ca,
qmof-d77af39,ENISIE01_FSR,bandgap_3.0_to_3.5eV,4,Pb,
qmof-90df4ad,NINHIE_FSR,bandgap_3.0_to_3.5eV,3,Cu,
qmof-fe66204,NIPWEP_FSR,bandgap_3.0_to_3.5eV,1,Ni,c1cc(Sc2ccncc2)ccn1
qmof-5a5d07c,NIQKEE_FSR,bandgap_3.0_to_3.5eV,1,Pb,
qmof-8663e62,EMIQUM_FSR,bandgap_3.0_to_3.5eV,2,Ba,
qmof-00089fc,EMOVEI_FSR,bandgap_3.0_to_3.5eV,5,Ag,c1ccccc1
qmof-6f14ab0,EMOVIM_FSR,bandgap_3.0_to_3.5eV,3,Ag,c1ccncc1
qmof-dd66937,NIYNOA_FSR,bandgap_3.0_to_3.5eV,5,Zn,[CH]([N][N][CH]c1ccncc1)c1ccncc1
qmof-71a7346,NIYNUG_FSR,bandgap_3.0_to_3.5eV,1,Zn,[CH]([N][N][CH]c1ccncc1)c1ccncc1
qmof-0495d74,NIYPAP_FSR,bandgap_3.0_to_3.5eV,3,Ag,c1cnccn1
qmof-869daab,NIXJIP_FSR,bandgap_3.0_to_3.5eV,1,Cd,C1C2CC3CC1CC(C2)C3.[CH]([N][N][CH]c1ccncc1)c1ccncc1
qmof-c5dc59c,NIXJOV_FSR,bandgap_3.0_to_3.5eV,4,Zn,C1C2CC3CC1CC(C2)C3.[CH]([N][N][CH]c1ccncc1)c1ccncc1
qmof-a2987bf,ENOSOQ_FSR,bandgap_3.0_to_3.5eV,4,Ni,
qmof-bf5fc78,ENUZIY_FSR,bandgap_3.0_to_3.5eV,3,Pb,
qmof-e6aabf7,EPEGAI_FSR,bandgap_3.0_to_3.5eV,2,Ag,c1cnccn1
qmof-0f6c4d4,NIYNAN_FSR,bandgap_3.0_to_3.5eV,1,Ag,c1cnccn1
qmof-ffe5987,NISZAQ_FSR,bandgap_3.0_to_3.5eV,5,Mo,
qmof-0ad11a9,NIWQIV_FSR,bandgap_3.0_to_3.5eV,5,Ni,c1ccccc1
qmof-5a0bd7c,EMUHAW_FSR,bandgap_3.0_to_3.5eV,4,K,c1ccc(-c2cccc(-c3ccccc3)c2)cc1
qmof-d4fdde7,ENAPIT_FSR,bandgap_3.0_to_3.5eV,4,Ba,
qmof-74bea3f,BIJYIE_FSR,bandgap_3.0_to_3.5eV,4,Ag,
qmof-3769d75,UZAGUY_FSR,bandgap_3.0_to_3.5eV,5,Zn,c1cnccn1
qmof-468c3a6,OZAYIZ_FSR,bandgap_3.0_to_3.5eV,1,Zn,
qmof-599e3b3,OZEPIT_FSR,bandgap_3.0_to_3.5eV,4,Mn,c1ccc(Cc2ccccc2)cc1
qmof-6db4857,OXUPEE02_FSR,bandgap_3.0_to_3.5eV,2,Cu,
qmof-7aef2c2,OXUZAK_FSR,bandgap_3.0_to_3.5eV,5,V,O=C(NCCNC(=O)c1ccncc1)c1ccncc1
qmof-b7e8393,OYAPUB_FSR,bandgap_3.0_to_3.5eV,1,Zn,c1ccc(-c2ccnc(-c3ccccn3)c2)cc1
qmof-8d7eb31,DUBZUW_FSR,bandgap_3.0_to_3.5eV,3,Ag,c1cnccn1
qmof-855f474,DUFMIC_FSR,bandgap_3.0_to_3.5eV,3,Mn,c1ccccc1.c1cn(-c2ccc(-n3ccnc3)cc2)cn1
qmof-bae3569,OWUDOA_FSR,bandgap_3.0_to_3.5eV,1,Cd,c1ccccc1
qmof-653a443,OWUGEU_FSR,bandgap_3.0_to_3.5eV,5,Cd,
qmof-643cc44,VOPMEU_FSR,bandgap_3.0_to_3.5eV,1,Cu,
qmof-a5ebf1c,VOPVIH_FSR,bandgap_3.0_to_3.5eV,1,Co,
qmof-0f76e09,VOQDAI_FSR,bandgap_3.0_to_3.5eV,1,Pb,c1ccc(-c2nc3c4cccnc4c4ncccc4c3[nH]2)cc1
qmof-8dc527b,VIYQAY_FSR,bandgap_3.0_to_3.5eV,2,Cd,[CH]1C=C(C2=C[CH]N(Cc3ccccc3)C=C2)C=CN1Cc1ccccc1.c1ccccc1
qmof-ae67161,NIRCOH_FSR,bandgap_3.0_to_3.5eV,3,Zn,c1cn(CCCCn2ccnc2)cn1
qmof-098256e,NILDOD_FSR,bandgap_3.0_to_3.5eV,4,Co,c1cc(CCc2ccncc2)ccn1.c1ccc(Sc2ccccc2)cc1
qmof-b7ec66e,ENOBUE_FSR,bandgap_3.0_to_3.5eV,2,Na,
qmof-e79e847,OZIMUG_FSR,bandgap_3.0_to_3.5eV,1,Ag,c1ccccc1
qmof-5cb65f0,PADLEO_FSR,bandgap_3.0_to_3.5eV,4,Zn,O=C(Nc1cccnc1)c1cccnc1.c1nncs1
qmof-6798637,PADPEQ_FSR,bandgap_3.0_to_3.5eV,1,Cd,c1ccccc1
qmof-5e115f0,DOYZUO_FSR,bandgap_3.0_to_3.5eV,1,Dy,c1ccc2ccccc2c1.c1cnccn1
qmof-d33280e,DOZBAX_FSR,bandgap_3.0_to_3.5eV,2,Yb,c1ccc2ccccc2c1.c1cnccn1
qmof-3abee2d,DOZBEB_FSR,bandgap_3.0_to_3.5eV,5,Gd,c1ccc2ccccc2c1.c1cnccn1
qmof-180ad30,DOZNUC_FSR,bandgap_3.0_to_3.5eV,1,Ag,c1ccncc1
qmof-796fd5c,OYEKIN_FSR,bandgap_3.0_to_3.5eV,4,Cd,
qmof-53443b2,OYIHIP_FSR,bandgap_3.0_to_3.5eV,3,Ag,c1ccccc1.c1cnccn1
qmof-a5b4034,OYOHOA_FSR,bandgap_3.0_to_3.5eV,2,Co,c1ccccc1
qmof-88b90c9,OYUCAN_FSR,bandgap_3.0_to_3.5eV,2,Cu,
qmof-76d8db1,PALROM_FSR,bandgap_3.0_to_3.5eV,5,Cd,
qmof-cc16b60,NETGEZ_FSR,bandgap_3.0_to_3.5eV,3,Cd,O=C(Oc1ccc(C2(c3ccc(OC(=O)c4cccnc4)cc3)c3ccccc3-c3ccccc32)cc1)c1cccnc1
qmof-c149be5,NETGOJ_FSR,bandgap_3.0_to_3.5eV,5,Hg,
qmof-5c218b6,NIGPOL01_FSR,bandgap_3.0_to_3.5eV,3,Organic_Only,c1ccccc1
qmof-976bca8,NIGROM_FSR,bandgap_3.0_to_3.5eV,3,Cu,C1=CN=N[N]1.[CH]1C=NN=N1
qmof-e98dec3,NIHNAV_FSR,bandgap_3.0_to_3.5eV,3,Ag,
qmof-4dd7878,NIKBUF_FSR,bandgap_3.0_to_3.5eV,1,Hg,
qmof-15fd7ce,EPEXUT_FSR,bandgap_3.0_to_3.5eV,1,Zn,C1CCCCC1.c1cc(-c2ccncc2)ccn1
qmof-3486c54,EPOVUB_FSR,bandgap_3.0_to_3.5eV,4,Co,O=C1[N]c2ccccc2NC1=O
qmof-3e14d6e,NICROI_FSR,bandgap_3.0_to_3.5eV,1,Ag,
qmof-3465f36,VOJSUJ_FSR,bandgap_3.0_to_3.5eV,4,Fe,c1ccncc1
qmof-8d254b7,BEHBIZ_FSR,bandgap_3.0_to_3.5eV,3,Cu,c1cnccn1
qmof-64eca6f,VUKMUJ05_FSR,bandgap_3.0_to_3.5eV,2,Cu,c1ccccc1
qmof-2b4dbfa,VUNMOI_FSR,bandgap_3.0_to_3.5eV,4,Cu,C1CCC1
qmof-cccb3cf,VUQHOF_FSR,bandgap_3.0_to_3.5eV,1,Cd,O=C1C(=O)C(=O)C1=O
qmof-9e0da10,VORTIH_FSR,bandgap_3.0_to_3.5eV,2,Ag,c1ccc2ncccc2c1
qmof-d8aea9a,NIFTON_FSR,bandgap_3.0_to_3.5eV,5,Sr,c1ccc2cc(-c3ncc[nH]3)ccc2c1
qmof-9943ad5,NIFXEI_FSR,bandgap_3.0_to_3.5eV,1,Zn,c1cc(-c2ccc(-c3ccncc3)cc2)ccn1.c1ccc(-c2ccccc2)cc1
qmof-43de2f1,NEYYOH01_FSR,bandgap_3.0_to_3.5eV,3,Co,O=C1[CH]C(=O)NC(=S)N1
qmof-466d3a2,EQEKAN_FSR,bandgap_3.0_to_3.5eV,5,Co,c1ccc(NCc2ccc(CNc3ccccc3)cc2)cc1.c1ccc2c(c1)ncn2CCCCn1cnc2ccccc21
qmof-5f22410,EQIRIG_FSR,bandgap_3.0_to_3.5eV,1,Ni,c1cc(-c2ccncc2)ccn1.c1ccccc1
qmof-57b3cba,EQOZAN_FSR,bandgap_3.0_to_3.5eV,4,Cd,c1ccc(-c2ccccc2)cc1
qmof-7b7a359,PADXAV_FSR,bandgap_3.0_to_3.5eV,4,Cd,c1cc(-c2ccncc2)ccn1
qmof-434aece,DORFUN_FSR,bandgap_3.0_to_3.5eV,4,Zn,c1cc(-c2ccncc2)ccn1.c1ccc(-c2cccc(-c3ccccc3)c2)cc1
qmof-485ff50,DORQAD_FSR,bandgap_3.0_to_3.5eV,4,Ba,c1ccccc1
qmof-bbb2769,DOTCOF_FSR,bandgap_3.0_to_3.5eV,1,Cd,c1ccccc1
qmof-f2d872e,UZEBOS01_FSR,bandgap_3.0_to_3.5eV,2,Co,
qmof-40c7632,VAGTAA02_FSR,bandgap_3.0_to_3.5eV,1,Mg,c1ccccc1
qmof-75dfe5f,BIKXOK_FSR,bandgap_3.0_to_3.5eV,1,Zn,c1cc(-c2ccncc2)ccn1.c1ccccc1
qmof-23163b9,BILCEF_FSR,bandgap_3.0_to_3.5eV,5,Cd,c1cc(-c2ccncc2)ccn1
qmof-600b915,NEVBOH_FSR,bandgap_3.0_to_3.5eV,3,Zn,c1cc(-c2ccncc2)ccn1.c1ccc(-c2ccc(-c3ccccc3)cc2)cc1
qmof-eb2e363,NEVBOI_FSR,bandgap_3.0_to_3.5eV,3,Co,[CH]([N]N=Cc1cccnc1)c1cccnc1.c1ccccc1
qmof-3524ba0,EREYOQ_FSR,bandgap_3.0_to_3.5eV,1,Cd,[CH]1C=CC=CN1CCCCN1[CH]C=CC=C1
qmof-e266e2c,EREZOR_FSR,bandgap_3.0_to_3.5eV,2,Cu,
qmof-a2f692c,ERIJAR_FSR,bandgap_3.0_to_3.5eV,2,Na,
qmof-71f9121,NEPKUP_FSR,bandgap_3.0_to_3.5eV,4,Cu,
qmof-2a3833a,VUYCAU_FSR,bandgap_3.0_to_3.5eV,3,K,c1ccccc1
qmof-09d5a30,WACHIU_FSR,bandgap_3.0_to_3.5eV,3,Zn,c1cc(-c2ccncc2)ccn1
qmof-254f0bb,BEGFEZ_FSR,bandgap_3.0_to_3.5eV,3,V,c1cc(-c2ccncc2)ccn1
qmof-6868cb6,BINFUB_FSR,bandgap_3.0_to_3.5eV,4,Li,O=C1[N]NC(=O)c2ccccc21
qmof-2ba0cce,UYIGAM02_FSR,bandgap_3.0_to_3.5eV,4,Co,c1ccccc1
qmof-e0f33e8,UWIHEO_FSR,bandgap_3.0_to_3.5eV,4,Ag,c1c[nH]cn1
qmof-2cc2ecf,PANREC_FSR,bandgap_3.0_to_3.5eV,4,Zn,C(=Nc1ccccc1)c1ccccc1
qmof-c5c5ac9,PANREE_FSR,bandgap_3.0_to_3.5eV,2,Cd,c1ccc2ccccc2c1.c1cncc(CNc2cccnc2)c1
qmof-c1292a3,PANYAG_FSR,bandgap_3.0_to_3.5eV,3,Zn,
qmof-79684a4,PAPQII_FSR,bandgap_3.0_to_3.5eV,4,Organic_Only,
qmof-1aa6c4c,PAQDAO_FSR,bandgap_3.0_to_3.5eV,4,Cu,c1ccc2[nH]c(Cc3ccc(Cc4nc5ccccc5[nH]4)cc3)nc2c1
qmof-c34d529,PAQDIW_FSR,bandgap_3.0_to_3.5eV,5,Cu,c1ccc2[nH]c(Cc3ccc(Cc4nc5ccccc5[nH]4)cc3)nc2c1
qmof-1bbc4ba,DOPZAK_FSR,bandgap_3.0_to_3.5eV,4,Zn,c1cnccn1
qmof-4917b6a,ESUZEY_FSR,bandgap_3.0_to_3.5eV,2,Zn,c1ccncc1
qmof-c5d2cf9,ETEJUJ_FSR,bandgap_3.0_to_3.5eV,1,Sm,c1ccccc1
qmof-c060980,NENXIO_FSR,bandgap_3.0_to_3.5eV,3,Cu,c1cc[nH+]cc1
qmof-ab576dc,NEPFAQ_FSR,bandgap_3.0_to_3.5eV,2,Cd,
qmof-7c5af7f,NEPGIZ_FSR,bandgap_3.0_to_3.5eV,2,Cd,
qmof-e113aa0,NENDEQ_FSR,bandgap_3.0_to_3.5eV,1,Cd,c1c[nH+]ccn1
qmof-47b17d9,NEJZEK_FSR,bandgap_3.0_to_3.5eV,1,Zn,O=C1c2ccccc2C(=O)c2ccccc21
qmof-ad80379,PALHOC_FSR,bandgap_3.0_to_3.5eV,2,Co,c1ccc(-n2ccnc2)cc1
qmof-20f3edb,PAZBEY01_FSR,bandgap_3.0_to_3.5eV,1,Cu,
qmof-63a8ad5,PAZHOQ_FSR,bandgap_3.0_to_3.5eV,3,Cr,O=C(Cc1ccc(CC(=O)Nc2cccnc2)cc1)Nc1cccnc1
qmof-35f10de,PASMII_FSR,bandgap_3.0_to_3.5eV,1,Ni,c1ccc2c(c1)ncn2Cc1ccc(Cn2cnc3ccccc32)cc1.c1ccccc1
qmof-7ba728e,PASROS_FSR,bandgap_3.0_to_3.5eV,3,Cd,[CH]1C=NC(c2ccccc2)=N1.c1ccc(-c2ncc[nH]2)cc1
qmof-b0b1d6e,PARYAJ_FSR,bandgap_3.0_to_3.5eV,2,Ag,c1cc2ccc1CCc1ccc(cc1)CC2
qmof-3048b12,UXACEC_FSR,bandgap_3.0_to_3.5eV,4,Y,
qmof-d701b9b,UXANIS_FSR,bandgap_3.0_to_3.5eV,2,Dy,c1ccc(-c2nc3c4cccnc4c4ncccc4c3[nH]2)cc1
qmof-9bd8c04,UXAPAM_FSR,bandgap_3.0_to_3.5eV,3,Yb,c1ccc(-c2nc3c4cccnc4c4ncccc4c3[nH]2)cc1
qmof-324fde1,BEBCOB_FSR,bandgap_3.0_to_3.5eV,1,Cu,c1ccccc1
qmof-d80e631,BEDQUZ_FSR,bandgap_3.0_to_3.5eV,5,Cd,
qmof-32c9222,VUQHUL_FSR,bandgap_3.0_to_3.5eV,4,Cd,O=C1C(=O)C(=O)C1=O
qmof-9df0051,NEKLOE_FSR,bandgap_3.0_to_3.5eV,4,Cu,
qmof-be50f36,NEKPOK_FSR,bandgap_3.0_to_3.5eV,1,Zn,c1cc(-c2ccncc2)ccn1.c1ccccc1
qmof-8f2f198,NELKAQ01_FSR,bandgap_3.0_to_3.5eV,5,Cu,
qmof-2d58bb8,BIPLAN01_FSR,bandgap_3.0_to_3.5eV,5,Ag,
qmof-461e21e,BIPZIM_FSR,bandgap_3.0_to_3.5eV,1,Cu,c1ccccc1
qmof-0eef54d,BISWOP01_FSR,bandgap_3.0_to_3.5eV,3,Cu,
qmof-d950595,UVINIX_FSR,bandgap_3.0_to_3.5eV,2,Ag,C1=NC=N[C]1c1ccc([C]2C=NC=N2)cc1
qmof-c48387a,PEGJET_FSR,bandgap_3.0_to_3.5eV,4,Co,c1ccc2c(c1)ncn2CCCCn1cnc2ccccc21.c1ccccc1
qmof-639db33,PECFAH01_FSR,bandgap_3.0_to_3.5eV,3,Cd,c1cc(-c2ccc(Oc3ccc(-c4ccncc4)cc3)cc2)ccn1.c1ccc2ccccc2c1
qmof-38220b3,PECKUE_FSR,bandgap_3.0_to_3.5eV,1,Co,c1cc(CCc2ccncc2)ccn1
qmof-58a1dbe,PEDBOS_FSR,bandgap_3.0_to_3.5eV,2,Nd,O=C1NC(=O)C(=NNc2ccccc2)C(=O)N1
qmof-ef7ab80,PEDBUY_FSR,bandgap_3.0_to_3.5eV,2,Sm,O=C1NC(=O)C(=NNc2ccccc2)C(=O)N1
qmof-774c51c,PEDCAF_FSR,bandgap_3.0_to_3.5eV,1,Dy,O=C1NC(=O)C(=NNc2ccccc2)C(=O)N1
qmof-377ea80,DOGZIJ_FSR,bandgap_3.0_to_3.5eV,1,Zn,c1ccccc1.c1cn(Cc2ccc(Cn3ccnc3)cc2)cn1
qmof-fa0c5a7,NAXTAI_FSR,bandgap_3.0_to_3.5eV,4,Mn,c1ccc2ccccc2c1
qmof-f05d7d8,NEGDOT_FSR,bandgap_3.0_to_3.5eV,3,Ag,O=C(OCCOC(=O)c1ccncc1)c1ccncc1
qmof-fbb4304,ETEKAQ_FSR,bandgap_3.0_to_3.5eV,4,Gd,c1ccccc1
qmof-5c6b152,ETEKEU_FSR,bandgap_3.0_to_3.5eV,3,Er,c1ccccc1
qmof-deb5a1f,NECBON_FSR,bandgap_3.0_to_3.5eV,5,Cu,
qmof-c304df9,WAJHOH_FSR,bandgap_3.0_to_3.5eV,3,Cu,
qmof-e2b9aa4,WALWIS_FSR,bandgap_3.0_to_3.5eV,3,Co,c1ccc(-c2cccnc2)cc1
qmof-df01160,WALZUG_FSR,bandgap_3.0_to_3.5eV,4,Bi,
qmof-b3afc61,WAMZIV_FSR,bandgap_3.0_to_3.5eV,5,Cd,O=C1N[N]C(=O)c2ncccc21
qmof-f07eae0,WANXIU_FSR,bandgap_3.0_to_3.5eV,1,Co,
qmof-a42d965,DOHBOS_FSR,bandgap_3.0_to_3.5eV,4,Cd,c1cc(-c2ccncc2)ccn1.c1ccccc1
qmof-22f5c5c,DOHGEO_FSR,bandgap_3.0_to_3.5eV,3,Cd,[CH]1C=C(c2ccncc2)C=CN1CCN1[CH]C=C(c2ccncc2)C=C1.c1ccccc1
qmof-c51a724,PEGTUS01_FSR,bandgap_3.0_to_3.5eV,1,Cu,c1cc(-c2ccncc2)ccn1.c1ccccc1
qmof-b11bf9e,PEGTUS_FSR,bandgap_3.0_to_3.5eV,4,Cu,c1cc(-c2ccncc2)ccn1.c1ccccc1
qmof-ed10ad3,DOCHOT_FSR,bandgap_3.0_to_3.5eV,4,Rb,O=C1[CH]C=NC=C1
qmof-65e6cf9,DOCHUZ_FSR,bandgap_3.0_to_3.5eV,1,Cs,O=C1[CH]C=NC=C1
qmof-92bf34f,PEFHUE_FSR,bandgap_3.0_to_3.5eV,1,Ag,O=C(Nc1ccccc1)Nc1ccccc1
qmof-d1453d9,EWAWEG01_FSR,bandgap_3.0_to_3.5eV,1,Hg,C1=NN=N[N]1
qmof-cdf0dd2,EWEBUD_FSR,bandgap_3.0_to_3.5eV,5,Mo,c1ccccc1
qmof-9453071,EWISEI_FSR,bandgap_3.0_to_3.5eV,2,Cu,C1CNCCN1
qmof-0db880c,NAQWOT_FSR,bandgap_3.0_to_3.5eV,2,Cd,
qmof-2eb30ad,NAQXEK_FSR,bandgap_3.0_to_3.5eV,4,Cd,
qmof-483d39b,ETUJUZ_FSR,bandgap_3.0_to_3.5eV,5,Zn,c1ccccc1
qmof-ac06c00,ETULUB_FSR,bandgap_3.0_to_3.5eV,3,Zn,c1cncnc1
qmof-bb18fa6,ETUTIX_FSR,bandgap_3.0_to_3.5eV,5,Rb,c1ccccc1
qmof-8469bbb,EVINAA_FSR,bandgap_3.0_to_3.5eV,4,Na,
qmof-26b1f32,PERSEM_FSR,bandgap_3.0_to_3.5eV,3,Zn,c1ccccc1
qmof-55ca6c9,PENLEB_FSR,bandgap_3.0_to_3.5eV,1,Cu,c1cncc(C2=NN=N[N]2)c1
qmof-6973720,PENNED_FSR,bandgap_3.0_to_3.5eV,4,Hg,
qmof-44dcbfb,DIXJIF_FSR,bandgap_3.0_to_3.5eV,4,Zn,c1cc(-c2ccncc2)ccn1.c1ccccc1
qmof-5be20e9,DIZZUI_FSR,bandgap_3.0_to_3.5eV,1,Zn,C(=Cc1ccncc1)c1ccncc1.O=S(=O)(c1ccccc1)c1ccccc1
qmof-004e466,PEJXAF01_FSR,bandgap_3.0_to_3.5eV,4,Cu,c1ccccc1
qmof-e53ae74,WECHUH01_FSR,bandgap_3.0_to_3.5eV,2,Mn,
qmof-44fe25a,BARJIN_FSR,bandgap_3.0_to_3.5eV,1,Cu,
qmof-402926d,BASMIS02_FSR,bandgap_3.0_to_3.5eV,5,Mn,c1cc(-c2ccncc2)ccn1.c1ccccc1
qmof-8030fac,BATVAW_FSR,bandgap_3.0_to_3.5eV,3,Cu,
qmof-3bdfb25,NASMAW_FSR,bandgap_3.0_to_3.5eV,5,Cu,
qmof-163215a,EVOLAC_FSR,bandgap_3.0_to_3.5eV,3,Ag,[CH]1C=CC=CN1
qmof-1985e04,EVONOS_FSR,bandgap_3.0_to_3.5eV,3,Fe,c1c[nH]cn1
qmof-44ae5b4,EVUQOC_FSR,bandgap_3.0_to_3.5eV,2,La,c1ccc(Oc2ccccc2)cc1
qmof-b59eb8f,BIYHUN01_FSR,bandgap_3.0_to_3.5eV,1,Zn,c1cc(-c2ccncc2)ccn1.c1nncs1
qmof-09b92f5,BIYJAV01_FSR,bandgap_3.0_to_3.5eV,4,Cd,c1cc(-c2ccncc2)ccn1.c1nncs1
qmof-8626bd6,UQAZAO_FSR,bandgap_3.0_to_3.5eV,5,Cu,C=C1C=CN=N1.[CH]1C=CN=N1
qmof-0b15fc2,PESGEA_FSR,bandgap_3.0_to_3.5eV,4,Zn,c1ccccc1
qmof-9fdfadb,PESJOP_FSR,bandgap_3.0_to_3.5eV,5,Cd,
qmof-27f7861,PETVOB_FSR,bandgap_3.0_to_3.5eV,2,Cd,C(=Cc1ccncc1)c1ccncc1.c1ccccc1
qmof-70f6af7,DISPON_FSR,bandgap_3.0_to_3.5eV,2,Ca,O=C1NC(=O)c2ccccc21
qmof-bf8dd4c,DISPUT_FSR,bandgap_3.0_to_3.5eV,2,Ca,O=C1NC(=O)c2ccccc21
qmof-6199c6e,DISROO_FSR,bandgap_3.0_to_3.5eV,2,Ag,c1cc[nH+]cc1
qmof-36ade61,DITTAC_FSR,bandgap_3.0_to_3.5eV,2,Zn,c1cncnc1
qmof-ffc1922,NAMCOU_FSR,bandgap_3.0_to_3.5eV,3,Cu,
qmof-146d007,EXAHUI02_FSR,bandgap_3.0_to_3.5eV,4,Cu,
qmof-6b5f1a5,NAHXEZ_FSR,bandgap_3.0_to_3.5eV,5,K,O=C1NCCCN1
qmof-2aa6596,NAKFEN_FSR,bandgap_3.0_to_3.5eV,2,Cd,c1ccccc1.c1cncc(COc2ccc(OCc3cccnc3)cc2)c1
qmof-b0c9185,NAFJOV_FSR,bandgap_3.0_to_3.5eV,3,Ag,
qmof-7a9db19,NAGDIL_FSR,bandgap_3.0_to_3.5eV,5,Zn,c1cc(-c2ccncc2)ccn1.c1ccccc1
qmof-1ff9412,WEBGIT_FSR,bandgap_3.0_to_3.5eV,5,Ag,c1ccccc1
qmof-923ce21,DIVFIZ_FSR,bandgap_3.0_to_3.5eV,3,Co,
qmof-06ba8af,DIWDIY_FSR,bandgap_3.0_to_3.5eV,3,Ag,c1ccc2ccccc2c1.c1cnccn1
qmof-62bce71,PEQVIR_FSR,bandgap_3.0_to_3.5eV,1,Hg,
qmof-929b067,PEXHEG_FSR,bandgap_3.0_to_3.5eV,1,Hg,
qmof-09eb351,PEYHAF_FSR,bandgap_3.0_to_3.5eV,5,Ni,c1ccncc1.c1cn(CCCCn2ccnc2)cn1
qmof-e9695d9,PIHJAS_FSR,bandgap_3.0_to_3.5eV,3,Hg,
qmof-516b44e,PIHJIA_FSR,bandgap_3.0_to_3.5eV,2,Hg,[CH]([N][N][CH]c1ccncc1)c1ccncc1
qmof-48b04d8,WEMBEX_FSR,bandgap_3.0_to_3.5eV,3,Cd,
qmof-ad5daef,WEFQUW_FSR,bandgap_3.0_to_3.5eV,1,Mo,c1cnc([C]2N=C(c3nnc[nH]3)[N]N2)cn1
qmof-82179f8,NABVUJ_FSR,bandgap_3.0_to_3.5eV,5,Mo,
qmof-688ca67,NACVUI_FSR,bandgap_3.0_to_3.5eV,3,Cu,
qmof-542bb58,MUWVAD_FSR,bandgap_3.0_to_3.5eV,5,Cd,c1ccc2[nH+]cccc2c1
qmof-b22f748,MUXNUO02_FSR,bandgap_3.0_to_3.5eV,4,Na,
qmof-e2aa664,MUYKEY_FSR,bandgap_3.0_to_3.5eV,3,Mn,
qmof-0944bb7,EXOBOJ_FSR,bandgap_3.0_to_3.5eV,4,Li,
qmof-eee08bb,MUVTEC01_FSR,bandgap_3.0_to_3.5eV,2,Ag,
qmof-cc095cc,EYEYIR_FSR,bandgap_3.0_to_3.5eV,3,Zn,c1cc(-c2ccncc2)ccn1.c1ccc(COc2ccccc2)cc1
qmof-d203083,EYONIQ_FSR,bandgap_3.0_to_3.5eV,5,Cd,c1ccccc1.c1cn(-c2ccc(N(c3ccc(-n4ccnc4)cc3)c3ccc(-n4ccnc4)cc3)cc2)cn1
qmof-2e50f50,EYUCEH_FSR,bandgap_3.0_to_3.5eV,1,Ag,[CH]1C=CC=CN1.[CH]1C=CC=CN1
qmof-6d2b4bc,WEWLOB_FSR,bandgap_3.0_to_3.5eV,3,Cd,c1ccc2ccccc2c1
qmof-b9a0bc9,WEXHAL_FSR,bandgap_3.0_to_3.5eV,5,Cd,c1ccc(-c2ccccc2)cc1
qmof-9a1ecbc,WEPWEW_FSR,bandgap_3.0_to_3.5eV,1,Co,c1cncc(CSc2nnc(SCc3cccnc3)s2)c1
qmof-3fac439,WESRIW_FSR,bandgap_3.0_to_3.5eV,1,Cu,
qmof-cea07ef,BAPJAG_FSR,bandgap_3.0_to_3.5eV,1,Mo,[CH]1N=C[N]N1c1cccc(N2[CH]N=C[N]2)c1
qmof-b7dbb38,BAQPEQ_FSR,bandgap_3.0_to_3.5eV,1,Cu,
qmof-59b7a9f,DIKZED_FSR,bandgap_3.0_to_3.5eV,2,Mn,
qmof-0f3bfc7,DILFIO_FSR,bandgap_3.0_to_3.5eV,4,Zn,S=C1[N]NC(=S)S1
qmof-c0b8aad,DINDAH_FSR,bandgap_3.0_to_3.5eV,3,Pb,
qmof-b532d2c,DINDIP_FSR,bandgap_3.0_to_3.5eV,2,Zn,c1ccc(Oc2ccccc2)cc1.c1cnc2c(c1)c1nc[nH]c1c1cccnc12
qmof-17a2f2b,DINMUK_FSR,bandgap_3.0_to_3.5eV,2,Fe,
qmof-3fbde32,PEZRUJ01_FSR,bandgap_3.0_to_3.5eV,5,Ag,[CH]1C=NC(c2ccncc2)=N1
qmof-6848f68,PICVAA_FSR,bandgap_3.0_to_3.5eV,5,Ag,
qmof-831eab7,USASEO_FSR,bandgap_3.0_to_3.5eV,5,Pb,
qmof-bf6a861,USAXUJ_FSR,bandgap_3.0_to_3.5eV,1,Mn,c1ccccc1
qmof-a7dd0ac,FADXUF_FSR,bandgap_3.0_to_3.5eV,2,Ag,O=C1NC23NC(=O)NC2(N1)c1cccnc1-c1ncccc13
qmof-5ea8960,MOXZIJ_FSR,bandgap_3.0_to_3.5eV,3,Pb,c1ccccc1
qmof-073a0d6,MUQVAX_FSR,bandgap_3.0_to_3.5eV,1,Li,O=C1c2ccccc2C(=O)c2ccccc21
qmof-19a5867,MUPBUW_FSR,bandgap_3.0_to_3.5eV,1,Nd,c1ccc(-c2ccccc2)cc1
qmof-55091f7,EYUVOK_FSR,bandgap_3.0_to_3.5eV,5,Ni,c1cc(-c2ccncc2)ccn1
qmof-71d1118,EZUREW_FSR,bandgap_3.0_to_3.5eV,3,Mo,
qmof-f67379e,MUJSIT_FSR,bandgap_3.0_to_3.5eV,5,V,C1=CN=N[N]1.[CH]1C=NN=N1
qmof-091c04b,MURCEH_FSR,bandgap_3.0_to_3.5eV,4,Cu,c1ccccc1
qmof-fc77380,BIZHID01_FSR,bandgap_3.0_to_3.5eV,3,Cu,
qmof-308fde1,UNUQAX_FSR,bandgap_3.0_to_3.5eV,2,Li,
qmof-c3c40c6,UPEWIW_FSR,bandgap_3.0_to_3.5eV,3,Hg,
qmof-1eeeeb7,UPOQUM_FSR,bandgap_3.0_to_3.5eV,4,Cu,O=C(Nc1cccnc1)c1cccc(C(=O)Nc2cccnc2)c1
qmof-c154af6,PIHNUR_FSR,bandgap_3.0_to_3.5eV,1,Cu,c1cc(-c2ccncc2)ccn1
qmof-b95f9af,PIHWAG_FSR,bandgap_3.0_to_3.5eV,4,La,c1csc(-c2cc(-c3cccs3)cc(-c3cccs3)c2)c1
qmof-a52b53c,PIJZAK_FSR,bandgap_3.0_to_3.5eV,4,Ni,
qmof-37e0784,DIJCAB_FSR,bandgap_3.0_to_3.5eV,1,Dy,
qmof-e7c11cf,DIJCEF_FSR,bandgap_3.0_to_3.5eV,5,Er,
qmof-01ebcd2,FAGXET_FSR,bandgap_3.0_to_3.5eV,2,Gd,c1ccc(Oc2ccc(C3=NN=N[N]3)cc2)cc1.c1ccc(Oc2ccc(C3=N[N]N=N3)cc2)cc1
qmof-eb10122,FAHDIC_FSR,bandgap_3.0_to_3.5eV,5,Ag,O=c1cc[nH]c(=O)[nH]1
qmof-ee49b1f,FAHHUT_FSR,bandgap_3.0_to_3.5eV,1,Zn,c1cc(COc2ccc(OCc3ccncc3)cc2)ccn1.c1ccccc1
qmof-96a5399,FAHJAB_FSR,bandgap_3.0_to_3.5eV,2,Zn,c1cc(COc2ccc(OCc3ccncc3)cc2)ccn1.c1ccccc1
qmof-60a16fa,MOPFEC_FSR,bandgap_3.0_to_3.5eV,3,Cu,S=C1[N]CCS1
qmof-1929d06,MOPFII_FSR,bandgap_3.0_to_3.5eV,2,Cd,c1ccc2[nH]cnc2c1.c1ccccc1
qmof-b36de89,MOZCEL_FSR,bandgap_3.0_to_3.5eV,5,Ni,O=C(c1ccccc1)c1ccccc1.c1cc(-c2ccncc2)ccn1
qmof-70883fe,MOZDIQ_FSR,bandgap_3.0_to_3.5eV,3,Ni,c1cc(-c2ccc(-c3ccncc3)cc2)ccn1
qmof-0166056,MOZJOB_FSR,bandgap_3.0_to_3.5eV,3,Sn,c1ccc2c(c1)OCO2
qmof-442efa0,MUDBIY_FSR,bandgap_3.0_to_3.5eV,5,Cd,
qmof-e9eab2e,FACRAF_FSR,bandgap_3.0_to_3.5eV,3,Cu,N=C1CCC2CC2C1
qmof-074d5dc,FADTEL_FSR,bandgap_3.0_to_3.5eV,4,Ca,c1ccccc1
qmof-e9595ba,BAKMOS_FSR,bandgap_3.0_to_3.5eV,3,Cd,c1ccc(N(c2ccccc2)c2ccccc2)cc1.c1cn(-c2ccc(-n3ccnc3)cc2)cn1
qmof-986eab9,BAKWAN_FSR,bandgap_3.0_to_3.5eV,5,Mn,c1ccc(Oc2ccccc2)cc1.c1cn(CCCCn2ccnc2)cn1
qmof-6fbe47e,BAKYET_FSR,bandgap_3.0_to_3.5eV,1,Zn,c1ccc(-c2ccccc2)cc1
qmof-4cc90a1,MOXZOP_FSR,bandgap_3.0_to_3.5eV,5,Pb,
qmof-dd3d308,MOYPIA_FSR,bandgap_3.0_to_3.5eV,3,Zn,c1ccc2c(c1)Cc1ccccc1-2
qmof-cb6d9e0,MOTSET_FSR,bandgap_3.0_to_3.5eV,4,Pb,
qmof-07c91b5,MOVGAH_FSR,bandgap_3.0_to_3.5eV,3,Cu,c1ccccc1
qmof-92b3873,MOWGEL_FSR,bandgap_3.0_to_3.5eV,3,Hg,
qmof-8a9ad79,MOWSUO_FSR,bandgap_3.0_to_3.5eV,2,Organic_Only,
qmof-f391693,FAFMEG_FSR,bandgap_3.0_to_3.5eV,4,Cu,c1nncn1CCn1cnnc1
qmof-de95770,DIKRAR_FSR,bandgap_3.0_to_3.5eV,3,Cu,C(=Nc1ccccc1)c1ccccc1
qmof-b8f9fb5,DIKXIF_FSR,bandgap_3.0_to_3.5eV,3,Cu,c1cnc(SCc2ccc(CSc3ncccn3)cc2)nc1
qmof-0d4a2d9,PIGBOZ_FSR,bandgap_3.0_to_3.5eV,2,Ag,
qmof-c6fa1c1,PIHCEP_FSR,bandgap_3.0_to_3.5eV,1,Hg,
qmof-b156e7f,PIQBAU_FSR,bandgap_3.0_to_3.5eV,5,Mn,c1ccccc1.c1cn(Cc2ccc(Cn3ccnc3)cc2)cn1
qmof-d22e1ac,PIQYAS_FSR,bandgap_3.0_to_3.5eV,4,Sn,
qmof-2157a06,DIDSEP_FSR,bandgap_3.0_to_3.5eV,1,K,
qmof-cadb719,DIFXAT_FSR,bandgap_3.0_to_3.5eV,4,Cd,
qmof-b78b0ad,DIFXUN_FSR,bandgap_3.0_to_3.5eV,3,Cd,
qmof-e42499c,MOQGEF_FSR,bandgap_3.0_to_3.5eV,5,Mo,
qmof-2409b7a,MORHAD_FSR,bandgap_3.0_to_3.5eV,4,Cu,c1ccc2nccnc2c1
qmof-8090fd0,FAHKIK_FSR,bandgap_3.0_to_3.5eV,3,Organic_Only,c1ccc(-c2ccccc2)cc1
qmof-d111cc6,FALGEG_FSR,bandgap_3.0_to_3.5eV,5,Zn,c1ccc(-c2ccccc2)cc1
qmof-9f49103,FALJUA_FSR,bandgap_3.0_to_3.5eV,4,Co,O=C(NCCCCCCNC(=O)c1cccnc1)c1cccnc1.c1ccccc1
qmof-b1309d1,FALLEL_FSR,bandgap_3.0_to_3.5eV,4,Zn,C(=Cc1ccncc1)c1ccncc1
qmof-a9d0bad,MOLCEW_FSR,bandgap_3.0_to_3.5eV,1,Co,c1cc(CCc2ccncc2)ccn1.c1ccccc1
qmof-5fa42a7,MOLCUN_FSR,bandgap_3.0_to_3.5eV,2,Na,c1ccccc1
qmof-8746932,MOLROW_FSR,bandgap_3.0_to_3.5eV,4,Zn,c1ccccc1
qmof-89ba43a,WEYXOO_FSR,bandgap_3.0_to_3.5eV,2,Cu,c1ncn(CCn2cncn2)n1
qmof-15b3a70,WEZHEP_FSR,bandgap_3.0_to_3.5eV,5,Ag,c1ccncc1
qmof-f69721b,WICLEC_FSR,bandgap_3.0_to_3.5eV,3,Dy,c1ccc([N][N]c2ccccc2)cc1
qmof-12ba7bc,PITMAI_FSR,bandgap_3.0_to_3.5eV,3,Co,c1ccccc1.c1cn(-c2ccc(-c3ccc(-n4ccnc4)s3)s2)cn1
qmof-c78d46a,PIVHEK_FSR,bandgap_3.0_to_3.5eV,3,Mn,O=C(Nc1ccccc1)C(=O)Nc1ccccc1
qmof-f42d855,PIVJUA_FSR,bandgap_3.0_to_3.5eV,4,Cu,c1cc[nH+]cc1.c1cc[nH+]cc1
qmof-4597bbd,PIVKAH_FSR,bandgap_3.0_to_3.5eV,5,Cu,c1cc[nH+]cc1.c1cc[nH+]cc1
qmof-5f85fca,PIYWAY_FSR,bandgap_3.0_to_3.5eV,3,Zn,c1ccccc1
qmof-0b54781,PIZDEH_FSR,bandgap_3.0_to_3.5eV,3,Pd,
qmof-e05c142,DICVEQ_FSR,bandgap_3.0_to_3.5eV,2,Cu,
qmof-87eb0e6,UNINEL_FSR,bandgap_3.0_to_3.5eV,3,Cd,c1ccc2ccccc2c1
qmof-e7a2bb1,UNINUB_FSR,bandgap_3.0_to_3.5eV,4,Cd,c1cc(-c2ccncc2)ccn1.c1ccc2ccccc2c1
qmof-0cfad40,BAGPOP01_FSR,bandgap_3.0_to_3.5eV,2,Cu,
qmof-f343390,WIGSAH_FSR,bandgap_3.0_to_3.5eV,2,Co,c1ccncc1
qmof-0a12f7f,MOHRAD_FSR,bandgap_3.0_to_3.5eV,2,Zn,C(=Cc1ccncc1)c1ccncc1.c1ccc(-c2ccccc2)cc1
qmof-cbe0ac3,MOJFIA_FSR,bandgap_3.0_to_3.5eV,1,Cu,
qmof-df02179,MOLBAS_FSR,bandgap_3.0_to_3.5eV,1,Cu,O=C(Nc1cccnc1)c1cccc(C(=O)Nc2cccnc2)n1
qmof-a314f18,FALMAI_FSR,bandgap_3.0_to_3.5eV,3,Zn,C(=Cc1ccncc1)c1ccncc1.c1ccccc1
qmof-10bab48,FAPFOT_FSR,bandgap_3.0_to_3.5eV,1,Cd,c1cncnc1
qmof-8efa557,FAPFUZ_FSR,bandgap_3.0_to_3.5eV,2,Cd,c1cncnc1
qmof-357d3b0,MOFDOC_FSR,bandgap_3.0_to_3.5eV,4,Tb,O=C1N[N]C(=O)c2ncccc21
qmof-29a7d04,MOFQIK_FSR,bandgap_3.0_to_3.5eV,1,Cu,
qmof-79f0fab,BOJHAM_FSR,bandgap_3.0_to_3.5eV,5,Eu,c1ccccc1
qmof-a0db6b2,BOJLIW_FSR,bandgap_3.0_to_3.5eV,5,Mn,[N]1N=NN=C1Nc1nnn[nH]1
qmof-6fb6dea,ULINOU_FSR,bandgap_3.0_to_3.5eV,3,Co,
qmof-c312b02,UJUFEK_FSR,bandgap_3.0_to_3.5eV,3,Cu,c1ccc(-c2cc(-c3cc(-c4ccccn4)nc(-c4ccccn4)c3)cc(-c3ccccn3)n2)nc1
qmof-19e8f60,UJUMET_FSR,bandgap_3.0_to_3.5eV,3,Cu,c1ccccc1.c1ccccc1
qmof-1ff90d0,POFDUL_FSR,bandgap_3.0_to_3.5eV,2,Cu,c1ccncc1
qmof-31506de,DEYTAD_FSR,bandgap_3.0_to_3.5eV,3,Hg,
qmof-299fe2a,DEZMUR_FSR,bandgap_3.0_to_3.5eV,2,Cd,c1c[nH+]cc[nH+]1
qmof-8b3b2f2,DIBBAS_FSR,bandgap_3.0_to_3.5eV,5,Cu,C(=Cc1ccncc1)c1ccncc1
qmof-16eada2,MOBQUR_FSR,bandgap_3.0_to_3.5eV,2,Sn,
qmof-363e93c,MODWUX_FSR,bandgap_3.0_to_3.5eV,4,Ni,
qmof-9324158,MIXZIC_FSR,bandgap_3.0_to_3.5eV,4,Ni,C1N2CN3CN1CN(C2)C3
qmof-5874237,MIYSIX_FSR,bandgap_3.0_to_3.5eV,3,Hg,c1cncc(-c2ccnc(SCCSc3nccc(-c4cccnc4)n3)n2)c1
qmof-44a4cb1,MIZLAJ_FSR,bandgap_3.0_to_3.5eV,4,Pb,
qmof-8c5c19b,WIMWIB_FSR,bandgap_3.0_to_3.5eV,5,Au,
qmof-6f72687,WITBIM01_FSR,bandgap_3.0_to_3.5eV,2,Cd,C1=CCCCC1.c1cc(-c2ccncc2)ccn1
qmof-02407df,FARNAP_FSR,bandgap_3.0_to_3.5eV,2,Cd,O=C(c1cccnc1)N1CCN(C(=O)c2cccnc2)CC1.c1ccccc1
qmof-9c76f5e,FARPUJ_FSR,bandgap_3.0_to_3.5eV,2,Hg,
qmof-26483dd,FASCUZ01_FSR,bandgap_3.0_to_3.5eV,4,Mn,
qmof-916f903,FASDEL_FSR,bandgap_3.0_to_3.5eV,1,Cd,c1cc([N][N]c2cccc(-n3ccnc3)c2)cc(-n2ccnc2)c1.c1ccccc1
qmof-4c1a060,WODRIS_FSR,bandgap_3.0_to_3.5eV,2,Cu,
qmof-9a970ac,AZOBIB_FSR,bandgap_3.0_to_3.5eV,2,Hg,
qmof-35c8474,BABRED_FSR,bandgap_3.0_to_3.5eV,3,Hg,
qmof-4ddf58e,WIWHOA_FSR,bandgap_3.0_to_3.5eV,5,Mn,c1ccccc1
qmof-e078e09,WIZMUP_FSR,bandgap_3.0_to_3.5eV,3,Cu,O=C(Nc1cccnc1)c1cccnc1
qmof-d8336ab,WOBHEB_FSR,bandgap_3.0_to_3.5eV,1,Zn,c1ccccc1
qmof-1e81b2d,WOBHIF01_FSR,bandgap_3.0_to_3.5eV,4,Zn,c1ccccc1
qmof-25c9c0b,MITPAJ_FSR,bandgap_3.0_to_3.5eV,2,Cu,
qmof-533823c,MIPNIK_FSR,bandgap_3.0_to_3.5eV,5,Cu,
qmof-27acf12,MIQDEW_FSR,bandgap_3.0_to_3.5eV,2,Mn,c1ccc(Oc2ccccc2)cc1
qmof-01a84ba,FATQIA_FSR,bandgap_3.0_to_3.5eV,3,Cu,
qmof-eed4bda,MIMRAB_FSR,bandgap_3.0_to_3.5eV,3,Zn,c1ccc2ccccc2c1
qmof-bfb991a,MIMVIN_FSR,bandgap_3.0_to_3.5eV,5,Zn,c1ccncc1
qmof-6d61160,MINCAN_FSR,bandgap_3.0_to_3.5eV,2,Li,
qmof-c9e3c56,MINCER_FSR,bandgap_3.0_to_3.5eV,3,Ba,
qmof-76ed8fc,MINCUH01_FSR,bandgap_3.0_to_3.5eV,2,Na,
qmof-4809ee4,MINKAX01_FSR,bandgap_3.0_to_3.5eV,1,K,O=C1NC(=O)c2cccc3cccc1c23
qmof-3e37e5a,MINLIG_FSR,bandgap_3.0_to_3.5eV,5,Cs,
qmof-b75fff3,MIVNAH_FSR,bandgap_3.0_to_3.5eV,5,Cu,c1cnccn1
qmof-71edbc1,PPOECU10_FSR,bandgap_3.0_to_3.5eV,3,Cu,O=P(CCP(=O)(c1ccccc1)c1ccccc1)(c1ccccc1)c1ccccc1
qmof-7e2d241,POPLOW_FSR,bandgap_3.0_to_3.5eV,3,Cd,c1ccc(-c2ccccn2)nc1
qmof-b78a98a,POSZED_FSR,bandgap_3.0_to_3.5eV,3,Co,c1ccc(-c2ccccc2)cc1.c1cnccn1
qmof-faed9c6,DEQVEB_FSR,bandgap_3.0_to_3.5eV,2,Zn,c1cc(-c2ccncc2)ccn1.c1ccccc1
qmof-21e2f42,DEXXAF_FSR,bandgap_3.0_to_3.5eV,2,Ag,
qmof-62c9574,DEYJIC_FSR,bandgap_3.0_to_3.5eV,1,V,C(=Cc1ccncc1)c1ccncc1
qmof-75bc730,POLQEN_FSR,bandgap_3.0_to_3.5eV,5,Ag,c1cnccn1
qmof-f4da9da,PONTET_FSR,bandgap_3.0_to_3.5eV,4,Cd,O=C(c1ccccc1)c1ccccc1
qmof-8a8bf9b,POLBUP_FSR,bandgap_3.0_to_3.5eV,2,Cu,
qmof-1e1bf28,POLJEG_FSR,bandgap_3.0_to_3.5eV,3,Co,c1cc(-c2ccncc2)ccn1
qmof-b46759a,PUPMET_FSR,bandgap_3.0_to_3.5eV,4,Zn,c1ncc(-c2ccc(-c3cnc[nH]3)cc2)[nH]1
qmof-f12edcf,MICDIL_FSR,bandgap_3.0_to_3.5eV,2,Mn,
qmof-d2bf9c3,MEWSUF_FSR,bandgap_3.0_to_3.5eV,5,Cu,
qmof-4031fa5,MINLOM_FSR,bandgap_3.0_to_3.5eV,2,Cs,O=C1NC(=O)c2cccc3cccc1c23
qmof-cafe978,MIHNOH_FSR,bandgap_3.0_to_3.5eV,5,Zn,c1cc(-c2ccncc2)ccn1.c1ccc(-c2ccccc2)cc1
qmof-636fe16,MIJHET_FSR,bandgap_3.0_to_3.5eV,5,Tb,O=C1NC(=O)c2ccccc21.c1ccccc1
qmof-9f7ce23,MIJNAU_FSR,bandgap_3.0_to_3.5eV,3,Ni,c1cc(-c2ccncc2)ccn1.c1ccccc1
qmof-a775660,MIKJUM_FSR,bandgap_3.0_to_3.5eV,3,Cd,
qmof-7886b6c,MIKJUO_FSR,bandgap_3.0_to_3.5eV,5,Zn,S=C1[N]N=C(c2ccccn2)N1.c1ccccc1
qmof-5ee1a56,FAXKAT_FSR,bandgap_3.0_to_3.5eV,2,Cd,
qmof-31027ae,FAXMOH_FSR,bandgap_3.0_to_3.5eV,5,Cd,c1cc(-c2ccncc2)ccn1
qmof-ba17068,MICREW_FSR,bandgap_3.0_to_3.5eV,2,Cd,c1cc(Cc2ccc3cc(Cc4ccncc4)ccc3c2)ccn1
qmof-165fbc5,MIDHIS_FSR,bandgap_3.0_to_3.5eV,2,Organic_Only,c1ccccc1
qmof-51e54c4,MIDHOY_FSR,bandgap_3.0_to_3.5eV,1,Organic_Only,c1ccccc1
qmof-1e1a97a,MESDOG_FSR,bandgap_3.0_to_3.5eV,4,Ru,C(=Cc1ncc[nH]1)c1ncc[nH]1
qmof-faf4b45,MESZEQ_FSR,bandgap_3.0_to_3.5eV,3,Cu,c1cc(-c2ccncc2)ccn1
qmof-9f661a9,METMUT_FSR,bandgap_3.0_to_3.5eV,3,Ni,c1cc(-c2ccncc2)ccn1
qmof-2f75408,MEVBIZ_FSR,bandgap_3.0_to_3.5eV,2,Cd,c1c[nH]cn1.c1c[nH]cn1
qmof-cbd47e6,MEVRAG_FSR,bandgap_3.0_to_3.5eV,2,Cu,c1cnccn1
qmof-a46669a,MIDPUK_FSR,bandgap_3.0_to_3.5eV,2,Cu,c1ccncc1
qmof-cc5aaaf,MIHLIA_FSR,bandgap_3.0_to_3.5eV,5,Cu,O=C(NCCNC(=O)c1cccnc1)c1cccnc1.c1ccccc1
qmof-3c16fb7,FAYNAV_FSR,bandgap_3.0_to_3.5eV,5,Zn,c1ccccc1
qmof-8db7ba0,FEBKED01_FSR,bandgap_3.0_to_3.5eV,2,Cd,
qmof-70d7b7f,MEYKEI_FSR,bandgap_3.0_to_3.5eV,3,Cd,c1cc(-c2ccc(-c3ccnnc3)cc2)cnn1
qmof-c330eaf,MEZGAZ_FSR,bandgap_3.0_to_3.5eV,1,Ni,c1ccccc1
qmof-683ccdc,MGPHCU_FSR,bandgap_3.0_to_3.5eV,2,Cu,c1ccccc1
qmof-1a22cb7,PUBGID_FSR,bandgap_3.0_to_3.5eV,3,Zn,c1ccc2[nH]ccc2c1
qmof-31b43f4,PUFTUG_FSR,bandgap_3.0_to_3.5eV,2,Cd,c1ccc(SSc2ccccc2)cc1
qmof-ce154fe,PUGNUC_FSR,bandgap_3.0_to_3.5eV,3,Cd,
qmof-0d4641a,PUHRUG_FSR,bandgap_3.0_to_3.5eV,5,Cu,c1ccccc1.c1cncc(CN2CCN(Cc3cccnc3)CC2)c1
qmof-f7be768,PUKCUV_FSR,bandgap_3.0_to_3.5eV,2,Zn,C(=Cc1ccncc1)c1ccncc1
qmof-1a2d0f1,PUKDAC_FSR,bandgap_3.0_to_3.5eV,3,Zn,C(=Cc1ccncc1)c1ccncc1
qmof-98009e1,PUKDEG_FSR,bandgap_3.0_to_3.5eV,1,Cd,C(=Cc1ccncc1)c1ccncc1
qmof-ea731b8,PUKSEV_FSR,bandgap_3.0_to_3.5eV,3,Zn,c1cc([N][N]c2ccncc2)ccn1
qmof-79ff2bd,UJERUX_FSR,bandgap_3.0_to_3.5eV,2,Co,c1cc(-c2ccncc2)ccn1.c1ccc(-c2ccccc2)cc1
qmof-74a1ef7,UJINAE_FSR,bandgap_3.0_to_3.5eV,3,Cd,
qmof-ed90b66,UJUDUY_FSR,bandgap_3.0_to_3.5eV,3,Zn,c1ccc(-c2cc(-c3cc(-c4ccccn4)nc(-c4ccccn4)c3)cc(-c3ccccn3)n2)nc1
qmof-09f8fe4,WOPDOV_FSR,bandgap_3.0_to_3.5eV,4,Mn,c1cc(CCc2ccncc2)ccn1.c1ccccc1
qmof-a730e22,AZAQID_FSR,bandgap_3.0_to_3.5eV,4,Dy,c1ccncc1
qmof-e39683b,AZAYEH_FSR,bandgap_3.0_to_3.5eV,4,Li,c1c2cc3cc1[C]1[O][Li]4([O]1)[O][C]3[O][Li]13[O][C]([O]1)c1cc(cc(c1)[C]([O]3)[O]4)[N][N]2
qmof-40c1e03,AZITEJ_FSR,bandgap_3.0_to_3.5eV,5,Zn,
qmof-8e3bc8d,AZIXIR_FSR,bandgap_3.0_to_3.5eV,2,Rb,
qmof-6b33db5,MEXHII_FSR,bandgap_3.0_to_3.5eV,4,Zr,c1ccccc1
qmof-229d67d,MEXHOO_FSR,bandgap_3.0_to_3.5eV,4,Zr,c1ccccc1
qmof-12fff70,MEXTIV_FSR,bandgap_3.0_to_3.5eV,4,Cu,
qmof-f5e3913,MAXTUD_FSR,bandgap_3.0_to_3.5eV,1,Cd,c1ccc([N][N]c2ccccc2)cc1
qmof-232d4ab,MAYRIQ_FSR,bandgap_3.0_to_3.5eV,5,Cd,c1cc(-c2ccncc2)ccn1.c1ccc(Oc2cc(Oc3ccccc3)cc(Oc3ccccc3)c2)cc1
qmof-30d0748,MAYXOC_FSR,bandgap_3.0_to_3.5eV,2,Mn,c1ccccc1.c1cn(-c2ccc(-n3ccnc3)cc2)cn1
qmof-8ebe03b,MEWFAY_FSR,bandgap_3.0_to_3.5eV,5,Zn,c1cc(-c2ccncc2)ccn1
qmof-30e9498,MEWFIG_FSR,bandgap_3.0_to_3.5eV,1,Na,
qmof-bde105e,MEPWUC_FSR,bandgap_3.0_to_3.5eV,5,Cu,c1cc(-c2ccncc2)ccn1.c1ccccc1
qmof-2f0e858,MEQTIO_FSR,bandgap_3.0_to_3.5eV,5,Cu,c1cc(CCc2ccncc2)ccn1.c1ccc(-c2cccc[nH+]2)[nH+]c1
qmof-f92e9aa,FEJGAD01_FSR,bandgap_3.0_to_3.5eV,4,Sn,c1cc(-c2ccncc2)ccn1
qmof-111f17e,FELFUY_FSR,bandgap_3.0_to_3.5eV,4,Ag,
qmof-cb0ed13,MEJQID_FSR,bandgap_3.0_to_3.5eV,2,Zn,
qmof-1eb514c,WOHZOI_FSR,bandgap_3.0_to_3.5eV,1,Ni,
qmof-e5b1de8,UJUFAG_FSR,bandgap_3.0_to_3.5eV,1,Cu,c1ccc(-c2cc(-c3ccc(-c4cc(-c5ccccn5)nc(-c5ccccn5)c4)cc3)cc(-c3ccccn3)n2)nc1
qmof-0f66924,UGUKIR_FSR,bandgap_3.0_to_3.5eV,1,Ag,c1cc[nH+]cc1
qmof-c624998,UHATAA_FSR,bandgap_3.0_to_3.5eV,2,Ag,O=c1ccocc1
qmof-8b6fd08,UHOMOV_FSR,bandgap_3.0_to_3.5eV,1,Zn,
qmof-7accad1,UHOYIZ_FSR,bandgap_3.0_to_3.5eV,3,Cd,
qmof-4269a79,PUZSEK_FSR,bandgap_3.0_to_3.5eV,2,Cu,
qmof-b052d63,PYMICU_FSR,bandgap_3.0_to_3.5eV,1,Cu,c1ccc(Cn2ccnc2)nc1
qmof-c42d864,PYXCDC_FSR,bandgap_3.0_to_3.5eV,2,Cd,[CH]1C=CC=CN1.[CH]1C=CC=CN1
qmof-8ee15b0,DEJDAA_FSR,bandgap_3.0_to_3.5eV,3,Hg,S=c1[nH]ccn1Cn1cc[nH]c1=S
qmof-4fe57e9,DEKZAX_FSR,bandgap_3.0_to_3.5eV,3,Ag,
qmof-d08dcb5,PURROK_FSR,bandgap_3.0_to_3.5eV,3,Cd,c1ccc(-c2ccccc2)cc1
qmof-b03607d,PURSAX_FSR,bandgap_3.0_to_3.5eV,5,Zn,c1ccc(-c2ccccc2)cc1
qmof-768b4df,PURVIH_FSR,bandgap_3.0_to_3.5eV,3,Cu,S=C1CCCN1CCN1CCCC1=S
qmof-90710c8,AYEMAU_FSR,bandgap_3.0_to_3.5eV,1,Cu,c1ccncc1
qmof-8de943d,AYERAX_FSR,bandgap_3.0_to_3.5eV,2,Cs,O=[PH]1c2cccc3cccc(c23)P1P1c2cccc3cccc(c23)[PH]1=O
qmof-e1aeb8c,MEKDIQ_FSR,bandgap_3.0_to_3.5eV,5,Zn,
qmof-9383360,MEKDOW_FSR,bandgap_3.0_to_3.5eV,2,Cd,
qmof-3a36b27,MEGZII02_FSR,bandgap_3.0_to_3.5eV,4,Cd,
qmof-c9439fc,MEHCOU_FSR,bandgap_3.0_to_3.5eV,1,Pb,c1ccc([N][N]c2ccccc2)cc1
qmof-589dd74,MEHVAZ01_FSR,bandgap_3.0_to_3.5eV,2,Cu,c1ccc2c(c1)[N]C(c1cc[nH+]cc1)=N2
qmof-2171eed,MEHVIH_FSR,bandgap_3.0_to_3.5eV,1,Zn,c1ccc2c(c1)[N]C(c1cc[nH+]cc1)=N2
qmof-5195997,MECJUC_FSR,bandgap_3.0_to_3.5eV,1,Organic_Only,c1ccsc1
qmof-bdb9583,PUTTUV_FSR,bandgap_3.0_to_3.5eV,4,Zn,c1cc(CN2CCN(Cc3ccncc3)CC2)ccn1.c1ccccc1
qmof-687e4d6,QAFNES_FSR,bandgap_3.0_to_3.5eV,3,Co,
qmof-abca3a8,QAGSIC_FSR,bandgap_3.0_to_3.5eV,2,Zn,O=C(Nc1ccc(NC(=O)c2cccnc2)cc1)c1cccnc1
qmof-75e182b,QAGXUT_FSR,bandgap_3.0_to_3.5eV,3,Li,c1ccccc1
qmof-85bae44,QAGZUV_FSR,bandgap_3.0_to_3.5eV,2,Zn,O=C1C(=O)C(=O)C1=O
qmof-2f9261f,QAHBAE_FSR,bandgap_3.0_to_3.5eV,3,Cd,O=C1C(=O)C(=O)C1=O
qmof-f545609,DEGTOB_FSR,bandgap_3.0_to_3.5eV,2,Hg,
qmof-486f508,QACGOT_FSR,bandgap_3.0_to_3.5eV,5,K,
qmof-e827bde,MAVCOD_FSR,bandgap_3.0_to_3.5eV,2,Cu,
qmof-3afdaa9,MAVNEE_FSR,bandgap_3.0_to_3.5eV,5,K,C(=Nc1ccccc1)c1ccccc1
qmof-73a1010,MAVSOS_FSR,bandgap_3.0_to_3.5eV,5,Zn,
qmof-35b83fb,FENSUN01_FSR,bandgap_3.0_to_3.5eV,2,Mn,c1c[nH]cn1
qmof-259c3ab,FEPCEK_FSR,bandgap_3.0_to_3.5eV,1,Ag,N=C(c1ccncc1)c1ccccn1
qmof-2596182,AYAVED_FSR,bandgap_3.0_to_3.5eV,4,Pb,C1CCOC1
qmof-ca5a1e7,WOQLEU_FSR,bandgap_3.0_to_3.5eV,1,Cd,
qmof-81c74fb,WOSDEN_FSR,bandgap_3.0_to_3.5eV,2,Cu,
qmof-c430d7c,AYAYEG_FSR,bandgap_3.0_to_3.5eV,5,Cu,C1=C[N]N=C1.[CH]1C=NN=C1.c1cc(-c2ccncc2)ccn1
qmof-c7c1ae9,MABSIS_FSR,bandgap_3.0_to_3.5eV,3,Cu,c1nncs1
qmof-3e09887,MABSUF_FSR,bandgap_3.0_to_3.5eV,2,Cu,
qmof-7563546,MADPOY_FSR,bandgap_3.0_to_3.5eV,1,Ni,
qmof-2fe9d9b,MARNIE_FSR,bandgap_3.0_to_3.5eV,2,Co,c1cc(-c2ccncc2)ccn1.c1ccc(-c2cccnc2)cc1
qmof-684c5fa,MASDAM_FSR,bandgap_3.0_to_3.5eV,3,Cd,c1ccccc1.c1cn(CCCCn2ccnc2)cn1
qmof-e5b5d92,FETJOE_FSR,bandgap_3.0_to_3.5eV,2,Zn,c1ccccc1
qmof-6956373,FEVGIZ_FSR,bandgap_3.0_to_3.5eV,4,Ag,
qmof-6cb1694,FEWTOS_FSR,bandgap_3.0_to_3.5eV,5,Cd,c1ccncc1
qmof-dcfb961,MAQDUE_FSR,bandgap_3.0_to_3.5eV,1,Cd,O=C1OC(=O)c2cccc3cccc1c23
qmof-a27d77a,MAQFAM_FSR,bandgap_3.0_to_3.5eV,1,Cd,O=C1OC(=O)c2cccc3cccc1c23.c1cc(-c2ccncc2)ccn1
qmof-a7de9ff,MAQJOD_FSR,bandgap_3.0_to_3.5eV,1,Cu,
qmof-debef81,MAQRAA01_FSR,bandgap_3.0_to_3.5eV,5,Cu,c1ccsc1
qmof-2ea6610,QADSEV_FSR,bandgap_3.0_to_3.5eV,4,Cu,
qmof-46ebf41,PUZPUX_FSR,bandgap_3.0_to_3.5eV,4,Cd,
qmof-48262eb,QAQBOA_FSR,bandgap_3.0_to_3.5eV,5,Cd,[CH]([N][N][CH]c1ccncc1)c1ccncc1
qmof-bceb11a,QASZOB_FSR,bandgap_3.0_to_3.5eV,5,Ag,
qmof-04b7d1b,DEGGON_FSR,bandgap_3.0_to_3.5eV,5,Mn,
qmof-dc8c200,QAMHOE_FSR,bandgap_3.0_to_3.5eV,5,Zn,c1ccc(N(c2ccc(-n3ccnc3)cc2)c2ccc(-n3ccnc3)cc2)cc1.c1ccccc1
qmof-bcebc11,QANDOB_FSR,bandgap_3.0_to_3.5eV,2,Ag,c1ccnnc1
qmof-c706859,QAFMES_FSR,bandgap_3.0_to_3.5eV,5,Ni,c1ccc(-c2ccc(-c3ccc(-c4ccccc4)cc3)cc2)cc1.c1cn(-c2ccc(-n3ccnc3)cc2)cn1
qmof-2ca16aa,FIFZUP10_FSR,bandgap_3.0_to_3.5eV,1,Cu,
qmof-ed8a8ec,FIHBAB_FSR,bandgap_3.0_to_3.5eV,2,Co,O=c1ccccn1Cc1ccccc1
qmof-2452a0f,LUYCEN_FSR,bandgap_3.0_to_3.5eV,2,Zn,
qmof-c1e8e4d,LUZHIX_FSR,bandgap_3.0_to_3.5eV,4,Cu,c1cc(-c2cc[nH+]cc2)cc[nH+]1
qmof-ab2218a,MAPHAP_FSR,bandgap_3.0_to_3.5eV,3,Yb,c1ccc2ccccc2c1
qmof-0d15be0,MAPLOG_FSR,bandgap_3.0_to_3.5eV,3,Mn,c1ccc(Oc2ccccc2)cc1
qmof-0c12dcf,MAPQAY_FSR,bandgap_3.0_to_3.5eV,4,Cu,c1ccc([N][N]c2ccccc2)cc1
qmof-c5457b7,FEZMUT_FSR,bandgap_3.0_to_3.5eV,1,K,
qmof-7da8960,FIBSOZ_FSR,bandgap_3.0_to_3.5eV,1,Co,c1cc(-c2ccncc2)ccn1
qmof-ec20604,MAJBAA01_FSR,bandgap_3.0_to_3.5eV,2,Cu,c1cnccn1
qmof-3a19adf,MAJBAA_FSR,bandgap_3.0_to_3.5eV,3,Cu,c1cnccn1
qmof-e8abe31,FIHYAX_FSR,bandgap_3.0_to_3.5eV,2,Zn,c1ccccc1
qmof-4134e8a,FIJPAQ_FSR,bandgap_3.0_to_3.5eV,2,Hg,
qmof-df18093,LUQBEF_FSR,bandgap_3.0_to_3.5eV,1,Tm,c1ccccc1
qmof-de79bef,LURCOR_FSR,bandgap_3.0_to_3.5eV,4,Ag,c1ccccc1.c1cncnc1
qmof-5c1c773,MADVUJ_FSR,bandgap_3.0_to_3.5eV,1,Cu,c1cc2ccc1CSCc1ccc(cc1)CSC2
qmof-9f9d39c,MADWAQ_FSR,bandgap_3.0_to_3.5eV,3,Cu,c1cc2ccc1CSCc1ccc(cc1)CSC2
qmof-f6f9b84,MAFBIG_FSR,bandgap_3.0_to_3.5eV,1,Co,c1cn(-c2ccc(-n3ccnc3)cc2)cn1
qmof-87b09b6,MAFLUD_FSR,bandgap_3.0_to_3.5eV,5,Zn,C1=CN=N[N]1.[CH]1C=NN=N1.c1ccccc1
qmof-04bb963,FIDWEU_FSR,bandgap_3.0_to_3.5eV,4,Li,
qmof-1910e29,FIDWEX_FSR,bandgap_3.0_to_3.5eV,2,Cd,[CH]1C=NC(c2ccccc2)=N1.c1cc(-c2ccncc2)ccn1
qmof-22902e7,FIDWIY_FSR,bandgap_3.0_to_3.5eV,3,Li,
qmof-c0bc30d,QAZRIV_FSR,bandgap_3.0_to_3.5eV,5,Cu,[CH]1Nc2ccccc2N1
qmof-7c56a75,QAVYUJ_FSR,bandgap_3.0_to_3.5eV,4,La,c1c[nH]cn1.c1ccccc1
qmof-4c45438,QAWHAA_FSR,bandgap_3.0_to_3.5eV,3,Cd,
qmof-ad34930,QAWHEC_FSR,bandgap_3.0_to_3.5eV,1,Cu,[N]1N=NN=C1NC1=NN=N[N]1
qmof-54ec179,QAXCEY_FSR,bandgap_3.0_to_3.5eV,5,Fe,
qmof-431c61c,DEDGOL_FSR,bandgap_3.0_to_3.5eV,5,Zn,c1cn(Cc2ccc(Cn3ccnc3)cc2)cn1
qmof-f3c52d4,UFUZON_FSR,bandgap_3.0_to_3.5eV,5,Cu,O=C(c1ccccc1)[PH](=O)C(=O)c1ccccc1
qmof-befacb1,UGEHOF_FSR,bandgap_3.0_to_3.5eV,1,Cd,c1ccccc1
qmof-6598b02,FIKGUB_FSR,bandgap_3.0_to_3.5eV,3,Cu,c1cnccn1
qmof-8b9d04c,FIKKUH_FSR,bandgap_3.0_to_3.5eV,3,Na,c1ccc(-c2cccc(-c3ccccc3)c2)cc1
qmof-b9fe2c9,LUZZAI_FSR,bandgap_3.0_to_3.5eV,4,Zn,c1ccc(NCc2cccnc2)cc1
qmof-b3361a6,LUZZEM_FSR,bandgap_3.0_to_3.5eV,4,Zn,C1=CN=C(c2ccccn2)[N]1.c1ccccc1
qmof-b28c140,LUZZIQ_FSR,bandgap_3.0_to_3.5eV,5,Zn,c1ccccc1
qmof-b90c6d5,LUWYOS_FSR,bandgap_3.0_to_3.5eV,5,Pb,
qmof-c96d53b,LUXRUT_FSR,bandgap_3.0_to_3.5eV,4,Co,c1ccc2ccccc2c1
qmof-e07df46,UGEPEB_FSR,bandgap_3.0_to_3.5eV,4,Cu,c1ccncc1
qmof-79acb3e,UGOWUI_FSR,bandgap_3.0_to_3.5eV,3,Cd,c1ccc2ccccc2c1
qmof-91c48af,BONVUW_FSR,bandgap_3.0_to_3.5eV,1,Zn,C1CCOC1
qmof-dc71bb1,BONXIM_FSR,bandgap_3.0_to_3.5eV,2,Zn,c1c[nH]cn1.c1cc(-c2cc[nH+]cc2)cc[nH+]1
qmof-2da423f,BOQLEZ_FSR,bandgap_3.0_to_3.5eV,5,K,
qmof-49cb885,BOQLID_FSR,bandgap_3.0_to_3.5eV,4,Rb,
qmof-99dccc6,DAYDAJ_FSR,bandgap_3.0_to_3.5eV,4,Cd,C(=NCc1ccccn1)c1ccccc1
qmof-9a9eea2,QEBWAX_FSR,bandgap_3.0_to_3.5eV,2,Ag,c1ccc2ncccc2c1
qmof-ee194a3,QECDIN_FSR,bandgap_3.0_to_3.5eV,5,Pb,
qmof-9bc384e,QECPOG_FSR,bandgap_3.0_to_3.5eV,1,K,c1cnn2nnnc2n1
qmof-e319962,QEFVEF_FSR,bandgap_3.0_to_3.5eV,1,Cd,
qmof-0355eff,QEHVAC_FSR,bandgap_3.0_to_3.5eV,3,Cd,c1ccc(-c2nnc(-c3cccnc3)n2-c2ccccn2)nc1
qmof-8e86693,WUBZOI_FSR,bandgap_3.0_to_3.5eV,1,Mn,c1ccc(SSc2ccccn2)nc1
qmof-b94b0e1,WUCMAI_FSR,bandgap_3.0_to_3.5eV,3,Cd,c1ccncc1
qmof-d3f6f04,WUDPUI_FSR,bandgap_3.0_to_3.5eV,3,Li,
qmof-c8f0292,AXUPUG_FSR,bandgap_3.0_to_3.5eV,4,Co,
qmof-91dccb1,LURDEI_FSR,bandgap_3.0_to_3.5eV,2,Ag,c1ccccc1.c1cnccn1
qmof-3b028dc,LUSVUR01_FSR,bandgap_3.0_to_3.5eV,4,Rh,c1cnccn1
qmof-4104663,LUTWON_FSR,bandgap_3.0_to_3.5eV,1,Hg,
qmof-f4d0642,LUNJIP_FSR,bandgap_3.0_to_3.5eV,5,Zn,c1cnc(-c2ncccn2)nc1
qmof-4b509da,LUPZUS_FSR,bandgap_3.0_to_3.5eV,2,Yb,c1ccccc1
qmof-8f9a581,FIMDAI_FSR,bandgap_3.0_to_3.5eV,5,Ag,[CH]1C=CC=C1
qmof-0669f40,FIMDEK_FSR,bandgap_3.0_to_3.5eV,5,Cu,
qmof-7c0b0e1,FIMJOC01_FSR,bandgap_3.0_to_3.5eV,1,Cd,
qmof-22450b3,FIMJUJ_FSR,bandgap_3.0_to_3.5eV,1,Hg,
qmof-0232ee4,LULGAA_FSR,bandgap_3.0_to_3.5eV,3,Cu,
qmof-51d789e,LULJAE_FSR,bandgap_3.0_to_3.5eV,4,Co,
qmof-55e124e,LULSES_FSR,bandgap_3.0_to_3.5eV,4,Mn,c1ccncc1
qmof-b808abd,LULVOE_FSR,bandgap_3.0_to_3.5eV,4,Ni,
qmof-e4e85bb,WUQLEA_FSR,bandgap_3.0_to_3.5eV,4,Hg,
qmof-6f2f136,WUBSAN_FSR,bandgap_3.0_to_3.5eV,5,Cd,
qmof-9289c6f,WUBSER_FSR,bandgap_3.0_to_3.5eV,1,Cd,
qmof-7921fae,LOQKIL_FSR,bandgap_3.0_to_3.5eV,4,V,C1=NN=C[N]1
qmof-99a13dc,FIRWAH_FSR,bandgap_3.0_to_3.5eV,5,Na,O=C1C=C[N]N1c1ccccc1
qmof-746d85f,LOHKIE_FSR,bandgap_3.0_to_3.5eV,3,Na,
qmof-7112b88,LOHKOK01_FSR,bandgap_3.0_to_3.5eV,2,Na,O=C1[N]NC(=O)c2ccccc21
qmof-58d9e85,LOHKOK02_FSR,bandgap_3.0_to_3.5eV,2,Na,O=C1[N]NC(=O)c2ccccc21
qmof-6052971,LUFYOB_FSR,bandgap_3.0_to_3.5eV,5,Fe,
qmof-c39c398,LUGTUD_FSR,bandgap_3.0_to_3.5eV,5,Ni,c1nnnn1CCn1cnnn1
qmof-da6f5e7,FIPGOB01_FSR,bandgap_3.0_to_3.5eV,1,Cd,c1ccc(-c2ccccc2)cc1
qmof-aef39ca,LOXWEC_FSR,bandgap_3.0_to_3.5eV,5,Cu,[CH]([N][N][CH]c1ccncc1)c1ccncc1
qmof-d7fa9b6,LOXZUV01_FSR,bandgap_3.0_to_3.5eV,5,Cd,c1ccccc1
qmof-d0fe151,LOSGOR01_FSR,bandgap_3.0_to_3.5eV,1,Cu,c1cncc(CC2=NN=N[N]2)c1
qmof-f4cb7a6,LOTQIU_FSR,bandgap_3.0_to_3.5eV,3,Cu,c1cnccn1
qmof-4f6fbfa,LOVFUZ_FSR,bandgap_3.0_to_3.5eV,5,Cu,
qmof-611dbd4,QEHVEG_FSR,bandgap_3.0_to_3.5eV,5,Cd,c1ccc(-c2nnc(-c3cccnc3)n2-c2cccnc2)nc1
qmof-043ec9a,QAYBOK_FSR,bandgap_3.0_to_3.5eV,3,Mn,O=S(=O)(c1ccccc1)c1ccccc1.c1cn(-c2ccc(-c3ccc(-n4ccnc4)cc3)cc2)cn1
qmof-3974d91,QAYGIJ_FSR,bandgap_3.0_to_3.5eV,4,Ni,
qmof-405a87b,QAZKEK_FSR,bandgap_3.0_to_3.5eV,5,Cu,
qmof-bf40b4e,QETCOK_FSR,bandgap_3.0_to_3.5eV,4,Cd,
qmof-89fc176,QEKBEO_FSR,bandgap_3.0_to_3.5eV,1,Cd,c1c[nH+]ccn1
qmof-67719b6,QEKBEQ_FSR,bandgap_3.0_to_3.5eV,3,Cd,c1cncc([N][N]c2cccnc2)c1
qmof-e789f6e,DAXGOA_FSR,bandgap_3.0_to_3.5eV,5,Zn,c1cc(-c2ccncc2)ccn1.c1ccc(Oc2ccccc2)cc1
qmof-e99706f,DAXGUG_FSR,bandgap_3.0_to_3.5eV,1,Zn,[CH]([N][N][CH]c1ccncc1)c1ccncc1.c1ccc(Oc2ccccc2)cc1
qmof-7368acd,DAXRAX_FSR,bandgap_3.0_to_3.5eV,3,Ni,c1ccccc1.c1cn(-c2ccc(-c3ccc(-n4ccnc4)cc3)cc2)cn1
qmof-93ec4e0,DAXWIJ_FSR,bandgap_3.0_to_3.5eV,4,Co,
qmof-74c5a19,AWOZER_FSR,bandgap_3.0_to_3.5eV,3,V,
qmof-aa662d6,AWOZOC_FSR,bandgap_3.0_to_3.5eV,1,Sm,c1c[nH]cn1
qmof-78e92bb,WUHDUY_FSR,bandgap_3.0_to_3.5eV,2,K,
qmof-9bd9e21,WUKNIZ01_FSR,bandgap_3.0_to_3.5eV,4,Mn,
qmof-229a18d,WUKVUV_FSR,bandgap_3.0_to_3.5eV,5,Organic_Only,c1ccccc1
qmof-94bc2f3,LOPQIS_FSR,bandgap_3.0_to_3.5eV,4,Pb,
qmof-c9e1cbe,LOPTIV_FSR,bandgap_3.0_to_3.5eV,3,Cd,c1ccc2ccccc2c1
qmof-9d71d13,DAXWOP_FSR,bandgap_3.0_to_3.5eV,3,Co,
qmof-4537b4a,QETTER_FSR,bandgap_3.0_to_3.5eV,4,Cu,
qmof-d0eca3c,QEWMUD_FSR,bandgap_3.0_to_3.5eV,2,Cd,
qmof-791f6be,QEXBEC_FSR,bandgap_3.0_to_3.5eV,1,Cd,
qmof-70a5385,QEXMOY_FSR,bandgap_3.0_to_3.5eV,5,Pb,
qmof-8185c91,DASLIT_FSR,bandgap_3.0_to_3.5eV,3,Ni,c1cnccn1
qmof-df4acb0,DAVQIC_FSR,bandgap_3.0_to_3.5eV,1,Co,c1ccncc1
qmof-31bbc88,QENFOF01_FSR,bandgap_3.0_to_3.5eV,1,Cd,[CH]([N][N][CH]c1ccncc1)c1ccncc1
qmof-b01daa3,QEPBES_FSR,bandgap_3.0_to_3.5eV,5,Cd,O=c1ccnc[nH]1
qmof-bfa0e06,QEPYEQ_FSR,bandgap_3.0_to_3.5eV,1,Ag,c1cncc(COc2ccc3ccccc3c2-c2c(OCc3cccnc3)ccc3ccccc23)c1
qmof-94194f3,LIWKEH01_FSR,bandgap_3.0_to_3.5eV,4,Ca,c1cnccn1
qmof-04a6cff,LIWMOU_FSR,bandgap_3.0_to_3.5eV,4,Mn,c1ccncc1
qmof-8a40c3c,LOHYOY_FSR,bandgap_3.0_to_3.5eV,1,Zn,c1cc(-c2ccncc2)ccn1.c1ccc(-c2ccccc2)cc1
qmof-93ed13d,LOJPAD_FSR,bandgap_3.0_to_3.5eV,1,Mo,
qmof-f06ce2a,LOCXIK_FSR,bandgap_3.0_to_3.5eV,2,Cd,
qmof-a92da8c,FISNUT_FSR,bandgap_3.0_to_3.5eV,4,Zn,[CH]([N][N][CH]c1ccncc1)c1ccncc1
qmof-1e540dd,FISPUV_FSR,bandgap_3.0_to_3.5eV,1,Cu,
qmof-757cf9f,FIXBUL_FSR,bandgap_3.0_to_3.5eV,5,Cu,C1CCCCC1.c1cc(CN2CCN(Cc3ccncc3)CC2)ccn1
qmof-3bdb7ac,LIWVOE_FSR,bandgap_3.0_to_3.5eV,3,Ag,[CH]1NC=CN=C1Sc1cnccn1
qmof-d1a13c7,WUWDAU_FSR,bandgap_3.0_to_3.5eV,1,Cu,c1ccccc1
qmof-be09118,AWORAG01_FSR,bandgap_3.0_to_3.5eV,5,Ca,O=C1NC(=O)c2ccccc21
qmof-2a1c54e,QIKDAR_FSR,bandgap_3.0_to_3.5eV,2,Cu,
qmof-4be80e4,DAQLOZ_FSR,bandgap_3.0_to_3.5eV,3,Cd,
qmof-845a215,QIFNAU_FSR,bandgap_3.0_to_3.5eV,4,Ag,C1N2CN3CN1CN(C2)C3.c1ccc(-c2ccccc2)cc1
qmof-d9c1c6b,QEZBEF_FSR,bandgap_3.0_to_3.5eV,3,Cu,c1cscn1
qmof-0990647,QEZBIJ_FSR,bandgap_3.0_to_3.5eV,4,Cu,c1cscn1
qmof-fe0852c,QEZBOP_FSR,bandgap_3.0_to_3.5eV,3,Cd,[CH]1C=C(C=Cc2ccncc2)C=CN1Cc1ccccc1
qmof-2dcf900,QEZNIU_FSR,bandgap_3.0_to_3.5eV,2,Hg,
qmof-e5526f4,BOQVOT_FSR,bandgap_3.0_to_3.5eV,5,Cd,c1cc(-c2ccncc2)ccn1.c1cnccn1
qmof-c3eb960,LIJBOW_FSR,bandgap_3.0_to_3.5eV,5,Na,c1ccccc1
qmof-8f318ef,LIJREC_FSR,bandgap_3.0_to_3.5eV,3,Zn,c1cc(-c2ccncc2)ccn1.c1ccccc1
qmof-c5fae90,LIFXUU_FSR,bandgap_3.0_to_3.5eV,5,Zn,
qmof-cb134eb,LIYHIM_FSR,bandgap_3.0_to_3.5eV,4,Co,O=C(NCCCCCCNC(=O)c1cccnc1)c1cccnc1.c1ccccc1
qmof-6e59ecb,FIXCEW_FSR,bandgap_3.0_to_3.5eV,5,Cu,c1cc(CN2CCN(Cc3ccncc3)CC2)ccn1
qmof-bf8310b,FIXJUS_FSR,bandgap_3.0_to_3.5eV,2,Na,
qmof-2ae295c,FOBGOT_FSR,bandgap_3.0_to_3.5eV,4,Cu,
qmof-69e32e3,FOCMEQ_FSR,bandgap_3.0_to_3.5eV,2,Cu,
qmof-57d4204,LIVCIC_FSR,bandgap_3.0_to_3.5eV,1,Hg,
qmof-eb34482,XADRUR_FSR,bandgap_3.0_to_3.5eV,5,Co,c1cc[nH+]cc1
qmof-14eb177,XAFTAB_FSR,bandgap_3.0_to_3.5eV,3,Co,c1ccccc1.c1ncc(-c2ccc(-c3cnc[nH]3)cc2)[nH]1
qmof-42b2d04,AWEPIC_FSR,bandgap_3.0_to_3.5eV,5,Zn,
qmof-a299c07,WUXJEF_FSR,bandgap_3.0_to_3.5eV,4,Ag,c1ccc2ccccc2c1
qmof-6da60e8,WUXZUL_FSR,bandgap_3.0_to_3.5eV,4,Cu,c1ccccc1
qmof-3c11d26,WUYQOY_FSR,bandgap_3.0_to_3.5eV,2,Cu,
qmof-f3ec926,WUSTUB_FSR,bandgap_3.0_to_3.5eV,4,Cu,c1ccccc1
qmof-66a1aec,LINPUU_FSR,bandgap_3.0_to_3.5eV,2,Ag,c1ccc2ccccc2c1
qmof-b32e4aa,LIPZER_FSR,bandgap_3.0_to_3.5eV,3,V,
qmof-39e6de1,LIQSEK_FSR,bandgap_3.0_to_3.5eV,4,Cu,
qmof-f879f69,FOCYUT_FSR,bandgap_3.0_to_3.5eV,1,Nd,c1ccc(-c2cc(-c3ccccc3)c(-c3ccccc3)cc2-c2ccccc2)cc1
qmof-c97afc4,BORGEV_FSR,bandgap_3.0_to_3.5eV,3,Cd,c1cncc(-c2ccnc(SCCSc3nccc(-c4cccnc4)n3)n2)c1
qmof-549488d,BOVPAE01_FSR,bandgap_3.0_to_3.5eV,4,Ag,c1cnccn1
qmof-a5eb56b,UFATAW_FSR,bandgap_3.0_to_3.5eV,2,Na,c1ccccc1
qmof-76350eb,UFIJOK_FSR,bandgap_3.0_to_3.5eV,4,Rb,
qmof-ecb63ad,UFIKAX_FSR,bandgap_3.0_to_3.5eV,3,Cs,
qmof-d8703ab,UCOYOA_FSR,bandgap_3.0_to_3.5eV,5,Co,
qmof-a7bbb67,QITGOR_FSR,bandgap_3.0_to_3.5eV,3,Ba,c1ccccc1
qmof-2b5cb3e,QITWIC_FSR,bandgap_3.0_to_3.5eV,2,Cu,
qmof-6a5bda3,QIVBAZ_FSR,bandgap_3.0_to_3.5eV,1,Cd,c1cncc(C2=NN=N[N]2)c1
qmof-bb87ad1,LEXRAI_FSR,bandgap_3.0_to_3.5eV,3,Zn,C(=Cc1ccncc1)c1ccncc1
qmof-42129bc,LIGXIJ_FSR,bandgap_3.0_to_3.5eV,3,Cd,c1ccccc1
qmof-7fbccc7,LICZIH_FSR,bandgap_3.0_to_3.5eV,1,Cd,c1ccccc1
qmof-8072339,LIDZAB_FSR,bandgap_3.0_to_3.5eV,2,Cd,c1cnccn1
qmof-f004b42,LIFBEK_FSR,bandgap_3.0_to_3.5eV,4,Bi,c1cc(-c2ccncc2)ccn1
qmof-52782af,LIFNAR_FSR,bandgap_3.0_to_3.5eV,2,Zn,c1ccc(Cc2ccccc2)cc1
qmof-1ec4804,LIFPIC_FSR,bandgap_3.0_to_3.5eV,1,Ni,c1cnccn1
qmof-12615e2,LIFXEE_FSR,bandgap_3.0_to_3.5eV,4,Zn,c1cc(-c2cc[nH+]cc2)cc[nH+]1
qmof-67d5226,FODROH_FSR,bandgap_3.0_to_3.5eV,4,Hg,
qmof-77ea2b6,FODVEB_FSR,bandgap_3.0_to_3.5eV,1,Pb,
qmof-9383c98,XAHJOI_FSR,bandgap_3.0_to_3.5eV,5,Li,c1ccc2ccccc2c1
qmof-3cb7165,XACHIS_FSR,bandgap_3.0_to_3.5eV,3,Ag,c1cnccn1
qmof-ef85522,AWEGUF_FSR,bandgap_3.0_to_3.5eV,2,Ag,c1ccccc1
qmof-dc8ca0b,XAKZUG_FSR,bandgap_3.0_to_3.5eV,4,Hg,
qmof-0bbe81c,XAGLAT_FSR,bandgap_3.0_to_3.5eV,5,Mn,c1ccccc1
qmof-de4c4e1,FOHMAQ_FSR,bandgap_3.0_to_3.5eV,4,Ag,c1ccccc1
qmof-cd372a1,LEZSOB_FSR,bandgap_3.0_to_3.5eV,3,Li,
qmof-ba4e414,LICCUW01_FSR,bandgap_3.0_to_3.5eV,2,Zn,c1cc(-c2ccncc2)ccn1
qmof-1d7c595,LICHOX_FSR,bandgap_3.0_to_3.5eV,1,Zn,C(=Cc1cccnc1)c1ccc(C2C(c3cccnc3)C(c3ccc(C=Cc4cccnc4)cc3)C2c2cccnc2)cc1.c1ccc(-c2ccccc2)cc1
qmof-3ef5c56,FOKBIS_FSR,bandgap_3.0_to_3.5eV,4,Zn,c1cc(C2C(c3ccncc3)C(c3ccncc3)C2c2ccncc2)ccn1.c1ccccc1
qmof-100b445,FOLBAJ_FSR,bandgap_3.0_to_3.5eV,2,Cu,
qmof-768f9e8,LEVNOS_FSR,bandgap_3.0_to_3.5eV,2,Cu,S=C1[N]N=NN1
qmof-42411d8,DAMWEW_FSR,bandgap_3.0_to_3.5eV,5,Cd,
qmof-053dc27,QIQRUF_FSR,bandgap_3.0_to_3.5eV,2,Cu,c1cc(-c2ccncc2)ccn1
qmof-b76118a,QIQTOB_FSR,bandgap_3.0_to_3.5eV,5,Co,c1ccc(-c2ccccc2)cc1
qmof-4a746e9,QIRGED_FSR,bandgap_3.0_to_3.5eV,2,K,
qmof-b740762,QOHHEB_FSR,bandgap_3.0_to_3.5eV,3,Cd,c1ccccc1
qmof-011709e,QOBHEU_FSR,bandgap_3.0_to_3.5eV,3,Zn,
qmof-598233a,QOCHAU_FSR,bandgap_3.0_to_3.5eV,4,Hg,
qmof-13f2019,QIVSOE_FSR,bandgap_3.0_to_3.5eV,3,Pb,
qmof-a633d5a,QIVWAU_FSR,bandgap_3.0_to_3.5eV,5,Hg,
qmof-cf5e7be,LEQWIP_FSR,bandgap_3.0_to_3.5eV,3,Zn,c1ccc([N][N]c2ccccc2)cc1
qmof-fbb73f7,FOPNEE_FSR,bandgap_3.0_to_3.5eV,4,Ag,
qmof-02d5be9,FORZAO_FSR,bandgap_3.0_to_3.5eV,4,Organic_Only,
qmof-7a1337f,LENSED_FSR,bandgap_3.0_to_3.5eV,5,Cu,
qmof-3ffecec,XASVOF_FSR,bandgap_3.0_to_3.5eV,3,Cu,c1ccc(C2=NN=N[N]2)cc1
qmof-0ea9711,XAVBIG_FSR,bandgap_3.0_to_3.5eV,5,Cu,
qmof-37a5c0c,XAXVAU02_FSR,bandgap_3.0_to_3.5eV,4,Ag,c1cncnc1
qmof-e4ea248,AWAWEB_FSR,bandgap_3.0_to_3.5eV,5,Cd,c1cnccn1
qmof-fe8ea01,QIVZAY_FSR,bandgap_3.0_to_3.5eV,2,Zn,[CH]([N][N][CH]c1cccnc1)c1cccnc1
qmof-6032da7,QIWJAK_FSR,bandgap_3.0_to_3.5eV,1,Cd,c1ccccc1.c1ccncc1
qmof-2a8957f,QOLKUX_FSR,bandgap_3.0_to_3.5eV,4,Co,c1cc(COc2ccc(OCc3ccncc3)cc2)ccn1
qmof-947fb3e,QOMVAR_FSR,bandgap_3.0_to_3.5eV,3,Zn,[CH]([N][N][CH]c1cccnc1)c1cccnc1.c1ccccc1
qmof-cae97a0,QOMVEV_FSR,bandgap_3.0_to_3.5eV,3,Zn,C(=NN=Cc1cccnc1)c1cccnc1.c1ccccc1
qmof-5d499dc,QOMVIZ_FSR,bandgap_3.0_to_3.5eV,2,Cd,[CH]([N][N][CH]c1cccnc1)c1cccnc1.c1ccccc1
qmof-35c6fe6,DACXOV_FSR,bandgap_3.0_to_3.5eV,4,Tb,c1ccc2ccccc2c1
qmof-b6828e3,DACXUB_FSR,bandgap_3.0_to_3.5eV,1,Ho,c1ccc2ccccc2c1
qmof-44dd757,DADYAL_FSR,bandgap_3.0_to_3.5eV,4,Cu,c1cn(-c2ccc(-n3ccnc3)cc2)cn1
qmof-e7c726e,QOTBOQ_FSR,bandgap_3.0_to_3.5eV,3,Ni,c1ccccc1
qmof-0064f16,LEKTIG_FSR,bandgap_3.0_to_3.5eV,1,Hg,
qmof-ab42bcd,LELCOV_FSR,bandgap_3.0_to_3.5eV,5,Cu,c1ccccc1
qmof-f8c1b29,FOTPOV_FSR,bandgap_3.0_to_3.5eV,3,Mo,[CH]1NC=CN=C1C1=NN=C[CH]1.[CH]1NC=CN=C1C1=N[N]C=C1
qmof-6460ca3,FOVMOS01_FSR,bandgap_3.0_to_3.5eV,2,Cu,
qmof-c79fd59,FOXSAN_FSR,bandgap_3.0_to_3.5eV,2,Zn,c1ccncc1
qmof-423f816,LEDZAY_FSR,bandgap_3.0_to_3.5eV,2,Cu,O=[PH]1CNCCNC1
qmof-e5ce6a3,LEHNIY_FSR,bandgap_3.0_to_3.5eV,5,Cd,c1cc(-c2nnc(-c3ccncc3)[nH]2)ccn1
qmof-a048e74,LEBSUH_FSR,bandgap_3.0_to_3.5eV,3,Cu,
qmof-01a0a8c,LEQVEJ_FSR,bandgap_3.0_to_3.5eV,2,Zn,C(=Cc1ccncc1)c1ccncc1.c1ccc(-c2ccccc2)cc1
qmof-375c7bc,QOTJOY_FSR,bandgap_3.0_to_3.5eV,3,Cu,c1cc(-c2ccncc2)ccn1
qmof-d06df45,QOTMIW_FSR,bandgap_3.0_to_3.5eV,1,Zn,c1ccc([N][N]c2ccccc2)cc1
qmof-27238d0,CUZJOX_FSR,bandgap_3.0_to_3.5eV,4,Rb,c1ccccc1
qmof-aa7ff00,DACJUO_FSR,bandgap_3.0_to_3.5eV,4,Ag,c1ccccc1
qmof-e221acb,QOHNOR_FSR,bandgap_3.0_to_3.5eV,3,Zn,c1cnccn1
qmof-d19e792,UDIKAW_FSR,bandgap_3.0_to_3.5eV,1,Ag,c1cnccn1
qmof-2c26b5a,UDOCAR_FSR,bandgap_3.0_to_3.5eV,5,Cu,
qmof-909f534,BOWKUU_FSR,bandgap_3.0_to_3.5eV,3,Yb,O=C1c2ccccc2C(=O)c2ccccc21
qmof-72d3a49,BOWQIO_FSR,bandgap_3.0_to_3.5eV,3,Zn,c1cc(C2=N[N]N=N2)ccc1C1=NN=N[N]1
qmof-565df98,LAXTEL_FSR,bandgap_3.0_to_3.5eV,1,Cd,c1ccc2ncccc2c1
qmof-a0e5516,LAXXOZ_FSR,bandgap_3.0_to_3.5eV,1,Cd,
qmof-473d2b6,LAYZUH_FSR,bandgap_3.0_to_3.5eV,4,Zn,c1ccc2ccccc2c1
qmof-0444ac2,LAZDEW_FSR,bandgap_3.0_to_3.5eV,3,Mn,
qmof-334586a,AVOBUK_FSR,bandgap_3.0_to_3.5eV,3,Co,S=C1[N]N=NN1c1ccccc1
qmof-e8e4106,AVOFUM_FSR,bandgap_3.0_to_3.5eV,3,Ag,c1ccccc1
qmof-f0f7453,AVOGAT01_FSR,bandgap_3.0_to_3.5eV,4,Ag,c1ccccc1
qmof-c326e40,XAZDAG_FSR,bandgap_3.0_to_3.5eV,1,Ag,c1ccc(-c2nnc(-c3cccnc3)n2-c2ccncc2)nc1
qmof-16e1e21,XECGOD_FSR,bandgap_3.0_to_3.5eV,3,Ni,
qmof-5b4423d,TUYPEK_FSR,bandgap_3.0_to_3.5eV,5,Cu,O=c1ccn(-c2ccccc2)cc1.c1cc(-c2ccncc2)ccn1
qmof-3c5c124,CUYDAC_FSR,bandgap_3.0_to_3.5eV,1,Cu,c1ccc2[nH]cnc2c1
qmof-7c78d2a,CUYDUW_FSR,bandgap_3.0_to_3.5eV,4,Hg,
qmof-c4408a8,CUYSUL_FSR,bandgap_3.0_to_3.5eV,2,Cu,c1ccc2c(c1)ncn2CCCCCCn1cnc2ccccc21
qmof-a5ad549,QOWCOV_FSR,bandgap_3.0_to_3.5eV,5,Zn,c1ccc(-c2nc3ccccc3[nH]2)nc1.c1ccccc1
qmof-6c38eb4,QOZHEU01_FSR,bandgap_3.0_to_3.5eV,4,Ni,c1cc(-c2ccncc2)ccn1.c1ccc(-c2ccccc2)cc1
qmof-f53ca26,QUJBIH_FSR,bandgap_3.0_to_3.5eV,1,Cu,c1ccc2scnc2c1
qmof-403e9cb,LATJEW_FSR,bandgap_3.0_to_3.5eV,1,Co,c1ccccc1
qmof-8d3595d,LAVDUK_FSR,bandgap_3.0_to_3.5eV,4,Sr,c1ccc(-c2ncc[nH]2)cc1.c1ccccc1
qmof-9054b9c,LAVHAT_FSR,bandgap_3.0_to_3.5eV,2,Mg,C(=Cc1ccccc1)c1ccccc1
qmof-c6bc0b3,FUGGIZ_FSR,bandgap_3.0_to_3.5eV,2,Cu,[CH]1C=CC(c2ccccc2)=CN1
qmof-a95989e,LARMID_FSR,bandgap_3.0_to_3.5eV,4,Pr,c1ccccc1
qmof-ae934b7,LARNOI_FSR,bandgap_3.0_to_3.5eV,3,Ag,c1ccc(-c2nnc(-c3ccccc3)o2)cc1
qmof-9722aa8,LARRUS01_FSR,bandgap_3.0_to_3.5eV,1,V,
qmof-d7ece7a,LECXOI_FSR,bandgap_3.0_to_3.5eV,2,Mo,
qmof-009916a,LECYUP_FSR,bandgap_3.0_to_3.5eV,5,Dy,c1ccc2ncccc2c1
qmof-63c56ae,QUKTUM_FSR,bandgap_3.0_to_3.5eV,5,Cu,
qmof-538e5ff,QUBPUY_FSR,bandgap_3.0_to_3.5eV,4,Tl,
qmof-15bcb48,QUCFEA_FSR,bandgap_3.0_to_3.5eV,5,Cd,
qmof-30918ed,CUWNEO_FSR,bandgap_3.0_to_3.5eV,4,Ag,c1ccc2[nH]c(-c3ccncc3)nc2c1
qmof-5ce13e6,TUYWEQ_FSR,bandgap_3.0_to_3.5eV,4,Ag,c1cnccn1
qmof-4e2bea2,TUZNAE_FSR,bandgap_3.0_to_3.5eV,2,Mn,c1ccccc1
qmof-42663e9,GACSOS01_FSR,bandgap_3.0_to_3.5eV,4,Er,c1ccccc1
qmof-410f77a,GACTIQ_FSR,bandgap_3.0_to_3.5eV,1,Na,c1ccc(-c2ccc(-c3ccccc3)cc2)cc1
qmof-f8e972c,LAPRUS_FSR,bandgap_3.0_to_3.5eV,5,Cd,[CH]1C=NC=N1
qmof-eb646da,LARGIX_FSR,bandgap_3.0_to_3.5eV,1,Zn,
qmof-b3d726d,FURSIV01_FSR,bandgap_3.0_to_3.5eV,1,Ag,
qmof-e0c96d6,FURYIB_FSR,bandgap_3.0_to_3.5eV,4,Cu,
qmof-12858c4,LAMZUV_FSR,bandgap_3.0_to_3.5eV,3,Er,[CH]1C=CC=CC=C1.[CH]1C=CC=CC=C1.[CH]1C=CC=CC=C1
qmof-72c22fc,LAPQID_FSR,bandgap_3.0_to_3.5eV,1,Ag,C(=NN=Cc1cccnc1)c1cccnc1
qmof-702a0a9,ATEREY_FSR,bandgap_3.0_to_3.5eV,3,Cd,
qmof-bbea870,ATIBOU_FSR,bandgap_3.0_to_3.5eV,1,Mn,
qmof-b4a483b,AVAJUD_FSR,bandgap_3.0_to_3.5eV,3,Pb,
qmof-5680067,XEJCIB_FSR,bandgap_3.0_to_3.5eV,5,Cd,
qmof-7bd6cd4,XEJCOH_FSR,bandgap_3.0_to_3.5eV,1,Cd,
qmof-09988a9,XEJDEY_FSR,bandgap_3.0_to_3.5eV,5,Cd,
qmof-e5ef965,XEJWUG_FSR,bandgap_3.0_to_3.5eV,2,Co,c1cc(-c2ccncc2)ccn1
qmof-fc5594c,XEKDAU_FSR,bandgap_3.0_to_3.5eV,4,Ag,c1ccccc1
qmof-64828d7,LAKBEF_FSR,bandgap_3.0_to_3.5eV,2,Na,
qmof-8cd108f,LALBOR_FSR,bandgap_3.0_to_3.5eV,3,Cu,
qmof-e7ba782,FUZYUV_FSR,bandgap_3.0_to_3.5eV,3,Cd,C(=Cc1ccncc1)c1ccncc1.c1ccc(Oc2ccccc2)cc1
qmof-85e55eb,UBABUX_FSR,bandgap_3.0_to_3.5eV,4,Cu,C(=Cc1ccncc1)c1ccncc1
qmof-8c2860b,UBEXEE_FSR,bandgap_3.0_to_3.5eV,5,Mo,
qmof-5ef8b71,BOZZOH_FSR,bandgap_3.0_to_3.5eV,2,Ag,
qmof-c631f72,BUBFAH_FSR,bandgap_3.0_to_3.5eV,5,Co,O=C(Nc1cccnc1)C(=O)Nc1cccnc1.c1ccccc1
qmof-7e03401,BUBZAB_FSR,bandgap_3.0_to_3.5eV,4,Hg,
qmof-19ecdb0,BUCTEZ_FSR,bandgap_3.0_to_3.5eV,4,Co,
qmof-9d2f08c,BUCVEB_FSR,bandgap_3.0_to_3.5eV,4,Ni,c1cncnc1
qmof-cb12c69,TULXUV_FSR,bandgap_3.0_to_3.5eV,4,Cu,c1ccccc1
qmof-b760bf5,TUMTUQ_FSR,bandgap_3.0_to_3.5eV,2,Fe,
qmof-323f418,QULKOY_FSR,bandgap_3.0_to_3.5eV,5,Ag,O=c1ccocc1
qmof-5495921,QULNES_FSR,bandgap_3.0_to_3.5eV,5,Cu,
qmof-3ab376e,GAKTIW01_FSR,bandgap_3.0_to_3.5eV,5,Zn,
qmof-14bc551,KULLOU_FSR,bandgap_3.0_to_3.5eV,5,Cs,O=C1NC(=O)c2cccc3cccc1c23
qmof-d6ec333,LADFIH_FSR,bandgap_3.0_to_3.5eV,2,Cd,c1ccccc1
qmof-12e8c32,LADHAB_FSR,bandgap_3.0_to_3.5eV,5,Cu,c1cc(-c2ccncc2)ccn1.c1ccccc1
qmof-d8d2250,LADTAO_FSR,bandgap_3.0_to_3.5eV,4,Zn,c1ccc(-c2ccccc2)cc1
qmof-bcb167f,GAGWUH01_FSR,bandgap_3.0_to_3.5eV,5,Ni,c1ccc(-c2ccccn2)nc1
qmof-57e6787,KUYPAW_FSR,bandgap_3.0_to_3.5eV,4,Co,
qmof-342ad08,KUQXUQ_FSR,bandgap_3.0_to_3.5eV,4,Cu,
qmof-4be7f74,XELVIW_FSR,bandgap_3.0_to_3.5eV,1,Mn,[CH]1N=C[N]N1
qmof-d08e9e3,XELZIA_FSR,bandgap_3.0_to_3.5eV,5,Cu,
qmof-93bb2c9,XEMHIJ_FSR,bandgap_3.0_to_3.5eV,5,Cu,c1cncc(C2=NN=N[N]2)c1
qmof-fcd2fa6,XEWGUD_FSR,bandgap_3.0_to_3.5eV,2,Zn,c1cncc(-c2cccc(-c3cccnc3)n2)c1
qmof-b5ec64a,ASISOK_FSR,bandgap_3.0_to_3.5eV,5,K,
qmof-a219073,XENRAK_FSR,bandgap_3.0_to_3.5eV,2,Na,
qmof-254955f,XENTUH_FSR,bandgap_3.0_to_3.5eV,4,Ag,C1=CN=C(c2ccncc2)[N]1.[CH]1C=NC(c2ccncc2)=N1
qmof-e12721f,XEPMAI01_FSR,bandgap_3.0_to_3.5eV,4,Pb,
qmof-edcf7ff,XELHUT_FSR,bandgap_3.0_to_3.5eV,3,Cd,C(=Nn1cnnc1)c1ccncc1
qmof-5a36ead,KURSIB_FSR,bandgap_3.0_to_3.5eV,5,Cd,c1ccc([N][N]c2ccccc2)cc1
qmof-e0d16c1,KUSDAE_FSR,bandgap_3.0_to_3.5eV,1,Organic_Only,c1ccc(Oc2ccccc2)cc1
qmof-bf1e290,GAHBEX_FSR,bandgap_3.0_to_3.5eV,5,Na,
qmof-5ce863d,GAKHAD01_FSR,bandgap_3.0_to_3.5eV,1,Zn,S=c1cccc[nH]1
qmof-5d3e22d,CUSRIS_FSR,bandgap_3.0_to_3.5eV,1,Cd,c1ccc(N(c2ccc(N(c3ccncc3)c3ccncc3)cc2)c2ccccn2)nc1
qmof-d0ce9c9,CUSROY_FSR,bandgap_3.0_to_3.5eV,3,Cd,c1ccc(N(c2ccc(N(c3ccncc3)c3ccncc3)cc2)c2ccccn2)nc1
qmof-98d5ff0,QURDIR_FSR,bandgap_3.0_to_3.5eV,3,Zn,c1ccccc1
qmof-71094de,QURTII_FSR,bandgap_3.0_to_3.5eV,2,Ag,c1csnn1
qmof-afd8a66,QURZAF_FSR,bandgap_3.0_to_3.5eV,5,Cu,c1ccc2[nH]cnc2c1
qmof-fad850c,QURZEJ_FSR,bandgap_3.0_to_3.5eV,4,Cu,c1ccc2[nH]cnc2c1
qmof-4aba664,QUSLAS_FSR,bandgap_3.0_to_3.5eV,4,Na,c1ccccc1
qmof-10dcb6e,QUSSUU_FSR,bandgap_3.0_to_3.5eV,4,Mn,c1ccc2c(c1)ncn2Cc1ccc(Cn2cnc3ccccc32)cc1.c1ccc2ccccc2c1
qmof-c1b5346,CUQRIR_FSR,bandgap_3.0_to_3.5eV,5,Zn,C(=Cc1ccccc1)c1ccccc1.C1=NN=C[N]1
qmof-13a76dd,CUQRUD_FSR,bandgap_3.0_to_3.5eV,2,Zn,
qmof-106093e,KUDPEF_FSR,bandgap_3.0_to_3.5eV,2,Cd,c1ccccc1
qmof-59cc2cc,KUDWUD_FSR,bandgap_3.0_to_3.5eV,4,Zn,c1ccccc1
qmof-9b6dfb6,KUDZUF_FSR,bandgap_3.0_to_3.5eV,1,Cu,
qmof-fd921b0,GALTUJ02_FSR,bandgap_3.0_to_3.5eV,2,Co,
qmof-c3167f9,GAMVAU_FSR,bandgap_3.0_to_3.5eV,3,Cd,c1ccncc1
qmof-7fca3ad,KOXLUG_FSR,bandgap_3.0_to_3.5eV,5,Cu,c1ccncc1
qmof-954c057,KOYPAR_FSR,bandgap_3.0_to_3.5eV,1,Cu,
qmof-6a10907,KOZDOU01_FSR,bandgap_3.0_to_3.5eV,2,Zn,[CH]1C=C(c2ccncc2)C=CN1
qmof-6304adf,XICDOC01_FSR,bandgap_3.0_to_3.5eV,5,Zn,
qmof-1275915,XETGIN_FSR,bandgap_3.0_to_3.5eV,3,Cu,c1nnn[nH]1
qmof-87e33d0,CURNOU_FSR,bandgap_3.0_to_3.5eV,5,Bi,c1cnc2c(c1)ccc1cccnc12
qmof-8707b97,CUSQOX_FSR,bandgap_3.0_to_3.5eV,5,Cd,c1cc(N(c2ccncc2)c2ccc(N(c3ccncc3)c3ccncc3)cc2)ccn1
qmof-12c6f7b,QUPBEJ_FSR,bandgap_3.0_to_3.5eV,1,Fe,c1cc(-c2ccncc2)ccn1
qmof-ce52fe3,QUPZAE02_FSR,bandgap_3.0_to_3.5eV,2,Co,[CH]1N=NC=C1c1ccc(C2=CN=N[CH]2)cc1
qmof-402d188,QUSVOQ_FSR,bandgap_3.0_to_3.5eV,1,Co,c1ccc(Oc2ccccc2)cc1
qmof-0a1eaf1,QUTLAT_FSR,bandgap_3.0_to_3.5eV,5,Cu,c1cc(Nc2ccncc2)ccn1.c1ccccc1
qmof-8fe6d7b,QUTTIJ_FSR,bandgap_3.0_to_3.5eV,1,Co,c1cc(-c2ccncc2)ccn1
qmof-e6f8d75,QUVCEQ_FSR,bandgap_3.0_to_3.5eV,5,Co,[CH]1C=CC=CN1
qmof-b93ab48,CUNFOH01_FSR,bandgap_3.0_to_3.5eV,5,Cu,C1=NC=N[N]1
qmof-bacc955,CUNMUT_FSR,bandgap_3.0_to_3.5eV,2,Organic_Only,
qmof-ad2c0ca,CUOCTN01_FSR,bandgap_3.0_to_3.5eV,4,Cu,
qmof-c3ed545,KOBPEZ_FSR,bandgap_3.0_to_3.5eV,2,Cd,c1cncc([N][N]c2cccnc2)c1
qmof-26df13b,KOSKIO_FSR,bandgap_3.0_to_3.5eV,2,Co,c1ccccc1
qmof-ea9f3ea,KOSLUB_FSR,bandgap_3.0_to_3.5eV,2,Ni,c1ccccc1
qmof-f9535ab,GANMEP_FSR,bandgap_3.0_to_3.5eV,2,Zn,c1ccccc1
qmof-80bbe89,GANRUL_FSR,bandgap_3.0_to_3.5eV,1,Cu,c1ccc(-c2nnc[nH]2)cc1
qmof-9e59867,KOHZIS_FSR,bandgap_3.0_to_3.5eV,3,Ag,
qmof-49076f5,KOJLUR_FSR,bandgap_3.0_to_3.5eV,4,Cu,
qmof-7ff9d4f,KOJMED_FSR,bandgap_3.0_to_3.5eV,1,Li,c1ccc2ccccc2c1
qmof-e603480,KUCPOO_FSR,bandgap_3.0_to_3.5eV,1,Cd,c1cnc2c(SCc3ccncc3)cccc2c1
qmof-298ff1b,QURDEN_FSR,bandgap_3.0_to_3.5eV,1,Cd,C(=Cc1ccncc1)c1ccncc1
qmof-b1741c8,RADDOS_FSR,bandgap_3.0_to_3.5eV,5,Hg,
qmof-71d98f1,RAFMAN_FSR,bandgap_3.0_to_3.5eV,3,K,c1ccc2cc3c(cc2c1)OCCOCCOCCOCCOCCO3
qmof-2306507,QUVJAT_FSR,bandgap_3.0_to_3.5eV,5,Cd,
qmof-e8cc479,QUXZOZ_FSR,bandgap_3.0_to_3.5eV,5,Cd,
qmof-ac695f9,CUHBAI_FSR,bandgap_3.0_to_3.5eV,3,Cu,
qmof-387c271,CUHBIQ01_FSR,bandgap_3.0_to_3.5eV,3,Cu,
qmof-cbb63eb,CUICOL10_FSR,bandgap_3.0_to_3.5eV,5,Cu,
qmof-0a38e7d,KIYLIP_FSR,bandgap_3.0_to_3.5eV,4,Cd,c1ccc2c(c1)ncn2-c1cncc(-n2cnc3ccccc32)c1.c1ccc2ccccc2c1
qmof-1f33604,KIYLUB_FSR,bandgap_3.0_to_3.5eV,1,Li,c1ccc2ccccc2c1
qmof-eccc1db,GAZSUX_FSR,bandgap_3.0_to_3.5eV,1,Cu,
qmof-fc2d571,GAZTOS_FSR,bandgap_3.0_to_3.5eV,3,Cu,c1cc(C2=NN=N[N]2)ccn1
qmof-103bf19,GECTOA_FSR,bandgap_3.0_to_3.5eV,5,Zn,
qmof-3c0b718,KISMIL_FSR,bandgap_3.0_to_3.5eV,1,Tb,c1ccc(-c2nc3c4cccnc4c4ncccc4c3[nH]2)cc1
qmof-27e4fe7,KOGQAA_FSR,bandgap_3.0_to_3.5eV,3,Cu,[CH]1C=NC=N1
qmof-59cf43e,KOHBEP_FSR,bandgap_3.0_to_3.5eV,5,Zn,c1cc(-c2nnco2)ccn1
qmof-5b02dd4,GAXNUQ_FSR,bandgap_3.0_to_3.5eV,2,Zn,O=C1[N]NC(=O)c2cc3c(cc21)C(=O)N[N]C3=O
qmof-5bef8de,XIDZOB_FSR,bandgap_3.0_to_3.5eV,2,Cd,c1ccccc1.c1cn(-c2ccc(-n3ccnc3)cc2)cn1
qmof-e0f1076,XIHQIP_FSR,bandgap_3.0_to_3.5eV,3,Cd,
qmof-09c181e,XIHQOV_FSR,bandgap_3.0_to_3.5eV,4,Cd,
qmof-9f9b665,ASAMEO_FSR,bandgap_3.0_to_3.5eV,3,Hg,
qmof-3505271,XEZYUW_FSR,bandgap_3.0_to_3.5eV,5,V,
qmof-3a34e66,XEZZIL_FSR,bandgap_3.0_to_3.5eV,2,V,
qmof-d3a3906,KIYBEZ01_FSR,bandgap_3.0_to_3.5eV,1,K,O=C1[CH]C(=O)[CH]C(=O)[CH]1
qmof-dafbfa1,KIYDAA_FSR,bandgap_3.0_to_3.5eV,5,Cu,c1ccncc1
qmof-18c3f95,KIYHAE01_FSR,bandgap_3.0_to_3.5eV,5,Cu,c1nnn[nH]1
qmof-90e8464,CUJZAJ_FSR,bandgap_3.0_to_3.5eV,5,Ag,c1cnccn1
qmof-8e9384d,CUKZAK_FSR,bandgap_3.0_to_3.5eV,5,Cd,c1cc(-c2ccncc2)ccn1
qmof-4a5df1e,CUFGUH_FSR,bandgap_3.0_to_3.5eV,4,Cd,C1=CN=C(c2ccncc2)[N]1.c1cc(-c2ncc[nH]2)ccn1
qmof-af122ad,CUFHUI_FSR,bandgap_3.0_to_3.5eV,4,Ag,
qmof-457d039,RAFQEV_FSR,bandgap_3.0_to_3.5eV,2,Zn,c1ccc2ccccc2c1
qmof-fd13d81,CUFQAX_FSR,bandgap_3.0_to_3.5eV,4,Organic_Only,c1ccc(-c2ccccc2)cc1
qmof-5f31ac2,CUGZOT_FSR,bandgap_3.0_to_3.5eV,1,Cu,
qmof-7597961,CUGZUZ_FSR,bandgap_3.0_to_3.5eV,3,Cu,
qmof-b81612d,RAQLUQ01_FSR,bandgap_3.0_to_3.5eV,4,Pb,
qmof-47164bc,RAJPIE_FSR,bandgap_3.0_to_3.5eV,2,Cu,c1cn(-c2ccc(C3=NN=N[N]3)cc2)cn1
qmof-0de5a3a,KEXSOX_FSR,bandgap_3.0_to_3.5eV,3,Gd,
qmof-a98044e,KIVYIY_FSR,bandgap_3.0_to_3.5eV,1,Ba,c1ccccc1
qmof-5f03ac6,KIWLOS_FSR,bandgap_3.0_to_3.5eV,5,Cd,c1ccncc1
qmof-55cc832,GEDCUP_FSR,bandgap_3.0_to_3.5eV,1,Na,
qmof-ff241bd,GEDTOA_FSR,bandgap_3.0_to_3.5eV,1,Cu,c1cnccn1
qmof-129e045,GEHQUG_FSR,bandgap_3.0_to_3.5eV,1,Mo,c1ccccc1
qmof-10301bb,GEHYOI_FSR,bandgap_3.0_to_3.5eV,1,K,
qmof-1d1380d,KIMXOV_FSR,bandgap_3.0_to_3.5eV,2,Zn,c1ccc(Oc2ccccc2)cc1.c1cn(Cc2ccc(Cn3ccnc3)cc2)cn1
qmof-0315b97,KIPXIT_FSR,bandgap_3.0_to_3.5eV,3,Cu,
qmof-1195366,XILWOF_FSR,bandgap_3.0_to_3.5eV,5,Cu,c1ccccc1
qmof-09cb520,RAKXAF_FSR,bandgap_3.0_to_3.5eV,2,K,
qmof-9c6629d,CUCLPY_FSR,bandgap_3.0_to_3.5eV,5,Cu,
qmof-8864214,CUCSIE_FSR,bandgap_3.0_to_3.5eV,4,Zn,C(=Cc1ncc[nH]1)c1ncc[nH]1
qmof-8f9170f,CUFFAM_FSR,bandgap_3.0_to_3.5eV,1,Mn,c1ccccc1
qmof-06b7b00,CUFGOB_FSR,bandgap_3.0_to_3.5eV,4,Cd,C1=CN=C(c2ccncc2)[N]1.c1cc(-c2ncc[nH]2)ccn1
qmof-3067afa,TUSLIC_FSR,bandgap_3.0_to_3.5eV,4,Cd,c1cc(-c2ccncc2)ccn1.c1ccccc1
qmof-cd51998,TUTQOP_FSR,bandgap_3.0_to_3.5eV,5,Pb,
qmof-0fa2384,ARISAX_FSR,bandgap_3.0_to_3.5eV,4,Hg,
qmof-4df7a22,XILNIQ01_FSR,bandgap_3.0_to_3.5eV,5,Cd,c1ccccc1
qmof-60e5f9b,KIMXEL_FSR,bandgap_3.0_to_3.5eV,2,Hg,
qmof-1b4a7d4,GEJHIN_FSR,bandgap_3.0_to_3.5eV,2,Mn,c1ccccc1
qmof-76a7642,GEKFOU_FSR,bandgap_3.0_to_3.5eV,4,Cd,c1cc(-c2ccncc2)ccn1.c1ccc(-c2ccccc2)cc1
qmof-f1284a0,KIBKUC_FSR,bandgap_3.0_to_3.5eV,2,Na,c1ccc2ccccc2c1
qmof-78dd0b4,KIBVEX_FSR,bandgap_3.0_to_3.5eV,1,Ag,
qmof-7dde32f,KICCAD_FSR,bandgap_3.0_to_3.5eV,5,Cu,
qmof-230167f,KIFHOX_FSR,bandgap_3.0_to_3.5eV,2,Ag,
qmof-04ab17d,TUFPOB_FSR,bandgap_3.0_to_3.5eV,1,Cu,C1=NN=N[N]1
qmof-a29c6bd,TUGFUX_FSR,bandgap_3.0_to_3.5eV,2,Cu,c1cnccn1
qmof-88cb1c8,TUJDIN_FSR,bandgap_3.0_to_3.5eV,2,Cd,c1ccc(NNc2ccccc2)cc1.c1cn(CCCCn2ccnc2)cn1
qmof-b4beb57,BUDLUJ_FSR,bandgap_3.0_to_3.5eV,5,Cu,
qmof-b8647f2,BUGLOG_FSR,bandgap_3.0_to_3.5eV,3,Cu,
qmof-1e89fbc,RATTIR_FSR,bandgap_3.0_to_3.5eV,5,Ca,c1cc(-c2ncc[nH]2)ccn1
qmof-0da3623,COWTUF_FSR,bandgap_3.0_to_3.5eV,3,Mn,
qmof-27ecb45,COXTAM_FSR,bandgap_3.0_to_3.5eV,3,Co,c1cncc(Cn2nnc(-c3cccc(-c4cncnc4)c3)n2)c1
qmof-005303e,KEYZEV_FSR,bandgap_3.0_to_3.5eV,1,Cu,C1=NN=N[N]1
qmof-b009182,KEYZOF_FSR,bandgap_3.0_to_3.5eV,2,Cu,C1=NN=N[N]1
qmof-b2acbc5,GERLAS_FSR,bandgap_3.0_to_3.5eV,2,Hg,
qmof-8b03e45,GERLEW_FSR,bandgap_3.0_to_3.5eV,2,Hg,
qmof-ad997e0,XINLAI_FSR,bandgap_3.0_to_3.5eV,2,Co,c1ccncc1
qmof-0bf3a66,XIPCEF_FSR,bandgap_3.0_to_3.5eV,5,Cu,c1ccncc1
qmof-126585f,XIRKAL_FSR,bandgap_3.0_to_3.5eV,3,Ag,c1cncc(-c2nc3ccccc3[nH]2)c1
qmof-3cf9abb,XISCUY_FSR,bandgap_3.0_to_3.5eV,4,Ho,c1ccc2ccccc2c1
qmof-c998a82,XISREZ_FSR,bandgap_3.0_to_3.5eV,3,Cd,
qmof-6d7fe34,KEXJUU_FSR,bandgap_3.0_to_3.5eV,1,Mo,c1cc(-c2cc(-c3ccncc3)nc(-c3ccncc3)c2)ccn1
qmof-9caf6ea,KERTUZ_FSR,bandgap_3.0_to_3.5eV,5,Cs,c1ccccc1
qmof-f14214b,KERVAH_FSR,bandgap_3.0_to_3.5eV,4,Cs,
qmof-22103d2,KERWEM_FSR,bandgap_3.0_to_3.5eV,1,K,c1ccccc1
qmof-9e5c1e4,KESHIC_FSR,bandgap_3.0_to_3.5eV,3,K,c1ccccc1
qmof-1e8099b,KESHOI_FSR,bandgap_3.0_to_3.5eV,3,Rb,
qmof-37d5c1e,KESNON_FSR,bandgap_3.0_to_3.5eV,1,Ni,c1ccccc1
qmof-528c187,KESRUY_FSR,bandgap_3.0_to_3.5eV,2,Mn,c1cc[nH+]cc1
qmof-98a7b30,GERMIB_FSR,bandgap_3.0_to_3.5eV,5,Cd,c1cc([C]2N=C(c3ccncc3)[N]N2Cn2cncn2)ccn1.c1ccccc1
qmof-1e5a3fa,GEVJAT_FSR,bandgap_3.0_to_3.5eV,2,Cu,
qmof-005f564,KEXYAQ_FSR,bandgap_3.0_to_3.5eV,3,Cu,c1ccc(CNCc2ccccn2)nc1
qmof-2aa0084,GEVKEA_FSR,bandgap_3.0_to_3.5eV,3,Mn,[CH]1N=C[N]N1
qmof-a1d1c28,GEVNIF01_FSR,bandgap_3.0_to_3.5eV,2,Cu,[CH]1C=CC2=NN=NC2=C1.c1ccc2c(c1)=N[N]N=2.c1ccc2c(c1)[N]N=N2
qmof-c0771c3,KEMNAT_FSR,bandgap_3.0_to_3.5eV,5,Li,
qmof-4e88a03,KEQPAZ_FSR,bandgap_3.0_to_3.5eV,4,Na,c1ccccc1
qmof-dc1402b,KEQPON_FSR,bandgap_3.0_to_3.5eV,4,Na,O=C1NC(=O)[C](C2(C3C(=O)NC(=O)NC3=O)C(=O)NC(=O)NC2=O)C(=O)N1
qmof-baf72be,GEWDIY_FSR,bandgap_3.0_to_3.5eV,5,Fe,[CH]1C=CC=C1.[CH]1C=CC=C1
qmof-954f79c,GEWDOE_FSR,bandgap_3.0_to_3.5eV,5,Fe,[CH]1C=CC=C1.[CH]1C=CC=C1.[CH]1C=CC=C1
qmof-39f5329,GEWDUK_FSR,bandgap_3.0_to_3.5eV,2,Fe,[CH]1C=CC=C1.[CH]1C=CC=C1
qmof-1ca4551,GEWFAS_FSR,bandgap_3.0_to_3.5eV,1,Fe,[CH]1C=CC=C1.[CH]1C=CC=C1
qmof-d22ccb0,GEWJIE_FSR,bandgap_3.0_to_3.5eV,5,Fe,[CH]1C=CC=C1.[CH]1C=CC=C1.[CH]1C=C[CH]C1
qmof-455f267,GEXREI_FSR,bandgap_3.0_to_3.5eV,5,Er,
qmof-c0f8b53,GEXRIM_FSR,bandgap_3.0_to_3.5eV,2,Dy,
qmof-1192393,GEZNAC_FSR,bandgap_3.0_to_3.5eV,5,Ag,C1=CN=C[N]1
qmof-ec4b488,GEZRIP_FSR,bandgap_3.0_to_3.5eV,4,Ca,c1ccccc1
qmof-2bf7319,GEZSIQ_FSR,bandgap_3.0_to_3.5eV,5,Cd,[CH]1N=C(c2cnccn2)[N]N1
qmof-ea4ee42,RAMYAF_FSR,bandgap_3.0_to_3.5eV,2,Ba,
qmof-2d09cca,RAQLEA_FSR,bandgap_3.0_to_3.5eV,2,Pb,
qmof-828e765,RAQLOK_FSR,bandgap_3.0_to_3.5eV,4,Pb,
qmof-c5996c8,RAXVAP_FSR,bandgap_3.0_to_3.5eV,5,Cu,c1cnccn1
qmof-534e40b,REDMUL_FSR,bandgap_3.0_to_3.5eV,2,Y,c1ccc(-c2ccc(P(c3ccc(-c4ccccc4)cc3)c3ccc(-c4ccccc4)cc3)cc2)cc1
qmof-63c38bc,COQRIJ_FSR,bandgap_3.0_to_3.5eV,1,Sr,
qmof-b53439e,RATTUD_FSR,bandgap_3.0_to_3.5eV,5,Pb,
qmof-9a21157,RAWPOV_FSR,bandgap_3.0_to_3.5eV,5,Zn,C(=Cc1ccncc1)c1ccncc1
qmof-1139516,RAWROX_FSR,bandgap_3.0_to_3.5eV,5,La,c1cnccn1
qmof-12bbcce,GIFXAX_FSR,bandgap_3.0_to_3.5eV,2,Cd,c1ccccc1
qmof-f02d3e0,GIFXEA_FSR,bandgap_3.0_to_3.5eV,4,K,c1ccccc1
qmof-1e2a4e1,KEKJOB_FSR,bandgap_3.0_to_3.5eV,4,Cu,
qmof-e70664c,KELCIN01_FSR,bandgap_3.0_to_3.5eV,5,Cu,C1=C[N]N=C1.[CH]1C=NN=C1
qmof-10df8cd,KELGOZ_FSR,bandgap_3.0_to_3.5eV,3,Ag,c1cnccn1
qmof-252e6ca,GEZVIS_FSR,bandgap_3.0_to_3.5eV,3,Ag,c1ccc(-c2cncnc2)cc1
qmof-a4a4669,GICDON_FSR,bandgap_3.0_to_3.5eV,1,Mn,c1ccccc1
qmof-cb22207,GIDCEB01_FSR,bandgap_3.0_to_3.5eV,3,Cu,
qmof-e2ff14c,KECGEF_FSR,bandgap_3.0_to_3.5eV,4,Zn,c1ccc2nc(-c3ccc4ccccc4n3)ccc2c1
qmof-a62e471,REGXOS01_FSR,bandgap_3.0_to_3.5eV,3,Co,C1=CN=C[N]1.[CH]1C=NC=N1
qmof-dbf7620,REHMOI_FSR,bandgap_3.0_to_3.5eV,3,Cu,
qmof-82374ce,REHQIG_FSR,bandgap_3.0_to_3.5eV,4,Cd,c1cc(-c2ccncc2)ccn1
qmof-4268a9c,COKNAT_FSR,bandgap_3.0_to_3.5eV,3,Zn,c1ccccc1
qmof-5c82433,COKPUP_FSR,bandgap_3.0_to_3.5eV,4,Zn,c1ccccc1
qmof-6dd300b,COKYUW_FSR,bandgap_3.0_to_3.5eV,1,Cu,
qmof-d88d13b,BUKLOJ01_FSR,bandgap_3.0_to_3.5eV,5,Co,c1ccccc1
qmof-b030441,KEBTER_FSR,bandgap_3.0_to_3.5eV,4,Zn,c1cc(-c2ccncc2)ccn1.c1ccccc1
qmof-e2e748b,KEBWEU_FSR,bandgap_3.0_to_3.5eV,3,Cu,
qmof-de74ec5,KEBZUN_FSR,bandgap_3.0_to_3.5eV,3,Ni,N=C1C(=O)C(=N)C1=O
qmof-7d3020a,KECBAW_FSR,bandgap_3.0_to_3.5eV,3,Ni,N=C1C(=O)C(=N)C1=O
qmof-d084066,GIGXIF01_FSR,bandgap_3.0_to_3.5eV,2,Pb,
qmof-b1b5126,GIGXUS_FSR,bandgap_3.0_to_3.5eV,1,Na,[C]1N(c2ccccc2)CCN1c1ccccc1
qmof-7b81e21,KEFQAO_FSR,bandgap_3.0_to_3.5eV,2,Cu,
qmof-dbf1bf8,KEFWOJ_FSR,bandgap_3.0_to_3.5eV,5,Dy,c1ccoc1
qmof-d58bd48,KEGYEB_FSR,bandgap_3.0_to_3.5eV,5,Ag,C1CCCCC1
qmof-e18f086,KEHLIV_FSR,bandgap_3.0_to_3.5eV,2,Pb,
qmof-2cfe6c0,GIFGIN_FSR,bandgap_3.0_to_3.5eV,1,Cu,
qmof-5607eea,TTRZCU_FSR,bandgap_3.0_to_3.5eV,5,Cu,
qmof-59424b3,BULYEN_FSR,bandgap_3.0_to_3.5eV,3,Co,O=S(=O)(c1ccccc1)c1ccccc1.[CH]1C=CC2=NN=NC2=C1.c1ccc2c(c1)[N]N=N2
qmof-be3ffea,BUNJOK_FSR,bandgap_3.0_to_3.5eV,5,Co,c1ccccc1
qmof-3a7c51f,TODKII_FSR,bandgap_3.0_to_3.5eV,2,Cd,c1ccc(-n2cnnc2-c2ccccn2)cc1
qmof-b7f954d,RERJAC_FSR,bandgap_3.0_to_3.5eV,3,Fe,
qmof-35fc9d0,RERPUA_FSR,bandgap_3.0_to_3.5eV,5,Cu,c1ccccc1
qmof-7211a38,GIKQAV_FSR,bandgap_3.0_to_3.5eV,3,Cd,C1C2CC3CC1CC(C2)C3.O=C(NN=Cc1ccncc1)c1ccncc1
qmof-d6b4784,GIMDEM_FSR,bandgap_3.0_to_3.5eV,4,Cu,c1cc(Nc2ccncc2)nc(Nc2ccncc2)c1
qmof-df87a37,GIMHOA_FSR,bandgap_3.0_to_3.5eV,1,Ag,[CH]1C=CC=CN1
qmof-2c0ed21,GIMJIW_FSR,bandgap_3.0_to_3.5eV,3,Nd,c1cc(-c2cc[nH+]cc2)cc[nH+]1
qmof-56c6255,GIMJOC_FSR,bandgap_3.0_to_3.5eV,4,Er,c1cc(-c2cc[nH+]cc2)cc[nH+]1
qmof-0933b7a,GIMJUI_FSR,bandgap_3.0_to_3.5eV,1,Y,c1cc(-c2cc[nH+]cc2)cc[nH+]1
qmof-41cbe0b,KATLIC_FSR,bandgap_3.0_to_3.5eV,5,Co,c1cnc(-c2nn[nH]n2)cn1
qmof-0f7138b,KAVWOV_FSR,bandgap_3.0_to_3.5eV,5,Ni,c1cc(-c2ccncc2)ccn1.c1ccccc1
qmof-6aa3015,KAZZUI_FSR,bandgap_3.0_to_3.5eV,2,Tl,
qmof-1a060e4,KEBBAW_FSR,bandgap_3.0_to_3.5eV,5,Tl,
qmof-e36d1f8,COHBEI_FSR,bandgap_3.0_to_3.5eV,5,Ag,c1ccccc1.c1cnccn1
qmof-26780e7,COHGOW_FSR,bandgap_3.0_to_3.5eV,5,Ni,c1ccccc1
qmof-c3bfa40,REKPIJ_FSR,bandgap_3.0_to_3.5eV,5,Mo,c1nncn1CCCn1cnnc1
qmof-83fd3d2,COBLIP_FSR,bandgap_3.0_to_3.5eV,2,Zn,c1cnccn1
qmof-afb0a94,RIHJOJ_FSR,bandgap_3.0_to_3.5eV,4,Zn,O=S(=O)(c1ccccc1)c1ccccc1.c1cc(C2=N[N]C(c3ccncc3)=N[N]2)ccn1
qmof-80cb026,XIZPIF_FSR,bandgap_3.0_to_3.5eV,1,Cu,c1cnccn1
qmof-d249571,XIZPII_FSR,bandgap_3.0_to_3.5eV,1,Cd,
qmof-e078b5f,XOGWEV01_FSR,bandgap_3.0_to_3.5eV,2,Cu,c1cnccn1
qmof-cc0c005,AQOROP_FSR,bandgap_3.0_to_3.5eV,2,Zn,c1ccc2cc(C3=NN=N[N]3)ccc2c1
qmof-b7b8b62,AQUKOO_FSR,bandgap_3.0_to_3.5eV,1,Co,c1ccc(-c2cccnc2)cc1
qmof-7f0f059,AQUZAP_FSR,bandgap_3.0_to_3.5eV,1,Ag,c1cc(-c2ccncc2)ccn1
qmof-664a625,XIXRAA_FSR,bandgap_3.0_to_3.5eV,4,Ag,c1cnccn1
qmof-71233cb,GIHHEN_FSR,bandgap_3.0_to_3.5eV,3,Ag,
qmof-5fa242c,KAXKAY_FSR,bandgap_3.0_to_3.5eV,3,Mn,c1ccc(N(c2ccccc2)n2cnnc2)cc1
qmof-4fbb0a5,KAXXAK_FSR,bandgap_3.0_to_3.5eV,2,Mn,c1ncc(-c2cc(-c3cnc[nH]3)cc(-c3cnc[nH]3)c2)[nH]1
qmof-5602d5c,GIKPUO_FSR,bandgap_3.0_to_3.5eV,2,Zn,C1C2CC3CC1CC(C2)C3.O=C(NN=Cc1ccncc1)c1ccncc1
qmof-b5ddfc5,COCVIA_FSR,bandgap_3.0_to_3.5eV,4,Cu,c1cc(SCc2cscc2CSc2ccncc2)ccn1
qmof-4b6fa6b,COCWAT_FSR,bandgap_3.0_to_3.5eV,4,Cu,c1cc(SCc2cscc2CSc2ccncc2)ccn1
qmof-7c7ec88,RIBQUR_FSR,bandgap_3.0_to_3.5eV,3,Cu,
qmof-c786c29,RIJZAO_FSR,bandgap_3.0_to_3.5eV,3,Cd,C(=Cc1cccnc1)c1ccncc1.c1ccccc1
qmof-29dc9b8,RILWAM_FSR,bandgap_3.0_to_3.5eV,4,Cd,c1cncc(Cn2c(-c3ccc(-c4cccnc4)cc3)nc3ccccc32)c1
qmof-3d36cba,RIMXET_FSR,bandgap_3.0_to_3.5eV,1,Cd,c1ccccc1
qmof-61ec4f7,RINNAG_FSR,bandgap_3.0_to_3.5eV,3,Cd,c1cc(-c2nnc(-c3ccncc3)s2)ccn1
qmof-274e985,CIYZAM_FSR,bandgap_3.0_to_3.5eV,4,Dy,c1ccsc1
qmof-c3ee816,KAKVEY_FSR,bandgap_3.0_to_3.5eV,4,Cu,
qmof-2b9c0b8,KAPYIK_FSR,bandgap_3.0_to_3.5eV,1,Rh,c1ccccc1
qmof-1c719d3,KAQYEG_FSR,bandgap_3.0_to_3.5eV,1,Cd,c1ccc(-c2cnc(-c3ccccn3)cn2)nc1
qmof-310622b,KASHES_FSR,bandgap_3.0_to_3.5eV,5,Zn,c1ccccc1
qmof-8628656,KATFET_FSR,bandgap_3.0_to_3.5eV,2,Cu,c1ccc(CSCCOc2cccnc2)cc1
qmof-95de001,GINREB_FSR,bandgap_3.0_to_3.5eV,3,Cu,
qmof-3ad4380,GIQMUR_FSR,bandgap_3.0_to_3.5eV,4,Ag,O=C(c1ccncc1)c1cccnc1
qmof-d4dc82f,XOKTOH_FSR,bandgap_3.0_to_3.5eV,2,Cu,
qmof-0ad7d63,XOKVAV_FSR,bandgap_3.0_to_3.5eV,5,Zn,c1cc(-c2ccncc2)ccn1.c1ccc2ccccc2c1
qmof-62599d4,XIZLIC_FSR,bandgap_3.0_to_3.5eV,5,Zn,c1cc(-c2ccncc2)ccn1.c1ccccc1
qmof-de9d67c,AQIDOU_FSR,bandgap_3.0_to_3.5eV,2,Ca,O=C1c2ccccc2C(=O)c2ccccc21
qmof-3d63cef,AQIDUA01_FSR,bandgap_3.0_to_3.5eV,3,Cd,O=C1c2ccccc2C(=O)c2ccccc21
qmof-a7e3a59,AQIDUA_FSR,bandgap_3.0_to_3.5eV,1,Cd,O=C1c2ccccc2C(=O)c2ccccc21
qmof-ba1edaa,AQIFOW_FSR,bandgap_3.0_to_3.5eV,3,Zn,O=C1c2ccccc2C(=O)c2ccccc21
qmof-fe4db64,AQIQAT_FSR,bandgap_3.0_to_3.5eV,4,Cd,
qmof-0ee131b,XOJJAI_FSR,bandgap_3.0_to_3.5eV,5,Cu,c1ccccc1
qmof-1594bd7,KALPUI_FSR,bandgap_3.0_to_3.5eV,4,Ag,
qmof-b53222a,KALREU_FSR,bandgap_3.0_to_3.5eV,1,Ag,
qmof-1b22f23,KAPCUB_FSR,bandgap_3.0_to_3.5eV,4,Hg,
qmof-cc83b68,KAPMOG_FSR,bandgap_3.0_to_3.5eV,4,Organic_Only,c1ccc2ccccc2c1
qmof-392794c,KAPPEZ_FSR,bandgap_3.0_to_3.5eV,4,Organic_Only,c1ccccc1
qmof-4ff383d,KALPAO02_FSR,bandgap_3.0_to_3.5eV,3,Ag,
qmof-1379d15,GIWBOF02_FSR,bandgap_3.0_to_3.5eV,5,Zn,c1cnccn1
qmof-348df13,GIWBOF_FSR,bandgap_3.0_to_3.5eV,3,Zn,c1cnccn1
qmof-9b4ddd5,GIWKON_FSR,bandgap_3.0_to_3.5eV,2,Cu,c1ccc(-n2cnnc2)nc1
qmof-9fbf872,GIWNEG_FSR,bandgap_3.0_to_3.5eV,4,Cd,
qmof-4a55b32,GIWYER_FSR,bandgap_3.0_to_3.5eV,3,Cd,
qmof-fd6d700,KADROY_FSR,bandgap_3.0_to_3.5eV,5,Cu,
qmof-c705783,XONGEO_FSR,bandgap_3.0_to_3.5eV,4,Zn,O=C(N[N][CH]c1ccccc1)c1ccncc1
qmof-70e1be7,XOPSIE_FSR,bandgap_3.0_to_3.5eV,2,Cu,
qmof-46c4388,XOQHOC_FSR,bandgap_3.0_to_3.5eV,2,Co,O=C(NCCCCCCNC(=O)c1cccnc1)c1cccnc1.c1ccccc1
qmof-221b692,XOQKEV_FSR,bandgap_3.0_to_3.5eV,3,Zn,O=C1[N]NC(=O)c2ccccc21
qmof-739453e,XORCAJ_FSR,bandgap_3.0_to_3.5eV,3,Cu,C(=Cc1ccncc1)c1ccncc1.c1cc[nH+]cc1
qmof-b7fefa4,XORCOX_FSR,bandgap_3.0_to_3.5eV,1,Ag,c1cc[nH+]cc1
qmof-6eae3f7,AQEGUA_FSR,bandgap_3.0_to_3.5eV,1,Hg,c1ccc(CNc2ccccn2)nc1
qmof-c101b80,CIYZEQ_FSR,bandgap_3.0_to_3.5eV,1,Ho,c1ccsc1
qmof-df5b996,CIYZOA_FSR,bandgap_3.0_to_3.5eV,4,Hg,
qmof-406ecbb,RIXDIM_FSR,bandgap_3.0_to_3.5eV,1,Cd,c1ccc(-c2cc(-c3cccnc3)cc(-c3ccccn3)n2)nc1
qmof-e6fbd50,RISBON_FSR,bandgap_3.0_to_3.5eV,2,Ca,c1ccccc1
qmof-4b1ae8b,RISBUT_FSR,bandgap_3.0_to_3.5eV,2,Cd,c1ccccc1
qmof-f005fae,RISYOI_FSR,bandgap_3.0_to_3.5eV,4,Zn,c1c[nH+]cc(-c2nc3ccccc3[nH]2)c1
qmof-dc65865,CIWWUB_FSR,bandgap_3.0_to_3.5eV,3,Ag,c1ccccc1.c1cncc(-c2nc3ccccc3[nH]2)c1
qmof-fb53c2e,CIXTAF_FSR,bandgap_3.0_to_3.5eV,4,Sn,
qmof-a9f2188,RIPFIG_FSR,bandgap_3.0_to_3.5eV,5,Au,
qmof-ee77db8,RIQSEQ_FSR,bandgap_3.0_to_3.5eV,2,K,
qmof-906d76c,RIQVUJ_FSR,bandgap_3.0_to_3.5eV,3,Gd,c1ccc(-c2ccccc2)cc1
qmof-c59c1d6,GIZVUH_FSR,bandgap_3.0_to_3.5eV,1,Dy,c1ccc(SSc2ccccn2)nc1
qmof-14b1175,GOCMIW_FSR,bandgap_3.0_to_3.5eV,3,Zn,c1ccccc1
qmof-ebbe2a3,JUGMUV_FSR,bandgap_3.0_to_3.5eV,2,Cd,c1ccc(-c2nnc(-c3ccccn3)n2-c2ccncc2)cc1
qmof-6994eb7,JUGQUX_FSR,bandgap_3.0_to_3.5eV,2,Cu,c1ccc(Sc2ccc(Sc3ccccn3)cc2)nc1
qmof-659dd1c,KAFLUB_FSR,bandgap_3.0_to_3.5eV,3,Zn,c1cc(-c2ccc3sc4ccc(-c5ccncc5)cc4c3c2)ccn1
qmof-668c8ab,KAGYUO_FSR,bandgap_3.0_to_3.5eV,3,Nd,c1cnccn1
qmof-2367406,KAKQIZ_FSR,bandgap_3.0_to_3.5eV,4,Na,[CH]1CCCC=N1
qmof-6c0781a,GIXGEC_FSR,bandgap_3.0_to_3.5eV,3,Ag,c1cscn1
qmof-779ce9c,GIXSIS01_FSR,bandgap_3.0_to_3.5eV,1,Cu,
qmof-718ab88,ROJHUU_FSR,bandgap_3.0_to_3.5eV,4,Co,c1ccc2c(c1)nnn2CCCn1nnc2ccccc21
qmof-9d8bf1c,ROBNEC_FSR,bandgap_3.0_to_3.5eV,4,Cu,c1ccccc1
qmof-180f45b,ROBWEL_FSR,bandgap_3.0_to_3.5eV,4,Hg,
qmof-7b10042,ROCRIL_FSR,bandgap_3.0_to_3.5eV,2,V,
qmof-411f796,CITBEO_FSR,bandgap_3.0_to_3.5eV,1,Cu,O=C(Nn1cnnc1)C1CCC(C(=O)Nn2cnnc2)CC1
qmof-f50607a,RIWFUA_FSR,bandgap_3.0_to_3.5eV,5,Mn,
qmof-f6b0935,ROJZAT_FSR,bandgap_3.0_to_3.5eV,2,Mn,c1cnc(-c2nn[nH]n2)nc1
qmof-75ec3f5,JUFLED_FSR,bandgap_3.0_to_3.5eV,3,Zn,c1cc(Sc2ccncc2)ccn1
qmof-ff2fade,JUXTEB_FSR,bandgap_3.0_to_3.5eV,2,Cu,c1cnc(-c2ncccn2)nc1
qmof-53839d7,JUZGOC_FSR,bandgap_3.0_to_3.5eV,3,Cd,O=C([CH]C(=O)c1cccnc1)c1cccnc1
qmof-cb53c9a,KACHUT_FSR,bandgap_3.0_to_3.5eV,4,Pt,c1ccccc1
qmof-f44a0df,KACJOP_FSR,bandgap_3.0_to_3.5eV,3,Ni,c1ccccc1
qmof-72050a0,KACQAJ_FSR,bandgap_3.0_to_3.5eV,5,Cd,c1ccccc1
qmof-f22d7b2,ROLQEQ_FSR,bandgap_3.0_to_3.5eV,2,Cd,c1ccsc1
qmof-dd9e8cd,ROLVOE_FSR,bandgap_3.0_to_3.5eV,1,Cu,c1ccccc1
qmof-91df703,CISJIY01_FSR,bandgap_3.0_to_3.5eV,5,Y,c1ccccc1
qmof-02cf811,CISJOE01_FSR,bandgap_3.0_to_3.5eV,2,Dy,c1ccccc1
qmof-48a6d20,CISKAR01_FSR,bandgap_3.0_to_3.5eV,3,Lu,c1ccccc1
qmof-286c11a,CISKIZ01_FSR,bandgap_3.0_to_3.5eV,5,Ho,c1ccccc1
qmof-2caee4b,CISLEX_FSR,bandgap_3.0_to_3.5eV,2,Organic_Only,
qmof-c8f72fc,ROGSAI_FSR,bandgap_3.0_to_3.5eV,1,Ni,C1CCCCC1.c1cc(-c2ccncc2)ccn1
qmof-38a58d5,ROJGUT_FSR,bandgap_3.0_to_3.5eV,4,Cu,c1cc(Nc2ccncc2)ccn1
qmof-d74206e,TODVIT_FSR,bandgap_3.0_to_3.5eV,4,Cd,c1cc(-c2ccncc2)ccn1.c1ccc([N][N]c2ccccc2)cc1
qmof-fa84185,TOGLEG02_FSR,bandgap_3.0_to_3.5eV,3,Cu,
qmof-9b4c00f,TOGTEQ_FSR,bandgap_3.0_to_3.5eV,3,Zn,c1cc(-c2ccnc(SSc3nccc(-c4ccncc4)n3)n2)ccn1
qmof-7d0eb4e,TIXBIN_FSR,bandgap_3.0_to_3.5eV,3,Zn,O=C1[N]NC(=O)c2ccccc21
qmof-32e331b,TIXDOV_FSR,bandgap_3.0_to_3.5eV,3,Cu,
qmof-866f41f,BURJUU_FSR,bandgap_3.0_to_3.5eV,3,Ag,
qmof-8b0680e,AQATAN_FSR,bandgap_3.0_to_3.5eV,4,Hg,
qmof-213c150,AQEFUZ_FSR,bandgap_3.0_to_3.5eV,2,Hg,c1ccc(NCc2cccnc2)nc1
qmof-25b0904,AQEGAG_FSR,bandgap_3.0_to_3.5eV,3,Hg,
qmof-7a4601d,XOMQOH_FSR,bandgap_3.0_to_3.5eV,2,Mo,c1cc(-c2ccncc2)ccn1
qmof-5c7b718,JULDAV_FSR,bandgap_3.0_to_3.5eV,2,Cu,
qmof-5ad132b,GOCWUR_FSR,bandgap_3.0_to_3.5eV,1,Cd,c1ccccc1
qmof-ecdafb4,GOGHAM_FSR,bandgap_3.0_to_3.5eV,5,Zn,c1ccc2ccccc2c1
qmof-58dac03,JORRUF_FSR,bandgap_3.0_to_3.5eV,4,Cd,c1ccc2c(Cc3cccc4ccccc34)cccc2c1.c1cn(CCCCn2ccnc2)cn1
qmof-b76665a,JOSNUA_FSR,bandgap_3.0_to_3.5eV,3,Mo,
qmof-aa90302,GOKDIT_FSR,bandgap_3.0_to_3.5eV,2,Cu,
qmof-af5c9df,GOKDOA_FSR,bandgap_3.0_to_3.5eV,3,Cu,
qmof-2436e49,JOJGUN_FSR,bandgap_3.0_to_3.5eV,5,Hg,
qmof-077d8d1,JOLTAH01_FSR,bandgap_3.0_to_3.5eV,1,Cd,
qmof-e4693f8,JOMVIQ_FSR,bandgap_3.0_to_3.5eV,5,Cd,C(=Cc1ccncc1)c1ccccc1
qmof-5e9a520,JOFKIA01_FSR,bandgap_3.0_to_3.5eV,5,Cu,C1=NN=C[N]1
qmof-ba5647e,JOFLAS_FSR,bandgap_3.0_to_3.5eV,1,Cu,c1ccccc1.c1cncc(CN2CCN(Cc3cccnc3)CC2)c1
qmof-bedebdd,XOZLEF_FSR,bandgap_3.0_to_3.5eV,2,Cd,c1ccccc1
qmof-e867a05,BUSGIG_FSR,bandgap_3.0_to_3.5eV,3,Cu,c1ccncc1
qmof-70475c6,BUSQUC_FSR,bandgap_3.0_to_3.5eV,2,Cu,c1cc(CCc2ccncc2)ccn1.c1ccc2ccccc2c1
qmof-f6f5670,RUVYOX_FSR,bandgap_3.0_to_3.5eV,1,Cd,c1cc(-c2ccncc2)ccn1
qmof-23a1556,RUWKOL_FSR,bandgap_3.0_to_3.5eV,2,La,c1ccc2ccccc2c1
qmof-0d73cc2,RUWKUR_FSR,bandgap_3.0_to_3.5eV,5,Pr,c1ccc2ccccc2c1
qmof-3d27d1f,RUWLAY_FSR,bandgap_3.0_to_3.5eV,3,Nd,c1ccc2ccccc2c1
qmof-f914f9b,RUWLEC_FSR,bandgap_3.0_to_3.5eV,2,Sm,c1ccc2ccccc2c1
qmof-9698236,CIMRUN_FSR,bandgap_3.0_to_3.5eV,1,Pt,O=C(Nc1ccc(NC(=O)c2ccncc2)cc1)c1ccncc1
qmof-2d22fc9,CIMSAU_FSR,bandgap_3.0_to_3.5eV,4,Pd,O=C(Nc1ccc(NC(=O)c2ccncc2)cc1)c1ccncc1
qmof-29a38ad,RUNGUE_FSR,bandgap_3.0_to_3.5eV,5,Ag,c1ccc(-c2cccnc2)cc1
qmof-84be34f,RUGFUW_FSR,bandgap_3.0_to_3.5eV,3,Zn,O=C1c2cccc3cccc(c23)C(=O)N1CCc1cnc[nH]1
qmof-c2377af,JOHFIX_FSR,bandgap_3.0_to_3.5eV,1,Hg,
qmof-b0a3596,JOHLID_FSR,bandgap_3.0_to_3.5eV,4,Co,[CH]1C=CC=CN1c1ccccc1.c1cc(-c2ccncc2)ccn1
qmof-81ffe5f,JOHWEK_FSR,bandgap_3.0_to_3.5eV,4,Organic_Only,c1cc(-c2cc[nH+]cc2)cc[nH+]1
qmof-4383a46,GOLSEH_FSR,bandgap_3.0_to_3.5eV,1,Ag,c1cnc(Sc2cncc(Sc3cnccn3)n2)cn1
qmof-b47e703,GOLTAD_FSR,bandgap_3.0_to_3.5eV,4,Zn,c1cc(-c2ccncc2)ccn1
qmof-74c3c27,GOLTIL_FSR,bandgap_3.0_to_3.5eV,1,Cu,c1cc(Cn2cncn2)ccn1
qmof-b0fc2d5,GOLVIN_FSR,bandgap_3.0_to_3.5eV,5,Zn,c1cc(-c2ccncc2)ccn1
qmof-fca87d6,GONRUY_FSR,bandgap_3.0_to_3.5eV,1,Ag,c1cnccn1
qmof-eae71d0,GONSAF_FSR,bandgap_3.0_to_3.5eV,4,Ag,c1cnccn1
qmof-f47c6af,JUFXUF_FSR,bandgap_3.0_to_3.5eV,1,Na,c1ccccc1
qmof-f522cce,JUGFAU_FSR,bandgap_3.0_to_3.5eV,1,Cu,c1ccc(Oc2cccc3cccnc23)cc1
qmof-c6917b4,GOYRET_FSR,bandgap_3.0_to_3.5eV,2,Ni,
qmof-8d71a0b,JOCGIS_FSR,bandgap_3.0_to_3.5eV,1,Co,c1ccc2[nH]cnc2c1.c1ccncc1
qmof-a87a11c,GORFOK_FSR,bandgap_3.0_to_3.5eV,1,Cd,
qmof-6b9f186,GORGIF_FSR,bandgap_3.0_to_3.5eV,4,Cd,c1ccc(-c2nc(-c3ccccn3)c(-c3ccccn3)nc2-c2ccccn2)nc1
qmof-71b2c0d,GOTYOF_FSR,bandgap_3.0_to_3.5eV,1,Cs,O=c1c(-c2ccccc2)coc2ccccc12
qmof-065c0c3,GOTYUL_FSR,bandgap_3.0_to_3.5eV,1,Cs,O=c1c(-c2ccccc2)coc2ccccc12
qmof-be60601,GOTZAS_FSR,bandgap_3.0_to_3.5eV,3,Rb,O=c1c(-c2ccccc2)coc2ccccc12
qmof-5fa0860,JOGGUJ_FSR,bandgap_3.0_to_3.5eV,1,Cd,
qmof-c8d887d,ROWBAI_FSR,bandgap_3.0_to_3.5eV,1,Zn,
qmof-a6861cd,RORZAZ_FSR,bandgap_3.0_to_3.5eV,2,Zn,c1ccccc1
qmof-8d4816d,SADRUM_FSR,bandgap_3.0_to_3.5eV,4,Mn,c1ccccc1
qmof-bfe77e8,RUZCOG_FSR,bandgap_3.0_to_3.5eV,2,Cd,c1ccc(-c2ccccc2)cc1
qmof-e71626c,RUZDUM_FSR,bandgap_3.0_to_3.5eV,4,Cd,c1ccccc1
qmof-7dbddd2,SABWEA_FSR,bandgap_3.0_to_3.5eV,1,Pr,c1ccccc1
qmof-a9114c3,SABYIG_FSR,bandgap_3.0_to_3.5eV,2,Sm,c1ccccc1
qmof-90271e6,CIMFIP_FSR,bandgap_3.0_to_3.5eV,2,Zn,C1=CN=C[N]1
qmof-a998e68,RUYGEY01_FSR,bandgap_3.0_to_3.5eV,3,Sn,c1ccccc1
qmof-12b9530,RUYJIF_FSR,bandgap_3.0_to_3.5eV,1,Ag,c1cncnc1
qmof-41eae12,RUZBUL_FSR,bandgap_3.0_to_3.5eV,4,Zn,c1ccc(-c2ccccc2)cc1
qmof-3dbdebd,RUZCAS_FSR,bandgap_3.0_to_3.5eV,4,Mn,c1ccc(-c2ccccc2)cc1
qmof-50307ac,RUSQEC_FSR,bandgap_3.0_to_3.5eV,4,Cu,
qmof-bdcee29,XUKYUY_FSR,bandgap_3.0_to_3.5eV,5,Mn,C1=CN=N[N]1.[CH]1C=NN=N1
qmof-886cefa,XULFEQ_FSR,bandgap_3.0_to_3.5eV,1,Zn,O=C([N][N]C(=O)c1ccncc1)c1ccncc1.c1ccccc1
qmof-ecc4da9,ANODEN_FSR,bandgap_3.0_to_3.5eV,3,Zn,c1cc(-c2ccncc2)ccn1
qmof-34b5f2d,ANODIR_FSR,bandgap_3.0_to_3.5eV,1,Zn,c1cc(CCCc2ccncc2)ccn1.c1ccc(SSc2ccccc2)cc1
qmof-f161d3d,APAYUM_FSR,bandgap_3.0_to_3.5eV,2,Cd,c1ccccc1.c1cn(Cc2ccc(Cn3ccnc3)cc2)cn1
qmof-ec9d083,APEBEE_FSR,bandgap_3.0_to_3.5eV,2,Cd,
qmof-9bda469,XOYTIP_FSR,bandgap_3.0_to_3.5eV,1,Cu,c1cncnc1
qmof-ab4fc49,JIQYIU_FSR,bandgap_3.0_to_3.5eV,3,Cu,c1ccccc1
qmof-dcca335,JISXUH_FSR,bandgap_3.0_to_3.5eV,2,Zn,
qmof-a4a3a03,JISYAO_FSR,bandgap_3.0_to_3.5eV,2,Zn,
qmof-5747ad3,JISYES_FSR,bandgap_3.0_to_3.5eV,1,Zn,
qmof-f0dd762,JITPEI_FSR,bandgap_3.0_to_3.5eV,4,Cd,C(=Cc1ccncc1)c1ccncc1
qmof-7092fa9,JEHPIW_FSR,bandgap_3.0_to_3.5eV,5,Rb,
qmof-8c157d2,JIQHEZ_FSR,bandgap_3.0_to_3.5eV,3,Zn,O=C(c1ccc(-n2ccnc2)cc1)c1ccc(-n2ccnc2)cc1
qmof-1a4cca3,GOZPUI_FSR,bandgap_3.0_to_3.5eV,4,Cu,[CH]1NC=CN1
qmof-2ad11cd,GOZRAQ_FSR,bandgap_3.0_to_3.5eV,1,Mo,
qmof-b7f8729,JEZLIM_FSR,bandgap_3.0_to_3.5eV,1,Mn,c1ccc(-c2ccccc2)cc1.c1cn(Cc2ccc(Cn3ccnc3)cc2)cn1
qmof-85d3da9,JICCUW_FSR,bandgap_3.0_to_3.5eV,2,Zn,c1cc(-c2ccncc2)ccn1
qmof-38cb9dc,JIHTEC_FSR,bandgap_3.0_to_3.5eV,2,Zn,c1ccccc1.c1ncc(-c2ccc(C3=NN=N[N]3)cc2)[nH]1
qmof-90bd8c0,JEXJUS_FSR,bandgap_3.0_to_3.5eV,4,Zn,c1ccccc1
qmof-d4b9216,JEXNOQ_FSR,bandgap_3.0_to_3.5eV,2,Co,c1ccc(-c2ccccc2)cc1
qmof-b64c0ab,XUDJIQ_FSR,bandgap_3.0_to_3.5eV,5,Cu,
qmof-ef66c69,XUHHAK_FSR,bandgap_3.0_to_3.5eV,4,Hg,[CH]([N][N][CH]c1ccncc1)c1ccncc1
qmof-099bbbc,SAFKIV_FSR,bandgap_3.0_to_3.5eV,2,Cd,
qmof-3634e74,SAMCOZ_FSR,bandgap_3.0_to_3.5eV,2,Na,
qmof-82f05d3,SAMLAT_FSR,bandgap_3.0_to_3.5eV,5,Al,C(C#Cc1ccccc1)#Cc1ccccc1
qmof-9bbd35b,SAMSIL_FSR,bandgap_3.0_to_3.5eV,5,Zn,c1ccc(Cc2ccccc2)cc1
qmof-340ce1d,SAMTUY_FSR,bandgap_3.0_to_3.5eV,4,Zn,C(=Cc1ccncc1)c1ccncc1.c1ccc(Cc2ccccc2)cc1
qmof-e436871,CIHRAN_FSR,bandgap_3.0_to_3.5eV,2,Cu,c1cc(-c2ccncc2)ccn1.c1ccccc1
qmof-606a263,CIHYOJ_FSR,bandgap_3.0_to_3.5eV,3,Cd,C(=Nn1cnnc1)c1ccccn1
qmof-00a989b,SABZED_FSR,bandgap_3.0_to_3.5eV,5,Ho,c1ccccc1
qmof-557e64a,TITHUC02_FSR,bandgap_3.0_to_3.5eV,3,Cu,c1cn2c(n1)n1ccnc1n1ccnc21
qmof-3dfec94,TITJAK_FSR,bandgap_3.0_to_3.5eV,5,Cu,c1cn2c(n1)n1ccnc1n1ccnc21
qmof-c221ada,GUKCAS_FSR,bandgap_3.0_to_3.5eV,5,Cd,[CH]([N][N][CH]c1ccncc1)c1ccncc1
qmof-725368c,JAYVOV_FSR,bandgap_3.0_to_3.5eV,1,Cd,
qmof-6941c22,JAPXAC_FSR,bandgap_3.0_to_3.5eV,2,Ag,c1ccc2c(c1)ncn2CCCCn1cnc2ccccc21.c1ccc2ccccc2c1.c1ccc2ccccc2c1
qmof-4c0e76e,JEVCIX_FSR,bandgap_3.0_to_3.5eV,5,Cd,c1cncc(-c2nccs2)c1
qmof-507bad6,GUCTOO_FSR,bandgap_3.0_to_3.5eV,5,Zn,
qmof-0f15801,GUCXEI_FSR,bandgap_3.0_to_3.5eV,1,Zn,c1ccccc1.c1cnc2c(c1)c1nc[nH]c1c1cccnc12
qmof-ba90abd,GUDYUA_FSR,bandgap_3.0_to_3.5eV,3,Cu,
qmof-fbbaa9a,GUFQII_FSR,bandgap_3.0_to_3.5eV,5,Zn,C(=Cc1ccncc1)c1ccncc1.c1ccccc1
qmof-9349e59,TIVKUF_FSR,bandgap_3.0_to_3.5eV,5,V,
qmof-44477e2,BUTXOE_FSR,bandgap_3.0_to_3.5eV,1,Hg,c1cncnc1
qmof-765d500,BUTYOG_FSR,bandgap_3.0_to_3.5eV,2,Hg,
qmof-ae1ca4c,BUVPIT_FSR,bandgap_3.0_to_3.5eV,2,Zn,c1cc(-c2ccncc2)ccn1
qmof-2a7135e,CIFFIH_FSR,bandgap_3.0_to_3.5eV,1,Pb,
qmof-16c4dd5,SANBUF01_FSR,bandgap_3.0_to_3.5eV,3,Cu,C1N2CN3CN1CN(C2)C3
qmof-576f203,YAKFIZ_FSR,bandgap_3.0_to_3.5eV,2,Cu,c1cc2nnc1SCCSCCCSCCS2
qmof-fed171f,YAKKIG_FSR,bandgap_3.0_to_3.5eV,5,Cu,
qmof-0c2c714,YALCEU01_FSR,bandgap_3.0_to_3.5eV,1,Ag,c1ccncc1
qmof-6a9204c,ANEPUG_FSR,bandgap_3.0_to_3.5eV,1,Co,c1ccccc1
qmof-46e6fe6,XUYWIZ_FSR,bandgap_3.0_to_3.5eV,2,Cd,
qmof-4d34fa8,XUZHOR_FSR,bandgap_3.0_to_3.5eV,2,Cu,C1=CN=C[N]1
qmof-dc0812e,JEHVAU_FSR,bandgap_3.0_to_3.5eV,1,Fe,c1ncn(Cn2cncn2)n1
qmof-169ee8c,JECZOJ_FSR,bandgap_3.0_to_3.5eV,1,Mn,
qmof-c66ec2f,JEFFOS_FSR,bandgap_3.0_to_3.5eV,5,Cu,c1ccnnc1
qmof-3763142,GUHCUJ_FSR,bandgap_3.0_to_3.5eV,4,Zn,c1cc(-c2ccc(C3=NN=C(c4cnccn4)[N]3)cc2)ccn1
qmof-caa7611,GUJFIB_FSR,bandgap_3.0_to_3.5eV,2,Zn,c1ccc([N][N]c2ccccc2)cc1
qmof-71748b1,JAFDEC_FSR,bandgap_3.0_to_3.5eV,3,Co,O=C(Nc1cccnc1)c1cccnc1.c1nncs1
qmof-0f69a48,JAGPAJ_FSR,bandgap_3.0_to_3.5eV,3,Cu,
qmof-0919853,JAGTIV_FSR,bandgap_3.0_to_3.5eV,2,Cu,C(Cc1nnn[nH]1)c1nnn[nH]1
qmof-eacda82,JAGXEV_FSR,bandgap_3.0_to_3.5eV,5,Ba,N=C1C=NC(=O)NC1=O
qmof-9b4b8a0,JAJCIH_FSR,bandgap_3.0_to_3.5eV,4,Cu,
qmof-3895a30,GULLIJ_FSR,bandgap_3.0_to_3.5eV,1,Zn,
qmof-d53eb5d,GUPCUQ01_FSR,bandgap_3.0_to_3.5eV,4,Cd,C1=CN=C[N]1.[CH]1C=NC=N1
qmof-20a983a,GUPCUQ02_FSR,bandgap_3.0_to_3.5eV,1,Cd,C1=CN=C[N]1.[CH]1C=NC=N1
qmof-6cfdcbd,YAFQAZ_FSR,bandgap_3.0_to_3.5eV,3,Ag,
qmof-2b3602d,YAFRED_FSR,bandgap_3.0_to_3.5eV,4,Cd,c1cnccn1
qmof-3095be4,YAJTOU_FSR,bandgap_3.0_to_3.5eV,4,Cd,c1cc(-c2ccncc2)ccn1
qmof-c16648b,CIFGIJ_FSR,bandgap_3.0_to_3.5eV,1,Cu,c1ccsc1
qmof-aa9688f,CIGPAK_FSR,bandgap_3.0_to_3.5eV,2,Cu,c1cncnc1
qmof-291c11a,CIGYEY_FSR,bandgap_3.0_to_3.5eV,4,Cu,c1cncc(OCC(COc2cccnc2)(COc2cccnc2)COc2cccnc2)c1
qmof-db10139,CIHLUC_FSR,bandgap_3.0_to_3.5eV,5,Cu,c1ccccc1
qmof-cbad0dc,CIHMUD_FSR,bandgap_3.0_to_3.5eV,1,Cu,c1ccccc1
qmof-cdb4849,SAWTIT_FSR,bandgap_3.0_to_3.5eV,5,Cu,c1ccncc1
qmof-86a8270,CICJEE_FSR,bandgap_3.0_to_3.5eV,1,Zn,c1cc(-c2ccncc2)ccn1
qmof-8ed130f,CICLAD_FSR,bandgap_3.0_to_3.5eV,5,Zn,c1cc(-c2ccncc2)ccn1
qmof-0a94b4b,CICNOT_FSR,bandgap_3.0_to_3.5eV,4,Ag,c1ccccc1
qmof-d5f9805,GUWCAD_FSR,bandgap_3.0_to_3.5eV,2,Zn,c1cnc(-n2cncn2)cn1
qmof-0fef828,GUWWUR_FSR,bandgap_3.0_to_3.5eV,1,Cu,C1CCc2nnnn2CC1
qmof-9e9f1d7,IWIMEH_FSR,bandgap_3.0_to_3.5eV,4,Mg,O=C1c2ccccc2C(=O)c2ccccc21
qmof-31b1596,IWIMOR_FSR,bandgap_3.0_to_3.5eV,4,Sr,O=C1c2ccccc2C(=O)c2ccccc21
qmof-276c5e9,IZABIU_FSR,bandgap_3.0_to_3.5eV,3,Cu,c1cc(CCCc2ccncc2)ccn1
qmof-0d326c4,IZIQOX_FSR,bandgap_3.0_to_3.5eV,2,Co,
qmof-7a9d846,GUQXAR_FSR,bandgap_3.0_to_3.5eV,1,Cr,
qmof-7d4acd6,IYEXEP_FSR,bandgap_3.0_to_3.5eV,5,Zn,c1ccc2ccccc2c1
qmof-a63c711,IYOGIO_FSR,bandgap_3.0_to_3.5eV,4,Dy,c1ccc(SSc2ccccc2)cc1.c1ccc(SSc2ccccc2)cc1
qmof-c6a0e3a,IYOGUA_FSR,bandgap_3.0_to_3.5eV,2,Dy,c1ccc(SSc2ccccc2)cc1.c1ccc(SSc2ccccc2)cc1
qmof-0128bd1,IYOYUR_FSR,bandgap_3.0_to_3.5eV,3,Cu,[CH]1C=CC=C1
qmof-4786fd0,SAZQUI_FSR,bandgap_3.0_to_3.5eV,1,Cu,[N]1N=C(C2=NN=N[N]2)C(C2=NN=N[N]2)=N1.[N]1N=NN=C1C1=C(C2=NN=N[N]2)N=N[N]1.[N]1N=NN=C1[C]1N=NN=C1C1=NN=N[N]1
qmof-385b6d0,SEFKUM_FSR,bandgap_3.0_to_3.5eV,5,Zn,C(C#Cc1ccncc1)#Cc1ccncc1.c1ccccc1
qmof-c64e1a1,SAWWIW_FSR,bandgap_3.0_to_3.5eV,4,Cu,
qmof-06a123a,SAWWOC_FSR,bandgap_3.0_to_3.5eV,2,Cu,
qmof-d972a90,SAWXET_FSR,bandgap_3.0_to_3.5eV,3,Cu,
qmof-55f47cd,SAXLUB_FSR,bandgap_3.0_to_3.5eV,4,Dy,O=C1N[N]C(=O)c2ncccc21
qmof-b441094,SAYWOH_FSR,bandgap_3.0_to_3.5eV,3,Zn,c1ccc(-c2nc3c4cccnc4c4ncccc4c3[nH]2)cc1.c1ccncc1
qmof-835ab05,GUYGIQ_FSR,bandgap_3.0_to_3.5eV,5,Cd,
qmof-cd1b08b,GUYGOW_FSR,bandgap_3.0_to_3.5eV,1,Cd,c1cnccn1
qmof-29ebc7c,HABSOV_FSR,bandgap_3.0_to_3.5eV,1,Organic_Only,
qmof-8c6a88a,HACPOR01_FSR,bandgap_3.0_to_3.5eV,1,Cd,
qmof-7185c72,IYAREH_FSR,bandgap_3.0_to_3.5eV,2,Mn,c1ccccc1.c1cn(CCCCn2ccnc2)cn1
qmof-f9c2a3d,IWOWIB_FSR,bandgap_3.0_to_3.5eV,4,Zn,c1cc(CCCc2ccncc2)ccn1
qmof-6f4079e,GUVPAO_FSR,bandgap_3.0_to_3.5eV,5,Zn,
qmof-0e5bc0c,GUVXIF_FSR,bandgap_3.0_to_3.5eV,5,Ag,S=C1[N]N=CS1
qmof-80a17db,GUVYUS_FSR,bandgap_3.0_to_3.5eV,1,Dy,c1ccccc1.c1ccccc1
qmof-40b16c5,SATRUB_FSR,bandgap_3.0_to_3.5eV,2,Cd,
qmof-b7c8ebb,CEXJUN01_FSR,bandgap_3.0_to_3.5eV,2,Cu,c1cc(C2=NN=N[N]2)cc(C2=NN=N[N]2)c1
qmof-2f9a271,SEGCAK_FSR,bandgap_3.0_to_3.5eV,1,Pb,
qmof-63d089a,SEHGOD_FSR,bandgap_3.0_to_3.5eV,2,Ni,O=c1ccccn1Cc1ccccc1.c1cn(CCCCn2ccnc2)cn1
qmof-136e736,SEJNEB_FSR,bandgap_3.0_to_3.5eV,4,Zn,
qmof-480b093,CEYXIO_FSR,bandgap_3.0_to_3.5eV,3,Na,O=C1C=CC(=O)N[N]1
qmof-2b1cdb0,CEYYOW_FSR,bandgap_3.0_to_3.5eV,2,Organic_Only,
qmof-e1269cf,CEZDES_FSR,bandgap_3.0_to_3.5eV,2,Cu,c1ccc(-c2cn(Cc3ccncc3)nn2)cc1
qmof-6b4d058,CIBLEG_FSR,bandgap_3.0_to_3.5eV,5,Zn,O=c1[nH]c2c(c(=O)[nH]1)[N]C=N2
qmof-30a512a,SETQEQ_FSR,bandgap_3.0_to_3.5eV,3,Zn,
qmof-309b6a2,SEVSUI01_FSR,bandgap_3.0_to_3.5eV,5,Ag,c1cncnc1
qmof-f863b83,YATHUY_FSR,bandgap_3.0_to_3.5eV,4,Cd,S=c1cccc[nH]1
qmof-fdef13d,AMIMUE_FSR,bandgap_3.0_to_3.5eV,5,Cd,O=C1[CH]C=CC=N1.c1ccc2c(-c3cccc4ccccc34)cccc2c1
qmof-7df997f,AMIPUJ_FSR,bandgap_3.0_to_3.5eV,3,Cu,c1ccc([C]2N=C(c3cccnc3)[N]N2)cc1
qmof-a3d03e6,YAFHEU_FSR,bandgap_3.0_to_3.5eV,4,Cd,C(=Cc1ccncc1)c1ccncc1.c1ccccc1
qmof-9d64cd2,IVEDAP_FSR,bandgap_3.0_to_3.5eV,4,Cd,c1ccccc1
qmof-6756c93,IVIJUT_FSR,bandgap_3.0_to_3.5eV,5,Cd,C(=Cc1ccncc1)c1ccncc1.C1CCCCC1
qmof-41cd4ee,IVITOY_FSR,bandgap_3.0_to_3.5eV,4,Zn,c1cc(-c2ccc(-c3ccncc3)cc2)ccn1.c1ccccc1
qmof-f4e255d,IVONUD_FSR,bandgap_3.0_to_3.5eV,5,Cu,
qmof-0111861,IVUVIG_FSR,bandgap_3.0_to_3.5eV,2,Sm,c1ccc([N][N]c2ccccc2)cc1
qmof-3404b3b,HADMOR_FSR,bandgap_3.0_to_3.5eV,3,Co,[CH]1N=NC=C1c1ccc(C2=CN=N[CH]2)cc1
qmof-067c272,HAFCOJ_FSR,bandgap_3.0_to_3.5eV,5,Fe,
qmof-591b39d,HAFCUP01_FSR,bandgap_3.0_to_3.5eV,1,Fe,
qmof-eaa4006,HAFDEA01_FSR,bandgap_3.0_to_3.5eV,1,Fe,
qmof-9c38e24,HAFHAA_FSR,bandgap_3.0_to_3.5eV,4,Zn,[CH]([N]n1cnnc1)c1ccccc1
qmof-fc1e938,HAGJOQ_FSR,bandgap_3.0_to_3.5eV,4,Eu,
qmof-73bb58e,HAGJUW_FSR,bandgap_3.0_to_3.5eV,2,Lu,
qmof-c93d7b2,ITEBUF_FSR,bandgap_3.0_to_3.5eV,4,Au,
qmof-9a836f6,YAVJAI_FSR,bandgap_3.0_to_3.5eV,3,Hg,
qmof-95b804e,YAQMIO_FSR,bandgap_3.0_to_3.5eV,4,Cd,
qmof-458e0ea,YARJOS_FSR,bandgap_3.0_to_3.5eV,3,Ag,c1ccncc1
qmof-a9a917d,SEMJUS_FSR,bandgap_3.0_to_3.5eV,4,Cu,
qmof-5d743e9,SENTIQ_FSR,bandgap_3.0_to_3.5eV,3,Cu,C1CSCN1
qmof-b921f17,SENTOW_FSR,bandgap_3.0_to_3.5eV,2,Cu,C1CSCN1
qmof-a9bd3f7,CEVGIW_FSR,bandgap_3.0_to_3.5eV,5,Zn,[CH]([N][N][CH]c1ccncc1)c1ccncc1
qmof-5433888,TINQEN_FSR,bandgap_3.0_to_3.5eV,2,Na,C(=Cc1ccccc1)c1ccccc1
qmof-1e65cda,TIPVEU_FSR,bandgap_3.0_to_3.5eV,1,Cu,
qmof-099dbbd,ISAGOY_FSR,bandgap_3.0_to_3.5eV,1,Co,
qmof-8e1ed58,ITIWUF_FSR,bandgap_3.0_to_3.5eV,2,Cu,C1=NN=C(CCC2=NN=C[N]2)[N]1
qmof-000512e,ITUTAS_FSR,bandgap_3.0_to_3.5eV,2,K,O=C1C=C[CH]C2=NON[C]12
qmof-397b1f3,IVASUU_FSR,bandgap_3.0_to_3.5eV,5,Ag,c1ccc(P(CCP(c2ccccc2)c2ccccc2)c2ccccc2)cc1
qmof-1629dda,HAGTEP_FSR,bandgap_3.0_to_3.5eV,4,Zn,C(=Nc1ccccc1)c1ccccn1
qmof-3905c3b,HAGTIT_FSR,bandgap_3.0_to_3.5eV,2,Zn,C(=Nc1ccccc1)c1ccccn1
qmof-078ee16,HAJGUW_FSR,bandgap_3.0_to_3.5eV,1,Sn,
qmof-af95382,HACTIQ_FSR,bandgap_3.0_to_3.5eV,1,Pb,c1ccccc1
qmof-dd5ed6d,TIRBAY_FSR,bandgap_3.0_to_3.5eV,3,Cu,c1cnccn1
qmof-6f58bfd,TIRTEU_FSR,bandgap_3.0_to_3.5eV,5,Ni,O=c1oc2cccc3c(=O)oc4cccc1c4c23
qmof-c895295,BUXKAI_FSR,bandgap_3.0_to_3.5eV,2,Cd,[CH]([N][N][CH]c1ccncc1)c1ccncc1.c1ccccc1
qmof-6bf5e49,BUXKEL_FSR,bandgap_3.0_to_3.5eV,5,Cd,c1ccc2c(Cc3cccc4ccccc34)cccc2c1
qmof-37f7116,BUXKEM_FSR,bandgap_3.0_to_3.5eV,3,Cd,[CH]([N][N][CH]c1cccnc1)c1cccnc1
qmof-2c27ac5,BUXTEV_FSR,bandgap_3.0_to_3.5eV,2,Ag,c1cnc(Cc2cnccn2)cn1
qmof-57c12cc,SIKJED01_FSR,bandgap_3.0_to_3.5eV,2,Ag,c1ccncc1
qmof-2fd45b1,SEYKUD_FSR,bandgap_3.0_to_3.5eV,5,Ag,
qmof-bc0218e,SIBDOY_FSR,bandgap_3.0_to_3.5eV,5,Cd,[CH]([N][N][CH]c1cccnc1)c1cccnc1
qmof-9747028,CEPCOS_FSR,bandgap_3.0_to_3.5eV,1,Cu,c1cc(Cn2cnnc2)ccc1Cn1cnnc1.c1ccccc1
qmof-c328407,CEPGIN_FSR,bandgap_3.0_to_3.5eV,4,Ag,c1cc(-c2ccncn2)ncn1
qmof-ad90d19,CESNUJ_FSR,bandgap_3.0_to_3.5eV,2,Cr,
qmof-9941a66,HATFEQ_FSR,bandgap_3.0_to_3.5eV,5,Zn,c1cc(-c2c[nH+]cc(-c3ccncc3)c2)ccn1
qmof-eccfaa9,HATFUG_FSR,bandgap_3.0_to_3.5eV,1,Hg,c1cncc(-c2cccc(-c3cccnc3)[nH+]2)c1
qmof-68afeea,HAVKUM_FSR,bandgap_3.0_to_3.5eV,5,Nd,c1ccc2ccccc2c1
qmof-551cacc,HAVYAG_FSR,bandgap_3.0_to_3.5eV,4,Zn,c1ccc([N][N]c2ccccc2)cc1.c1cn(CCCCn2ccnc2)cn1
qmof-6898ab9,ISUFIL01_FSR,bandgap_3.0_to_3.5eV,1,Mn,c1ccncc1
qmof-69186ff,ISUFIL_FSR,bandgap_3.0_to_3.5eV,3,Mn,c1ccncc1
qmof-b92e7e5,HALYAX_FSR,bandgap_3.0_to_3.5eV,2,Co,
qmof-cf9c61e,HAMQAO02_FSR,bandgap_3.0_to_3.5eV,1,Cu,
qmof-c8f59a6,HAPGOX_FSR,bandgap_3.0_to_3.5eV,1,Mn,O=c1[nH]c2ccccc2[nH]c1=O
qmof-3a2ce24,IRORIS_FSR,bandgap_3.0_to_3.5eV,1,Cd,c1cc([N][N]c2ccncc2)ccn1
qmof-82e3584,IRORUD_FSR,bandgap_3.0_to_3.5eV,1,Cu,c1ccc2ccccc2c1
qmof-7983944,YEBQEB_FSR,bandgap_3.0_to_3.5eV,5,Cu,C1CNCCN1
qmof-06f215e,YECPAA_FSR,bandgap_3.0_to_3.5eV,3,Na,O=C1[C]2N=NN=C2C(=O)C2=C1[N]N=N2.O=C1[C]2N=NN=C2C(=O)C2=N[N]N=C12
qmof-b8d6c96,YECPEE_FSR,bandgap_3.0_to_3.5eV,5,K,O=C1[C]2N=NN=C2C(=O)C2=C1[N]N=N2
qmof-e758e02,AMACOI_FSR,bandgap_3.0_to_3.5eV,2,Cu,
qmof-04ffa55,YATPUG_FSR,bandgap_3.0_to_3.5eV,2,Hg,
qmof-8edd41c,YATYEZ_FSR,bandgap_3.0_to_3.5eV,1,Cu,c1ccoc1
qmof-e53aaff,ISATOM_FSR,bandgap_3.0_to_3.5eV,2,Hg,
qmof-e66b91f,ISATUS_FSR,bandgap_3.0_to_3.5eV,3,Hg,c1ccc(-c2nnc(-c3ccccc3OCc3ccncc3)o2)c(OCc2ccncc2)c1
qmof-49de14c,ISAVAA_FSR,bandgap_3.0_to_3.5eV,5,Hg,
qmof-a483aa3,IQUGOQ_FSR,bandgap_3.0_to_3.5eV,4,Cd,
qmof-1647c66,IRACOU_FSR,bandgap_3.0_to_3.5eV,2,Cu,c1ccccc1
qmof-808b97f,HARKOD_FSR,bandgap_3.0_to_3.5eV,1,Ca,c1ccccc1
qmof-bab2a52,HATFAM_FSR,bandgap_3.0_to_3.5eV,2,Zn,c1cc(-c2c[nH+]cc(-c3ccncc3)c2)ccn1
qmof-1e9a2c5,HAZBIW_FSR,bandgap_3.0_to_3.5eV,5,Sr,c1ccccc1
qmof-91e9d17,INUNUB_FSR,bandgap_3.0_to_3.5eV,2,Cu,c1ccc(-n2ccnn2)cc1
qmof-b2a0a76,HAVZAG_FSR,bandgap_3.0_to_3.5eV,2,Na,
qmof-e34c562,HAWJIA_FSR,bandgap_3.0_to_3.5eV,3,Pr,[CH]1C=CC=CN1
qmof-4f3510c,HAWJOG_FSR,bandgap_3.0_to_3.5eV,4,Nd,[CH]1C=CC=CN1
qmof-02c7dcc,HAXSUW_FSR,bandgap_3.0_to_3.5eV,4,Cu,
qmof-9b31c46,HAXYOW_FSR,bandgap_3.0_to_3.5eV,5,Sm,c1ccccc1
qmof-cca1381,IPECAH01_FSR,bandgap_3.0_to_3.5eV,5,Cd,c1cc(-c2ccncc2)ccn1
qmof-32cb456,IPEDUC_FSR,bandgap_3.0_to_3.5eV,3,Mn,
qmof-a254fea,YEJBAQ_FSR,bandgap_3.0_to_3.5eV,5,Cu,c1ccc2ccccc2c1
qmof-5990a30,YEKRUC_FSR,bandgap_3.0_to_3.5eV,3,Cu,
qmof-0d69406,YEBMIC_FSR,bandgap_3.0_to_3.5eV,3,Ag,c1cnccn1
qmof-489edf7,CESYEF01_FSR,bandgap_3.0_to_3.5eV,3,Ag,c1ccncc1
qmof-6dc41b1,SERKUW_FSR,bandgap_3.0_to_3.5eV,4,Ag,c1ccc(-c2nnc(-c3ccccc3)o2)cc1
qmof-ed1424d,SISGIM_FSR,bandgap_3.0_to_3.5eV,4,Gd,c1ccccc1
qmof-d0835c2,SISGOS_FSR,bandgap_3.0_to_3.5eV,1,Sm,c1ccccc1
qmof-1565c63,SISGUY_FSR,bandgap_3.0_to_3.5eV,5,Tb,c1ccccc1
qmof-3979ca0,CENSOD_FSR,bandgap_3.0_to_3.5eV,5,Ag,
qmof-68234b7,SIBHUJ_FSR,bandgap_3.0_to_3.5eV,3,Co,
qmof-45386d3,SIDLAV_FSR,bandgap_3.0_to_3.5eV,1,Cu,
qmof-947dfcd,SIDLEZ_FSR,bandgap_3.0_to_3.5eV,1,Cu,
qmof-3038374,SIDLOJ_FSR,bandgap_3.0_to_3.5eV,2,Cu,
qmof-6100d4e,SIGNEC_FSR,bandgap_3.0_to_3.5eV,3,Cs,O=C1C=C[CH]C=C1
qmof-23961e5,SIXSUO_FSR,bandgap_3.0_to_3.5eV,4,Cd,c1cc(-c2ccncc2)ccn1
qmof-def4cfb,ALIGOS_FSR,bandgap_3.0_to_3.5eV,2,Li,
qmof-bcd74e7,ALIJAH_FSR,bandgap_3.0_to_3.5eV,4,Li,
qmof-4fd6966,ALILOY_FSR,bandgap_3.0_to_3.5eV,5,Zn,C(=Cc1ccncc1)c1ccncc1.c1ccccc1
qmof-cb69483,ALIRES_FSR,bandgap_3.0_to_3.5eV,5,Ag,
qmof-57458e8,YEFLIF01_FSR,bandgap_3.0_to_3.5eV,1,K,c1ccccc1
qmof-2f4925f,YEFMEE_FSR,bandgap_3.0_to_3.5eV,4,Cd,
qmof-341f3ac,IQAGOX_FSR,bandgap_3.0_to_3.5eV,5,Cd,c1ccc(CNc2cccc(NCc3ccccn3)c2)nc1.c1ccccc1
qmof-9f220e6,HAYMEB_FSR,bandgap_3.0_to_3.5eV,5,Cd,
qmof-ab57480,HAYZUF_FSR,bandgap_3.0_to_3.5eV,3,Ca,c1ccccc1
qmof-583fba3,INIPEB_FSR,bandgap_3.0_to_3.5eV,5,Ca,c1ccccc1
qmof-524d0bd,INIZEK_FSR,bandgap_3.0_to_3.5eV,5,Cd,
qmof-08f5e1e,HAZZAK_FSR,bandgap_3.0_to_3.5eV,2,Ag,
qmof-4acb06b,IMEZOQ_FSR,bandgap_3.0_to_3.5eV,3,Ag,C1=CSCCS1
qmof-e5d8a5b,IMIBIQ_FSR,bandgap_3.0_to_3.5eV,4,Ag,
qmof-7a30575,YIDDUM_FSR,bandgap_3.0_to_3.5eV,1,Cu,
qmof-6ab2c9d,YIDROV_FSR,bandgap_3.0_to_3.5eV,3,Cd,c1ccccc1
qmof-2c19356,YEQSUL01_FSR,bandgap_3.0_to_3.5eV,3,Fe,
qmof-8fdd4e6,YESFUY02_FSR,bandgap_3.0_to_3.5eV,1,Zn,c1cc(-c2ccncc2)ccn1
qmof-ebae1e4,ALAGIF_FSR,bandgap_3.0_to_3.5eV,1,Cd,C1N2CN3CN1CN(C2)C3
qmof-ade80fa,ALIDUV01_FSR,bandgap_3.0_to_3.5eV,3,Cu,c1ccccc1
qmof-d17d6a6,SIYHUE_FSR,bandgap_3.0_to_3.5eV,3,K,c1ccncc1
qmof-13f00c5,CEJTUH_FSR,bandgap_3.0_to_3.5eV,5,Cd,c1ccccc1
qmof-f35365c,CEJXIA_FSR,bandgap_3.0_to_3.5eV,4,Tb,c1ccc(-c2ccccn2)nc1
qmof-80e680b,CEJZUP_FSR,bandgap_3.0_to_3.5eV,4,Cu,
qmof-45c251b,SIKYUI_FSR,bandgap_3.0_to_3.5eV,3,Cu,
qmof-7c7b7c4,SINSIU_FSR,bandgap_3.0_to_3.5eV,5,Ni,
qmof-f128020,BUZDUW_FSR,bandgap_3.0_to_3.5eV,2,Zn,
qmof-10c7c3c,TIHPEI_FSR,bandgap_3.0_to_3.5eV,5,Cu,c1cc(-c2ccncc2)ccn1.c1ccncc1
qmof-cb092ca,IMZCUC01_FSR,bandgap_3.0_to_3.5eV,5,Cu,C1=CN=C[N]1
qmof-d2eb739,IMADOQ_FSR,bandgap_3.0_to_3.5eV,2,Co,
qmof-3f16763,IMADUW_FSR,bandgap_3.0_to_3.5eV,1,Fe,
qmof-e17ecdb,IMEDAF_FSR,bandgap_3.0_to_3.5eV,4,Zn,c1ccccc1
qmof-2f1a847,HEFBEB01_FSR,bandgap_3.0_to_3.5eV,2,Co,c1ccc(OCc2ccc(-c3ccccc3)cc2)cc1
qmof-0ada7fa,HEFCEB_FSR,bandgap_3.0_to_3.5eV,3,Fe,
qmof-6c87d0c,HEFSAP_FSR,bandgap_3.0_to_3.5eV,1,Zn,O=C(NCCCCCCNC(=O)c1cccnc1)c1cccnc1.c1ccccc1
qmof-501b412,ILAKUB_FSR,bandgap_3.0_to_3.5eV,2,Cu,c1ccc(C2=NCCS2)cc1
qmof-7397205,ILAMEN_FSR,bandgap_3.0_to_3.5eV,1,Cu,
qmof-8064b1f,ILAPOB_FSR,bandgap_3.0_to_3.5eV,1,Mo,[CH]1N=C[N]N1Cc1cc(Cn2cncn2)cc(Cn2cncn2)c1.c1ncn(Cc2cc(Cn3cncn3)cc(Cn3cncn3)c2)n1
qmof-4ce68d1,ILIZIN_FSR,bandgap_3.0_to_3.5eV,5,Zn,c1ccc(C2=NN=N[N]2)cc1.c1ccc(C2=N[N]N=N2)cc1
qmof-9bfb63d,HENNEU_FSR,bandgap_3.0_to_3.5eV,2,Li,c1ccccc1
qmof-21c86a2,HENRAW_FSR,bandgap_3.0_to_3.5eV,3,Ag,c1c[nH]cn1
qmof-c62f819,HERNUN_FSR,bandgap_3.0_to_3.5eV,5,Ag,c1cc(-c2ccncc2)ccn1
qmof-dca107d,ILULUW_FSR,bandgap_3.0_to_3.5eV,5,Cd,c1cnccn1
qmof-a077695,ILUSOZ_FSR,bandgap_3.0_to_3.5eV,2,Zn,c1c2c(cc3c1=NN=N3)=NN=N2
qmof-9564d97,IKAVEX_FSR,bandgap_3.0_to_3.5eV,1,Zn,c1ccc(-c2ccc(C3=NN=N[N]3)cc2)cc1
qmof-4ca6257,HEGWUN_FSR,bandgap_3.0_to_3.5eV,3,Yb,c1ccccc1
qmof-02b8805,HEHHEH_FSR,bandgap_3.0_to_3.5eV,1,Cd,C(C#Cc1ccncc1)#Cc1ccncc1
qmof-91678e8,IJOHAR_FSR,bandgap_3.0_to_3.5eV,3,Cu,
qmof-82b4d64,IJOQII_FSR,bandgap_3.0_to_3.5eV,3,Cu,
qmof-f6329bc,IHOPIE_FSR,bandgap_3.0_to_3.5eV,4,Cu,c1cncnc1
qmof-c0bb078,IHOZOV_FSR,bandgap_3.0_to_3.5eV,5,Cu,
qmof-1c18108,IJAGUW_FSR,bandgap_3.0_to_3.5eV,1,Cu,
qmof-749fa2f,IJASAO01_FSR,bandgap_3.0_to_3.5eV,4,Er,c1ccccc1
qmof-e5b6a13,CABWOT_FSR,bandgap_3.0_to_3.5eV,5,Li,
qmof-f9d7350,CACJAS_FSR,bandgap_3.0_to_3.5eV,1,Mo,
qmof-633a43e,TEZXUS_FSR,bandgap_3.0_to_3.5eV,1,Mn,
qmof-1baf5cd,SODDAQ_FSR,bandgap_3.0_to_3.5eV,1,Ag,
qmof-602abad,SOFXUH_FSR,bandgap_3.0_to_3.5eV,4,Cu,c1cc(-c2nn[nH]n2)ccn1
qmof-849cda5,SOHNIO_FSR,bandgap_3.0_to_3.5eV,4,Co,[CH]1N=C[N]N1Cc1ccc(Cn2cncn2)cc1
qmof-fcef258,CEGWUH_FSR,bandgap_3.0_to_3.5eV,1,Cd,
qmof-75b48a7,CEHSUE_FSR,bandgap_3.0_to_3.5eV,2,Ag,
qmof-81003ca,CEHWIX_FSR,bandgap_3.0_to_3.5eV,1,Ni,c1cnccn1
qmof-061fb4f,IGEMEN_FSR,bandgap_3.0_to_3.5eV,5,Mo,
qmof-65714b1,IFECAX_FSR,bandgap_3.0_to_3.5eV,2,Au,
qmof-92702e7,IFENUF_FSR,bandgap_3.0_to_3.5eV,2,Ag,c1cnccn1
qmof-3c09c5f,IJEBIJ_FSR,bandgap_3.0_to_3.5eV,4,Ag,c1cn(-c2ccc(-c3ccc(-n4ccnc4)s3)s2)cn1
qmof-42b991c,IGURAE_FSR,bandgap_3.0_to_3.5eV,3,Ag,C1C2CN3CN1CN(C2)C3
qmof-16ff97e,IHEMUF_FSR,bandgap_3.0_to_3.5eV,1,Zn,
qmof-582048a,IHEPES_FSR,bandgap_3.0_to_3.5eV,4,Cu,
qmof-592ce9f,IHIBIM_FSR,bandgap_3.0_to_3.5eV,4,Organic_Only,
qmof-deab150,HEKSOH_FSR,bandgap_3.0_to_3.5eV,4,Cd,c1ccc(Nc2ccccc2)cc1.c1cn(-c2ccc(-c3ccc(-n4ccnc4)cc3)cc2)cn1
qmof-92c3fea,HEKSUN_FSR,bandgap_3.0_to_3.5eV,4,Zn,c1ccc(Nc2ccccc2)cc1.c1cn(-c2ccc(-c3ccc(-n4ccnc4)cc3)cc2)cn1
qmof-c6b05ae,IDINAN_FSR,bandgap_3.0_to_3.5eV,5,Ag,c1cc(-c2ccncc2)ccn1
qmof-7245894,IDIWOH02_FSR,bandgap_3.0_to_3.5eV,5,V,c1ccccc1
qmof-361c645,ICOWAA_FSR,bandgap_3.0_to_3.5eV,1,Cd,c1ccccc1
qmof-af94b81,IDAFOI_FSR,bandgap_3.0_to_3.5eV,5,Ag,
qmof-531ae10,HERYIN_FSR,bandgap_3.0_to_3.5eV,5,Ca,c1ccc2ccccc2c1
qmof-db59352,IGIVIF_FSR,bandgap_3.0_to_3.5eV,3,Cd,c1ccc2ccccc2c1
qmof-504b878,IGODAK_FSR,bandgap_3.0_to_3.5eV,1,Zn,c1c2c(cc3c1=NN=N3)=NN=N2
qmof-c11323c,IGUFEV_FSR,bandgap_3.0_to_3.5eV,2,Co,c1cc(CCc2ccncc2)ccn1.c1ccccc1
qmof-0ca8e5c,HEVQOP_FSR,bandgap_3.0_to_3.5eV,1,Cd,c1c[nH+]cc[nH+]1
qmof-769eeff,IFUKUQ_FSR,bandgap_3.0_to_3.5eV,2,Cd,
qmof-f8ab6e6,SOBQOQ_FSR,bandgap_3.0_to_3.5eV,1,Cd,O=C1N[N]C(=O)c2ncccc21
qmof-63bed95,SOCCET_FSR,bandgap_3.0_to_3.5eV,4,Cu,c1nnnn1CCCCn1cnnn1
qmof-e940798,SIWCIM_FSR,bandgap_3.0_to_3.5eV,3,Ag,
qmof-3a1b292,SOTRID_FSR,bandgap_3.0_to_3.5eV,3,Cu,c1cc(CCc2ccncc2)ccn1
qmof-ffe63dd,SOJFEC_FSR,bandgap_3.0_to_3.5eV,5,Cu,C1=C[N]N=C1.[CH]1C=NN=C1
qmof-cb1a094,SOKDED_FSR,bandgap_3.0_to_3.5eV,2,Cu,c1nnc[nH]1
qmof-46fadab,SOKQIT_FSR,bandgap_3.0_to_3.5eV,2,Cu,
qmof-b147cb9,SONMUF_FSR,bandgap_3.0_to_3.5eV,2,Cd,[CH]1C=C(C2=N[N]N=N2)C=CN1
qmof-938679b,CEDWEO_FSR,bandgap_3.0_to_3.5eV,2,Cu,c1ccc2ncccc2c1
qmof-4fd1b6f,CEDYER01_FSR,bandgap_3.0_to_3.5eV,3,Cs,c1ccccc1
qmof-582aea9,AJABOD_FSR,bandgap_3.0_to_3.5eV,2,Cu,C1=NN=C[N]1
qmof-48fb4e9,AJAHAV_FSR,bandgap_3.0_to_3.5eV,4,Bi,
qmof-c22186d,AJIQIU_FSR,bandgap_3.0_to_3.5eV,3,Cd,c1ccc([N][N]c2ccccc2)cc1
qmof-be06dfb,AJUKOH_FSR,bandgap_3.0_to_3.5eV,4,Ag,
qmof-68a928b,YICBIW_FSR,bandgap_3.0_to_3.5eV,5,Cr,c1ccncc1
qmof-6d017b3,YICQUX_FSR,bandgap_3.0_to_3.5eV,1,Pb,
qmof-3b788a6,IFIFAF_FSR,bandgap_3.0_to_3.5eV,3,Cd,
qmof-e65a1c5,HEWWAK_FSR,bandgap_3.0_to_3.5eV,5,Cd,C1=CN=C(c2c[nH]cn2)[N]1
qmof-4abf394,CEDYOB_FSR,bandgap_3.0_to_3.5eV,4,Hg,C(=Nc1cccnc1)c1ccccn1
qmof-3a3b856,CEFCUO_FSR,bandgap_3.0_to_3.5eV,1,Cd,C(=Cc1ccccc1)c1ccccc1.c1cn(CCCCn2ccnc2)cn1
qmof-5822fdf,CEFHAZ_FSR,bandgap_3.0_to_3.5eV,4,Hg,
qmof-ad346fd,CEFHED_FSR,bandgap_3.0_to_3.5eV,4,Cd,c1ccc2nccnc2c1
qmof-a579bcf,SUJFIN_FSR,bandgap_3.0_to_3.5eV,1,Na,
qmof-d92d16a,SUJPIX_FSR,bandgap_3.0_to_3.5eV,3,Cu,
qmof-b20c78b,SUJRAR_FSR,bandgap_3.0_to_3.5eV,3,Zn,C(=Cc1ccncc1)c1ccncc1
qmof-f3dd1bc,CEBJAV_FSR,bandgap_3.0_to_3.5eV,5,Ag,C1=CSC(=CC=C2SC=CS2)S1
qmof-4219154,SOWSUU_FSR,bandgap_3.0_to_3.5eV,2,Ag,O=C(OCCCCOC(=O)c1cccnc1)c1cccnc1
qmof-55da0a7,SOXRIG01_FSR,bandgap_3.0_to_3.5eV,4,Ag,[CH]1C=CC=CN1
qmof-46faaa0,SUFBIG_FSR,bandgap_3.0_to_3.5eV,5,Cu,c1ccc(-n2cnnn2)cc1
qmof-0e91fcd,SOPTUN_FSR,bandgap_3.0_to_3.5eV,2,Cu,
qmof-cacd1c8,AHISAN_FSR,bandgap_3.0_to_3.5eV,5,Na,c1ccccc1
qmof-1275871,YIHWAO_FSR,bandgap_3.0_to_3.5eV,5,Cu,c1ccccc1
qmof-6c1a7d6,YIHYUK_FSR,bandgap_3.0_to_3.5eV,4,Cu,C(=Cc1ccncc1)c1ccncc1.c1ccc(-c2ccccc2)cc1
qmof-70c6069,IBUWAF_FSR,bandgap_3.0_to_3.5eV,2,Cd,
qmof-ffccb82,ICAGIE_FSR,bandgap_3.0_to_3.5eV,5,Cu,c1ccc(-c2cccnc2)cc1
qmof-1e80f26,HICRET_FSR,bandgap_3.0_to_3.5eV,4,Cd,c1ccc(-n2cnc3ccccc32)cc1
qmof-a93a8a2,HIFCAB_FSR,bandgap_3.0_to_3.5eV,4,Cd,c1cc(-c2ccncc2)ccn1.c1ccoc1
qmof-1ee372e,YIJLOV_FSR,bandgap_3.0_to_3.5eV,4,Mn,c1ccccc1
qmof-c1a99db,YIKHUY_FSR,bandgap_3.0_to_3.5eV,1,Cd,
qmof-f2b9c90,CAYKIY_FSR,bandgap_3.0_to_3.5eV,5,La,c1ccc2ccccc2c1.c1ccc2ccccc2c1
qmof-9fa0563,CAYKOE_FSR,bandgap_3.0_to_3.5eV,2,Nd,c1ccc2ccccc2c1.c1ccc2ccccc2c1
qmof-8fe9690,CAYKUK_FSR,bandgap_3.0_to_3.5eV,5,Sm,c1ccc2ccccc2c1.c1ccc2ccccc2c1
qmof-235f291,SUTBIT_FSR,bandgap_3.0_to_3.5eV,3,Ni,C1=N[N]C=C1c1ccc([C]2C=NN=C2)cc1
qmof-345c111,CAYLEV_FSR,bandgap_3.0_to_3.5eV,5,Gd,c1ccc2ccccc2c1.c1ccc2ccccc2c1
qmof-36577c1,CAYLIZ_FSR,bandgap_3.0_to_3.5eV,4,Dy,c1ccc2ccccc2c1.c1ccc2ccccc2c1
qmof-f2110a2,CAYLOF_FSR,bandgap_3.0_to_3.5eV,2,Er,c1ccc2ccccc2c1
qmof-2a1c512,HIGLIU_FSR,bandgap_3.0_to_3.5eV,4,Gd,c1ccccc1
qmof-fcfab15,HUVHUD_FSR,bandgap_3.0_to_3.5eV,5,Zn,c1ccc([N][N]c2ccccc2)cc1
qmof-fc5343a,HUVJEP_FSR,bandgap_3.0_to_3.5eV,2,Cd,c1ccc([N][N]c2ccccc2)cc1
qmof-fa9f508,YIMTOE_FSR,bandgap_3.0_to_3.5eV,2,Cu,
qmof-92f7595,YIQSOG_FSR,bandgap_3.0_to_3.5eV,1,Cu,
qmof-5083a07,AGULIY_FSR,bandgap_3.0_to_3.5eV,4,Cu,c1ccncc1
qmof-0725f08,TAGYIJ_FSR,bandgap_3.0_to_3.5eV,5,In,
qmof-ae94ce0,TAHDUD_FSR,bandgap_3.0_to_3.5eV,5,Na,c1ccccc1
qmof-f5c5269,SUYGOJ_FSR,bandgap_3.0_to_3.5eV,1,Gd,c1cc(-c2cc[nH+]cc2)cc[nH+]1
qmof-7f0e6bf,SUZVEO_FSR,bandgap_3.0_to_3.5eV,5,Ni,
qmof-97d9145,CAXREA01_FSR,bandgap_3.0_to_3.5eV,4,Zn,O=C([CH]C(=O)c1cccnc1)c1cccnc1
qmof-7b550b5,CAXYAD_FSR,bandgap_3.0_to_3.5eV,4,Cu,C(=Cc1ccncc1)c1ccncc1.C1=NN=N[N]1
qmof-6bd80b9,CAXYEH_FSR,bandgap_3.0_to_3.5eV,1,Cu,C1=NN=N[N]1.c1cc([N][N]c2ccncc2)ccn1
qmof-3eba276,TIDVUZ_FSR,bandgap_3.0_to_3.5eV,2,Co,O=S1(=O)c2ccccc2-c2ccccc21.c1cc(-c2ccncc2)ccn1
qmof-2c2db7d,TIHCIY_FSR,bandgap_3.0_to_3.5eV,1,Cu,
qmof-1ebe09b,TEQPOV_FSR,bandgap_3.0_to_3.5eV,3,Ag,c1ccncc1
qmof-28743d5,CAHJOL_FSR,bandgap_3.0_to_3.5eV,1,Cu,c1ccncc1
qmof-3096d34,HUVWOM_FSR,bandgap_3.0_to_3.5eV,1,Zn,O=C(Nc1cccnc1)c1cccc(C(=O)Nc2cccnc2)c1.c1ccccc1
qmof-836d3b4,HUZGEP_FSR,bandgap_3.0_to_3.5eV,3,Zn,
qmof-ac415a0,HUZPUO_FSR,bandgap_3.0_to_3.5eV,2,Co,c1ccccc1
qmof-547262c,HUZQAV_FSR,bandgap_3.0_to_3.5eV,5,Co,c1ccccc1
qmof-8e7c7a1,HILNAR_FSR,bandgap_3.0_to_3.5eV,3,Au,
qmof-dd2be73,HILTEB_FSR,bandgap_3.0_to_3.5eV,2,K,
qmof-9dce9f9,HINROO_FSR,bandgap_3.0_to_3.5eV,5,Co,c1ccc2c(c1)ncn2Cc1ccc(Cn2cnc3ccccc32)cc1.c1ccccc1
qmof-29090e7,HINVIL_FSR,bandgap_3.0_to_3.5eV,3,Co,c1ccccc1
qmof-1726767,HIPMID_FSR,bandgap_3.0_to_3.5eV,2,Zn,c1cncnc1
qmof-770f91b,IBIHIL_FSR,bandgap_3.0_to_3.5eV,3,Cu,
qmof-2b86de0,TEKTIP_FSR,bandgap_3.0_to_3.5eV,3,Sr,
qmof-c0841fd,TELMOO01_FSR,bandgap_3.0_to_3.5eV,4,K,
qmof-268c45a,TEPMEG_FSR,bandgap_3.0_to_3.5eV,3,Ag,c1ccncc1.c1ccncc1
qmof-724fea2,TAQQIL_FSR,bandgap_3.0_to_3.5eV,5,Ba,
qmof-88d58af,TALQUV_FSR,bandgap_3.0_to_3.5eV,4,Zn,C(=Nn1cnnc1)c1ccncc1
qmof-05191e5,CATVID_FSR,bandgap_3.0_to_3.5eV,1,Ag,O=C(c1ccncc1)c1ccccn1
qmof-06f319d,CAVFUD_FSR,bandgap_3.0_to_3.5eV,5,Cd,[CH]1C=C(C=Cc2ccncc2)C=CN1Cc1ccccc1
qmof-a6ce113,CAVHUF_FSR,bandgap_3.0_to_3.5eV,2,Ag,
qmof-a838610,CAVJAN_FSR,bandgap_3.0_to_3.5eV,4,Zn,
qmof-f701ee9,CAWZIL_FSR,bandgap_3.0_to_3.5eV,3,Cu,
qmof-0af2d05,HOYMIT_FSR,bandgap_3.0_to_3.5eV,3,Hg,
qmof-f543252,HUSNUG_FSR,bandgap_3.0_to_3.5eV,1,Hg,
qmof-504558f,HUJZIW_FSR,bandgap_3.0_to_3.5eV,5,Ag,
qmof-3435b39,HUKNOR_FSR,bandgap_3.0_to_3.5eV,1,K,
qmof-7ac83bb,HUPTAP_FSR,bandgap_3.0_to_3.5eV,5,Zn,c1ccc([N][N]c2ccccc2)cc1.c1cn(CCCn2ccnc2)cn1
qmof-73aa17b,HIXZUL_FSR,bandgap_3.0_to_3.5eV,5,Cu,c1ccncc1
qmof-b6f3020,HISTCW11_FSR,bandgap_3.0_to_3.5eV,5,Cu,
qmof-1e5e473,HISVUC_FSR,bandgap_3.0_to_3.5eV,5,Zn,C(=Cc1ccncc1)c1ccncc1.c1ccccc1
qmof-d7aae20,HITMUV_FSR,bandgap_3.0_to_3.5eV,3,Ag,c1ccc2c(c1)ncn2CCCCCCn1cnc2ccccc21.c1ccccc1
qmof-3035579,HITYUG_FSR,bandgap_3.0_to_3.5eV,1,Cu,O=C(CCCCC(=O)Nc1cccnc1)Nc1cccnc1
qmof-23d282f,HUDQED01_FSR,bandgap_3.0_to_3.5eV,1,Ag,c1ccncc1
qmof-ba37365,HOYLOY_FSR,bandgap_3.0_to_3.5eV,3,Hg,
qmof-5024817,HOYMEP_FSR,bandgap_3.0_to_3.5eV,1,Hg,
qmof-60793b4,TASLAC_FSR,bandgap_3.0_to_3.5eV,1,Ag,c1ccc2ccccc2c1
qmof-4304595,CARFAD_FSR,bandgap_3.0_to_3.5eV,5,Sn,[CH]1C=NC=N1
qmof-35607b2,TAMHOH_FSR,bandgap_3.0_to_3.5eV,4,Organic_Only,c1ccc(Oc2ccccc2)cc1
qmof-8f9b4a4,TAMLIE_FSR,bandgap_3.0_to_3.5eV,4,Cd,C(=Cc1ccncc1)c1ccncc1
qmof-15c71e3,TAMLOK_FSR,bandgap_3.0_to_3.5eV,1,Zn,C(=Cc1ccncc1)c1ccncc1
qmof-7e65115,TANHOH_FSR,bandgap_3.0_to_3.5eV,4,Cu,c1ccccc1
qmof-2497a20,TECWOP_FSR,bandgap_3.0_to_3.5eV,3,Cd,[CH]1C=C(c2ccncc2)C=CN1c1ccccc1.c1ccccc1
qmof-d6599fd,TEDZOT_FSR,bandgap_3.0_to_3.5eV,3,Pb,
qmof-ba096cf,TEFBIR_FSR,bandgap_3.0_to_3.5eV,3,Cd,
qmof-a0b0371,TEFQOM_FSR,bandgap_3.0_to_3.5eV,1,Organic_Only,c1ccccc1
qmof-6ad6621,TEHYIQ_FSR,bandgap_3.0_to_3.5eV,5,Cu,S=C1N=C[N]N1.S=C1[N]C=NN1
qmof-95ef7fc,HORTAK_FSR,bandgap_3.0_to_3.5eV,2,Cu,
qmof-c8323eb,HIZJEH_FSR,bandgap_3.0_to_3.5eV,1,Mn,c1ccc(Cn2ccnc2)cc1
qmof-c4c5c23,HOBFAI_FSR,bandgap_3.0_to_3.5eV,3,Cu,O=C([CH]C(=O)CCc1ccccc1)CCc1ccccc1
qmof-1fc6244,HOYMOZ_FSR,bandgap_3.0_to_3.5eV,5,Hg,
qmof-e0ed021,HOTREO01_FSR,bandgap_3.0_to_3.5eV,5,Cu,
qmof-c7e5f8e,HOTVUH01_FSR,bandgap_3.0_to_3.5eV,3,Cu,N=C1C=N[CH]NC1=O
qmof-ce3c507,HOTVUH_FSR,bandgap_3.0_to_3.5eV,2,Cu,N=C1C=N[CH]NC1=O
qmof-b341428,TAWREP_FSR,bandgap_3.0_to_3.5eV,4,Hg,
qmof-0267c10,TEBZEF_FSR,bandgap_3.0_to_3.5eV,5,Ni,c1cnccn1
qmof-0d451dd,TECREZ_FSR,bandgap_3.0_to_3.5eV,2,Zn,C(=Cc1ccncc1)c1ccncc1
qmof-ce92071,TARMOP_FSR,bandgap_3.0_to_3.5eV,4,Cu,c1ccc2[nH]nnc2c1
qmof-00b509c,AFEBAQ_FSR,bandgap_3.0_to_3.5eV,3,Zn,c1ccc(NCc2ccccn2)cc1
qmof-7e0fad2,YOLVIG_FSR,bandgap_3.0_to_3.5eV,2,Cu,c1cc(-c2ccncc2)ccn1.c1ccccc1
qmof-6313ccd,YOMMAQ_FSR,bandgap_3.0_to_3.5eV,5,Cd,O=C(c1ccncc1)N1CCN(C(=O)c2ccncc2)CC1.c1ccccc1
qmof-8e887a1,YORKIA_FSR,bandgap_3.0_to_3.5eV,1,Cd,c1ccc([N][N]c2ccccc2)cc1
qmof-c1a51f9,YISBIL_FSR,bandgap_3.0_to_3.5eV,1,Bi,
qmof-6f4c7e7,YOLBEI_FSR,bandgap_3.0_to_3.5eV,3,Cu,C(=Cc1ccncc1)c1ccncc1.c1ccccc1
qmof-8d44302,YOSWOT_FSR,bandgap_3.0_to_3.5eV,4,Pb,
qmof-93fec81,AFEYOC_FSR,bandgap_3.5_to_4.0eV,1,Cu,[CH]1C=NC=N1
qmof-b5586a3,AFEYUI_FSR,bandgap_3.5_to_4.0eV,1,Ag,C1=CN=C[N]1
qmof-72352f8,ACIGAX_FSR,bandgap_3.5_to_4.0eV,3,Cu,
qmof-4063c99,ACIGEB_FSR,bandgap_3.5_to_4.0eV,5,Cu,
qmof-355e9d2,ACOLIP_FSR,bandgap_3.5_to_4.0eV,3,Zn,c1ccccc1.c1cn(Cc2ccc(Cn3ccnc3)cc2)cn1
qmof-b7213aa,ACOMOX_FSR,bandgap_3.5_to_4.0eV,5,Hg,
qmof-49a800c,ADABUE_FSR,bandgap_3.5_to_4.0eV,2,Cu,C1=NN=N[N]1.c1cc(CCCc2ccncc2)ccn1
qmof-665e243,YORZEL_FSR,bandgap_3.5_to_4.0eV,3,Ba,c1ccncc1.c1ccncc1
qmof-4f2905b,YOSZIQ_FSR,bandgap_3.5_to_4.0eV,3,Co,c1cc(CN2CCN(Cc3ccncc3)CC2)ccn1
qmof-dbfdcac,MUXYIP_FSR,bandgap_3.5_to_4.0eV,5,Zn,O=C1[C](NC2=NN=N[N]2)C(=O)C1=O
qmof-0e3b79a,MUXYOV_FSR,bandgap_3.5_to_4.0eV,5,Co,O=C1[C](NC2=NN=N[N]2)C(=O)C1=O
qmof-3e9aab7,MUZCAL_FSR,bandgap_3.5_to_4.0eV,5,Cd,
qmof-5f50532,EXIBUI_FSR,bandgap_3.5_to_4.0eV,2,Ba,c1ccncc1
qmof-8fd5f30,EXOHUU_FSR,bandgap_3.5_to_4.0eV,3,Cu,c1cc(CCc2ccncc2)ccn1
qmof-da7388e,EXOKIM_FSR,bandgap_3.5_to_4.0eV,5,Al,
qmof-3fbfce0,EXONIP_FSR,bandgap_3.5_to_4.0eV,3,K,
qmof-fd27ae2,YODCOK_FSR,bandgap_3.5_to_4.0eV,2,Cd,
qmof-9f4492d,HOBPAQ_FSR,bandgap_3.5_to_4.0eV,2,Ga,
qmof-4f006f9,HODXIH_FSR,bandgap_3.5_to_4.0eV,4,Cu,C1CC1
qmof-5e3058c,HOFKAR_FSR,bandgap_3.5_to_4.0eV,2,Zn,
qmof-005d71c,HOKYOX_FSR,bandgap_3.5_to_4.0eV,3,Mn,c1ccc(SSc2ccccc2)cc1.c1cn(CCCCn2ccnc2)cn1
qmof-cfc442e,HOMDOE_FSR,bandgap_3.5_to_4.0eV,5,Ni,O=C(NC1CCCCC1NC(=O)c1ccncc1)c1ccncc1.c1ccccc1
qmof-51c3a9d,HOMFEW_FSR,bandgap_3.5_to_4.0eV,3,Zn,O=C(NC1CCCCC1NC(=O)c1ccncc1)c1ccncc1.c1ccccc1
qmof-f224151,ABIWUF_FSR,bandgap_3.5_to_4.0eV,3,Cd,c1cc(-c2ccncc2)cc(-c2cccc(-c3ccncc3)c2)c1
qmof-fb4e82f,ABIXAM_FSR,bandgap_3.5_to_4.0eV,4,Hg,c1cc(-c2ccncc2)cc(-c2cccc(-c3ccncc3)c2)c1
qmof-0e1877f,ABUXUT_FSR,bandgap_3.5_to_4.0eV,5,Cu,O=C(c1ccncc1)N1CCN(C(=O)c2ccncc2)CC1.c1ccccc1
qmof-64eac3c,YOWCOE_FSR,bandgap_3.5_to_4.0eV,1,Zn,
qmof-55d409b,YOYFEY_FSR,bandgap_3.5_to_4.0eV,3,Cu,c1ccc2c(c1)ncn2CCCCn1cnc2ccccc21
qmof-976e1ff,YOTQEF_FSR,bandgap_3.5_to_4.0eV,3,Li,c1cc[nH+]cc1
qmof-362845f,YOTQIJ_FSR,bandgap_3.5_to_4.0eV,3,Li,c1cc[nH+]cc1
qmof-85a8986,ABEWUB_FSR,bandgap_3.5_to_4.0eV,1,Dy,c1cncnc1
qmof-22a8f48,AFEYAL02_FSR,bandgap_3.5_to_4.0eV,2,Cd,
qmof-1231f0a,AJOSUN01_FSR,bandgap_3.5_to_4.0eV,1,Zn,C1CN2CCN1CC2.c1ccccc1
qmof-6e23252,YEXNEX_FSR,bandgap_3.5_to_4.0eV,2,Ba,c1ccc(-c2ncc[nH]2)cc1
qmof-ad6a8cd,HOXTEV_FSR,bandgap_3.5_to_4.0eV,1,Pd,
qmof-7983067,HOXTIZ_FSR,bandgap_3.5_to_4.0eV,4,Pt,
qmof-2011f40,HOSTEO_FSR,bandgap_3.5_to_4.0eV,1,Cu,
qmof-2db923e,HOVQOY_FSR,bandgap_3.5_to_4.0eV,5,Cu,
qmof-a9805bf,HIXYUK01_FSR,bandgap_3.5_to_4.0eV,3,Co,c1ccncc1
qmof-e9d7079,AHAVOV_FSR,bandgap_3.5_to_4.0eV,4,Cd,C1=NN=C[N]1
qmof-fbdf599,AHXCUD10_FSR,bandgap_3.5_to_4.0eV,5,Cu,
qmof-597a458,YIGXES01_FSR,bandgap_3.5_to_4.0eV,2,Ag,c1ccncc1
qmof-3a6ceb0,YIHZIA01_FSR,bandgap_3.5_to_4.0eV,2,Cd,c1ccccc1
qmof-50773c3,YIKJAG_FSR,bandgap_3.5_to_4.0eV,4,Cd,
qmof-e873125,AGARAC_FSR,bandgap_3.5_to_4.0eV,4,Ag,[CH]1N=C[N]N1Cn1nnc2ccccc21
qmof-0b3d138,AGIJUW_FSR,bandgap_3.5_to_4.0eV,3,Cu,
qmof-5718ab1,AGIKAD_FSR,bandgap_3.5_to_4.0eV,2,Cu,
qmof-07ae0e9,AGONIT_FSR,bandgap_3.5_to_4.0eV,2,Li,
qmof-d4b91fb,ALIVEX_FSR,bandgap_3.5_to_4.0eV,2,Cd,[CH]1N=C[N]N1Cc1ccc(-c2ccc(CN3[CH]N=C[N]3)cc2)cc1
qmof-1fbe13e,HUBSUU_FSR,bandgap_3.5_to_4.0eV,5,Mn,c1cn(-c2ccc(-n3ccnc3)s2)cn1
qmof-f8f63d1,HUCLIB_FSR,bandgap_3.5_to_4.0eV,1,Ag,c1ccncc1
qmof-862da56,HOXSIY_FSR,bandgap_3.5_to_4.0eV,4,Zn,c1ccc(-c2ccccc2)cc1
qmof-5c226cb,AKECAW_FSR,bandgap_3.5_to_4.0eV,3,Ag,
qmof-002580c,AKUWIO_FSR,bandgap_3.5_to_4.0eV,2,Co,c1ccccc1
qmof-7c5f404,ALAJEE_FSR,bandgap_3.5_to_4.0eV,5,Cu,
qmof-7bcba44,ALIDAB_FSR,bandgap_3.5_to_4.0eV,5,Cu,c1ccccc1
qmof-c80d5aa,YEGMEE_FSR,bandgap_3.5_to_4.0eV,3,Co,[CH]1N=C[N]N1Cc1ccccc1Cn1cncn1.c1ccc(Cn2cncn2)c(Cn2cncn2)c1
qmof-6549231,YEHBAQ_FSR,bandgap_3.5_to_4.0eV,3,Cu,[CH]1N=C[N]N1CCCn1cncn1
qmof-27089ba,YEJDAV_FSR,bandgap_3.5_to_4.0eV,4,La,c1ccc(-c2ccccc2-c2ccccc2)cc1
qmof-78fa3cf,YIFKAC_FSR,bandgap_3.5_to_4.0eV,5,Ag,[CH]1C=CC=C1
qmof-a4a3887,YERGAG_FSR,bandgap_3.5_to_4.0eV,2,Cu,c1ccccc1.c1cn(-c2ccc(-n3ccnc3)cc2)cn1
qmof-dbfc0f0,YEVFOV_FSR,bandgap_3.5_to_4.0eV,3,Co,c1ccncc1
qmof-2b037bc,YIKJOU_FSR,bandgap_3.5_to_4.0eV,2,Cd,
qmof-5c0fddb,AJIQER_FSR,bandgap_3.5_to_4.0eV,5,Co,c1ccccc1
qmof-066cd86,HIQYOW_FSR,bandgap_3.5_to_4.0eV,4,Ba,O=c1cccc[nH]1
qmof-14b170b,HISLEB_FSR,bandgap_3.5_to_4.0eV,2,Ni,
qmof-8b31c3e,HITQOR_FSR,bandgap_3.5_to_4.0eV,1,Cu,c1ccc(SCN(CSc2ccccc2)CSc2ccccc2)cc1
qmof-8dd5b92,HOYZIG_FSR,bandgap_3.5_to_4.0eV,5,Ag,c1ncc2nc[nH]c2n1
qmof-19fe011,HOZBOP_FSR,bandgap_3.5_to_4.0eV,5,Cd,[CH]1N=C[N]c2[nH]cnc21
qmof-b23782e,ALUPUS01_FSR,bandgap_3.5_to_4.0eV,1,Zn,c1cc(-c2ccncc2)ccn1
qmof-4d9f4e8,ALUPUS02_FSR,bandgap_3.5_to_4.0eV,1,Zn,c1cc(-c2ccncc2)ccn1
qmof-a97dbc4,AMAJUU_FSR,bandgap_3.5_to_4.0eV,2,Pb,c1ccncc1
qmof-c605c0a,AMAQAG02_FSR,bandgap_3.5_to_4.0eV,1,Ni,
qmof-52acdcc,YATMUD_FSR,bandgap_3.5_to_4.0eV,5,Hg,
qmof-e823200,YAVKOX_FSR,bandgap_3.5_to_4.0eV,4,Co,c1ccccc1
qmof-a0936dc,YEJDEY_FSR,bandgap_3.5_to_4.0eV,5,Cd,
qmof-468de1c,YEJMIM_FSR,bandgap_3.5_to_4.0eV,5,Cu,[CH]1N=C(C2=NN=N[N]2)[N]N1
qmof-542c87d,YEDFIZ_FSR,bandgap_3.5_to_4.0eV,5,Organic_Only,
qmof-d520b05,YEDZOY_FSR,bandgap_3.5_to_4.0eV,2,Ag,O=C(NCc1ccc(CNC(=O)c2cccnc2)cc1)c1cccnc1
qmof-875c095,ALITUL_FSR,bandgap_3.5_to_4.0eV,1,Cd,[CH]1N=C[N]N1Cc1ccc(-c2ccc(CN3[CH]N=C[N]3)cc2)cc1
qmof-d5014d8,ANEQUH_FSR,bandgap_3.5_to_4.0eV,2,Cd,c1cc(-c2ccncc2)ccn1.c1ccccc1
qmof-553120e,XUXRUD01_FSR,bandgap_3.5_to_4.0eV,2,Cd,c1ccc2ncccc2c1
qmof-b46f474,XUYDEB_FSR,bandgap_3.5_to_4.0eV,1,Cd,c1ccc(-c2nnc(-c3ccncc3)n2-c2ccncc2)nc1
qmof-a668ff8,AMUDUJ_FSR,bandgap_3.5_to_4.0eV,1,Co,c1ccc(Oc2ccccc2)cc1
qmof-eca8b2e,AMULEB_FSR,bandgap_3.5_to_4.0eV,1,Cd,c1c[nH+]cc(C2=NN=N[N]2)c1
qmof-cfb8591,HULFOL_FSR,bandgap_3.5_to_4.0eV,5,Cd,c1ccccc1
qmof-60cc485,HULGAY_FSR,bandgap_3.5_to_4.0eV,2,Zn,c1ccccc1
qmof-d5c670c,HUQZEA_FSR,bandgap_3.5_to_4.0eV,3,Cu,
qmof-cf063a9,HUHCOD01_FSR,bandgap_3.5_to_4.0eV,2,Zn,c1ccc2[nH]ccc2c1
qmof-e35f0f3,YAYMUJ_FSR,bandgap_3.5_to_4.0eV,4,Cd,
qmof-9ba12e9,YAYNEU01_FSR,bandgap_3.5_to_4.0eV,2,Cd,
qmof-eb03a86,YAMJAY_FSR,bandgap_3.5_to_4.0eV,5,Co,c1ccccc1
qmof-e0800cd,YAQFUT_FSR,bandgap_3.5_to_4.0eV,5,Cu,[N]1N=NN=C1NC1=NN=N[N]1
qmof-33dcd2c,YASJUZ_FSR,bandgap_3.5_to_4.0eV,1,Ag,c1cnc(Sc2ncccn2)nc1
qmof-294c6fc,AMBZAG10_FSR,bandgap_3.5_to_4.0eV,5,Ag,c1ccccc1
qmof-1c5e8ac,HUJHEA_FSR,bandgap_3.5_to_4.0eV,4,Sn,O=c1cccc[nH]1
qmof-734b468,HUTTAR_FSR,bandgap_3.5_to_4.0eV,2,Ag,c1ccc(Sc2ccncc2)nc1
qmof-65a318d,HIPVIM01_FSR,bandgap_3.5_to_4.0eV,3,K,
qmof-99ec9c2,HIPZEM_FSR,bandgap_3.5_to_4.0eV,2,Ag,c1cncc(COc2ccc(OCc3cccnc3)cc2)c1
qmof-58707d8,HIQJEX_FSR,bandgap_3.5_to_4.0eV,1,Sn,c1cncc(COc2ccc(OCc3cccnc3)cc2)c1
qmof-1b50519,HIQVOT_FSR,bandgap_3.5_to_4.0eV,3,Cd,c1ccc(Oc2ccccc2)cc1
qmof-726afcd,HIQXEM_FSR,bandgap_3.5_to_4.0eV,2,Cs,c1ccccc1
qmof-fd19c90,HUKYAP_FSR,bandgap_3.5_to_4.0eV,4,Cd,c1c[nH]c(-c2ncc[nH]2)n1.c1ccccc1
qmof-14f3975,XUYWOF_FSR,bandgap_3.5_to_4.0eV,2,Cd,
qmof-3bfaa7a,YABPEY_FSR,bandgap_3.5_to_4.0eV,5,Mg,c1ccsc1
qmof-3f0e645,YADHUH01_FSR,bandgap_3.5_to_4.0eV,3,Cu,
qmof-c4d5761,XUPBOA_FSR,bandgap_3.5_to_4.0eV,5,Cd,
qmof-873a982,ANABIB_FSR,bandgap_3.5_to_4.0eV,2,Ca,[CH]1C=CC=CN1
qmof-136a607,ANABOH_FSR,bandgap_3.5_to_4.0eV,5,Hg,c1ccncc1
qmof-0ac7a90,ANABUN_FSR,bandgap_3.5_to_4.0eV,1,Ba,c1ccncc1
qmof-1814167,ANAFAY_FSR,bandgap_3.5_to_4.0eV,5,Pr,c1ccc(-c2cc(-c3ccncc3)nc(-c3ccncc3)c2)cc1
qmof-8eba52e,ANAGAZ_FSR,bandgap_3.5_to_4.0eV,2,Er,c1ccc(-c2cc(-c3ccncc3)nc(-c3ccncc3)c2)cc1.c1ccccc1
qmof-f5a6ccc,XORKIZ_FSR,bandgap_3.5_to_4.0eV,5,Er,c1ccccc1
qmof-02909bf,XOSTEF_FSR,bandgap_3.5_to_4.0eV,5,Cu,c1ccccc1
qmof-b7abf3d,HIJBIN_FSR,bandgap_3.5_to_4.0eV,3,Al,c1cnccn1
qmof-7972915,HIKDIQ01_FSR,bandgap_3.5_to_4.0eV,3,Co,c1ccccc1.c1cn(-c2ccc(-c3ccc(-n4ccnc4)cc3)cc2)cn1
qmof-4605ac8,HILJES_FSR,bandgap_3.5_to_4.0eV,5,Ag,c1ccc(-n2c3ccccc3c3ccccc32)cc1
qmof-108b337,HINPEB_FSR,bandgap_3.5_to_4.0eV,4,Ni,c1ccccc1
qmof-9afa0ab,HUTKIS_FSR,bandgap_3.5_to_4.0eV,3,Cd,c1cc(-c2ccncc2)ccn1.c1ccccc1
qmof-2ad0ab2,HUTQET_FSR,bandgap_3.5_to_4.0eV,5,Ag,c1ccncc1
qmof-56adeb8,HUTQOD_FSR,bandgap_3.5_to_4.0eV,3,Ag,c1ccncc1
qmof-6519b6a,HUTRUK_FSR,bandgap_3.5_to_4.0eV,3,Ag,c1ccncc1
qmof-6b9c221,APAXEV_FSR,bandgap_3.5_to_4.0eV,5,Ba,c1ccc2ccccc2c1
qmof-ff5ca2c,XUDSEU_FSR,bandgap_3.5_to_4.0eV,5,Mg,c1ccccc1
qmof-268b6d8,XUHGOX_FSR,bandgap_3.5_to_4.0eV,3,Hg,
qmof-f91eaa7,ANESES_FSR,bandgap_3.5_to_4.0eV,2,Cu,
qmof-f441841,ANIQOE_FSR,bandgap_3.5_to_4.0eV,2,Cu,
qmof-9437b91,HUTSAR_FSR,bandgap_3.5_to_4.0eV,1,Ag,c1ccncc1
qmof-ea8d537,HIGWUR_FSR,bandgap_3.5_to_4.0eV,4,Er,O=C(c1ccccc1)c1ccc(C(=O)c2ccccc2)cc1.O=C(c1ccccc1)c1cccc(C(=O)c2ccccc2)c1
qmof-2c0c22d,HIGXAY_FSR,bandgap_3.5_to_4.0eV,2,Nd,O=C(c1ccccc1)c1ccc(C(=O)c2ccccc2)cc1
qmof-836779c,HIGXEC_FSR,bandgap_3.5_to_4.0eV,1,Sm,O=C(c1ccccc1)c1ccc(C(=O)c2ccccc2)cc1
qmof-3fbb501,HIGXOM_FSR,bandgap_3.5_to_4.0eV,2,Gd,O=C(c1ccccc1)c1ccc(C(=O)c2ccccc2)cc1
qmof-93977b0,HIHLUH_FSR,bandgap_3.5_to_4.0eV,4,Cu,
qmof-759df97,HUVWEC_FSR,bandgap_3.5_to_4.0eV,4,Cd,O=C(Nc1cccnc1)c1cccc(C(=O)Nc2cccnc2)c1.c1ccccc1
qmof-e6bee8a,HUZPAU_FSR,bandgap_3.5_to_4.0eV,2,Co,c1ccccc1.c1cncc(-c2n[nH]c(-c3ccncc3)n2)c1
qmof-f16d368,APETAS_FSR,bandgap_3.5_to_4.0eV,2,Cd,c1ccccc1
qmof-3f97eed,APIXIH_FSR,bandgap_3.5_to_4.0eV,4,Ag,c1ccccc1
qmof-679bb6b,AQAWAQ01_FSR,bandgap_3.5_to_4.0eV,3,Ag,c1ccccc1
qmof-8499bb2,AQEGEK_FSR,bandgap_3.5_to_4.0eV,2,Hg,c1ccc(CNc2cccnc2)nc1
qmof-5a32162,XOLYEE_FSR,bandgap_3.5_to_4.0eV,2,Cu,c1ccccc1.c1ccncc1
qmof-eab35b3,XOLZUT_FSR,bandgap_3.5_to_4.0eV,3,Zn,c1ccc2ccccc2c1
qmof-bb23621,XOQHIW_FSR,bandgap_3.5_to_4.0eV,3,Cu,O=C(NCCCCCCNC(=O)c1cccnc1)c1cccnc1.c1ccccc1
qmof-b16a2c3,XUBZEB_FSR,bandgap_3.5_to_4.0eV,2,Hg,
qmof-e651072,XORKAR_FSR,bandgap_3.5_to_4.0eV,4,Y,c1ccccc1
qmof-63e0a61,XOCLOT_FSR,bandgap_3.5_to_4.0eV,1,Mn,
qmof-391f176,XODRIR_FSR,bandgap_3.5_to_4.0eV,2,V,c1cc(-c2ccncc2)ccn1
qmof-d54da7b,XODROX_FSR,bandgap_3.5_to_4.0eV,5,V,c1cc(-c2ccncc2)ccn1
qmof-efdf0a7,XOHBUT_FSR,bandgap_3.5_to_4.0eV,4,Cd,c1cc(-c2c[nH]cn2)cc(-c2cnc[nH]2)c1.c1ccccc1
qmof-c3317f7,HICJAE_FSR,bandgap_3.5_to_4.0eV,2,Zn,
qmof-483be7f,HIFVAV_FSR,bandgap_3.5_to_4.0eV,4,Au,c1cnccn1
qmof-f1d2550,IBAGOI01_FSR,bandgap_3.5_to_4.0eV,4,Cu,
qmof-564a4e1,IBATOX_FSR,bandgap_3.5_to_4.0eV,3,Zn,c1cc([C]2N=C(c3ccncc3)[N]N2)ccn1
qmof-32c8f96,AQEHAG_FSR,bandgap_3.5_to_4.0eV,5,Pb,
qmof-6504d94,AQEHAH_FSR,bandgap_3.5_to_4.0eV,1,Hg,c1ccc(CNc2ccccn2)nc1
qmof-e29dfd2,AQEKUD_FSR,bandgap_3.5_to_4.0eV,5,Mn,O=C1C(=O)C(=O)C1=O
qmof-a8cfc39,AQIPUM_FSR,bandgap_3.5_to_4.0eV,3,Zn,
qmof-af041e2,XOHTOE02_FSR,bandgap_3.5_to_4.0eV,3,Mn,c1ccccc1
qmof-dfb5bc0,HIGGUB_FSR,bandgap_3.5_to_4.0eV,5,Cd,c1cnccn1
qmof-8f79859,HIGMIU_FSR,bandgap_3.5_to_4.0eV,3,Ag,c1cc(-c2ccncc2)ccn1
qmof-0954b37,HIGWOL_FSR,bandgap_3.5_to_4.0eV,2,Pr,O=C(c1ccccc1)c1ccc(C(=O)c2ccccc2)cc1
qmof-c0f13ca,ARUTEO_FSR,bandgap_3.5_to_4.0eV,1,Cu,c1cc(-c2ccncc2)ccn1.c1ccccc1
qmof-3029056,ASACUT_FSR,bandgap_3.5_to_4.0eV,2,Zn,c1ccccc1.c1cn(CCCCn2ccnc2)cn1
qmof-814ffa4,XILLIN_FSR,bandgap_3.5_to_4.0eV,1,Cu,c1ccc(-c2nnc(-c3ccccn3)o2)nc1
qmof-e8b1a76,XILQEP_FSR,bandgap_3.5_to_4.0eV,4,Cu,c1ccccc1
qmof-e6da489,XIWSIF02_FSR,bandgap_3.5_to_4.0eV,4,Cu,
qmof-4c3897e,AREQUJ_FSR,bandgap_3.5_to_4.0eV,4,Ga,
qmof-44e748a,IBUBOY_FSR,bandgap_3.5_to_4.0eV,2,Organic_Only,c1cnccn1
qmof-dd76d21,AQOXAG_FSR,bandgap_3.5_to_4.0eV,3,Cu,
qmof-b46d9f5,AQUQAF_FSR,bandgap_3.5_to_4.0eV,5,Bi,
qmof-9977307,AQUWAM_FSR,bandgap_3.5_to_4.0eV,4,Cu,c1nnn[nH]1
qmof-e54c960,ARACED_FSR,bandgap_3.5_to_4.0eV,1,Mn,c1ccccc1.c1ncn(CCCn2cncn2)n1
qmof-3c96780,ARAJUA01_FSR,bandgap_3.5_to_4.0eV,1,Cu,c1ccc2ncccc2c1
qmof-60d01a8,XIVKES_FSR,bandgap_3.5_to_4.0eV,3,Cu,
qmof-815fc2b,XOJZAY_FSR,bandgap_3.5_to_4.0eV,5,Cu,
qmof-32e7ef1,XOKVUP_FSR,bandgap_3.5_to_4.0eV,2,Pb,
qmof-a6a5732,XOLFAH_FSR,bandgap_3.5_to_4.0eV,2,Cd,c1ccc(-c2ccccc2)cc1
qmof-680cf33,XESJAG_FSR,bandgap_3.5_to_4.0eV,4,Cd,
qmof-af77375,XETREU_FSR,bandgap_3.5_to_4.0eV,2,Ag,
qmof-e50605b,XEWRUO_FSR,bandgap_3.5_to_4.0eV,3,Cd,
qmof-ffe1312,ASATUK_FSR,bandgap_3.5_to_4.0eV,1,Cd,c1ccc(CSc2cnccn2)cc1
qmof-7edffdc,ASELAN_FSR,bandgap_3.5_to_4.0eV,4,Mg,c1ccc(-c2ncc[nH]2)cc1
qmof-7978af6,XEYSAY_FSR,bandgap_3.5_to_4.0eV,1,Co,c1ccc2c(c1)Cc1ccccc1-2
qmof-d1115ca,XEYWUU_FSR,bandgap_3.5_to_4.0eV,1,Cu,
qmof-1f4857d,XEZMIA_FSR,bandgap_3.5_to_4.0eV,1,Zn,O=C(Nc1ccccc1)c1ccccc1
qmof-74a7ec8,IDIFUY_FSR,bandgap_3.5_to_4.0eV,5,Ag,c1ccc2[nH]nnc2c1
qmof-671a0bb,XINDUV_FSR,bandgap_3.5_to_4.0eV,4,Ag,S=c1[nH]cn[nH]1
qmof-4d39b28,XIDKOM_FSR,bandgap_3.5_to_4.0eV,3,Pb,O=c1cccc[nH]1
qmof-35fb0ca,XIFXEQ_FSR,bandgap_3.5_to_4.0eV,4,Cu,c1ccncc1
qmof-961d8a7,XIHLOR_FSR,bandgap_3.5_to_4.0eV,5,K,c1cnon1.c1cnon1
qmof-beb7ad4,ASAFEF_FSR,bandgap_3.5_to_4.0eV,3,Zn,c1cc(-c2nnc(-c3ccncc3)o2)ccn1
qmof-2943f96,AROTAD_FSR,bandgap_3.5_to_4.0eV,4,Cu,
qmof-b3bf417,ARUBIA_FSR,bandgap_3.5_to_4.0eV,5,Co,O=C(Nc1ccncc1)c1ccc(Oc2ccc(C(=O)Nc3ccncc3)cc2)cc1.c1ccccc1
qmof-b44d887,ATOMIF_FSR,bandgap_3.5_to_4.0eV,5,Ni,O=C1C(=O)C(=O)C1=O
qmof-10947da,AVATEY01_FSR,bandgap_3.5_to_4.0eV,2,Zn,O=C(Nc1cccnc1)c1ccc(Oc2ccc(C(=O)Nc3cccnc3)cc2)cc1.c1ccccc1
qmof-401a2c2,AVAVOK_FSR,bandgap_3.5_to_4.0eV,1,Cd,O=C(Nc1cccnc1)c1ccc(Oc2ccc(C(=O)Nc3cccnc3)cc2)cc1.c1ccccc1
qmof-0b68b0b,IFAWUK_FSR,bandgap_3.5_to_4.0eV,1,Nd,c1ccccc1
qmof-c654764,HEXNEE_FSR,bandgap_3.5_to_4.0eV,1,Zn,
qmof-65f7424,HIBQEQ_FSR,bandgap_3.5_to_4.0eV,3,Er,c1ccc2[nH]cnc2c1
qmof-e603508,XENCUO_FSR,bandgap_3.5_to_4.0eV,5,V,
qmof-57d5556,XENREO_FSR,bandgap_3.5_to_4.0eV,2,K,c1nnc[nH]1
qmof-7f04d5c,XENTIW_FSR,bandgap_3.5_to_4.0eV,4,Co,c1cncc(CSCc2cccnc2)c1
qmof-27a2b4b,XEPCIG_FSR,bandgap_3.5_to_4.0eV,2,Zn,c1ccccc1.c1ncn(CCn2cncn2)n1
qmof-a83d179,XEPJAE_FSR,bandgap_3.5_to_4.0eV,1,Ag,c1ccncc1
qmof-365cf98,XEPZUP_FSR,bandgap_3.5_to_4.0eV,2,Co,c1ccccc1
qmof-4975eb9,XEQMUB01_FSR,bandgap_3.5_to_4.0eV,3,Sr,c1ccccc1
qmof-e84c5c9,ASUBIZ_FSR,bandgap_3.5_to_4.0eV,3,Zn,c1ccc(SSc2ccccc2)cc1
qmof-c36c401,ATEHEO_FSR,bandgap_3.5_to_4.0eV,1,Zn,C1=C[C]2N=NN=C2C=C1.[CH]1C=CC2=NN=NC2=C1.c1ccccc1
qmof-285d109,ATERAU_FSR,bandgap_3.5_to_4.0eV,3,Cd,[CH]1N=NC=C1c1nnc(-c2ccccn2)[nH]1
qmof-48a32b2,XAXBUV_FSR,bandgap_3.5_to_4.0eV,2,Co,c1ccccc1.c1cn(CCCCn2ccnc2)cn1
qmof-9d1bb2b,AVIRUT_FSR,bandgap_3.5_to_4.0eV,4,Eu,c1ccccc1
qmof-ec81e8a,AVOMUU01_FSR,bandgap_3.5_to_4.0eV,5,Zn,c1ccc(-c2ccccc2)cc1
qmof-60464fc,XAYKAK_FSR,bandgap_3.5_to_4.0eV,5,La,c1ccccc1
qmof-7ff20e1,IDUQAA_FSR,bandgap_3.5_to_4.0eV,4,Nd,
qmof-5613eb5,IFAWEU_FSR,bandgap_3.5_to_4.0eV,2,La,c1ccccc1
qmof-4e1d408,IFAWOE_FSR,bandgap_3.5_to_4.0eV,3,Pr,c1ccccc1
qmof-61d7076,XEJDIC_FSR,bandgap_3.5_to_4.0eV,1,Cd,
qmof-cf14ce7,XEKCUN_FSR,bandgap_3.5_to_4.0eV,4,Ag,c1ccccc1
qmof-62f1dcc,XECPEC_FSR,bandgap_3.5_to_4.0eV,1,Na,c1ccccc1
qmof-957e074,XECYUC_FSR,bandgap_3.5_to_4.0eV,2,K,
qmof-fef0729,XEMLAD_FSR,bandgap_3.5_to_4.0eV,2,Cd,c1cc[nH+]cc1
qmof-6a08cb9,ATEYAZ_FSR,bandgap_3.5_to_4.0eV,4,Zn,c1cc(-c2ccncc2)ccn1.c1ccncc1
qmof-50cbb92,ATIDOY_FSR,bandgap_3.5_to_4.0eV,4,Cd,O=S(=O)(c1ccc(-n2ccnc2)cc1)c1ccc(-n2ccnc2)cc1
qmof-01edd7e,ATOGIZ_FSR,bandgap_3.5_to_4.0eV,2,Zn,c1ccc(C2=NCCO2)cc1
qmof-7505ece,ATOKOK_FSR,bandgap_3.5_to_4.0eV,2,Cd,c1cc(-c2ccncc2)ccn1
qmof-fd6ecf5,IGETEU01_FSR,bandgap_3.5_to_4.0eV,4,Ca,c1ccccc1
qmof-885c941,IFAXAR_FSR,bandgap_3.5_to_4.0eV,5,Sm,c1ccccc1
qmof-e8fab14,IFAXIZ_FSR,bandgap_3.5_to_4.0eV,3,Gd,c1ccccc1
qmof-af84707,IFAXOF_FSR,bandgap_3.5_to_4.0eV,1,Tb,c1ccccc1
qmof-e4f16d1,IFAXUL_FSR,bandgap_3.5_to_4.0eV,5,Dy,c1ccccc1
qmof-7875743,IFAYAS_FSR,bandgap_3.5_to_4.0eV,4,Er,c1ccccc1
qmof-81022c0,AVUXIY_FSR,bandgap_3.5_to_4.0eV,1,Nd,
qmof-176cc4f,AVUXOE_FSR,bandgap_3.5_to_4.0eV,5,Er,
qmof-a740fb7,AWEBIP_FSR,bandgap_3.5_to_4.0eV,5,Cu,
qmof-1817e88,AWECUB01_FSR,bandgap_3.5_to_4.0eV,4,Zn,c1ccc(-c2ccccc2)cc1
qmof-0e90765,XAJMAY_FSR,bandgap_3.5_to_4.0eV,1,Cd,
qmof-88c8be3,XAKYAK_FSR,bandgap_3.5_to_4.0eV,4,V,
qmof-2568bd1,XAZFAF_FSR,bandgap_3.5_to_4.0eV,2,Ag,C1N2CN3CN1CN(C2)C3
qmof-0c41100,XAZFEM_FSR,bandgap_3.5_to_4.0eV,1,Cd,
qmof-2aef363,XECFUI_FSR,bandgap_3.5_to_4.0eV,4,Zn,
qmof-46d960b,XECGET_FSR,bandgap_3.5_to_4.0eV,1,Cd,
qmof-facfaac,XAFLIB_FSR,bandgap_3.5_to_4.0eV,5,La,c1ccc2ccccc2c1
qmof-f021373,XAFSEF_FSR,bandgap_3.5_to_4.0eV,2,Zn,
qmof-69adfc8,XAFSIJ_FSR,bandgap_3.5_to_4.0eV,3,Cd,c1ccc(Oc2ccc(Oc3ccccc3)cc2)cc1
qmof-2b2bdaa,HESLUN_FSR,bandgap_3.5_to_4.0eV,3,Ag,C1CSCS1
qmof-5b8501f,HESWAG02_FSR,bandgap_3.5_to_4.0eV,2,Zn,c1ccccc1
qmof-80aae80,XAMWIR_FSR,bandgap_3.5_to_4.0eV,2,Na,
qmof-a5842a4,XANFOK_FSR,bandgap_3.5_to_4.0eV,4,Hg,
qmof-09a2292,XAGQAZ_FSR,bandgap_3.5_to_4.0eV,1,Zn,c1ccc2ccccc2c1
qmof-85aeb56,XAGQED_FSR,bandgap_3.5_to_4.0eV,4,Cd,c1ccc2ccccc2c1
qmof-0d3e46d,XAGRAA_FSR,bandgap_3.5_to_4.0eV,5,Cd,c1ccc(-c2ccccc2)cc1
qmof-b8692be,XAHFEU_FSR,bandgap_3.5_to_4.0eV,4,Ca,c1ccc(-c2ccccc2)cc1
qmof-ee04670,XAHGUK_FSR,bandgap_3.5_to_4.0eV,2,Cd,
qmof-9d5b9ef,XAHKOH_FSR,bandgap_3.5_to_4.0eV,2,Cu,c1ccccc1
qmof-c585aa5,IFUJUQ_FSR,bandgap_3.5_to_4.0eV,5,Cu,O=c1cccc[nH]1
qmof-3bb4061,IFUKAW_FSR,bandgap_3.5_to_4.0eV,4,Ni,c1cc(CCc2ccncc2)ccn1.c1cc[nH+]cc1
qmof-37488ee,IGEFIJ_FSR,bandgap_3.5_to_4.0eV,3,Hg,
qmof-faff604,IGIDUX_FSR,bandgap_3.5_to_4.0eV,2,Cd,
qmof-0571636,IGIWUS_FSR,bandgap_3.5_to_4.0eV,1,Ag,c1ccc2ccccc2c1
qmof-66615cb,IGOBOW_FSR,bandgap_3.5_to_4.0eV,4,Cu,c1ccc2c(c1)CSCCOCCSCc1ccccc1OCCO2
qmof-97bc069,IGUHAU_FSR,bandgap_3.5_to_4.0eV,5,Ag,c1cncnc1
qmof-9e0108e,IGUQUX_FSR,bandgap_3.5_to_4.0eV,4,Hg,
qmof-d4ea77a,HESHET_FSR,bandgap_3.5_to_4.0eV,4,Pr,
qmof-cbce3c5,AWEHIU_FSR,bandgap_3.5_to_4.0eV,3,Ag,c1ccccc1
qmof-8e6a68f,AWEVUU_FSR,bandgap_3.5_to_4.0eV,5,Ag,c1ccccc1
qmof-a61cced,AWIBOZ_FSR,bandgap_3.5_to_4.0eV,2,Zn,c1ccc(Oc2ccccc2)cc1
qmof-e169936,AWIZIP_FSR,bandgap_3.5_to_4.0eV,3,Zn,c1ccccc1
qmof-cff9a36,AWODOG_FSR,bandgap_3.5_to_4.0eV,3,Cu,c1ccccc1
qmof-7e8b44a,WUYFAY_FSR,bandgap_3.5_to_4.0eV,5,Nd,c1ccc(-c2ccccn2)nc1
qmof-0334ecb,WUYGON_FSR,bandgap_3.5_to_4.0eV,2,Cu,O=C(Nc1cccnc1)c1ccc(C(=O)Nc2cccnc2)cc1
qmof-ab57f22,XAJLUR_FSR,bandgap_3.5_to_4.0eV,3,Zn,c1ccc(-c2ccccc2)cc1.c1cn(CCOCCn2ccnc2)cn1
qmof-e1d3c58,XACTUR_FSR,bandgap_3.5_to_4.0eV,2,Cu,
qmof-3a332f2,XADSEC_FSR,bandgap_3.5_to_4.0eV,1,Ni,c1cc[nH+]cc1
qmof-a4420e2,IJEDEH_FSR,bandgap_3.5_to_4.0eV,4,Cu,O=c1ccocc1
qmof-b65c1f5,IJEKIS_FSR,bandgap_3.5_to_4.0eV,5,Cu,
qmof-9a7a487,IJEZEE_FSR,bandgap_3.5_to_4.0eV,4,Cu,c1ccncc1
qmof-0aec630,IHANIP_FSR,bandgap_3.5_to_4.0eV,1,Fe,[CH]1C=CC=C1Sc1nc2ccccc2s1
qmof-b365b41,IHAWAP_FSR,bandgap_3.5_to_4.0eV,3,Cd,
qmof-05a5129,IHINOC_FSR,bandgap_3.5_to_4.0eV,2,Ag,
qmof-3caf24b,HENREA_FSR,bandgap_3.5_to_4.0eV,3,Ag,c1c[nH]cn1
qmof-7d59b75,WUYKEG_FSR,bandgap_3.5_to_4.0eV,4,Pb,
qmof-40df476,WUYWIX_FSR,bandgap_3.5_to_4.0eV,3,Cd,S=C1[N]NC(=S)S1
qmof-5c8c5aa,WUZWAQ_FSR,bandgap_3.5_to_4.0eV,5,Zn,
qmof-1234f76,WUZYUM_FSR,bandgap_3.5_to_4.0eV,3,Na,O=C1[CH]C(=O)NC(=S)N1
qmof-7de7cfe,WUWVIU_FSR,bandgap_3.5_to_4.0eV,2,Cu,c1c[nH]cn1
qmof-d1fd423,WUXCIC_FSR,bandgap_3.5_to_4.0eV,1,Zn,O=C1C=CC=C[NH+]1
qmof-e74dbd8,HEPBUC_FSR,bandgap_3.5_to_4.0eV,5,Cd,c1ccccc1.c1cnc(C2=NN=N[N]2)cn1
qmof-c97f3de,HEQLEV_FSR,bandgap_3.5_to_4.0eV,4,Co,C1CCCCC1
qmof-4f49da6,HERPUQ_FSR,bandgap_3.5_to_4.0eV,1,Cu,c1cc(Cn2ccnc2)cc(Cn2ccnc2)c1
qmof-a5364ad,WULBIQ_FSR,bandgap_3.5_to_4.0eV,5,Rb,c1ccccc1
qmof-7e995b0,WOZYER_FSR,bandgap_3.5_to_4.0eV,4,Cu,C1=NN=N[N]1
qmof-ffeef76,WUCLUB_FSR,bandgap_3.5_to_4.0eV,2,Cd,
qmof-a65e183,IJEZUU_FSR,bandgap_3.5_to_4.0eV,4,Cu,c1ccncc1
qmof-f4efbe8,IJIBEK_FSR,bandgap_3.5_to_4.0eV,5,Cu,c1ccncc1
qmof-15285c1,IJIRUP_FSR,bandgap_3.5_to_4.0eV,1,Cu,
qmof-5b89e7e,IJIWAA_FSR,bandgap_3.5_to_4.0eV,1,Co,c1ccccc1
qmof-6e0dd49,IHOFOC_FSR,bandgap_3.5_to_4.0eV,2,Organic_Only,C1C2CC3CC1CC(C2)C3
qmof-0336a84,WUXHUT_FSR,bandgap_3.5_to_4.0eV,2,Cu,
qmof-89c9846,AWOYOB_FSR,bandgap_3.5_to_4.0eV,3,Mn,c1cn(Cc2ccc(Cn3ccnc3)cc2)cn1
qmof-9eec513,AWUBOK_FSR,bandgap_3.5_to_4.0eV,4,Rb,c1ccccc1.c1ccccc1
qmof-863f3a9,AWUCEB_FSR,bandgap_3.5_to_4.0eV,4,Cd,c1cc(C2=NCCO2)ccc1C1=NCCO1
qmof-e521165,AWUCOL_FSR,bandgap_3.5_to_4.0eV,5,Hg,
qmof-4d20956,AWUDOM_FSR,bandgap_3.5_to_4.0eV,2,Cd,c1cc(C2=NCCO2)ccc1C1=NCCO1
qmof-cc44e12,AXILOJ01_FSR,bandgap_3.5_to_4.0eV,3,Zn,c1cc(-c2ccncc2)ccn1.c1ccccc1
qmof-70d836d,WUKQAW_FSR,bandgap_3.5_to_4.0eV,4,Y,c1ccccc1
qmof-4720334,AYIVIO_FSR,bandgap_3.5_to_4.0eV,2,Cs,O=c1cccc[nH]1
qmof-8336dc4,WOHWAT_FSR,bandgap_3.5_to_4.0eV,2,Ag,
qmof-5e4200a,WOMJUE_FSR,bandgap_3.5_to_4.0eV,2,Gd,O=c1cccc[nH]1
qmof-ddb5585,IKOWUA_FSR,bandgap_3.5_to_4.0eV,1,Ag,
qmof-248b9a0,HEHPEP_FSR,bandgap_3.5_to_4.0eV,2,Cu,c1ccccc1
qmof-981df2d,IJEZII_FSR,bandgap_3.5_to_4.0eV,3,Cu,c1ccncc1
qmof-2c4e323,IJEZOO_FSR,bandgap_3.5_to_4.0eV,2,Cu,c1ccncc1
qmof-2d7d1e7,AXUZIE_FSR,bandgap_3.5_to_4.0eV,2,Cd,
qmof-d3b0421,AYAVAZ_FSR,bandgap_3.5_to_4.0eV,3,Pb,C1CCOC1
qmof-07c1136,WOQJES03_FSR,bandgap_3.5_to_4.0eV,5,Zn,
qmof-bba7eac,WOQJES04_FSR,bandgap_3.5_to_4.0eV,2,Zn,
qmof-a442a79,WOQJIW03_FSR,bandgap_3.5_to_4.0eV,3,Zn,
qmof-0b092d4,WOYBAN_FSR,bandgap_3.5_to_4.0eV,2,Ca,c1ccccc1
qmof-627639b,WOZPEI_FSR,bandgap_3.5_to_4.0eV,1,Cu,C1=NN=N[N]1
qmof-387f942,WOZPIM03_FSR,bandgap_3.5_to_4.0eV,5,Cu,C1=NN=N[N]1
qmof-87dd24d,WOZPOS_FSR,bandgap_3.5_to_4.0eV,2,Cu,C1=NN=N[N]1
qmof-0156bfa,IKEBUV01_FSR,bandgap_3.5_to_4.0eV,3,Cu,
qmof-40b1636,IKEVOK_FSR,bandgap_3.5_to_4.0eV,4,Sm,
qmof-8612b3f,IKEVUQ_FSR,bandgap_3.5_to_4.0eV,4,Tb,
qmof-95c1284,IKEXON_FSR,bandgap_3.5_to_4.0eV,4,Zn,c1ccc(-c2cc(-c3cccnc3)nc(-c3cccnc3)c2)cc1.c1ccccc1
qmof-7d82fc9,IKEXUT_FSR,bandgap_3.5_to_4.0eV,1,Zn,c1ccc(-c2cc(-c3cccnc3)nc(-c3cccnc3)c2)cc1.c1ccccc1
qmof-f2e16cf,IKEZIH_FSR,bandgap_3.5_to_4.0eV,5,Ni,c1ccccc1.c1cnccn1
qmof-10c5d89,AZOHON_FSR,bandgap_3.5_to_4.0eV,4,Cd,C1CC2CCC1O2
qmof-2ab39f5,AZUCIH_FSR,bandgap_3.5_to_4.0eV,1,Zn,c1ccccc1
qmof-673bd4c,BACMEY_FSR,bandgap_3.5_to_4.0eV,4,Ag,c1cnc(SCc2ccc(CSc3ncccn3)cc2)nc1
qmof-1fe6988,BACMOH10_FSR,bandgap_3.5_to_4.0eV,5,Cu,
qmof-7cde1ad,BADBOX_FSR,bandgap_3.5_to_4.0eV,3,Cd,
qmof-14a67d5,AZIMAY_FSR,bandgap_3.5_to_4.0eV,1,Pb,
qmof-0644d90,AZIYUE_FSR,bandgap_3.5_to_4.0eV,5,Ba,c1ccccc1
qmof-7082d23,AZNPYD_FSR,bandgap_3.5_to_4.0eV,3,Zn,c1cnccn1
qmof-3e6f207,WODSAK_FSR,bandgap_3.5_to_4.0eV,3,Pr,
qmof-4ec3895,AYINIF_FSR,bandgap_3.5_to_4.0eV,2,Zn,O=C1C(=O)C(=O)C1=O
qmof-1a947f4,HEFBOL_FSR,bandgap_3.5_to_4.0eV,2,Cd,c1ccc(OCc2ccc(-c3ccccc3)cc2)cc1
qmof-9b0bbdf,HEFCIF_FSR,bandgap_3.5_to_4.0eV,1,Cu,
qmof-cad88a0,HEFWEV_FSR,bandgap_3.5_to_4.0eV,2,K,
qmof-77765c8,ILECEI_FSR,bandgap_3.5_to_4.0eV,3,Cu,c1cn(Cn2ccnc2)cn1
qmof-a1ffa2e,WOBGOJ_FSR,bandgap_3.5_to_4.0eV,1,Cd,
qmof-66c5af5,WOBNUX_FSR,bandgap_3.5_to_4.0eV,1,Ag,c1ccc(Nc2ccccc2)cc1
qmof-cc2b923,WIMLAG_FSR,bandgap_3.5_to_4.0eV,3,Pb,
qmof-8771d16,WIMVAQ_FSR,bandgap_3.5_to_4.0eV,4,Cu,c1ccccc1
qmof-f0b79f0,WIPBED01_FSR,bandgap_3.5_to_4.0eV,3,Zn,c1ccc(-c2ccccn2)nc1
qmof-be62b7d,WIQJEN_FSR,bandgap_3.5_to_4.0eV,1,Cd,c1cnc(C2=NN=N[N]2)cn1
qmof-bf19a2f,WISZON_FSR,bandgap_3.5_to_4.0eV,2,Zn,c1ccccc1
qmof-cabf074,WISZUT01_FSR,bandgap_3.5_to_4.0eV,1,Zn,c1ccccc1
qmof-f755bc6,ILIGIU_FSR,bandgap_3.5_to_4.0eV,3,Cd,
qmof-7a4eaf0,IJUXUG01_FSR,bandgap_3.5_to_4.0eV,5,Zn,c1cc(-c2ccncc2)ccn1.c1ccccc1
qmof-bff8c89,IJUYIV_FSR,bandgap_3.5_to_4.0eV,4,Zn,c1ccccc1
qmof-859616a,IKABIH_FSR,bandgap_3.5_to_4.0eV,2,Ni,c1ccc(-n2cnnc2)cc1
qmof-eace0fc,IMSQNI_FSR,bandgap_3.5_to_4.0eV,5,Ni,
qmof-870b5ae,INAKOZ_FSR,bandgap_3.5_to_4.0eV,4,Zn,c1ccncc1
qmof-ff6a634,IMADAC_FSR,bandgap_3.5_to_4.0eV,1,Li,
qmof-9ed183c,IMAFOS_FSR,bandgap_3.5_to_4.0eV,4,Mn,
qmof-d3192ac,IMAWUO_FSR,bandgap_3.5_to_4.0eV,5,Ag,
qmof-527c09b,IMEBUY_FSR,bandgap_3.5_to_4.0eV,5,Mn,c1ccncc1
qmof-a2fa029,WITSIE_FSR,bandgap_3.5_to_4.0eV,1,Cd,[CH]1N=C(C2=N[N]C(c3ccncc3)=N2)[N]N1
qmof-c2c7421,BADLUQ_FSR,bandgap_3.5_to_4.0eV,2,Zn,c1ccc(-c2nncn2-c2ccccn2)nc1.c1ccccc1
qmof-7b3f604,BAFNUR_FSR,bandgap_3.5_to_4.0eV,2,Ag,c1ccncc1
qmof-ad06ef4,BAGNEF_FSR,bandgap_3.5_to_4.0eV,4,Cu,c1nnn[nH]1
qmof-c7fd3ba,BAHGUN01_FSR,bandgap_3.5_to_4.0eV,1,Cu,c1ccncc1
qmof-7d04430,WIHQAG_FSR,bandgap_3.5_to_4.0eV,4,Cd,c1ccccc1
qmof-d52be7e,WIJDID_FSR,bandgap_3.5_to_4.0eV,1,Cu,
qmof-b6e28ab,IMEXAB_FSR,bandgap_3.5_to_4.0eV,4,Zn,O=C(Nc1cccnc1)c1cccnc1.c1ccncc1
qmof-77e8a1f,HEDNEL01_FSR,bandgap_3.5_to_4.0eV,3,Cu,c1ccc(-c2ccccn2)nc1
qmof-66db564,HEDPIR_FSR,bandgap_3.5_to_4.0eV,5,Dy,c1ccc(-n2ccnn2)cc1
qmof-04ccbe3,WENXIZ_FSR,bandgap_3.5_to_4.0eV,4,Pb,
qmof-108e5ba,WEPCEA_FSR,bandgap_3.5_to_4.0eV,4,Ag,c1ccccc1
qmof-8cd9d78,BAHPIL_FSR,bandgap_3.5_to_4.0eV,1,Ag,c1cc(C2=NCCO2)ccc1C1=NCCO1
qmof-9ebe8cd,WETVUN_FSR,bandgap_3.5_to_4.0eV,3,Cd,c1ccccc1
qmof-ee9cb10,WEWHIS_FSR,bandgap_3.5_to_4.0eV,3,Na,
qmof-3a0899f,WEWHOY_FSR,bandgap_3.5_to_4.0eV,1,K,
qmof-2e4202b,WEWLES_FSR,bandgap_3.5_to_4.0eV,1,Li,c1ccc(-c2ccccc2)cc1
qmof-919ea19,IMEZUW_FSR,bandgap_3.5_to_4.0eV,4,Mn,c1ccncc1
qmof-8b60a75,WIKWAQ_FSR,bandgap_3.5_to_4.0eV,4,Ag,
qmof-4a0f1fc,WILHOQ_FSR,bandgap_3.5_to_4.0eV,4,Zn,[CH]1C=CC=CN1.c1ccccc1
qmof-26e33a1,WEZCEK_FSR,bandgap_3.5_to_4.0eV,1,Cu,c1ccccc1.c1ccncc1
qmof-63c5aad,WIBCER_FSR,bandgap_3.5_to_4.0eV,5,Co,c1ccncc1
qmof-219f39d,WICXOW_FSR,bandgap_3.5_to_4.0eV,2,Cu,c1ccncc1
qmof-4f48bfd,WICXUC_FSR,bandgap_3.5_to_4.0eV,4,Cu,c1ccncc1
qmof-d0096f1,WICYAJ_FSR,bandgap_3.5_to_4.0eV,4,Cu,c1ccncc1
qmof-b03916f,WIFFEZ01_FSR,bandgap_3.5_to_4.0eV,3,Zn,c1cc(-c2ccncc2)ccn1.c1ccccc1
qmof-0000295,WAWRES01_FSR,bandgap_3.5_to_4.0eV,4,Cu,
qmof-724daab,WEFPOP_FSR,bandgap_3.5_to_4.0eV,4,Ag,c1cnccn1
qmof-1fd83bc,WEFXAH_FSR,bandgap_3.5_to_4.0eV,2,K,c1ccccc1
qmof-37fbf4b,HEBNIM_FSR,bandgap_3.5_to_4.0eV,3,Ag,
qmof-2b96960,HEBQAI_FSR,bandgap_3.5_to_4.0eV,4,Cd,C1CCCC1
qmof-f25b28d,HEBTEP_FSR,bandgap_3.5_to_4.0eV,4,Zn,O=C1NCCN1.c1ccc2ccccc2c1
qmof-1f8643a,HEBTIT_FSR,bandgap_3.5_to_4.0eV,2,Cd,O=C1NCCN1.c1ccc2ccccc2c1
qmof-4f53a88,INAWAX_FSR,bandgap_3.5_to_4.0eV,4,Cd,c1ccccc1.c1ncc2nc[nH]c2n1
qmof-3c5b84b,BANYUN_FSR,bandgap_3.5_to_4.0eV,1,Co,c1ccc2c(c1)ncn2CCCCn1cnc2ccccc21.c1ccccc1
qmof-bdea962,BAPMEN_FSR,bandgap_3.5_to_4.0eV,1,Ag,c1cc(-c2ccncc2)ccn1
qmof-7945a6b,BAQXAU_FSR,bandgap_3.5_to_4.0eV,3,Tl,
qmof-80dcc70,BAQYEZ_FSR,bandgap_3.5_to_4.0eV,2,Ag,c1cc(C2=NCCO2)ccc1C1=NCCO1
qmof-8b891d0,WEMQUB_FSR,bandgap_3.5_to_4.0eV,3,Er,
qmof-83ccceb,WEMRAI_FSR,bandgap_3.5_to_4.0eV,4,Yb,
qmof-17c16c7,WENLIL_FSR,bandgap_3.5_to_4.0eV,1,Ag,
qmof-6e0c71a,WENWEU_FSR,bandgap_3.5_to_4.0eV,3,Pb,
qmof-1a422b8,WAPNAF_FSR,bandgap_3.5_to_4.0eV,4,Co,c1ccc2c(c1)nnn2Cc1ccc(Cn2nnc3ccccc32)cc1
qmof-1bcb229,WAPNEH_FSR,bandgap_3.5_to_4.0eV,2,Zn,[CH]1C=CC=CN1
qmof-d007551,WAPYOD_FSR,bandgap_3.5_to_4.0eV,2,Na,c1ccc(-c2ccccc2)cc1.c1ccc(-c2ccccc2)cc1
qmof-a6188b2,IPAZEE_FSR,bandgap_3.5_to_4.0eV,1,Cd,
qmof-7bea0fe,INIRUS_FSR,bandgap_3.5_to_4.0eV,5,Co,
qmof-4a1cb0e,INODUL_FSR,bandgap_3.5_to_4.0eV,2,Cd,C1=CN=C(c2cccnc2)[N]1
qmof-97e4a61,BASYOM_FSR,bandgap_3.5_to_4.0eV,4,Zn,O=C(Nc1cccnc1)C(=O)Nc1cccnc1
qmof-e2d7d1f,BASYUS_FSR,bandgap_3.5_to_4.0eV,1,Cd,O=C(Nc1cccnc1)C(=O)Nc1cccnc1
qmof-b36aa7a,WAPYUJ_FSR,bandgap_3.5_to_4.0eV,3,K,c1ccc(-c2ccccc2)cc1.c1ccc(-c2ccccc2)cc1
qmof-3e88d01,WAPZAQ_FSR,bandgap_3.5_to_4.0eV,3,Rb,c1ccc(-c2ccccc2)cc1.c1ccc(-c2ccccc2)cc1
qmof-4b12f48,WAQCEY01_FSR,bandgap_3.5_to_4.0eV,1,Cu,c1cc(Cn2cncn2)cc(Cn2cncn2)c1
qmof-e628246,WASPAI_FSR,bandgap_3.5_to_4.0eV,2,Cu,c1cn(CCCCn2ccnc2)cn1
qmof-c152043,WASQUD_FSR,bandgap_3.5_to_4.0eV,4,Ag,
qmof-2208d52,WATCAW_FSR,bandgap_3.5_to_4.0eV,3,Cu,
qmof-84f0656,WATYIB_FSR,bandgap_3.5_to_4.0eV,1,Zn,O=C(OC1C(=O)N(c2ccccc2)C(=O)C1OC(=O)c1ccncc1)c1ccncc1
qmof-33df613,WEHSUZ_FSR,bandgap_3.5_to_4.0eV,5,La,c1cncnc1
qmof-5057bcc,VUFFEI_FSR,bandgap_3.5_to_4.0eV,3,Nd,c1ccccc1
qmof-20f768b,VUJSID_FSR,bandgap_3.5_to_4.0eV,1,Zn,C(=Cc1ccncc1)c1ccncc1
qmof-7ece11a,VUKGIS_FSR,bandgap_3.5_to_4.0eV,1,Cu,
qmof-83504f6,VUVROV_FSR,bandgap_3.5_to_4.0eV,1,Cu,
qmof-1be410a,WACMIZ_FSR,bandgap_3.5_to_4.0eV,3,Pb,c1ccccc1
qmof-175a5d9,HAYZEP_FSR,bandgap_3.5_to_4.0eV,5,Fe,C1=C2Oc3cc4c(cc3O[C]2C=C2N=NN=C12)N=N[N]4
qmof-5a0d893,HAZBOA_FSR,bandgap_3.5_to_4.0eV,3,Sm,c1ccccc1.c1ccccc1
qmof-765548f,IPAYON_FSR,bandgap_3.5_to_4.0eV,5,Cd,
qmof-04b3678,BAYTEB_FSR,bandgap_3.5_to_4.0eV,3,Co,
qmof-d117cca,BEBLAY_FSR,bandgap_3.5_to_4.0eV,4,Cd,c1cncc(-n2ccnc2)c1
qmof-1c91623,BECBIX_FSR,bandgap_3.5_to_4.0eV,5,Co,c1ccccc1.c1cn(-c2ccc(-n3ccnc3)cc2)cn1
qmof-d35f64f,BEDNUU_FSR,bandgap_3.5_to_4.0eV,4,Organic_Only,c1cc[nH+]cc1
qmof-9e4e1fc,WAVBEB_FSR,bandgap_3.5_to_4.0eV,4,Ag,c1ccncc1
qmof-72594f7,WAVXEX_FSR,bandgap_3.5_to_4.0eV,3,Li,
qmof-2454337,WAJJAT_FSR,bandgap_3.5_to_4.0eV,1,Hg,
qmof-4040470,WAPKII_FSR,bandgap_3.5_to_4.0eV,2,Hg,
qmof-e052331,IQOWUH_FSR,bandgap_3.5_to_4.0eV,4,Cu,
qmof-3f821f2,IPEPIC_FSR,bandgap_3.5_to_4.0eV,4,Cu,
qmof-4759164,IPEQEZ_FSR,bandgap_3.5_to_4.0eV,5,Li,
qmof-e5ce60a,IPINOM_FSR,bandgap_3.5_to_4.0eV,4,Zn,C(=NN=Cc1cccnc1)c1cccnc1.c1ccc(Oc2ccccc2)cc1
qmof-ff2b2ac,IPOXOB_FSR,bandgap_3.5_to_4.0eV,3,Cu,
qmof-1470db1,IPUSER_FSR,bandgap_3.5_to_4.0eV,2,K,c1ccc2ncccc2c1
qmof-7e8fa91,BELCIH_FSR,bandgap_3.5_to_4.0eV,1,Cd,c1ccc2nc(C3=NN=N[N]3)ccc2c1
qmof-db0876a,BELCON_FSR,bandgap_3.5_to_4.0eV,3,Zn,c1ccc2nc(C3=NN=N[N]3)ccc2c1.c1ccncc1
qmof-cbb7574,BEMCUU_FSR,bandgap_3.5_to_4.0eV,5,Tb,c1ccccc1
qmof-b1e3539,BEMKOW_FSR,bandgap_3.5_to_4.0eV,2,Gd,c1ccc(-c2ccc(-c3ccccc3)cc2)cc1
qmof-59b5fa6,BEMQAN_FSR,bandgap_3.5_to_4.0eV,3,Zn,O=C(c1ccccc1)c1ccccc1.c1cn(CCCCn2ccnc2)cn1
qmof-2ad5c25,VOQKAP_FSR,bandgap_3.5_to_4.0eV,5,Cu,
qmof-14e4ce3,VOTWUY_FSR,bandgap_3.5_to_4.0eV,3,Cu,
qmof-81a163c,BEGJAB_FSR,bandgap_3.5_to_4.0eV,3,Cd,c1nonc1C1=NN=N[N]1
qmof-1ebd4e7,BEHKIK_FSR,bandgap_3.5_to_4.0eV,3,Ni,c1ccccc1
qmof-948ab1b,BEHREO_FSR,bandgap_3.5_to_4.0eV,4,Cu,
qmof-2e370d9,BEPDIK01_FSR,bandgap_3.5_to_4.0eV,2,La,
qmof-1937b4e,BEPDOQ_FSR,bandgap_3.5_to_4.0eV,3,Pr,
qmof-e8f57aa,HAWBOY_FSR,bandgap_3.5_to_4.0eV,5,Cu,c1ccncc1
qmof-f941a8e,HAWBUE_FSR,bandgap_3.5_to_4.0eV,1,Zn,c1ccncc1
qmof-8491c7f,HAWKIB_FSR,bandgap_3.5_to_4.0eV,1,Er,[CH]1C=CC=CN1
qmof-569fecc,HAWSEG_FSR,bandgap_3.5_to_4.0eV,3,Cu,
qmof-21b3989,HAXMUQ_FSR,bandgap_3.5_to_4.0eV,1,Zn,C(=Cc1ccncc1)c1ccccc1
qmof-8d40aab,IQIWOU_FSR,bandgap_3.5_to_4.0eV,3,Cd,c1ccccc1
qmof-0ae241a,VOJROC_FSR,bandgap_3.5_to_4.0eV,4,Pr,
qmof-0c780e3,VONPUL_FSR,bandgap_3.5_to_4.0eV,3,Cu,
qmof-981a4dc,VIZDIS_FSR,bandgap_3.5_to_4.0eV,3,Ag,
qmof-98a8377,VIZDOY_FSR,bandgap_3.5_to_4.0eV,5,Ag,C1CNCCN1.O=C1[N]S(=O)(=O)c2ccccc21
qmof-7eaea73,VIZNAV_FSR,bandgap_3.5_to_4.0eV,2,Zn,C1=NN=C[N]1.c1ccccc1
qmof-633c6b8,VOBPIL01_FSR,bandgap_3.5_to_4.0eV,4,Fe,c1nncn1-n1cnnc1
qmof-5b6c8de,VOFXIA_FSR,bandgap_3.5_to_4.0eV,1,Zn,c1ccncc1
qmof-f66185a,IQOWIV_FSR,bandgap_3.5_to_4.0eV,1,Ag,c1ccc(-n2cnnc2)cc1
qmof-19b5170,BEPVEZ_FSR,bandgap_3.5_to_4.0eV,1,Cu,
qmof-2250196,ISEMEY_FSR,bandgap_3.5_to_4.0eV,4,Cu,c1cc(-c2nnc(-c3ccncc3)o2)ccn1
qmof-01817c6,IQUKOU_FSR,bandgap_3.5_to_4.0eV,3,Cu,c1cnccn1
qmof-860e30a,IQUYEA_FSR,bandgap_3.5_to_4.0eV,3,La,c1ccc2ccccc2c1
qmof-c24d289,IQUYIE_FSR,bandgap_3.5_to_4.0eV,5,Sm,c1ccc2ccccc2c1
qmof-ee8d842,IQUYOK_FSR,bandgap_3.5_to_4.0eV,5,La,c1ccc2ccccc2c1
qmof-8d3a293,IRAYEG_FSR,bandgap_3.5_to_4.0eV,4,Cu,c1cc(CCc2ccncc2)ccn1
qmof-da7f6d0,IREKOH_FSR,bandgap_3.5_to_4.0eV,3,Zn,c1ccc(-c2ccc(-c3ccccc3)cc2)cc1
qmof-c7f89c6,IRIPEG_FSR,bandgap_3.5_to_4.0eV,3,Zn,c1ccc(-c2ccc(-c3ccccc3)cc2)cc1.c1cn(-c2cc(-n3ccnc3)cc(-n3ccnc3)c2)cn1
qmof-998cb07,VIYGIV_FSR,bandgap_3.5_to_4.0eV,2,Cd,c1ccc(-c2ccccc2)cc1
qmof-db32ee7,VIPTUM_FSR,bandgap_3.5_to_4.0eV,4,Cd,C(=Cc1cccnc1)c1cccnc1.c1ccc(Oc2ccccc2)cc1
qmof-f84b92c,VIRTUL_FSR,bandgap_3.5_to_4.0eV,2,Ag,
qmof-22e67b2,BEMWOG_FSR,bandgap_3.5_to_4.0eV,4,Zn,O=C1[C](Nc2ccccc2)C(=O)C1=O
qmof-a56ab4f,BEMXOI_FSR,bandgap_3.5_to_4.0eV,5,Cd,c1ccncc1
qmof-c2378eb,BENBIH_FSR,bandgap_3.5_to_4.0eV,3,Cd,c1ccc(-c2cccnc2)cc1
qmof-5d60111,BENVOI_FSR,bandgap_3.5_to_4.0eV,5,Cd,
qmof-d58bd98,HAQQIC_FSR,bandgap_3.5_to_4.0eV,5,Mo,c1ccc(Cn2cnnc2)cc1
qmof-34956b1,IROVER_FSR,bandgap_3.5_to_4.0eV,5,Zn,
qmof-3583d10,IROVIV_FSR,bandgap_3.5_to_4.0eV,2,Cd,
qmof-5f0dd01,BEPVID_FSR,bandgap_3.5_to_4.0eV,4,Cu,
qmof-be911ac,BEPVOJ_FSR,bandgap_3.5_to_4.0eV,2,Cu,
qmof-2ee4f8f,BEQBUW_FSR,bandgap_3.5_to_4.0eV,4,Zn,O=C(NCc1ccc(CNC(=O)c2ccncc2)cc1)c1ccncc1.c1ccccc1
qmof-fde0c28,BEQHEN_FSR,bandgap_3.5_to_4.0eV,1,Zn,c1ccc(-c2nnc(-c3ccncc3)n2-c2ccccn2)nc1.c1ccccc1.c1ccccc1
qmof-a46901a,VEVZOM_FSR,bandgap_3.5_to_4.0eV,5,Sm,c1ccccc1
qmof-e135c8c,VEVZUS_FSR,bandgap_3.5_to_4.0eV,5,Dy,c1ccccc1
qmof-a683fa0,VEWBAB_FSR,bandgap_3.5_to_4.0eV,3,Gd,c1ccccc1
qmof-fc46360,VEYKAO_FSR,bandgap_3.5_to_4.0eV,3,Sn,c1ccncc1
qmof-57bb27b,VIBCIV_FSR,bandgap_3.5_to_4.0eV,2,Cu,c1cc(Cn2ccnc2)cc(Cn2ccnc2)c1.c1ccccc1
qmof-a96ee8e,BEQYAZ_FSR,bandgap_3.5_to_4.0eV,1,Mn,c1ccccc1.c1ncn(Cc2ccc(Cn3cncn3)cc2)n1
qmof-28a86f8,VIJGUS_FSR,bandgap_3.5_to_4.0eV,4,Cu,
qmof-ddada0e,VINKEL_FSR,bandgap_3.5_to_4.0eV,1,Ca,O=S(=O)(c1ccccc1)c1ccccc1
qmof-1a6c50b,BEPVAV_FSR,bandgap_3.5_to_4.0eV,2,Cu,
qmof-baf7972,BEXTOP_FSR,bandgap_3.5_to_4.0eV,3,Zn,c1cc(Cn2cnnc2)ccc1Cn1cnnc1.c1ccc(OCc2ccc(COc3ccccc3)cc2)cc1
qmof-fc22622,HAHKIN_FSR,bandgap_3.5_to_4.0eV,2,Cd,[CH]1C=CC=CN1.[CH]1C=CC=CN1
qmof-7051972,HAHQIT_FSR,bandgap_3.5_to_4.0eV,3,Mn,
qmof-ac235bb,HAJLOV_FSR,bandgap_3.5_to_4.0eV,2,Zn,c1ccc(-c2ccccn2)nc1
qmof-0b2f632,ISIMON_FSR,bandgap_3.5_to_4.0eV,2,Zn,c1ccc(OCCOc2ccccc2)cc1.c1cn(CCOCCn2ccnc2)cn1
qmof-614957d,ISITOU_FSR,bandgap_3.5_to_4.0eV,2,Ag,c1ncn(Cc2ccc(-c3ccc(Cn4cncn4)cc3)cc2)n1
qmof-a2f200e,ISITUA_FSR,bandgap_3.5_to_4.0eV,2,Ag,[CH]1N=C[N]N1Cc1ccc(-c2ccc(Cn3cncn3)cc2)cc1
qmof-903705c,ISOJUV_FSR,bandgap_3.5_to_4.0eV,2,Zn,c1cnccn1
qmof-7a117a2,ISOQAI_FSR,bandgap_3.5_to_4.0eV,4,Co,c1ccncc1
qmof-4402152,ISUDIJ_FSR,bandgap_3.5_to_4.0eV,2,Cd,C(=Cc1ccncc1)c1ccncc1.c1ccncc1
qmof-0d8ec48,BERSEY_FSR,bandgap_3.5_to_4.0eV,3,Cu,
qmof-2c7d021,BESFUD_FSR,bandgap_3.5_to_4.0eV,4,Cu,c1cc(-c2ccncc2)ccn1.c1ccoc1
qmof-5822c64,VENFOM_FSR,bandgap_3.5_to_4.0eV,1,Cd,c1ccc(-c2ccccc2)cc1
qmof-5ffeace,HALVAU_FSR,bandgap_3.5_to_4.0eV,4,Ni,c1ccc(-c2ccc(-c3ccccc3)cc2)cc1
qmof-cd0f2d8,HANBEG_FSR,bandgap_3.5_to_4.0eV,4,Co,C1CCCCC1
qmof-36c5033,HAPQIY_FSR,bandgap_3.5_to_4.0eV,5,Ni,
qmof-e268c52,HADMIL_FSR,bandgap_3.5_to_4.0eV,3,Co,C1=N[N]C=C1c1ccc([C]2C=NN=C2)cc1
qmof-015ccbf,HADVUE_FSR,bandgap_3.5_to_4.0eV,4,Cu,c1ccncc1
qmof-5ecb223,HADXIU_FSR,bandgap_3.5_to_4.0eV,2,Ag,c1cnc(SCSc2ncccn2)nc1
qmof-a621406,HAGGIH_FSR,bandgap_3.5_to_4.0eV,3,Zn,c1ccc(NCc2ccccn2)cc1
qmof-1bdd9b2,ITOBAV_FSR,bandgap_3.5_to_4.0eV,5,Cd,c1ccccc1
qmof-0df8088,ITOZUO_FSR,bandgap_3.5_to_4.0eV,5,Cu,c1ccccc1.c1ccccc1
qmof-c4e3466,VECCOW_FSR,bandgap_3.5_to_4.0eV,2,Rb,c1ccncc1
qmof-465f60f,VEDVEH_FSR,bandgap_3.5_to_4.0eV,4,Cd,c1ccc(COc2ccccc2)cc1
qmof-b85d555,VAXBOM_FSR,bandgap_3.5_to_4.0eV,5,Cu,
qmof-2a12314,VAXVAT_FSR,bandgap_3.5_to_4.0eV,3,Mo,
qmof-0e8e396,VAZKUE_FSR,bandgap_3.5_to_4.0eV,5,Pr,c1ccoc1
qmof-7e5ab0e,VAZLIT_FSR,bandgap_3.5_to_4.0eV,4,Gd,c1ccoc1
qmof-3bfab64,VEGXEM_FSR,bandgap_3.5_to_4.0eV,2,Cu,[CH]1C=CC=CN1
qmof-62c2018,VELMAB_FSR,bandgap_3.5_to_4.0eV,3,Cu,
qmof-7bc0eec,VAZQOD_FSR,bandgap_3.5_to_4.0eV,5,Cd,c1ccsc1
qmof-d017d3d,BEWKIY_FSR,bandgap_3.5_to_4.0eV,1,Ni,C1CNCCN1
qmof-9b25d13,IWEYOZ_FSR,bandgap_3.5_to_4.0eV,2,Zn,c1ccccc1.c1ncn(CCCn2cncn2)n1
qmof-53fce67,IWIMIL_FSR,bandgap_3.5_to_4.0eV,5,Ca,O=C1c2ccccc2C(=O)c2ccccc21
qmof-a5bcf6e,IVEFOG_FSR,bandgap_3.5_to_4.0eV,1,K,
qmof-68845f6,IVONIR_FSR,bandgap_3.5_to_4.0eV,2,Cu,
qmof-2d06e81,IVONOX_FSR,bandgap_3.5_to_4.0eV,5,Cu,
qmof-84604c2,GUYHOX_FSR,bandgap_3.5_to_4.0eV,4,Cd,S=C1C=C[CH]C=N1
qmof-7c33b5f,HACBUJ_FSR,bandgap_3.5_to_4.0eV,1,Cu,c1cc(-c2ccncc2)ccn1.c1ccccc1
qmof-8c3c946,BIGDIF_FSR,bandgap_3.5_to_4.0eV,5,Cu,c1ccccc1
qmof-13dfbe2,VAJVAG_FSR,bandgap_3.5_to_4.0eV,1,Zn,[CH]1N=C[N]N1c1ccc(C2=N[N]N=N2)cc1
qmof-5aa7bf3,VAKHOH_FSR,bandgap_3.5_to_4.0eV,1,Cu,S=C1[N]N=NN1
qmof-49ce9a8,VALXAJ_FSR,bandgap_3.5_to_4.0eV,4,Rb,
qmof-b993fee,VAZLOZ_FSR,bandgap_3.5_to_4.0eV,5,Tb,c1ccoc1
qmof-ab01344,VAWGIM_FSR,bandgap_3.5_to_4.0eV,5,Gd,
qmof-7abf8f7,VAWGUY_FSR,bandgap_3.5_to_4.0eV,4,Dy,
qmof-fd6b778,VAWHAF_FSR,bandgap_3.5_to_4.0eV,5,Tb,
qmof-88fcee5,BIBZET_FSR,bandgap_3.5_to_4.0eV,3,Organic_Only,
qmof-9f90a7e,BINSOJ_FSR,bandgap_3.5_to_4.0eV,2,Na,
qmof-9471807,UYOGEV_FSR,bandgap_3.5_to_4.0eV,3,Pb,
qmof-13c6706,GUWGAG_FSR,bandgap_3.5_to_4.0eV,4,Zn,c1ccc2c(c1)nnn2CCCn1nnc2ccccc21
qmof-bf585e3,GUXCEI_FSR,bandgap_3.5_to_4.0eV,1,Ag,c1ccc(NCc2cccc(CNc3ccccc3)c2)cc1
qmof-e6770f4,GUYGAI_FSR,bandgap_3.5_to_4.0eV,5,Cd,c1cnccn1
qmof-f8ea459,GUYGEM_FSR,bandgap_3.5_to_4.0eV,5,Cd,
qmof-ab8a714,IWECOE_FSR,bandgap_3.5_to_4.0eV,4,Zn,O=C(c1ccncc1)N1CCN(C(=O)c2ccncc2)CC1.c1ccsc1
qmof-adf6d21,IWENAA_FSR,bandgap_3.5_to_4.0eV,1,Zn,c1ccc2c(c1)ncn2Cc1ccc(Cn2cnc3ccccc32)cc1
qmof-86d21dc,BIHMEM_FSR,bandgap_3.5_to_4.0eV,5,Ba,
qmof-581f867,BIHVEW_FSR,bandgap_3.5_to_4.0eV,5,Ca,c1cnccn1
qmof-103e2b6,BIHZEZ_FSR,bandgap_3.5_to_4.0eV,2,Hg,
qmof-72d8647,BIKDEF_FSR,bandgap_3.5_to_4.0eV,3,Co,c1cc(CCc2cc[nH+]cc2)cc[nH+]1
qmof-69fa051,BIKFAD_FSR,bandgap_3.5_to_4.0eV,4,Ni,c1cc(CCc2cc[nH+]cc2)cc[nH+]1
qmof-e0ecc74,UZIGUG_FSR,bandgap_3.5_to_4.0eV,1,Na,
qmof-a8e03e4,UZINAT_FSR,bandgap_3.5_to_4.0eV,2,Co,
qmof-a8d67c2,IWEQEG_FSR,bandgap_3.5_to_4.0eV,4,Ga,
qmof-6615630,UYUKOP_FSR,bandgap_3.5_to_4.0eV,5,Zn,[CH]1C=C(C2=NN=N[N]2)C=CN1.[CH]1C=C(C2=N[N]N=N2)C=CN1
qmof-3c464fc,UYUSOX_FSR,bandgap_3.5_to_4.0eV,5,Hg,[CH]1C=CC=CN1CCCN1[CH]C=CC=C1
qmof-e89f5ce,UXAMEN02_FSR,bandgap_3.5_to_4.0eV,5,Zn,
qmof-3aa544f,UXAPUG02_FSR,bandgap_3.5_to_4.0eV,5,Zn,
qmof-b638230,UXIVUT_FSR,bandgap_3.5_to_4.0eV,2,Cu,c1ccccc1
qmof-e027183,UXIWEE_FSR,bandgap_3.5_to_4.0eV,4,Cu,c1ccccc1
qmof-83d4ba2,IYAVUB_FSR,bandgap_3.5_to_4.0eV,2,Cd,c1ccccc1
qmof-53c5c03,IXAJIB_FSR,bandgap_3.5_to_4.0eV,2,Cr,c1cc(CCCc2ccncc2)ccn1
qmof-7cd572e,IXIPIQ_FSR,bandgap_3.5_to_4.0eV,1,Hg,
qmof-cfe7d74,GUWFUZ_FSR,bandgap_3.5_to_4.0eV,3,Zn,c1ccc2c(c1)nnn2CCCCn1nnc2ccccc21
qmof-9631486,BILFAE_FSR,bandgap_3.5_to_4.0eV,2,Cd,c1cc(SSc2ccncc2)ccn1
qmof-17bfa44,BIMVOL_FSR,bandgap_3.5_to_4.0eV,2,Zn,
qmof-d752b66,BINBIM_FSR,bandgap_3.5_to_4.0eV,4,Cd,c1ccc(-n2cnc(-c3cnccn3)n2)cc1
qmof-4c61e1e,BINROI_FSR,bandgap_3.5_to_4.0eV,2,Na,
qmof-e40f7eb,BINRUO_FSR,bandgap_3.5_to_4.0eV,2,Na,
qmof-0556e4a,BINSID_FSR,bandgap_3.5_to_4.0eV,2,Na,
qmof-8e4b4ba,UWEGUZ_FSR,bandgap_3.5_to_4.0eV,2,Cu,c1cc(-c2ccncc2)ccn1.c1ccccc1
qmof-790523b,UWIBAF_FSR,bandgap_3.5_to_4.0eV,4,Cd,
qmof-7eaf2a6,UTATOA_FSR,bandgap_3.5_to_4.0eV,5,Cd,c1cc(NNc2ccncc2)ccn1
qmof-f53f02a,IYIJUX_FSR,bandgap_3.5_to_4.0eV,1,Cd,c1cc(-n2ccnc2)nc(-n2ccnc2)c1
qmof-ea9f3d3,IYOBUV_FSR,bandgap_3.5_to_4.0eV,2,Zn,c1ccccc1
qmof-6253944,IYOLEO_FSR,bandgap_3.5_to_4.0eV,5,Au,c1ccc(P(CCP(c2ccccc2)c2ccccc2)c2ccccc2)cc1
qmof-d2bd698,IXIREO_FSR,bandgap_3.5_to_4.0eV,1,Hg,c1cc(CC2=NN=N[N]2)ccc1CC1=NN=N[N]1
qmof-3367507,BINXUS_FSR,bandgap_3.5_to_4.0eV,1,Ag,C1CN2CCN1CC2
qmof-55f4d83,BIPCOU_FSR,bandgap_3.5_to_4.0eV,2,Cu,
qmof-a14eac3,BIPFOX_FSR,bandgap_3.5_to_4.0eV,2,Ag,C1=CN=N[N]1.[CH]1C=NN=N1.[CH]1C=NN=N1
qmof-d1c7a8a,BIPGUD_FSR,bandgap_3.5_to_4.0eV,2,Co,
qmof-24cd035,BIVPUU_FSR,bandgap_3.5_to_4.0eV,5,Cu,C1=NN=N[N]1
qmof-0aad8d2,BIWDET_FSR,bandgap_3.5_to_4.0eV,3,Er,c1ccc(-c2ccccn2)nc1
qmof-a74dde5,UVUKIH_FSR,bandgap_3.5_to_4.0eV,4,Cd,
qmof-0926897,UVUKUT_FSR,bandgap_3.5_to_4.0eV,5,Cd,
qmof-79a6265,UYONIH_FSR,bandgap_3.5_to_4.0eV,2,Li,c1ccncc1
qmof-f99335e,BIYXEN_FSR,bandgap_3.5_to_4.0eV,5,Mo,
qmof-f2a6b8c,BIZSAF_FSR,bandgap_3.5_to_4.0eV,4,Cd,c1cc[nH+]cc1
qmof-9aa7703,BOCXUO_FSR,bandgap_3.5_to_4.0eV,4,Ni,
qmof-63a8eb1,BODKUB_FSR,bandgap_3.5_to_4.0eV,1,La,c1ccc(-c2ccccn2)nc1
qmof-1566e59,BODLAI_FSR,bandgap_3.5_to_4.0eV,4,La,c1ccc(-c2ccccn2)nc1
qmof-5c8a431,GURTUJ_FSR,bandgap_3.5_to_4.0eV,5,Cd,
qmof-af3f09a,GUTMEN_FSR,bandgap_3.5_to_4.0eV,1,K,
qmof-a23970b,GUVFIN_FSR,bandgap_3.5_to_4.0eV,2,Cu,
qmof-5ba77d8,GUVKOZ_FSR,bandgap_3.5_to_4.0eV,5,Hg,
qmof-24f6661,BIYHEZ_FSR,bandgap_3.5_to_4.0eV,4,Tb,c1ccncc1
qmof-d1efdeb,BIYNAB_FSR,bandgap_3.5_to_4.0eV,3,Ag,c1ccccc1
qmof-e49ee2a,UPUFOB_FSR,bandgap_3.5_to_4.0eV,4,Zn,
qmof-8802a19,URUFIY_FSR,bandgap_3.5_to_4.0eV,1,Rb,c1ccc(-c2ccccc2)cc1
qmof-1475835,URUFOE_FSR,bandgap_3.5_to_4.0eV,2,Cs,c1ccc(-c2ccccc2)cc1
qmof-5c23399,USATAK_FSR,bandgap_3.5_to_4.0eV,4,Cu,C1=C[N]N=C1.[CH]1C=CN=N1.[CH]1C=NN=C1
qmof-010521d,USAXOD_FSR,bandgap_3.5_to_4.0eV,2,Zn,c1ncn(-c2ccc(-c3ccc(-n4cncn4)cc3)cc2)n1
qmof-50ceacd,ULILAE_FSR,bandgap_3.5_to_4.0eV,2,Cd,c1cc(C2=NN=N[N]2)ccc1Oc1ccc(C2=NN=N[N]2)cc1.c1cc(C2=NN=N[N]2)ccc1Oc1ccc(C2=N[N]N=N2)cc1.c1cn(-c2ccc(-n3ccnc3)cc2)cn1
qmof-67792ac,GUMHUT_FSR,bandgap_3.5_to_4.0eV,5,Ca,c1ccc2ccccc2c1
qmof-e4c240e,GUNCEZ_FSR,bandgap_3.5_to_4.0eV,3,Cu,C(=Cc1ccncc1)c1ccncc1
qmof-dc6f906,GUPLEJ_FSR,bandgap_3.5_to_4.0eV,1,Cu,O=C1[N]C=NC(=O)N1.c1cc(-c2ccncc2)ccn1
qmof-c9fe829,IZADUJ_FSR,bandgap_3.5_to_4.0eV,5,Ag,O=C(OCCOC(=O)c1cccnc1)c1cccnc1
qmof-b203da2,IZEBEV_FSR,bandgap_3.5_to_4.0eV,1,Cd,c1ccc(COc2ccccc2)cc1
qmof-5974966,IZUPOI_FSR,bandgap_3.5_to_4.0eV,1,Cu,c1ccncc1
qmof-5f7c6d5,JABYUH01_FSR,bandgap_3.5_to_4.0eV,4,Cu,
qmof-fdf90e2,UNISUH_FSR,bandgap_3.5_to_4.0eV,2,Zn,c1ccc(-c2ccccc2)cc1
qmof-cf9e297,UNOQOE_FSR,bandgap_3.5_to_4.0eV,3,Zn,S=c1[nH]c2ccccc2[nH]1
qmof-f986f08,UNATOT_FSR,bandgap_3.5_to_4.0eV,4,Cu,S=C1[N]N=CN1
qmof-03bf79f,UNATUZ_FSR,bandgap_3.5_to_4.0eV,5,Cu,
qmof-6813206,UNAWEN_FSR,bandgap_3.5_to_4.0eV,4,Pb,
qmof-7075266,UNEKAA_FSR,bandgap_3.5_to_4.0eV,3,Ag,c1ccc(-c2cncnc2)cc1
qmof-c634231,UNEZAP_FSR,bandgap_3.5_to_4.0eV,1,Ni,C1=C[N]N=C1.[CH]1C=NN=C1.[CH]1N=C2[N]C=NC=C2N1
qmof-20328e3,UNIPOX_FSR,bandgap_3.5_to_4.0eV,5,Zn,
qmof-efdc343,JADFOM_FSR,bandgap_3.5_to_4.0eV,5,Ni,O=S(=O)(c1ccccc1)c1ccccc1.[CH]1N=C[N]N1Cc1ccc(CN2[CH]N=C[N]2)cc1
qmof-e8a8d02,JAJTOE_FSR,bandgap_3.5_to_4.0eV,5,Fe,
qmof-fa3dfd9,JAKCAC_FSR,bandgap_3.5_to_4.0eV,4,Ca,O=C(Nc1ccccc1)C(=O)Nc1ccccc1
qmof-5d4c61c,GUKYUH_FSR,bandgap_3.5_to_4.0eV,2,Pb,
qmof-d20be6a,GULBEV_FSR,bandgap_3.5_to_4.0eV,2,Cd,C1=NN=N[N]1.c1ccncc1
qmof-0523aea,GUMDEZ_FSR,bandgap_3.5_to_4.0eV,5,Zn,C1=Nc2cc3c(cc2[N]1)N=C[N]3.C1=Nc2cc3c(cc2[N]1)[N]C=N3
qmof-7acc00d,ULIMOT_FSR,bandgap_3.5_to_4.0eV,3,Co,
qmof-9b63600,UMAREG_FSR,bandgap_3.5_to_4.0eV,1,Hg,
qmof-f3146bd,UMOXOK_FSR,bandgap_3.5_to_4.0eV,4,Fe,c1ccccc1.c1ccccc1
qmof-6546f48,UJULOC_FSR,bandgap_3.5_to_4.0eV,1,Zn,c1ccccc1.c1ccccc1
qmof-2d83ac3,UKEWIR_FSR,bandgap_3.5_to_4.0eV,5,Na,
qmof-1c906c4,UKEWOX_FSR,bandgap_3.5_to_4.0eV,1,Na,
qmof-9f43bb6,BOFTAS_FSR,bandgap_3.5_to_4.0eV,1,Mn,c1ccccc1
qmof-18f4601,BOFTOI_FSR,bandgap_3.5_to_4.0eV,2,Organic_Only,c1ccc(-c2ccccn2)nc1
qmof-d9508ee,BOGNUH_FSR,bandgap_3.5_to_4.0eV,2,Cu,
qmof-f621598,BOHGOU_FSR,bandgap_3.5_to_4.0eV,5,Mn,
qmof-7903c7a,JAWGUK_FSR,bandgap_3.5_to_4.0eV,3,Pb,
qmof-215dc85,JAWZOX_FSR,bandgap_3.5_to_4.0eV,3,Cu,C1=Nc2ccccc2[N]1
qmof-2a9c089,JAWZUD_FSR,bandgap_3.5_to_4.0eV,2,Cu,
qmof-01a1b42,JAYTIN_FSR,bandgap_3.5_to_4.0eV,2,Cd,
qmof-1b23ab1,JAMSEY_FSR,bandgap_3.5_to_4.0eV,1,Ni,c1ccc(-c2ccncc2)cc1
qmof-8f0d8a7,JAQQEA_FSR,bandgap_3.5_to_4.0eV,1,Hg,
qmof-c7b5538,JAQQOK_FSR,bandgap_3.5_to_4.0eV,4,Hg,
qmof-6c32ceb,UKILOR_FSR,bandgap_3.5_to_4.0eV,4,Cd,c1cc[nH+]cc1
qmof-1afa76c,ULIBAU_FSR,bandgap_3.5_to_4.0eV,4,Co,c1ccccc1
qmof-a2a082e,ULIBEY_FSR,bandgap_3.5_to_4.0eV,5,Ni,c1ccccc1
qmof-e197e2d,ULIBOG_FSR,bandgap_3.5_to_4.0eV,1,Zn,c1ccccc1.c1cnccn1
qmof-acef972,ULIGAX_FSR,bandgap_3.5_to_4.0eV,3,Zn,
qmof-e5b4e33,UJAQIG_FSR,bandgap_3.5_to_4.0eV,4,Ag,c1ccc(OCOc2ccccc2)cc1
qmof-c77937a,UJATAB_FSR,bandgap_3.5_to_4.0eV,2,Sm,c1ccc(OCOc2ccccc2)cc1
qmof-2e54a3e,UJATUV_FSR,bandgap_3.5_to_4.0eV,3,Nd,c1ccc(OCCOc2ccccc2)cc1
qmof-39711c0,JATQUT_FSR,bandgap_3.5_to_4.0eV,5,Pb,
qmof-355c52b,GUHHEY_FSR,bandgap_3.5_to_4.0eV,3,Zn,c1ccc2ccccc2c1
qmof-083e336,GUJBEU_FSR,bandgap_3.5_to_4.0eV,1,Zn,[CH]1N=C[N]N1CCCCN1[CH]N=C[N]1.c1cnccn1
qmof-920a29d,GUKCEW_FSR,bandgap_3.5_to_4.0eV,4,Cd,[CH]([N][N][CH]c1ccncc1)c1ccncc1
qmof-981de6a,GUKLOO_FSR,bandgap_3.5_to_4.0eV,5,Ag,c1ccncc1
qmof-215f36e,GUKPOS_FSR,bandgap_3.5_to_4.0eV,4,Nd,c1ccccc1
qmof-fe6e0c3,GUKQIN_FSR,bandgap_3.5_to_4.0eV,4,Ag,c1ccccc1.c1cncnc1
qmof-df0aa6e,JAVKAV_FSR,bandgap_3.5_to_4.0eV,2,Ag,c1ccc(Sc2ncccn2)nc1
qmof-fab3293,UJIPOU_FSR,bandgap_3.5_to_4.0eV,3,Ni,c1ccc(Cn2ccnc2)c(Cn2ccnc2)c1
qmof-f27e4c8,UJOLOU_FSR,bandgap_3.5_to_4.0eV,3,Zn,c1ccccc1
qmof-da484b1,BOJXAA_FSR,bandgap_3.5_to_4.0eV,5,Ag,S=C1NCCN1
qmof-3ef90f5,BOLHAM_FSR,bandgap_3.5_to_4.0eV,3,Sm,c1ccccc1
qmof-58d0589,BOLHEQ_FSR,bandgap_3.5_to_4.0eV,3,Tb,c1ccccc1
qmof-1692715,BOLHOA_FSR,bandgap_3.5_to_4.0eV,1,Gd,c1ccccc1
qmof-faa6257,BOMDIS_FSR,bandgap_3.5_to_4.0eV,3,Eu,c1ccc(Oc2ccccc2)cc1
qmof-27e7e43,BOMDOY_FSR,bandgap_3.5_to_4.0eV,5,Tb,c1ccc(Oc2ccccc2)cc1
qmof-554f103,UGOXIX01_FSR,bandgap_3.5_to_4.0eV,3,Cd,c1ccc2ccccc2c1
qmof-ca968a3,JELNIA_FSR,bandgap_3.5_to_4.0eV,2,Cd,c1cc(C2=NN=C(c3nc[nH]n3)[N]2)ccn1
qmof-2521623,JELVOM_FSR,bandgap_3.5_to_4.0eV,2,Cu,
qmof-b10b92b,JEBCUP_FSR,bandgap_3.5_to_4.0eV,4,Ga,
qmof-30fc692,JEBDAW_FSR,bandgap_3.5_to_4.0eV,1,Ga,
qmof-3179146,JECFED_FSR,bandgap_3.5_to_4.0eV,1,Cd,C1CCCCC1
qmof-d5868e4,JECRUF_FSR,bandgap_3.5_to_4.0eV,4,Cd,c1cc(Cc2ccc(Cc3ccncc3)cc2)ccn1
qmof-8a6175e,JEDGAB_FSR,bandgap_3.5_to_4.0eV,4,Ag,c1cncnc1
qmof-80ff2f8,JEDJAE02_FSR,bandgap_3.5_to_4.0eV,2,Na,
qmof-ca14cc9,UHEQOO_FSR,bandgap_3.5_to_4.0eV,3,Bi,c1ccccc1
qmof-265801c,UGARUQ_FSR,bandgap_3.5_to_4.0eV,5,Mn,c1ccccc1
qmof-7172aca,UGENAX_FSR,bandgap_3.5_to_4.0eV,2,Zn,c1ccc(CC2=NN=N[N]2)cc1
qmof-8a1ead5,UGOKUY_FSR,bandgap_3.5_to_4.0eV,3,Fe,
qmof-bdb947d,BOMDUE_FSR,bandgap_3.5_to_4.0eV,4,Gd,c1ccc(Oc2ccccc2)cc1
qmof-98c31c9,BOMGIV_FSR,bandgap_3.5_to_4.0eV,2,Ag,c1ccccc1
qmof-87a7ada,BONNIC_FSR,bandgap_3.5_to_4.0eV,1,Cd,c1ccncc1
qmof-0858cc1,GUGWAI_FSR,bandgap_3.5_to_4.0eV,2,Zn,c1cc(-c2ccncc2)ccn1
qmof-a1aad4f,BOSDAQ_FSR,bandgap_3.5_to_4.0eV,2,Y,c1ccccc1
qmof-4c98c16,BOSDIY_FSR,bandgap_3.5_to_4.0eV,2,Dy,c1ccccc1
qmof-14d74fb,BOVPOS_FSR,bandgap_3.5_to_4.0eV,5,Cd,S=C1[N]N=CS1
qmof-8be7b17,UFAVED_FSR,bandgap_3.5_to_4.0eV,2,Cu,c1cc(SSc2ccncc2)ccn1
qmof-6b8897f,GUBYAE_FSR,bandgap_3.5_to_4.0eV,5,Ag,O=C(Nc1ccccc1)Nc1ccccn1
qmof-baf873c,GUFHEV_FSR,bandgap_3.5_to_4.0eV,2,Zn,c1cc(-c2ccncc2)ccn1.c1ccccc1
qmof-7f68609,GUFRAB_FSR,bandgap_3.5_to_4.0eV,1,Cd,c1cc(-c2ccncc2)ccn1.c1ccccc1
qmof-5da988a,JEGCAC_FSR,bandgap_3.5_to_4.0eV,2,Zn,c1ccccc1
qmof-ac29289,JEGNOZ_FSR,bandgap_3.5_to_4.0eV,4,Cu,
qmof-4fa0fbd,JEHJEO_FSR,bandgap_3.5_to_4.0eV,2,Zn,c1cc(Cn2ccnc2-c2nccn2Cc2ccncc2)ccn1
qmof-f5464fc,BONTUU_FSR,bandgap_3.5_to_4.0eV,1,Zn,C1CCOC1
qmof-df313d5,BOQKAV_FSR,bandgap_3.5_to_4.0eV,5,Cd,c1ccc2ccccc2c1.c1cn(-c2ccc(OCOc3ccc(-n4ccnc4)cc3)cc2)cn1
qmof-9269a92,BOQSOQ_FSR,bandgap_3.5_to_4.0eV,1,Cd,c1cc(OCc2ccncc2)cc(OCc2ccncc2)c1.c1ccccc1
qmof-88f4e11,UFUGAF_FSR,bandgap_3.5_to_4.0eV,1,Ag,
qmof-75a2dcd,UFUKUB01_FSR,bandgap_3.5_to_4.0eV,2,Co,c1ccccc1
qmof-3a04018,BOQWEK_FSR,bandgap_3.5_to_4.0eV,4,Zn,c1c[nH]cn1
qmof-e31c890,BOXZAQ_FSR,bandgap_3.5_to_4.0eV,1,Pd,[C]1NC=CC=C1CSc1ccccc1
qmof-6270723,UBIPAY_FSR,bandgap_3.5_to_4.0eV,4,Mn,c1ccc(C2C(c3ccncc3)C(c3ccccc3)C2c2ccncc2)cc1
qmof-e90fcf1,JELVOO_FSR,bandgap_3.5_to_4.0eV,5,Co,
qmof-661484e,JEMMUM_FSR,bandgap_3.5_to_4.0eV,5,Cd,
qmof-ed830ef,JENQUR_FSR,bandgap_3.5_to_4.0eV,2,Zn,c1ccccc1
qmof-20fc58e,JENWIL_FSR,bandgap_3.5_to_4.0eV,1,Zn,c1ccccc1
qmof-8deddd1,JETVOW_FSR,bandgap_3.5_to_4.0eV,2,Zn,
qmof-8aa82f9,UCOCIZ_FSR,bandgap_3.5_to_4.0eV,4,Sr,c1ccccc1
qmof-9314df5,UCOCOE_FSR,bandgap_3.5_to_4.0eV,5,Ag,C1CSCCS1
qmof-eb82347,UCORAH_FSR,bandgap_3.5_to_4.0eV,5,Zn,C=C1C=C1
qmof-9826a4f,UDADAH01_FSR,bandgap_3.5_to_4.0eV,2,Ag,
qmof-ca948cb,UFETEF_FSR,bandgap_3.5_to_4.0eV,2,Ag,c1ccc2[nH]nnc2c1
qmof-bc7f882,UFIKAX01_FSR,bandgap_3.5_to_4.0eV,3,Cs,
qmof-6331411,UFIMUS_FSR,bandgap_3.5_to_4.0eV,4,Ag,c1ccncc1
qmof-602a53e,UFIPEF_FSR,bandgap_3.5_to_4.0eV,5,Au,
qmof-e4df938,UFITUZ_FSR,bandgap_3.5_to_4.0eV,4,Hg,
qmof-5c2c834,JEXLEG_FSR,bandgap_3.5_to_4.0eV,2,Ag,c1ccccc1
qmof-84d406d,JEXPAE_FSR,bandgap_3.5_to_4.0eV,2,Cu,c1cnccn1
qmof-4623c6a,UBOCIX01_FSR,bandgap_3.5_to_4.0eV,3,Zn,c1cc(-c2ccncc2)ccn1
qmof-00a8f3e,UBOCIX03_FSR,bandgap_3.5_to_4.0eV,5,Zn,c1cc(-c2ccncc2)ccn1
qmof-3bba40c,UBOCOD01_FSR,bandgap_3.5_to_4.0eV,2,Zn,c1cc(-c2ccncc2)ccn1
qmof-da9cf4c,UBOCOD02_FSR,bandgap_3.5_to_4.0eV,3,Zn,c1cc(-c2ccncc2)ccn1
qmof-c8aa86a,UCECOU_FSR,bandgap_3.5_to_4.0eV,2,Mo,
qmof-cfe42f1,TUYFEA_FSR,bandgap_3.5_to_4.0eV,3,Zn,C1=NN=C[N]1
qmof-8c62c61,TUZHED_FSR,bandgap_3.5_to_4.0eV,5,Au,
qmof-e1fba52,TUZHIH_FSR,bandgap_3.5_to_4.0eV,1,Ca,
qmof-316e022,TUZHON_FSR,bandgap_3.5_to_4.0eV,3,Mg,
qmof-5cb137b,TUZHUT_FSR,bandgap_3.5_to_4.0eV,2,Pt,
qmof-86f9355,TUZJAB_FSR,bandgap_3.5_to_4.0eV,1,Ba,
qmof-6903ec5,UDICUH_FSR,bandgap_3.5_to_4.0eV,2,Bi,c1ccccc1
qmof-9e34535,BOVPUZ_FSR,bandgap_3.5_to_4.0eV,1,Li,c1ccccc1
qmof-fd0958d,BOXMUY_FSR,bandgap_3.5_to_4.0eV,1,Cu,c1ccncc1
qmof-5a15f19,GOYROD_FSR,bandgap_3.5_to_4.0eV,4,Cd,
qmof-70e0ff9,GOYXAV_FSR,bandgap_3.5_to_4.0eV,5,Ag,c1ccncc1.c1ccncc1
qmof-9bcf7b3,GOYXID_FSR,bandgap_3.5_to_4.0eV,3,Ag,c1ccncc1.c1ccncc1
qmof-b5fc143,GOYXOJ_FSR,bandgap_3.5_to_4.0eV,2,Ag,c1ccncc1.c1ccncc1
qmof-9f99f89,GOYXUP_FSR,bandgap_3.5_to_4.0eV,4,Ag,c1ccncc1.c1ccncc1
qmof-bb8b1ce,GOYYAW_FSR,bandgap_3.5_to_4.0eV,3,Ag,c1ccncc1.c1ccncc1
qmof-35e46f1,GOYYEA_FSR,bandgap_3.5_to_4.0eV,4,Ag,c1ccncc1.c1ccncc1
qmof-26406d0,GOYYIE_FSR,bandgap_3.5_to_4.0eV,5,Ag,c1ccncc1.c1ccncc1
qmof-38301b9,GUBFOY_FSR,bandgap_3.5_to_4.0eV,3,Cd,c1cc(-c2ccc(-c3ccncc3)cc2)ccn1
qmof-01cfceb,JEXSIP_FSR,bandgap_3.5_to_4.0eV,1,Cu,c1c[nH]cn1
qmof-a8ae4f0,JICPIX_FSR,bandgap_3.5_to_4.0eV,1,Nd,c1ccc(-c2cc(-c3ccccc3)cc(-c3ccccc3)c2)cc1
qmof-13e5eb8,JICXIF_FSR,bandgap_3.5_to_4.0eV,1,Zn,c1cc(-c2ccncc2)ccn1.c1ccccc1
qmof-a7d6e06,JIMHAR_FSR,bandgap_3.5_to_4.0eV,3,Zn,
qmof-aa5070e,JINFES_FSR,bandgap_3.5_to_4.0eV,2,Cu,c1ccncc1
qmof-505096a,JEVWEM_FSR,bandgap_3.5_to_4.0eV,1,Cd,
qmof-4aae0f6,JEVZUG_FSR,bandgap_3.5_to_4.0eV,1,Co,c1ccncc1
qmof-69fc545,TURTEF_FSR,bandgap_3.5_to_4.0eV,1,Zn,O=C1C(=O)C(=O)C1=O
qmof-d740c19,TUVWAI_FSR,bandgap_3.5_to_4.0eV,3,Ag,c1ccc2c(c1)nnn2Cn1nnc2ccccc21
qmof-8296ee6,TUFFIK_FSR,bandgap_3.5_to_4.0eV,4,Cd,
qmof-5d392be,TUFWUN_FSR,bandgap_3.5_to_4.0eV,2,Ag,c1cc(C2=NN=N[N]2)ccc1C1=NN=N[N]1
qmof-cb06477,TUGDOQ_FSR,bandgap_3.5_to_4.0eV,1,Ba,c1ccc(-c2ccccn2)nc1
qmof-887a10f,TUHGIM_FSR,bandgap_3.5_to_4.0eV,1,Cu,
qmof-7c7fd1a,TUJCAE_FSR,bandgap_3.5_to_4.0eV,5,Cu,c1ccc(Oc2cccnc2)cc1
qmof-069478f,BUDDIO_FSR,bandgap_3.5_to_4.0eV,4,K,c1ccc(-c2ccccn2)nc1
qmof-8dad5f3,GOVFEC_FSR,bandgap_3.5_to_4.0eV,4,Mn,
qmof-a50b67b,BOYFUS_FSR,bandgap_3.5_to_4.0eV,1,Cd,[CH]1C=NC(c2ccccn2)=N1
qmof-522809d,BOYSIT_FSR,bandgap_3.5_to_4.0eV,4,Zn,c1ccc(Oc2ccccc2)cc1
qmof-d9fa5cf,BUBCOS_FSR,bandgap_3.5_to_4.0eV,5,Zn,O=[PH]1C[PH](=O)[O][Zn][O]1
qmof-2d365d4,TUMFUE_FSR,bandgap_3.5_to_4.0eV,3,Cd,c1ccc(-c2nnc(-c3cccnc3)n2-c2ccncc2)nc1
qmof-9533602,TUMGAL_FSR,bandgap_3.5_to_4.0eV,3,Cd,c1ccc(-c2nnc(-c3cccnc3)n2-c2ccncc2)nc1
qmof-62cd69a,TUMGIT_FSR,bandgap_3.5_to_4.0eV,3,Cd,c1ccc(-c2nnc(-c3cccnc3)n2-c2ccncc2)nc1
qmof-f57add2,TUNBUB_FSR,bandgap_3.5_to_4.0eV,4,Cu,
qmof-ae9181c,BUQSUC_FSR,bandgap_3.5_to_4.0eV,3,Pb,
qmof-d089c7c,JIZDOO_FSR,bandgap_3.5_to_4.0eV,4,Cu,c1ccc(C2SCCCS2)cc1
qmof-532e67d,JIRNII_FSR,bandgap_3.5_to_4.0eV,4,Cd,
qmof-aa7f699,JIRQEH01_FSR,bandgap_3.5_to_4.0eV,5,Zn,c1ccccc1
qmof-1a78d9c,BUNFUM_FSR,bandgap_3.5_to_4.0eV,4,Zn,
qmof-557b940,BUNJEA_FSR,bandgap_3.5_to_4.0eV,2,Zn,c1ccccc1
qmof-f77c0e0,BUNLON_FSR,bandgap_3.5_to_4.0eV,1,Zn,C1CCCCC1.O=S(=O)(c1ccc(-n2ccnc2)cc1)c1ccc(-n2ccnc2)cc1
qmof-bdba6fb,TOCFOG_FSR,bandgap_3.5_to_4.0eV,4,Ag,
qmof-1b41ebc,TOFLOR_FSR,bandgap_3.5_to_4.0eV,4,Zn,c1cc(CCc2ccncc2)ccn1.c1ccccc1
qmof-6680eb0,TOJPIT_FSR,bandgap_3.5_to_4.0eV,5,Tb,
qmof-908c20a,TOKBAX_FSR,bandgap_3.5_to_4.0eV,2,Cd,c1cnccn1
qmof-115bd6e,BUDGAJ_FSR,bandgap_3.5_to_4.0eV,1,Ag,c1ccncc1.c1ccncc1
qmof-a5cf871,BUDGEN_FSR,bandgap_3.5_to_4.0eV,1,Pb,
qmof-435674b,TOQGEN_FSR,bandgap_3.5_to_4.0eV,5,Cu,c1ccncc1
qmof-0a24ace,TOZHAR_FSR,bandgap_3.5_to_4.0eV,4,Ag,
qmof-920e89b,BULZUE_FSR,bandgap_3.5_to_4.0eV,1,Cu,[CH]1N=C[N]c2[nH]cnc21
qmof-5cb01c3,GOTNUA_FSR,bandgap_3.5_to_4.0eV,5,Cd,
qmof-7edf98b,GOTYIZ_FSR,bandgap_3.5_to_4.0eV,1,Cs,O=c1c(-c2ccccc2)coc2ccccc12
qmof-f17dd8e,JIVFUQ_FSR,bandgap_3.5_to_4.0eV,3,Zn,c1ccccc1
qmof-edf8a77,JIZCAZ_FSR,bandgap_3.5_to_4.0eV,3,Cu,
qmof-4d1b04c,JIZDOO01_FSR,bandgap_3.5_to_4.0eV,5,Cu,c1ccc(C2SCCCS2)cc1
qmof-bc95055,BUSMUZ_FSR,bandgap_3.5_to_4.0eV,2,La,c1cc(-c2ccncc2)ccn1
qmof-a6fa008,BUSNAG_FSR,bandgap_3.5_to_4.0eV,4,Pr,c1cc(-c2ccncc2)ccn1
qmof-aa812e3,BUSNOU_FSR,bandgap_3.5_to_4.0eV,1,Gd,
qmof-064c285,TISTEU_FSR,bandgap_3.5_to_4.0eV,2,Zn,c1cncnc1
qmof-8097d72,TITHUC_FSR,bandgap_3.5_to_4.0eV,2,Cu,
qmof-48b7d44,TIVPUL_FSR,bandgap_3.5_to_4.0eV,3,Cu,C1=NN=N[N]1.c1cc(CCCc2ccncc2)ccn1
qmof-deef83c,BUTTUG_FSR,bandgap_3.5_to_4.0eV,3,Organic_Only,
qmof-f65f438,BUTYUM_FSR,bandgap_3.5_to_4.0eV,2,Hg,
qmof-4178b92,TIXBUZ_FSR,bandgap_3.5_to_4.0eV,1,Zn,C1=NN=N[N]1.O=C1[N][N]C(=O)c2ccccc21
qmof-3643545,TIZQIE_FSR,bandgap_3.5_to_4.0eV,2,Cu,c1cn(Cc2ccc(Cn3ccnc3)cc2)cn1
qmof-010dd4a,TOBFAS_FSR,bandgap_3.5_to_4.0eV,5,Cu,c1cncc(-c2nn[nH]n2)c1
qmof-b73a1d3,TIMXUI_FSR,bandgap_3.5_to_4.0eV,5,Hg,
qmof-bc37b20,GOLQII_FSR,bandgap_3.5_to_4.0eV,3,Ag,c1ccncc1
qmof-7dcae20,GORCUL01_FSR,bandgap_3.5_to_4.0eV,5,Cu,
qmof-3d5971c,JOCNOH_FSR,bandgap_3.5_to_4.0eV,2,Co,[CH]1N=C[N]N1Cc1ccc(CN2[CH]N=C[N]2)cc1.c1ccccc1
qmof-7931216,JODFUD_FSR,bandgap_3.5_to_4.0eV,5,Mn,
qmof-34cda6e,BUWWAT_FSR,bandgap_3.5_to_4.0eV,4,Sm,c1ccc(-c2ccccn2)nc1
qmof-633e487,BUWWIB_FSR,bandgap_3.5_to_4.0eV,4,La,c1ccc(-c2ccccn2)nc1
qmof-0cf6fb4,BUWWOH_FSR,bandgap_3.5_to_4.0eV,3,Gd,c1ccc(-c2ccccn2)nc1
qmof-a1057f3,BUWWUN_FSR,bandgap_3.5_to_4.0eV,2,Dy,c1ccc(-c2ccccn2)nc1
qmof-d94e243,TIRFUW_FSR,bandgap_3.5_to_4.0eV,5,In,c1ccc2ccccc2c1
qmof-a2d53f7,TIRJAH_FSR,bandgap_3.5_to_4.0eV,3,Zn,
qmof-3f39a03,TISBII_FSR,bandgap_3.5_to_4.0eV,2,Cd,
qmof-bc6baae,TISBOO_FSR,bandgap_3.5_to_4.0eV,3,Cd,
qmof-697c6bc,BUXKUC_FSR,bandgap_3.5_to_4.0eV,4,Cd,
qmof-3c501fe,GOSMAE_FSR,bandgap_3.5_to_4.0eV,1,Zn,
qmof-0943bf3,GOTNUA01_FSR,bandgap_3.5_to_4.0eV,3,Cd,
qmof-99bf606,TEKRIM_FSR,bandgap_3.5_to_4.0eV,2,Ca,O=[PH](Oc1ccccc1)Oc1ccccc1
qmof-4e8959d,TEQQAI_FSR,bandgap_3.5_to_4.0eV,5,Pb,c1ccncc1
qmof-42ef884,TEQTAK_FSR,bandgap_3.5_to_4.0eV,4,Cd,c1cc[nH+]cc1
qmof-88816e9,TERRAK_FSR,bandgap_3.5_to_4.0eV,3,Co,c1cc[nH+]cc1
qmof-dcc9417,JOJMEB_FSR,bandgap_3.5_to_4.0eV,5,Organic_Only,c1cnccn1
qmof-ae3277e,JOJGIA_FSR,bandgap_3.5_to_4.0eV,4,Cu,c1ccc(-c2ccccn2)nc1
qmof-65f86ea,BZTZTL_FSR,bandgap_3.5_to_4.0eV,3,Tl,
qmof-7571eaa,CABSUW_FSR,bandgap_3.5_to_4.0eV,1,Cd,
qmof-6f47ba4,CACCOB_FSR,bandgap_3.5_to_4.0eV,2,Cu,c1ccccc1
qmof-68e1c8f,CADJEX_FSR,bandgap_3.5_to_4.0eV,1,Cu,
qmof-25162af,TIBNUP_FSR,bandgap_3.5_to_4.0eV,3,Zn,c1ccc2ncccc2c1
qmof-5038232,TIBQAX_FSR,bandgap_3.5_to_4.0eV,5,Ni,C1CNCCN1.c1ccccc1
qmof-7143528,TIJGOJ_FSR,bandgap_3.5_to_4.0eV,4,Cu,c1ccc2ncccc2c1
qmof-3209aae,TIJGUP_FSR,bandgap_3.5_to_4.0eV,3,Cd,c1ccc2ncccc2c1
qmof-9dd2a8a,TILJEE_FSR,bandgap_3.5_to_4.0eV,5,Co,
qmof-b25a2c3,TILWOB_FSR,bandgap_3.5_to_4.0eV,4,Pb,
qmof-ebf848f,CANYIA01_FSR,bandgap_3.5_to_4.0eV,3,Cu,
qmof-926904e,TEHLID_FSR,bandgap_3.5_to_4.0eV,1,Ag,c1ccncc1
qmof-7810936,TEHQIG_FSR,bandgap_3.5_to_4.0eV,1,Co,c1cnccn1
qmof-136fa43,GOHZAG01_FSR,bandgap_3.5_to_4.0eV,4,Na,c1ccccc1
qmof-1d0d16f,GOJDOZ_FSR,bandgap_3.5_to_4.0eV,5,Organic_Only,C1CCC1
qmof-ab504c7,GOJHAP_FSR,bandgap_3.5_to_4.0eV,5,Zn,
qmof-0165dd2,GOJHOD_FSR,bandgap_3.5_to_4.0eV,1,Zn,c1ccccc1.c1cnccn1
qmof-37c4e91,GOJHUJ_FSR,bandgap_3.5_to_4.0eV,2,Zn,c1ccccc1.c1cnccn1
qmof-3e06937,GOLLIE_FSR,bandgap_3.5_to_4.0eV,4,Mn,
qmof-b746762,JOJGOG_FSR,bandgap_3.5_to_4.0eV,5,Cd,c1ccc(-c2ccccn2)nc1
qmof-3119618,CAFCET_FSR,bandgap_3.5_to_4.0eV,3,Cd,c1ccccc1
qmof-526eb14,CAFCIX_FSR,bandgap_3.5_to_4.0eV,3,Cd,c1ccccc1
qmof-32b39ac,CAFGEX_FSR,bandgap_3.5_to_4.0eV,5,Zn,
qmof-7a91c8f,CAGFIC_FSR,bandgap_3.5_to_4.0eV,1,Cd,C1=NN=C(c2ccccn2)[N]1.c1ccccc1
qmof-86d10b6,CAGKON_FSR,bandgap_3.5_to_4.0eV,1,Na,O=C1[P]C(=O)P1C=Nc1ccccc1
qmof-99aa4cb,TEJHIB_FSR,bandgap_3.5_to_4.0eV,3,Pb,
qmof-75db304,TAKKAS_FSR,bandgap_3.5_to_4.0eV,3,Cu,
qmof-0645840,TALJOI_FSR,bandgap_3.5_to_4.0eV,5,Zn,C(=Nn1cnnc1)c1cccnc1
qmof-cb0c828,TALKIB_FSR,bandgap_3.5_to_4.0eV,3,Cu,C1=NN=C[N]1
qmof-e556c47,TATCAV_FSR,bandgap_3.5_to_4.0eV,4,Gd,c1ccc2ccccc2c1
qmof-70bc81f,CAPVEW_FSR,bandgap_3.5_to_4.0eV,5,Ag,c1ccccc1
qmof-8e16ab1,TAPHOH_FSR,bandgap_3.5_to_4.0eV,2,Cu,
qmof-e6a8ac7,JUDQAC_FSR,bandgap_3.5_to_4.0eV,4,Gd,
qmof-00f576b,TAWNUC_FSR,bandgap_3.5_to_4.0eV,4,Co,c1ccccc1.c1cn(-c2ccc(-n3ccnc3)cc2)cn1
qmof-195c4a9,TAZZUS_FSR,bandgap_3.5_to_4.0eV,3,K,
qmof-b9e1a1b,TEBZIJ_FSR,bandgap_3.5_to_4.0eV,3,Cu,c1cnccn1
qmof-40c1cc0,TATBUO_FSR,bandgap_3.5_to_4.0eV,5,Y,c1ccc2ccccc2c1
qmof-2e54ffc,CAJFIF_FSR,bandgap_3.5_to_4.0eV,4,Ag,c1nnn[nH]1
qmof-8ff5155,CAJLAD_FSR,bandgap_3.5_to_4.0eV,2,Ag,[CH]1N=C[N]N1Cn1nc(-c2ccncc2)nc1-c1ccncc1.c1ccccc1
qmof-0fa4d72,CAJTUD_FSR,bandgap_3.5_to_4.0eV,2,K,
qmof-724492a,CANQEO_FSR,bandgap_3.5_to_4.0eV,5,Zn,C1=NN=C[C]1c1ccncc1.C1=N[N]C=C1c1ccncc1.[CH]1N=NC=C1c1ccncc1
qmof-2461a2e,CANWAS_FSR,bandgap_3.5_to_4.0eV,3,Cd,c1ccccc1
qmof-a0c2669,TABPOC_FSR,bandgap_3.5_to_4.0eV,2,Ag,c1cnccn1
qmof-5651075,CAXBUZ_FSR,bandgap_3.5_to_4.0eV,5,Cu,c1cnccn1
qmof-d64d83c,CAXXOQ_FSR,bandgap_3.5_to_4.0eV,2,Cu,C1=NN=N[N]1.c1cnccn1
qmof-4d45fdb,CAXXUW_FSR,bandgap_3.5_to_4.0eV,5,Cu,C1=NN=N[N]1.C1=N[N]N=N1.c1cncnc1
qmof-c3af10d,JURZON_FSR,bandgap_3.5_to_4.0eV,1,Cd,
qmof-bf96c4f,GODDIO_FSR,bandgap_3.5_to_4.0eV,5,Cd,c1ccc(-c2ccccc2)cc1
qmof-d96997b,GODDOU_FSR,bandgap_3.5_to_4.0eV,5,Zn,c1ccc(-c2ccccc2)cc1
qmof-7aa2739,GOHCOV_FSR,bandgap_3.5_to_4.0eV,2,Cd,c1ccc(NCc2ccncc2)nc1
qmof-587db4e,GOHMUM_FSR,bandgap_3.5_to_4.0eV,4,Cd,
qmof-5a5a67f,GOHVUW01_FSR,bandgap_3.5_to_4.0eV,2,Organic_Only,c1ccncc1
qmof-b133873,TAMBOZ_FSR,bandgap_3.5_to_4.0eV,5,Pb,
qmof-bed05b6,CAVBUX_FSR,bandgap_3.5_to_4.0eV,2,Zn,
qmof-68c71c0,CAVCAE_FSR,bandgap_3.5_to_4.0eV,4,Zn,
qmof-1c4f970,TAPQUZ_FSR,bandgap_3.5_to_4.0eV,4,Zn,c1ccc(-c2ccccc2)cc1
qmof-6494c32,TAPREK_FSR,bandgap_3.5_to_4.0eV,1,Zn,c1ccc2ccccc2c1
qmof-374d608,TAHVUW_FSR,bandgap_3.5_to_4.0eV,2,Pb,O=S(=O)(c1ccccc1)c1ccccc1.c1cc(-c2ccncc2)ccn1
qmof-726ab18,GOCSOI_FSR,bandgap_3.5_to_4.0eV,1,Cu,c1ccccc1
qmof-08f6834,GOCTAV_FSR,bandgap_3.5_to_4.0eV,2,Cu,O=C(Nc1ccncc1)c1cccnc1.c1ccccc1
qmof-f69b853,JUKZOE_FSR,bandgap_3.5_to_4.0eV,3,K,
qmof-1b76fc2,JULDEB_FSR,bandgap_3.5_to_4.0eV,2,Cu,
qmof-1a3858d,JUPHEH01_FSR,bandgap_3.5_to_4.0eV,3,Cu,
qmof-e0af624,JUPHEH_FSR,bandgap_3.5_to_4.0eV,4,Cu,
qmof-b96a6b3,CAYDIR_FSR,bandgap_3.5_to_4.0eV,1,Cu,C(CC1=NN=N[N]1)OCCC1=NN=N[N]1
qmof-9ef7236,CAYJET_FSR,bandgap_3.5_to_4.0eV,2,Ni,
qmof-74bdf68,SUTTAD_FSR,bandgap_3.5_to_4.0eV,3,Cu,c1cncnc1
qmof-a4fe5d7,SUTTEH_FSR,bandgap_3.5_to_4.0eV,2,Cu,c1cncnc1
qmof-23cd4d0,SUWCEU_FSR,bandgap_3.5_to_4.0eV,3,Zn,c1ccccc1.c1ncc(-c2ccc(C3=NN=N[N]3)cc2)[nH]1
qmof-a74ac6d,TAHNAT_FSR,bandgap_3.5_to_4.0eV,3,Zn,
qmof-87a7761,SUXSOU_FSR,bandgap_3.5_to_4.0eV,4,Co,c1cc(CCc2ccncc2)ccn1.c1ccccc1
qmof-28aae3b,SUYCIY_FSR,bandgap_3.5_to_4.0eV,2,Cu,
qmof-19e89a7,TABFIO_FSR,bandgap_3.5_to_4.0eV,4,Cu,
qmof-4bae7c0,TABFUZ_FSR,bandgap_3.5_to_4.0eV,5,Ag,O=C(NC1=NN=N[N]1)c1ccccc1
qmof-f3695a8,CEBLUR01_FSR,bandgap_3.5_to_4.0eV,5,Zn,c1cc(SSc2ccncc2)ccn1
qmof-8d24977,CECMEF_FSR,bandgap_3.5_to_4.0eV,1,Ag,
qmof-54b048b,CECMIJ01_FSR,bandgap_3.5_to_4.0eV,3,Ag,c1ccccc1
qmof-b55a34a,GIXNIN_FSR,bandgap_3.5_to_4.0eV,1,Zn,c1ccccc1
qmof-bf2685f,GIXPAG_FSR,bandgap_3.5_to_4.0eV,2,Zn,
qmof-8d85a79,GIXWUG_FSR,bandgap_3.5_to_4.0eV,3,Zn,
qmof-39eaef5,GIYLUV_FSR,bandgap_3.5_to_4.0eV,4,Hg,
qmof-3b2f138,GIZKEG_FSR,bandgap_3.5_to_4.0eV,4,Tl,
qmof-7b88b10,JUYGER_FSR,bandgap_3.5_to_4.0eV,2,Zn,
qmof-0f15afa,SUHRAP_FSR,bandgap_3.5_to_4.0eV,2,K,
qmof-f6d23ff,SUHROD_FSR,bandgap_3.5_to_4.0eV,2,Cd,c1ccccc1
qmof-bd837da,SUJPUJ_FSR,bandgap_3.5_to_4.0eV,1,Co,
qmof-cc15248,SUNJER_FSR,bandgap_3.5_to_4.0eV,4,Yb,c1ccccc1
qmof-0f322ba,SUNJIV_FSR,bandgap_3.5_to_4.0eV,5,Dy,c1ccccc1
qmof-561b7f4,GLALCU10_FSR,bandgap_3.5_to_4.0eV,4,Cu,
qmof-2a2cbf3,GOCRAS_FSR,bandgap_3.5_to_4.0eV,5,Cd,
qmof-51ac6e2,SOJJAE_FSR,bandgap_3.5_to_4.0eV,1,In,c1ccccc1
qmof-eb98c8b,SOJMAH_FSR,bandgap_3.5_to_4.0eV,4,Mn,
qmof-f547638,SOJTEQ01_FSR,bandgap_3.5_to_4.0eV,3,Co,
qmof-37be428,GIWKUT_FSR,bandgap_3.5_to_4.0eV,5,Cd,c1cncc(Cn2nnc3ccccc32)c1
qmof-e4d19f2,GIWMOP_FSR,bandgap_3.5_to_4.0eV,2,Cd,
qmof-fbfcfb1,GIWXAN_FSR,bandgap_3.5_to_4.0eV,4,Cu,
qmof-7ec2a15,KAGKOV_FSR,bandgap_3.5_to_4.0eV,3,Ni,
qmof-e3895a7,GIXFUR_FSR,bandgap_3.5_to_4.0eV,1,Ag,
qmof-954922b,SOWTIJ_FSR,bandgap_3.5_to_4.0eV,4,Co,c1ccncc1
qmof-9df1bb0,SOYNAX_FSR,bandgap_3.5_to_4.0eV,5,Mg,c1ccccc1
qmof-6f907db,SOYWOU_FSR,bandgap_3.5_to_4.0eV,1,Cd,
qmof-e20ebfa,SUCHUV_FSR,bandgap_3.5_to_4.0eV,2,Zn,c1cc(CN2CCN(Cc3ccncc3)CC2)ccn1.c1ccc(-c2ccccc2)cc1
qmof-79fbfe6,SUDRIU_FSR,bandgap_3.5_to_4.0eV,2,Zn,c1ccc(-c2ccccc2)cc1
qmof-a12006c,SUFPAM_FSR,bandgap_3.5_to_4.0eV,5,Na,O=C1[N]c2nc(=O)[nH]nc2N1
qmof-ca6a000,SORVOL_FSR,bandgap_3.5_to_4.0eV,5,Cu,c1ccccc1
qmof-01ddc61,SUNJOB01_FSR,bandgap_3.5_to_4.0eV,1,Ho,c1ccccc1
qmof-a4003e1,GIRHOF_FSR,bandgap_3.5_to_4.0eV,1,Ag,[CH]1N=C[N]c2[nH]cnc21
qmof-61db27b,GISHAS_FSR,bandgap_3.5_to_4.0eV,1,Cu,
qmof-d44c3fa,GISHIC_FSR,bandgap_3.5_to_4.0eV,4,Cu,c1ccc(CCNCc2ccncc2)cc1
qmof-623be6c,GITQIM_FSR,bandgap_3.5_to_4.0eV,2,Cd,
qmof-a7b4a13,GIVXOY_FSR,bandgap_3.5_to_4.0eV,3,Sn,
qmof-43ba689,KAKSAT01_FSR,bandgap_3.5_to_4.0eV,5,Cu,C(=CCSc1ccccc1)CSc1ccccc1
qmof-f8dd6bc,KAKTIC01_FSR,bandgap_3.5_to_4.0eV,2,Cu,C(=CCSc1ccccc1)CSc1ccccc1
qmof-0e86d2f,KALNAN01_FSR,bandgap_3.5_to_4.0eV,3,Zn,c1cc(-c2ccncc2)ccn1
qmof-0ed4bf6,KALNUG_FSR,bandgap_3.5_to_4.0eV,4,Ag,
qmof-ad4da6e,CEDMEF_FSR,bandgap_3.5_to_4.0eV,4,Zn,
qmof-ce14def,CEFKEF_FSR,bandgap_3.5_to_4.0eV,3,Na,
qmof-cfe6420,SODCOE_FSR,bandgap_3.5_to_4.0eV,2,Organic_Only,c1cnccn1
qmof-0bbd918,SODCUK_FSR,bandgap_3.5_to_4.0eV,5,Na,c1cnccn1
qmof-51dd8e1,SOFXOB_FSR,bandgap_3.5_to_4.0eV,5,Cu,c1cncc(-c2nn[nH]n2)c1
qmof-8b503a2,SOTJOA_FSR,bandgap_3.5_to_4.0eV,1,Ca,O=C1[CH]C=NC(=O)N1
qmof-3ed90b5,SOVPAV01_FSR,bandgap_3.5_to_4.0eV,5,Pb,
qmof-e1c79f2,KALQAS_FSR,bandgap_3.5_to_4.0eV,4,Cu,C1=C[N]N=C1.[CH]1C=NN=C1.c1cnccn1
qmof-e9c75ec,KALXED_FSR,bandgap_3.5_to_4.0eV,1,Cu,
qmof-5019d12,KAMTOH06_FSR,bandgap_3.5_to_4.0eV,5,Ag,c1ccccc1
qmof-a2408a4,KANCUZ_FSR,bandgap_3.5_to_4.0eV,3,Zn,c1cc(-c2ccc(-c3ccncc3)cc2)ccn1.c1ccccc1
qmof-dbe1820,KANMUK_FSR,bandgap_3.5_to_4.0eV,1,Mn,O=C1c2ccccc2CN1c1ccccc1.c1cc(CCc2ccncc2)ccn1
qmof-23669af,SOCHIC_FSR,bandgap_3.5_to_4.0eV,3,Cd,c1cncc(-c2nnc(-c3cccnc3)s2)c1
qmof-a42e6fd,SIWGUB_FSR,bandgap_3.5_to_4.0eV,3,Cu,C1CCCCC1
qmof-358d837,SIWSOI_FSR,bandgap_3.5_to_4.0eV,2,Cu,
qmof-969433e,SIWVAW_FSR,bandgap_3.5_to_4.0eV,3,Cd,c1ccccc1
qmof-a7669d5,SIWVEA_FSR,bandgap_3.5_to_4.0eV,5,Zn,c1ccccc1
qmof-cf6cab8,SIXDUZ_FSR,bandgap_3.5_to_4.0eV,5,Ag,c1cc(C2=NN=N[N]2)ccn1
qmof-ff7ddd3,SIXTUP_FSR,bandgap_3.5_to_4.0eV,5,Zn,O=C(Nc1cccnc1)c1cccnc1
qmof-1895b57,SIXVIF_FSR,bandgap_3.5_to_4.0eV,3,Cd,O=C(Nc1cccnc1)c1ccncc1
qmof-cd2a559,CEHPOV_FSR,bandgap_3.5_to_4.0eV,4,Cu,c1cnccn1
qmof-b1f48a1,CEHQOX_FSR,bandgap_3.5_to_4.0eV,4,Bi,c1ccncc1
qmof-bf397c9,SNMAZH_FSR,bandgap_3.5_to_4.0eV,3,Sn,
qmof-966c83c,KAVYEN_FSR,bandgap_3.5_to_4.0eV,4,V,c1cn(CCCCn2ccnc2)cn1
qmof-2b88f57,KAWNUT_FSR,bandgap_3.5_to_4.0eV,5,Ag,c1ccccc1
qmof-dc4d4b4,KAWPEF_FSR,bandgap_3.5_to_4.0eV,5,Ag,c1ccccc1
qmof-961130e,KAPPID_FSR,bandgap_3.5_to_4.0eV,4,Organic_Only,c1ccccc1
qmof-4c7dfe2,KAPYEH01_FSR,bandgap_3.5_to_4.0eV,1,Cd,c1ccccc1
qmof-1464054,KARDUD01_FSR,bandgap_3.5_to_4.0eV,2,Zn,c1ccc2ncccc2c1
qmof-9cc5e2e,KATGAQ_FSR,bandgap_3.5_to_4.0eV,5,Zn,O=C(NN=Cc1cccnc1)c1cccnc1.c1ccccc1
qmof-772c3d9,GIMKUJ_FSR,bandgap_3.5_to_4.0eV,4,Zn,c1ccc2ccccc2c1
qmof-b155426,GIQQOP_FSR,bandgap_3.5_to_4.0eV,2,Ni,
qmof-01cc592,CEJVAR_FSR,bandgap_3.5_to_4.0eV,3,Cd,C(=Cc1ccncc1)c1ccncc1.c1ccc2ccccc2c1
qmof-c1528a6,CEJXOG_FSR,bandgap_3.5_to_4.0eV,2,Er,c1ccccc1
qmof-f1af4d5,SISKAI_FSR,bandgap_3.5_to_4.0eV,4,Pb,
qmof-6fd1381,GIRFOE_FSR,bandgap_3.5_to_4.0eV,1,Cd,c1ccc(-c2ncc[nH]2)cc1
qmof-8d529c3,KALPET_FSR,bandgap_3.5_to_4.0eV,1,Ag,c1ccc(SCCCCCCSc2ccccn2)nc1
qmof-6f4ab46,KALPIW_FSR,bandgap_3.5_to_4.0eV,5,Ag,
qmof-4d62153,KALPOC_FSR,bandgap_3.5_to_4.0eV,1,Ag,
qmof-77bb187,SEYQOE_FSR,bandgap_3.5_to_4.0eV,4,Mn,c1ccccc1
qmof-813d9b7,CEKVEV_FSR,bandgap_3.5_to_4.0eV,5,Sr,c1ccc(-c2ncc[nH]2)cc1
qmof-2453893,CEKVUL_FSR,bandgap_3.5_to_4.0eV,1,Sr,c1ccc(-c2ncc[nH]2)cc1
qmof-07585fa,CEKYEY_FSR,bandgap_3.5_to_4.0eV,3,Cd,O=c1cccc[nH]1.c1ccncc1
qmof-10d06b5,CELVIB_FSR,bandgap_3.5_to_4.0eV,2,Cd,c1ccccc1
qmof-9a67fd7,CEMQUI_FSR,bandgap_3.5_to_4.0eV,2,Organic_Only,c1ccccc1
qmof-73b7fe4,SIBFAN_FSR,bandgap_3.5_to_4.0eV,2,Cu,
qmof-e718222,KATKIB_FSR,bandgap_3.5_to_4.0eV,4,Cd,c1cnc(-c2nn[nH]n2)cn1
qmof-9e88ad4,KAVGOE_FSR,bandgap_3.5_to_4.0eV,1,Cu,c1ccc2c(c1)CSCCOCCSCc1ccccc1OCCO2
qmof-c42c24d,SITYAW_FSR,bandgap_3.5_to_4.0eV,1,Mn,c1nncn1-n1cnnc1
qmof-6b29b88,SIVJAI01_FSR,bandgap_3.5_to_4.0eV,1,Mn,
qmof-a468f15,SIVWOL_FSR,bandgap_3.5_to_4.0eV,1,Cd,c1ccc(-c2cncc(-c3ccccc3)c2)cc1
qmof-fb27fc1,SINLUY_FSR,bandgap_3.5_to_4.0eV,1,Ho,O=c1cccc[nH]1
qmof-3848331,SIQQIS_FSR,bandgap_3.5_to_4.0eV,4,Ba,
qmof-65911a2,SIRPUF_FSR,bandgap_3.5_to_4.0eV,1,K,c1ccccc1
qmof-548fc17,SIRVEX_FSR,bandgap_3.5_to_4.0eV,3,Cd,O=c1oc2cccc3c(=O)oc4cccc1c4c23
qmof-c16efca,KAWPOP_FSR,bandgap_3.5_to_4.0eV,2,Ag,c1ccccc1
qmof-a196ea1,KAXHAV_FSR,bandgap_3.5_to_4.0eV,1,Zn,c1cc(Cn2ccnc2-c2nccn2Cc2ccncc2)ccn1
qmof-6cc9d61,KAXTEK_FSR,bandgap_3.5_to_4.0eV,4,Zn,c1cc(CCc2ccncc2)ccn1.c1ccccc1
qmof-df668a3,KAYPEF_FSR,bandgap_3.5_to_4.0eV,4,Cu,
qmof-dfceed4,CEPBIJ_FSR,bandgap_3.5_to_4.0eV,5,Cu,
qmof-c98c976,CEPFIM_FSR,bandgap_3.5_to_4.0eV,2,Cu,c1cc(-c2ccncn2)ncn1
qmof-4455e80,CEQTIC_FSR,bandgap_3.5_to_4.0eV,2,Zn,
qmof-4dd157d,CESZIM_FSR,bandgap_3.5_to_4.0eV,3,Hg,
qmof-6dd92a2,CETGAK_FSR,bandgap_3.5_to_4.0eV,2,Organic_Only,c1c[nH]cn1
qmof-855d1ed,SERGOO_FSR,bandgap_3.5_to_4.0eV,3,Cu,[CH]1N=C[N]N1Cc1ccc(CN2[CH]N=C[N]2)cc1.c1ccccc1
qmof-cb3b518,SERGUU_FSR,bandgap_3.5_to_4.0eV,4,Cu,[CH]1N=C[N]N1Cc1ccc(CN2[CH]N=C[N]2)cc1.[CH]1N=C[N]N1Cc1ccc(Cn2cncn2)cc1.c1ccccc1
qmof-7c3cbad,SERLOR_FSR,bandgap_3.5_to_4.0eV,3,Ag,c1ccc(-c2nnc(-c3ccccc3)o2)cc1
qmof-f0c8c79,SERSUG_FSR,bandgap_3.5_to_4.0eV,2,Yb,c1ccc(Oc2ccccc2)cc1
qmof-5f86bf9,SERTAN_FSR,bandgap_3.5_to_4.0eV,4,Tb,c1ccc(Oc2ccccc2)cc1
qmof-4071219,SIFDUJ_FSR,bandgap_3.5_to_4.0eV,5,Cd,
qmof-88ffdd8,SIJRIN_FSR,bandgap_3.5_to_4.0eV,3,Cu,
qmof-8b92916,SEHFAO_FSR,bandgap_3.5_to_4.0eV,3,Zn,O=c1ccccn1Cc1ccccc1.c1cn(CCCCn2ccnc2)cn1
qmof-359185c,SEHFES_FSR,bandgap_3.5_to_4.0eV,4,Zn,O=c1ccccn1Cc1ccccc1.c1cn(CCCCCCn2ccnc2)cn1
qmof-2042bd9,SEJTAD_FSR,bandgap_3.5_to_4.0eV,1,Fe,
qmof-fefcf27,CEXNUR_FSR,bandgap_3.5_to_4.0eV,4,Ag,c1ccccc1
qmof-593eb07,GIFJIR_FSR,bandgap_3.5_to_4.0eV,4,Zn,c1ccncc1
qmof-fa5769f,GIFSUL_FSR,bandgap_3.5_to_4.0eV,3,Cd,c1ccccc1.c1ccccc1
qmof-55931fb,KAZRIO01_FSR,bandgap_3.5_to_4.0eV,5,Cd,c1cncc(-c2nnc3sc(-c4ccncc4)nn23)c1
qmof-f10c991,GIFZUS_FSR,bandgap_3.5_to_4.0eV,5,Cu,c1ccc(CN2CCN(Cc3ccccc3)CC2)cc1
qmof-6f8a430,SEJTIL_FSR,bandgap_3.5_to_4.0eV,5,Cu,c1ccccc1
qmof-9140a3c,SEKKIF_FSR,bandgap_3.5_to_4.0eV,1,Cd,
qmof-b6208ec,SEKXUE_FSR,bandgap_3.5_to_4.0eV,1,Ag,
qmof-c51405e,SEMWOZ_FSR,bandgap_3.5_to_4.0eV,4,Cd,C(=Cc1cccnc1)c1ccncc1.c1ccccc1
qmof-c9ee732,SENHUQ_FSR,bandgap_3.5_to_4.0eV,1,Cd,c1cc[nH+]cc1
qmof-4e1a726,SENKOM_FSR,bandgap_3.5_to_4.0eV,1,Zn,
qmof-d08ace3,GIJHOZ_FSR,bandgap_3.5_to_4.0eV,3,Cu,
qmof-c493de2,KAWPIJ_FSR,bandgap_3.5_to_4.0eV,4,Ag,c1ccccc1
qmof-c02b6d6,GEZWIT_FSR,bandgap_3.5_to_4.0eV,5,Ag,c1ccc(-c2cncnc2)cc1
qmof-ef7d4be,GICDAZ_FSR,bandgap_3.5_to_4.0eV,4,Co,c1ccccc1
qmof-983bf79,GICDIH_FSR,bandgap_3.5_to_4.0eV,2,Zn,c1ccccc1
qmof-aca06b1,GICDUT_FSR,bandgap_3.5_to_4.0eV,3,Zn,c1ccccc1
qmof-074cf93,GICZIC_FSR,bandgap_3.5_to_4.0eV,2,Cu,c1cc(SCSc2ccncc2)ccn1
qmof-f3c4f21,KEDCII_FSR,bandgap_3.5_to_4.0eV,2,Cd,
qmof-0bd5270,KEGYAX_FSR,bandgap_3.5_to_4.0eV,3,Ag,C1CCCCC1
qmof-b10c492,GIFJIP_FSR,bandgap_3.5_to_4.0eV,4,Cd,
qmof-ab4c89d,CEVQEA_FSR,bandgap_3.5_to_4.0eV,1,Cr,c1ccncc1
qmof-25349dc,CEVQIE_FSR,bandgap_3.5_to_4.0eV,4,Cr,c1ccncc1
qmof-07dae64,CEVYIM01_FSR,bandgap_3.5_to_4.0eV,2,Zn,
qmof-00ecdfa,SEFSAY_FSR,bandgap_3.5_to_4.0eV,4,Mo,c1cc(CCc2ccncc2)ccn1
qmof-1d43809,SEFSIG_FSR,bandgap_3.5_to_4.0eV,5,Cd,c1ccncc1.c1cn(Cc2ccc(Cn3ccnc3)cc2)cn1
qmof-ad0bfc8,SEGDAL_FSR,bandgap_3.5_to_4.0eV,2,Cd,c1ccccc1.c1cn(Cc2ccc(-c3ccc(Cn4ccnc4)cc3)cc2)cn1
qmof-76e5a3a,SEGVIK_FSR,bandgap_3.5_to_4.0eV,5,Ag,c1ccncc1
qmof-15ede29,SEHBAK_FSR,bandgap_3.5_to_4.0eV,4,Ag,
qmof-6903e0b,SATBOE01_FSR,bandgap_3.5_to_4.0eV,3,Cu,
qmof-00f4cb5,SAVMIM_FSR,bandgap_3.5_to_4.0eV,4,Co,
qmof-ab8d090,SAVPAJ_FSR,bandgap_3.5_to_4.0eV,4,Cu,C(C1=NN=N[N]1)c1nnn[nH]1
qmof-bcaf3c3,GEWTEJ_FSR,bandgap_3.5_to_4.0eV,5,Cd,c1ccsc1.c1cn(CCCCn2ccnc2)cn1
qmof-831a2cc,GEXNAB_FSR,bandgap_3.5_to_4.0eV,3,Hg,
qmof-2902fa0,GEYBIX_FSR,bandgap_3.5_to_4.0eV,5,Ag,c1ccc(OCc2ccncc2)cc1
qmof-286d537,KEKHOZ_FSR,bandgap_3.5_to_4.0eV,4,Zn,c1cnccn1
qmof-6645061,KEKMEU_FSR,bandgap_3.5_to_4.0eV,4,Ag,C1CNCCN1
qmof-382ab31,KELKOD_FSR,bandgap_3.5_to_4.0eV,1,Cd,
qmof-8ce2f86,SEDQAU_FSR,bandgap_3.5_to_4.0eV,1,Zn,O=C(c1cccnc1)N1CCN(C(=O)c2cccnc2)CC1
qmof-209cb4f,SAXDOK_FSR,bandgap_3.5_to_4.0eV,3,Hg,
qmof-11f5df1,SAXMIP_FSR,bandgap_3.5_to_4.0eV,2,Ni,c1cc([C]2N=C(c3ccncc3)[N]N2)ccn1
qmof-1102a03,SAXNEM_FSR,bandgap_3.5_to_4.0eV,3,Zn,
qmof-84cc81a,SAXPIT_FSR,bandgap_3.5_to_4.0eV,3,Zn,c1cc(Sc2ccncc2)ccn1
qmof-bb40785,CEYKAU_FSR,bandgap_3.5_to_4.0eV,2,Zn,[CH]1N=C[N]N1Cc1ccc(-c2ccc(CN3[CH]N=C[N]3)cc2)cc1.c1ccc(OCc2ccc(COc3ccccc3)cc2)cc1
qmof-ae1a15f,SEBZIK_FSR,bandgap_3.5_to_4.0eV,2,Co,c1cc(CCc2ccncc2)ccn1
qmof-61e9800,KEMVII_FSR,bandgap_3.5_to_4.0eV,5,Cu,[CH]1N=C[N]N1CCCCCCN1[CH]N=C[N]1
qmof-981876f,KEPSEE_FSR,bandgap_3.5_to_4.0eV,1,Cu,O=C(CCc1ccccc1)[N]CCc1ccccc1
qmof-68a1f3b,KEPVUZ_FSR,bandgap_3.5_to_4.0eV,3,Cu,
qmof-8fff7f3,KEPYIO_FSR,bandgap_3.5_to_4.0eV,1,Cd,c1ccc(CSc2nc3ccccc3[nH]2)cc1
qmof-dca4eee,KEQTEF_FSR,bandgap_3.5_to_4.0eV,5,Cu,c1ccccc1
qmof-f6f5702,KERCAM_FSR,bandgap_3.5_to_4.0eV,5,Zn,c1ccccc1
qmof-8045d77,CIDGOO_FSR,bandgap_3.5_to_4.0eV,4,Cu,
qmof-8e256bb,SAQGAU_FSR,bandgap_3.5_to_4.0eV,2,Cu,c1ccncc1
qmof-4cdc447,SAQJIE_FSR,bandgap_3.5_to_4.0eV,1,Zn,O=C(c1cccnc1)N1CCN(C(=O)c2cccnc2)CC1
qmof-b71af70,SAQJOK_FSR,bandgap_3.5_to_4.0eV,4,Cd,O=C(c1cccnc1)N1CCN(C(=O)c2cccnc2)CC1
qmof-22b0cb3,SAQYER_FSR,bandgap_3.5_to_4.0eV,5,Ag,O=C1[N]S(=O)(=O)c2ccccc21
qmof-2915b01,CIFGOP_FSR,bandgap_3.5_to_4.0eV,4,Zn,c1ccc2ccccc2c1
qmof-340dc4f,CIGNEM_FSR,bandgap_3.5_to_4.0eV,3,K,c1cncnc1
qmof-113a0d9,CIBQOU_FSR,bandgap_3.5_to_4.0eV,3,Pb,c1cc[nH+]cc1
qmof-2f828ec,CIBQUZ_FSR,bandgap_3.5_to_4.0eV,5,Sn,O=C1C=CC(=O)N1
qmof-78b018b,CIBYIX_FSR,bandgap_3.5_to_4.0eV,4,Ca,c1c[nH]c(-c2ncc[nH]2)n1
qmof-300cfb8,SADDOS_FSR,bandgap_3.5_to_4.0eV,2,Organic_Only,c1cc[nH+]cc1
qmof-02d78c0,KEWXIV_FSR,bandgap_3.5_to_4.0eV,4,Zn,O=c1[nH]cc(-c2ccncc2)cc1C1=NN=N[N]1
qmof-f870b76,KEWYET_FSR,bandgap_3.5_to_4.0eV,3,Tl,
qmof-0582ec7,KERDIV_FSR,bandgap_3.5_to_4.0eV,5,Cu,c1ccc(C(Cn2cncn2)Cn2cncn2)cc1
qmof-15519b3,KERWOU_FSR,bandgap_3.5_to_4.0eV,2,Zn,c1cc(-c2ccncc2)ccn1
qmof-0618231,GERPID01_FSR,bandgap_3.5_to_4.0eV,3,Zn,
qmof-46909aa,CIGXIC_FSR,bandgap_3.5_to_4.0eV,3,Ag,c1ccc(P(CNc2cccnc2)c2ccccc2)cc1.c1ccccc1
qmof-3d08513,CIHHOR_FSR,bandgap_3.5_to_4.0eV,4,Fe,
qmof-e4b5afc,CIHLOW_FSR,bandgap_3.5_to_4.0eV,2,Cu,c1ccccc1
qmof-ad34906,CIHMEN_FSR,bandgap_3.5_to_4.0eV,3,Cu,c1ccccc1.c1ccccc1
qmof-da144a7,SALZOV_FSR,bandgap_3.5_to_4.0eV,5,Zn,O=C(c1ccccc1)c1ccccc1
qmof-fe63fce,GEVBER_FSR,bandgap_3.5_to_4.0eV,5,Mn,c1ccc(-c2ncc[nH]2)c(-c2ncc[nH]2)c1
qmof-4e8726d,GEVHOG_FSR,bandgap_3.5_to_4.0eV,2,Co,
qmof-5fe8b1d,GEVJEX_FSR,bandgap_3.5_to_4.0eV,5,Cd,c1ccccc1
qmof-f83cbe5,KELLAR_FSR,bandgap_3.5_to_4.0eV,5,Cs,
qmof-c09da8c,KELXAB_FSR,bandgap_3.5_to_4.0eV,2,Al,
qmof-646491e,SABXIF_FSR,bandgap_3.5_to_4.0eV,3,Er,c1ccccc1
qmof-e9e594e,SABXOL_FSR,bandgap_3.5_to_4.0eV,3,Er,c1ccccc1
qmof-9513924,SABXUR_FSR,bandgap_3.5_to_4.0eV,4,Nd,c1ccccc1
qmof-ddefcd4,SABYAY_FSR,bandgap_3.5_to_4.0eV,1,Nd,c1ccccc1
qmof-2f9f102,SABYEC_FSR,bandgap_3.5_to_4.0eV,5,Sm,c1ccccc1
qmof-c98e6d4,SABZAZ_FSR,bandgap_3.5_to_4.0eV,5,Ho,c1ccccc1
qmof-4fbba74,GENZAC_FSR,bandgap_3.5_to_4.0eV,5,Cu,
qmof-f513610,GEQCIP_FSR,bandgap_3.5_to_4.0eV,5,Hg,c1cc(Sc2ccncc2)ccn1
qmof-9cf4c4a,KEWWIU_FSR,bandgap_3.5_to_4.0eV,1,Au,
qmof-9ddb717,KEWWOA_FSR,bandgap_3.5_to_4.0eV,3,Au,
qmof-55717d4,CIHSUI_FSR,bandgap_3.5_to_4.0eV,4,Eu,
qmof-1068e1a,CIHXID_FSR,bandgap_3.5_to_4.0eV,4,Zn,c1ccc2ccccc2c1
qmof-8f1e067,CIJSIZ_FSR,bandgap_3.5_to_4.0eV,2,Cu,c1cnccn1
qmof-e273077,SABZIH_FSR,bandgap_3.5_to_4.0eV,2,Gd,c1ccccc1
qmof-0f5fd80,SABZON_FSR,bandgap_3.5_to_4.0eV,1,Gd,c1ccccc1
qmof-837b3f1,SACMAM_FSR,bandgap_3.5_to_4.0eV,3,Cd,c1cc(-c2ccncc2)ccn1.c1ccccc1
qmof-a2a9bf5,RUZCEW_FSR,bandgap_3.5_to_4.0eV,5,Co,c1ccc(-c2ccccc2)cc1
qmof-95e5d95,RUZCIA_FSR,bandgap_3.5_to_4.0eV,4,Ca,
qmof-cbf9737,RUSNEZ_FSR,bandgap_3.5_to_4.0eV,2,Hg,
qmof-a7ef366,RUVYIR_FSR,bandgap_3.5_to_4.0eV,4,Zn,C1=CN[C]2C=CC=CC2=C1.[CH]1C=CC=C2NC=CC=C12
qmof-d8bde53,CILQEW_FSR,bandgap_3.5_to_4.0eV,4,Hg,
qmof-2c4892a,RUWZAK_FSR,bandgap_3.5_to_4.0eV,2,K,
qmof-5ba42c6,KICMUF_FSR,bandgap_3.5_to_4.0eV,3,Zn,c1cc(-c2ccncc2)ccn1
qmof-50cc0b4,KEXWOA_FSR,bandgap_3.5_to_4.0eV,3,Zn,c1ccccc1
qmof-30417b0,SAFBEI_FSR,bandgap_3.5_to_4.0eV,2,Cu,
qmof-e75ded3,SAFGEN_FSR,bandgap_3.5_to_4.0eV,5,K,O=C1C[N]23->[Cu]45(<-[N](CC(=O)[O]4)(CC(=O)[O]5)C[PH](=O)C2)([O]1)[O]C(=O)C3
qmof-a5c1558,SAFKER_FSR,bandgap_3.5_to_4.0eV,1,Cu,c1cncc(-c2cncnc2)c1
qmof-cd6b0e0,RUZLAA_FSR,bandgap_3.5_to_4.0eV,5,Cd,c1cc(-c2ccncc2)ccn1
qmof-2fe59af,SABWEX_FSR,bandgap_3.5_to_4.0eV,2,Cu,
qmof-545a299,SABWOK_FSR,bandgap_3.5_to_4.0eV,3,Dy,c1ccccc1
qmof-fd388d5,SABWUQ_FSR,bandgap_3.5_to_4.0eV,2,Dy,c1ccccc1
qmof-3b9b0b0,SABXAX_FSR,bandgap_3.5_to_4.0eV,5,Tb,c1ccccc1
qmof-534822c,RUHVEX_FSR,bandgap_3.5_to_4.0eV,3,Cd,C(=NCc1ccccn1)c1ccccc1
qmof-a357037,RUJPUI_FSR,bandgap_3.5_to_4.0eV,1,K,c1ccc(SSc2ccccc2)cc1
qmof-7076722,RUKTIB_FSR,bandgap_3.5_to_4.0eV,3,Cu,[CH]1C=NC=N1
qmof-eefbba1,RULFAF_FSR,bandgap_3.5_to_4.0eV,5,Ni,
qmof-5742e24,KIGFAH_FSR,bandgap_3.5_to_4.0eV,5,Bi,
qmof-14ca94e,KIGKUI01_FSR,bandgap_3.5_to_4.0eV,4,Ag,c1ccc(CSCc2ccccc2)cc1
qmof-bdc345a,KIGLET_FSR,bandgap_3.5_to_4.0eV,2,Ag,c1ccc(CSCc2ccccc2)cc1
qmof-d9eb571,KIGLIX_FSR,bandgap_3.5_to_4.0eV,5,Ag,c1ccc(CSCc2ccccc2)cc1
qmof-81581d3,KIHDUD_FSR,bandgap_3.5_to_4.0eV,5,Zn,C1=Nc2ccccc2[N]1.c1ccncc1
qmof-a6f72b4,KIHNEU_FSR,bandgap_3.5_to_4.0eV,4,Cd,S=C1C=C[CH]C=N1.S=C1[CH]C=CC=N1
qmof-0a0e6b0,RUNYUV_FSR,bandgap_3.5_to_4.0eV,1,Cu,
qmof-a075c95,CINCEI_FSR,bandgap_3.5_to_4.0eV,5,Li,c1ccccc1
qmof-b1692f5,CIPDIQ_FSR,bandgap_3.5_to_4.0eV,1,Ag,c1ccccc1.c1cn(CCCCn2ccnc2)cn1
qmof-9090b93,CIPDOW_FSR,bandgap_3.5_to_4.0eV,4,Ag,c1cc(CCc2ccncc2)ccn1.c1ccccc1
qmof-5361c4e,RUYGAU_FSR,bandgap_3.5_to_4.0eV,1,Sn,c1ccccc1
qmof-45e9b21,RUYKAY_FSR,bandgap_3.5_to_4.0eV,5,Ag,c1ccccc1.c1cncnc1
qmof-fd349f0,RODYEP_FSR,bandgap_3.5_to_4.0eV,5,Cd,
qmof-86890b0,ROGJOP_FSR,bandgap_3.5_to_4.0eV,3,Na,
qmof-9ff25a6,KIMWOU_FSR,bandgap_3.5_to_4.0eV,1,Zn,[CH]1N=C[N]c2[nH]cnc21
qmof-9797a23,GELPUJ_FSR,bandgap_3.5_to_4.0eV,4,Cu,c1ccncc1
qmof-305af65,GELVEZ02_FSR,bandgap_3.5_to_4.0eV,2,Mn,c1ccccc1
qmof-9c0d1a4,GELVID01_FSR,bandgap_3.5_to_4.0eV,1,Ni,c1ccccc1
qmof-af43c12,GELVID_FSR,bandgap_3.5_to_4.0eV,1,Ni,c1ccccc1
qmof-e39e485,GELWUR_FSR,bandgap_3.5_to_4.0eV,4,Cu,
qmof-68ccdc0,RORRIB_FSR,bandgap_3.5_to_4.0eV,1,Organic_Only,C1CCCCC1
qmof-72dc736,ROSCIL_FSR,bandgap_3.5_to_4.0eV,2,Cd,C(=NN=Cc1cccnc1)c1cccnc1
qmof-64b57c5,ROLYUN_FSR,bandgap_3.5_to_4.0eV,4,Co,c1nnn[nH]1
qmof-66735fe,RUBNEI_FSR,bandgap_3.5_to_4.0eV,4,Cd,
qmof-2b3c904,RUBRUD_FSR,bandgap_3.5_to_4.0eV,4,K,c1ccccc1
qmof-c4d906e,RONXUP_FSR,bandgap_3.5_to_4.0eV,1,Cu,
qmof-d76dcf9,ROQJEO_FSR,bandgap_3.5_to_4.0eV,1,Zn,
qmof-04c639c,ROQKOZ_FSR,bandgap_3.5_to_4.0eV,1,Cd,
qmof-d3efcef,KIJLAQ_FSR,bandgap_3.5_to_4.0eV,4,K,
qmof-05dca7c,KIJPEA_FSR,bandgap_3.5_to_4.0eV,5,Zn,O=C(c1cccnc1)c1cccc(C(=O)c2cccnc2)n1
qmof-a97a6cf,KIJWIL_FSR,bandgap_3.5_to_4.0eV,4,Cd,O=C(Nc1ccncc1)c1ccncc1
qmof-850be7b,KIKBIR_FSR,bandgap_3.5_to_4.0eV,1,Cd,O=C(NC1=NN=N[N]1)c1cccs1
qmof-84bfd82,KILBUC_FSR,bandgap_3.5_to_4.0eV,2,Cu,
qmof-5ed3f1f,KILPUQ_FSR,bandgap_3.5_to_4.0eV,4,Ag,c1ccccc1
qmof-c4c2419,ROGVOB_FSR,bandgap_3.5_to_4.0eV,1,Zn,c1ccncc1
qmof-186abaa,RIZJAM_FSR,bandgap_3.5_to_4.0eV,2,Co,c1ccccc1
qmof-b77db05,RIZQIA_FSR,bandgap_3.5_to_4.0eV,2,K,
qmof-ab1e3cd,RIZYUU_FSR,bandgap_3.5_to_4.0eV,3,Tl,
qmof-f27022b,RODMOP_FSR,bandgap_3.5_to_4.0eV,1,Fe,C1=CN=C[N]1
qmof-dd5a2f4,ROLZAU_FSR,bandgap_3.5_to_4.0eV,1,Mg,c1ccc(-c2ccccc2)cc1
qmof-6e2ee3e,CISJOE_FSR,bandgap_3.5_to_4.0eV,1,Dy,c1ccccc1
qmof-b7260ba,CISJUK01_FSR,bandgap_3.5_to_4.0eV,2,Nd,c1ccccc1
qmof-6211a16,CISKEV_FSR,bandgap_3.5_to_4.0eV,3,Pr,c1ccccc1
qmof-79a7525,RODQOR_FSR,bandgap_3.5_to_4.0eV,5,Zn,
qmof-8a869bf,RIVBOO_FSR,bandgap_3.5_to_4.0eV,4,Cd,c1cc(-c2ccncc2)ccn1
qmof-6785782,CIVTAF_FSR,bandgap_3.5_to_4.0eV,3,Organic_Only,
qmof-7591011,CIVTEJ_FSR,bandgap_3.5_to_4.0eV,4,Organic_Only,
qmof-0264fa2,GEDXAP_FSR,bandgap_3.5_to_4.0eV,3,Ag,C1=C[C]2N=NN=C2C=C1.[CH]1C=CC2=NN=NC2=C1.c1ccc2c(c1)[N]N=N2
qmof-548e234,GEFYIC_FSR,bandgap_3.5_to_4.0eV,2,Ag,c1ccc(P(CN(CP(c2ccccc2)c2ccccc2)c2cccnc2)c2ccccc2)cc1
qmof-bcd71bd,KINDIW_FSR,bandgap_3.5_to_4.0eV,1,Er,c1ccccc1
qmof-3416f8e,KINGAS_FSR,bandgap_3.5_to_4.0eV,3,Cd,c1ccc2c(c1)-c1ncc[n]1[Cd][n]1ccnc1-2
qmof-0852462,CITHOD_FSR,bandgap_3.5_to_4.0eV,3,Cd,
qmof-1ddbf02,CITTUW_FSR,bandgap_3.5_to_4.0eV,1,Zn,O=C(c1ccccc1)c1ccccc1
qmof-c6ff445,CITVAE_FSR,bandgap_3.5_to_4.0eV,2,Cd,O=C(c1ccccc1)c1ccccc1
qmof-cfeba84,CITWUA_FSR,bandgap_3.5_to_4.0eV,3,Ag,
qmof-2d4f3d7,CIVBER_FSR,bandgap_3.5_to_4.0eV,1,Cu,
qmof-24c1355,RIWXIF_FSR,bandgap_3.5_to_4.0eV,3,Cu,
qmof-57ca61b,KIQHOH01_FSR,bandgap_3.5_to_4.0eV,1,Ag,c1ccccc1
qmof-3dbfef1,KIQKUQ_FSR,bandgap_3.5_to_4.0eV,4,Cu,c1cnccn1
qmof-f053fb2,KIJHUI01_FSR,bandgap_3.5_to_4.0eV,1,Cd,c1cn(CCCCn2ccnc2)cn1
qmof-b935c43,RIMROX_FSR,bandgap_3.5_to_4.0eV,4,Ba,c1ccc(-c2cccc(-c3ccccc3)c2)cc1
qmof-d1d6882,RINRIR_FSR,bandgap_3.5_to_4.0eV,3,Ag,[CH]1C=CC=CN1
qmof-0aed152,RINSAK_FSR,bandgap_3.5_to_4.0eV,1,Ag,c1cc[nH+]cc1
qmof-829fcf8,CIXXIQ_FSR,bandgap_3.5_to_4.0eV,3,Ag,
qmof-71e491b,CIZMIJ_FSR,bandgap_3.5_to_4.0eV,1,Zn,c1cn(-c2cc(-n3ccnc3)cc(-n3ccnc3)c2)cn1
qmof-e5a2fd9,KIRVEP_FSR,bandgap_3.5_to_4.0eV,1,Zn,O=[PH](c1ccccc1)c1ccccc1
qmof-6f2accd,KISDUM_FSR,bandgap_3.5_to_4.0eV,4,Ag,
qmof-12b52ca,KITFUP_FSR,bandgap_3.5_to_4.0eV,1,Hg,
qmof-44f9a2e,KITLIK_FSR,bandgap_3.5_to_4.0eV,4,Cd,c1ccc2ccccc2c1
qmof-e6ca203,CIXNAZ_FSR,bandgap_3.5_to_4.0eV,2,Zn,c1cc(-c2ccncc2)ccn1.c1ccncc1
qmof-a84ee09,CIXXEM_FSR,bandgap_3.5_to_4.0eV,3,Ag,
qmof-514abfb,RIPFOM_FSR,bandgap_3.5_to_4.0eV,4,Au,
qmof-5c72d1f,RIXZUW_FSR,bandgap_3.5_to_4.0eV,1,Cd,c1cc(-c2ccncc2)ccn1.c1ccccc1
qmof-41ab104,RIYBAF_FSR,bandgap_3.5_to_4.0eV,1,Cd,c1cc(-c2ccncc2)ccn1.c1ccccc1
qmof-ee520ef,RIYBOR_FSR,bandgap_3.5_to_4.0eV,1,Zn,
qmof-88501dc,RITDIJ_FSR,bandgap_3.5_to_4.0eV,3,Cd,c1ccccc1
qmof-77bd44c,KOBGOY02_FSR,bandgap_3.5_to_4.0eV,2,Cu,c1nnn[nH]1
qmof-0309df4,KOBQEA_FSR,bandgap_3.5_to_4.0eV,3,Ba,O=C1[CH]C=CC=N1
qmof-fcd4c8c,KIXWIX_FSR,bandgap_3.5_to_4.0eV,5,Cr,c1ccccc1
qmof-6396d5e,KIYMAI01_FSR,bandgap_3.5_to_4.0eV,5,Sr,c1ccc2ccccc2c1
qmof-5098afc,KIYMEM01_FSR,bandgap_3.5_to_4.0eV,4,Ba,c1ccc2ccccc2c1
qmof-10f4743,CIZMOP_FSR,bandgap_3.5_to_4.0eV,5,Cd,c1ccc(Oc2ccccc2)cc1.c1cn(-c2cc(-n3ccnc3)cc(-n3ccnc3)c2)cn1
qmof-45790a7,CIZQAF_FSR,bandgap_3.5_to_4.0eV,2,Cd,C1=NN=N[N]1.c1ccccc1
qmof-6b79e29,RIFQUU_FSR,bandgap_3.5_to_4.0eV,5,Zn,
qmof-107c642,RIFRAB_FSR,bandgap_3.5_to_4.0eV,2,Cd,
qmof-0ea4b27,RIGREF_FSR,bandgap_3.5_to_4.0eV,3,Cd,c1ccncc1
qmof-2f61188,RIHKAW_FSR,bandgap_3.5_to_4.0eV,1,Zn,O=S(=O)(c1ccccc1)c1ccccc1.c1cc(-c2ccc(-c3ccncc3)cc2)ccn1
qmof-78f9b28,RIRBIE01_FSR,bandgap_3.5_to_4.0eV,4,Ag,
qmof-469ff8c,RIRSAN_FSR,bandgap_3.5_to_4.0eV,4,Cd,O=C1CN2[CH]C=CC=C2[N]1
qmof-098601a,RIHWOW_FSR,bandgap_3.5_to_4.0eV,2,Ag,
qmof-eca429e,RIKTOX_FSR,bandgap_3.5_to_4.0eV,2,Mn,c1ccc(-n2ccnc2)cc1
qmof-781236f,RILWEQ_FSR,bandgap_3.5_to_4.0eV,2,Cd,c1cncc(Cn2c(-c3ccc(-c4cccnc4)cc3)nc3ccccc32)c1
qmof-f00119d,REWZEA_FSR,bandgap_3.5_to_4.0eV,2,Cd,
qmof-11dbcc3,REWZIE_FSR,bandgap_3.5_to_4.0eV,1,Cd,
qmof-227bcd0,GATQAW_FSR,bandgap_3.5_to_4.0eV,4,Cu,
qmof-8ca8e56,GATQEA_FSR,bandgap_3.5_to_4.0eV,4,Cu,
qmof-4d3c423,GATVAZ_FSR,bandgap_3.5_to_4.0eV,3,Zn,c1ccccc1
qmof-c7a9c33,GAVDUD_FSR,bandgap_3.5_to_4.0eV,1,Cu,c1ccccc1
qmof-fad9ff7,GAVTIH_FSR,bandgap_3.5_to_4.0eV,5,Pb,
qmof-27768ab,GAWJIZ_FSR,bandgap_3.5_to_4.0eV,2,Ag,C1CO1
qmof-01aff47,COCYUP_FSR,bandgap_3.5_to_4.0eV,1,Cu,
qmof-e7e8378,COCZEA_FSR,bandgap_3.5_to_4.0eV,5,Mn,
qmof-4f44989,COCZIE_FSR,bandgap_3.5_to_4.0eV,1,Cd,c1cc(-c2ccncc2)ccn1
qmof-5431036,CODWEA_FSR,bandgap_3.5_to_4.0eV,4,Hg,
qmof-307ad32,CODWIE_FSR,bandgap_3.5_to_4.0eV,1,Hg,O=C(Nc1cccnc1)c1cccnc1
qmof-7e67998,CODWOK_FSR,bandgap_3.5_to_4.0eV,4,Hg,O=C(Nc1cccnc1)c1cccnc1
qmof-928ae0f,CODWUQ_FSR,bandgap_3.5_to_4.0eV,5,Cd,O=C(Nc1cccnc1)c1cccnc1
qmof-d329f49,REYNIU_FSR,bandgap_3.5_to_4.0eV,1,Cu,C1=NN=N[N]1
qmof-f564469,COJWUT_FSR,bandgap_3.5_to_4.0eV,3,Cu,C1COCCO1
qmof-60ed3b0,COKGAK_FSR,bandgap_3.5_to_4.0eV,3,Cu,C1COCCO1
qmof-11a9c18,RELZUF_FSR,bandgap_3.5_to_4.0eV,5,Cu,
qmof-cf0c844,REMKAW_FSR,bandgap_3.5_to_4.0eV,1,Pb,
qmof-d7610ef,REMPAB_FSR,bandgap_3.5_to_4.0eV,5,Zn,c1cnccn1
qmof-dfe9e9b,KOCLEW_FSR,bandgap_3.5_to_4.0eV,4,Pt,c1cc(-c2cc[nH+]cc2)cc[nH+]1
qmof-6e1baa1,KOFRON_FSR,bandgap_3.5_to_4.0eV,3,Cu,
qmof-678f27b,KOGFES_FSR,bandgap_3.5_to_4.0eV,3,Cu,c1ccnnc1
qmof-263da4f,KOGXOU_FSR,bandgap_3.5_to_4.0eV,1,Ag,O=c1ccs[nH]1
qmof-2a0aeea,REXHUX_FSR,bandgap_3.5_to_4.0eV,3,Cd,c1ccncc1
qmof-f2fe5ba,REQDEY_FSR,bandgap_3.5_to_4.0eV,3,Cu,C1=NN=N[N]1
qmof-faa99ba,REQKUV_FSR,bandgap_3.5_to_4.0eV,2,Zn,C(=Nc1cccnc1)c1ccccn1
qmof-5b6ca4d,RERLAD_FSR,bandgap_3.5_to_4.0eV,2,Zn,c1ccc(Oc2ccccc2)cc1.c1cn(-c2cc(-n3ccnc3)cc(-n3ccnc3)c2)cn1
qmof-63d4309,RERRUC_FSR,bandgap_3.5_to_4.0eV,3,Organic_Only,
qmof-987c95e,COGXUU_FSR,bandgap_3.5_to_4.0eV,4,Co,
qmof-6e6dabb,REWYUP_FSR,bandgap_3.5_to_4.0eV,4,Cd,
qmof-ce677e5,GAPCEH_FSR,bandgap_3.5_to_4.0eV,2,Ni,c1ccc2c(c1)ncn2-c1ccc(-n2cnc3ccccc32)cc1
qmof-76ace93,GAPMUI_FSR,bandgap_3.5_to_4.0eV,1,Ag,C1CCCCC1
qmof-1a0cf71,GAPNIX_FSR,bandgap_3.5_to_4.0eV,4,Pb,c1ccc(-c2ccccc2)cc1
qmof-81c8796,GAQMUJ_FSR,bandgap_3.5_to_4.0eV,4,Pb,c1ccccc1
qmof-399b130,KOHWUA_FSR,bandgap_3.5_to_4.0eV,2,La,c1ccccc1
qmof-c53c937,KOHXIP_FSR,bandgap_3.5_to_4.0eV,5,Cu,c1cc(-c2ccncc2)ccn1
qmof-21c3882,KOLKOL01_FSR,bandgap_3.5_to_4.0eV,5,Ni,
qmof-5e593df,RENWEM01_FSR,bandgap_3.5_to_4.0eV,2,Co,
qmof-6993068,REQCUN_FSR,bandgap_3.5_to_4.0eV,5,Cu,C1=NN=N[N]1.C1=N[N]N=N1
qmof-54de7fe,REFLAR_FSR,bandgap_3.5_to_4.0eV,4,Zn,c1cc(-c2ccncc2)ccn1
qmof-c2bd3f5,REFLIZ_FSR,bandgap_3.5_to_4.0eV,2,Zn,c1ccccc1
qmof-f23f39e,REFLOE_FSR,bandgap_3.5_to_4.0eV,5,Ag,c1c[nH]c(-c2ncc[nH]2)n1
qmof-f9cc0e4,REHQOM_FSR,bandgap_3.5_to_4.0eV,1,Zn,O=C1Nc2ccccc2C2C1C1C(=O)Nc3ccccc3C12.c1cc(CCc2ccncc2)ccn1
qmof-d3b1916,REKBUF_FSR,bandgap_3.5_to_4.0eV,5,Co,[CH]1C=CC=CN1
qmof-4abb9dd,REKNUT_FSR,bandgap_3.5_to_4.0eV,2,Cu,c1nncn1CCCn1cnnc1
qmof-3ad57ad,COKPAU_FSR,bandgap_3.5_to_4.0eV,1,Ag,c1ccncc1
qmof-7894e7a,RATVEP_FSR,bandgap_3.5_to_4.0eV,3,Mg,c1cc(-c2ncc[nH]2)ccn1
qmof-fccf4ef,RAVGIG_FSR,bandgap_3.5_to_4.0eV,5,Cd,c1ccc(Sc2ccncc2)cc1
qmof-6e3e4eb,RAVLUX_FSR,bandgap_3.5_to_4.0eV,5,Cd,c1cc(-c2ccncc2)ccn1.c1ccccc1
qmof-11ca141,RAVMEI_FSR,bandgap_3.5_to_4.0eV,3,Cd,c1cc(-c2ccncc2)ccn1.c1ccccc1
qmof-9f8865f,KOZPUM_FSR,bandgap_3.5_to_4.0eV,5,Tb,c1ccccc1
qmof-26d536e,KUBYUC_FSR,bandgap_3.5_to_4.0eV,5,Ni,
qmof-6683238,GANKUD_FSR,bandgap_3.5_to_4.0eV,5,Co,c1ccc2c(c1)ncn2-c1ccc(-n2cnc3ccccc32)cc1
qmof-4c6d857,COLRUR_FSR,bandgap_3.5_to_4.0eV,2,Hg,
qmof-831f088,RAZBUR_FSR,bandgap_3.5_to_4.0eV,4,Cu,c1ccccc1
qmof-08b67ba,RAZGEF_FSR,bandgap_3.5_to_4.0eV,3,Ni,
qmof-feb06f2,RAZGUW_FSR,bandgap_3.5_to_4.0eV,5,Cu,
qmof-f9f0858,RBHSQU01_FSR,bandgap_3.5_to_4.0eV,4,Rb,O=C1[CH]C(=O)C1=O
qmof-da2b203,RECZUV_FSR,bandgap_3.5_to_4.0eV,4,K,c1ccccc1.c1ccccc1
qmof-3473fc0,REDBAE_FSR,bandgap_3.5_to_4.0eV,2,K,c1ccccc1.c1ccccc1
qmof-1f68a31,REDWII_FSR,bandgap_3.5_to_4.0eV,1,Cu,C1CSCN1
qmof-d610942,GANLOY_FSR,bandgap_3.5_to_4.0eV,4,Ag,c1ccncc1
qmof-9d2e66b,COXQUB_FSR,bandgap_3.5_to_4.0eV,4,Cd,c1cc(-c2ccncc2)ccn1
qmof-26a3b14,RANJUO_FSR,bandgap_3.5_to_4.0eV,3,Cd,c1ccccc1
qmof-91f17cd,GAMFUW01_FSR,bandgap_3.5_to_4.0eV,5,Zn,c1ccccc1
qmof-0fd78a4,GAMMUF_FSR,bandgap_3.5_to_4.0eV,5,Cu,c1cn(CCCCn2ccnc2)cn1
qmof-dc0cbac,GANKOX_FSR,bandgap_3.5_to_4.0eV,4,Ni,
qmof-6d29b75,KOVRIY_FSR,bandgap_3.5_to_4.0eV,4,Zn,C(=NCC1CCCO1)c1ccccc1
qmof-98b5b40,KOZCIN01_FSR,bandgap_3.5_to_4.0eV,3,Zn,[CH]1C=C(c2ccncc2)C=CN1
qmof-a0daa8f,KOZFOW_FSR,bandgap_3.5_to_4.0eV,2,Cu,
qmof-bf9cc36,KOZPIA_FSR,bandgap_3.5_to_4.0eV,4,Sm,c1ccccc1
qmof-4abf5ee,RAWVUH_FSR,bandgap_3.5_to_4.0eV,3,Ag,
qmof-12df25d,RAQNUS_FSR,bandgap_3.5_to_4.0eV,3,Pb,
qmof-ae43cc7,RATTOX_FSR,bandgap_3.5_to_4.0eV,3,Ba,[CH]1C=C(c2ncc[nH]2)C=CN1
qmof-8138810,COMMUN_FSR,bandgap_3.5_to_4.0eV,5,Cd,c1ccccc1
qmof-b86321e,CONPAY_FSR,bandgap_3.5_to_4.0eV,3,Zn,O=C1[N]NC(=O)c2ccc(Oc3ccccc3)cc21
qmof-8d1a68a,COQYUD_FSR,bandgap_3.5_to_4.0eV,1,Na,
qmof-5e2dc9c,CORHAS06_FSR,bandgap_3.5_to_4.0eV,5,Cu,
qmof-eaa8adc,CUFODO11_FSR,bandgap_3.5_to_4.0eV,5,Cu,C1COCCO1
qmof-22ff445,RAFXUS_FSR,bandgap_3.5_to_4.0eV,3,Co,c1ccc(CSc2ccncc2)cc1
qmof-089a220,RAHPUM_FSR,bandgap_3.5_to_4.0eV,3,Ag,c1ccc2ccccc2c1
qmof-e0e24d6,CUFORM02_FSR,bandgap_3.5_to_4.0eV,5,Cu,
qmof-f01442f,KUNKEK_FSR,bandgap_3.5_to_4.0eV,2,Cu,c1ccncc1
qmof-20f108f,KUBZEN_FSR,bandgap_3.5_to_4.0eV,2,Co,c1ccc(NCc2c[nH]cn2)cc1
qmof-df50092,KUCFOF_FSR,bandgap_3.5_to_4.0eV,5,Mg,
qmof-c3289bb,KUCPUU_FSR,bandgap_3.5_to_4.0eV,5,Cd,c1cnc2c(SCc3ccncc3)cccc2c1
qmof-684e6eb,RAPZEP_FSR,bandgap_3.5_to_4.0eV,4,Fe,c1ccc(P(CCP(c2ccccc2)c2ccccc2)c2ccccc2)cc1
qmof-b8b8984,RAQNIG_FSR,bandgap_3.5_to_4.0eV,3,Pb,
qmof-e09b2a7,RAJSIG_FSR,bandgap_3.5_to_4.0eV,2,Co,
qmof-abf8164,RAKYEH_FSR,bandgap_3.5_to_4.0eV,5,Na,c1ccc2ccccc2c1
qmof-f72ed6d,RAMHIW_FSR,bandgap_3.5_to_4.0eV,3,Cu,c1ccccc1
qmof-7212ecd,RAMHOC_FSR,bandgap_3.5_to_4.0eV,2,Zn,c1ccccc1
qmof-95786c6,COWKIJ_FSR,bandgap_3.5_to_4.0eV,1,Cu,[CH]1N=C[N]N1Cc1ccc(CN2[CH]N=C[N]2)cc1
qmof-5402e4d,COWVIU_FSR,bandgap_3.5_to_4.0eV,2,Dy,C1=C[N]N=C1.[CH]1C=NN=C1
qmof-70ea512,CUKKIE_FSR,bandgap_3.5_to_4.0eV,5,Dy,c1ccccc1
qmof-e74298d,CUKKOK_FSR,bandgap_3.5_to_4.0eV,2,Ho,c1ccccc1
qmof-ce6bf13,GAHVIW_FSR,bandgap_3.5_to_4.0eV,2,Cu,c1cnc(-c2ncccn2)nc1
qmof-5a5686e,GAHZAS_FSR,bandgap_3.5_to_4.0eV,1,Cu,O=C(CCCCC(=O)Nc1cccnc1)Nc1cccnc1
qmof-e9fbf5f,GAKNAI_FSR,bandgap_3.5_to_4.0eV,5,Cu,c1ccccc1
qmof-de03148,GAKSOB_FSR,bandgap_3.5_to_4.0eV,1,Ag,c1ccc2ccccc2c1
qmof-99da696,KUJFOM_FSR,bandgap_3.5_to_4.0eV,3,Sc,c1cncnc1
qmof-cd4321a,KULCAX_FSR,bandgap_3.5_to_4.0eV,2,Cu,
qmof-8e31c0c,KULCEB_FSR,bandgap_3.5_to_4.0eV,1,Cu,
qmof-1dc30c4,KULJEI_FSR,bandgap_3.5_to_4.0eV,3,Bi,c1ccncc1
qmof-ea0f641,CUGFIV_FSR,bandgap_3.5_to_4.0eV,1,Cu,
qmof-4366c64,CUGLTM01_FSR,bandgap_3.5_to_4.0eV,2,Cu,
qmof-ccf3de7,QUZGEZ_FSR,bandgap_3.5_to_4.0eV,4,Sr,c1ccccc1
qmof-dcc8ef6,RABNAL_FSR,bandgap_3.5_to_4.0eV,4,Cu,
qmof-e944ae4,CUBUTR02_FSR,bandgap_3.5_to_4.0eV,3,Cu,
qmof-398c96b,CUCRAV_FSR,bandgap_3.5_to_4.0eV,4,Zn,c1ccc(Oc2ccccc2)cc1
qmof-f6f314a,CUMBOC_FSR,bandgap_3.5_to_4.0eV,5,Cd,c1cc(CCc2ccncc2)ccn1.c1nncs1
qmof-07f47c8,CUMBUI_FSR,bandgap_3.5_to_4.0eV,1,Zn,c1cc(CCc2ccncc2)ccn1.c1nncs1
qmof-7e031d2,CUMCAP_FSR,bandgap_3.5_to_4.0eV,4,Mn,c1cc(CCc2ccncc2)ccn1.c1nncs1
qmof-ef89d0e,CUMCET_FSR,bandgap_3.5_to_4.0eV,2,Co,c1cc(CCc2ccncc2)ccn1.c1nncs1
qmof-0eb9cc3,QUVBOZ_FSR,bandgap_3.5_to_4.0eV,4,Cd,[CH]1C=CC=CN1
qmof-826c19b,QUVBUF_FSR,bandgap_3.5_to_4.0eV,3,Zn,[CH]1C=CC=CN1
qmof-61b30af,KUYWEI_FSR,bandgap_3.5_to_4.0eV,5,Organic_Only,[CH]1C=CC=CN1Cc1cc(CN2[CH]C=CC=C2)cc(CN2[CH]C=CC=C2)c1
qmof-faedf85,LABKEH_FSR,bandgap_3.5_to_4.0eV,4,Zn,c1ccc(Oc2ccccc2)cc1.c1cn(-c2ccc(-n3ccnc3)cc2)cn1
qmof-d90b70a,KURNAO_FSR,bandgap_3.5_to_4.0eV,5,Cd,[CH]1N=C[N]N1CCCCN1[CH]N=C[N]1.c1cnccn1
qmof-91c04d1,KURNES_FSR,bandgap_3.5_to_4.0eV,5,Fe,c1ccncc1
qmof-10ddadb,RACBUU_FSR,bandgap_3.5_to_4.0eV,3,Cu,
qmof-2d4fbda,RADZAZ_FSR,bandgap_3.5_to_4.0eV,1,Ag,c1ccccc1
qmof-dc3b732,RADZED_FSR,bandgap_3.5_to_4.0eV,3,Ag,c1ccccc1
qmof-6026387,QUVPAA_FSR,bandgap_3.5_to_4.0eV,1,Cd,c1ccccc1.c1cn(-c2ccc(OCCOc3ccc(-n4ccnc4)cc3)cc2)cn1
qmof-930f873,QUVWIP_FSR,bandgap_3.5_to_4.0eV,1,Hg,
qmof-432f5fb,QUXHAT_FSR,bandgap_3.5_to_4.0eV,4,Li,c1cnccn1
qmof-e397850,QUMVEA_FSR,bandgap_3.5_to_4.0eV,3,Hg,
qmof-d867ba7,QUMVOK_FSR,bandgap_3.5_to_4.0eV,3,Hg,
qmof-2fc7de6,CUSRAK_FSR,bandgap_3.5_to_4.0eV,1,Hg,c1cc(N(c2ccncc2)c2ccc(N(c3ccncc3)c3ccncc3)cc2)ccn1
qmof-072e137,GADLED_FSR,bandgap_3.5_to_4.0eV,2,Hg,c1ccncc1
qmof-b2fb769,KUYLEW_FSR,bandgap_3.5_to_4.0eV,4,Cu,c1ccccc1
qmof-56e9544,KUYLUM_FSR,bandgap_3.5_to_4.0eV,5,Co,
qmof-f9d3d84,CUPYAR01_FSR,bandgap_3.5_to_4.0eV,4,Cu,c1cnccn1
qmof-fac48cb,CUPYZP02_FSR,bandgap_3.5_to_4.0eV,2,Cu,c1cnccn1
qmof-85cce1c,CUQXOD_FSR,bandgap_3.5_to_4.0eV,2,Cd,c1cn(CCCCn2ccnc2)cn1
qmof-10b84fb,CUQZEV_FSR,bandgap_3.5_to_4.0eV,5,K,
qmof-9ae4bed,CUSGOO_FSR,bandgap_3.5_to_4.0eV,1,Ni,c1ccc(SCc2ccc(CSc3ccccn3)cc2)nc1.c1cn(-c2ccc(-n3ccnc3)cc2)cn1
qmof-4b6fe6e,CUSQUD_FSR,bandgap_3.5_to_4.0eV,2,Cd,c1cc(N(c2ccncc2)c2ccc(N(c3ccncc3)c3ccncc3)cc2)ccn1
qmof-432b63a,CUNVAJ_FSR,bandgap_3.5_to_4.0eV,4,Zn,c1cc(-n2ccnc2)cc(-n2ccnc2)c1.c1ccccc1
qmof-68f6f0b,CUNVEN_FSR,bandgap_3.5_to_4.0eV,4,Cd,c1cc(-n2ccnc2)cc(-n2ccnc2)c1.c1ccccc1
qmof-aec8d16,CUPICH13_FSR,bandgap_3.5_to_4.0eV,1,Cu,
qmof-8ce5833,QURYIM_FSR,bandgap_3.5_to_4.0eV,1,Cu,c1ccc2[nH]cnc2c1
qmof-5d505fa,QUJPOB_FSR,bandgap_3.5_to_4.0eV,1,Cd,
qmof-3de7905,LAGQAN_FSR,bandgap_3.5_to_4.0eV,1,Sm,c1ccccc1
qmof-cc8c19f,LAGQER_FSR,bandgap_3.5_to_4.0eV,1,Sm,c1ccccc1
qmof-faec029,LAGQOB_FSR,bandgap_3.5_to_4.0eV,3,Gd,c1ccccc1
qmof-8969958,LABROX_FSR,bandgap_3.5_to_4.0eV,5,Cd,O=C(c1ccccc1)c1ccccc1.c1cn(Cc2ccc(Cn3ccnc3)cc2)cn1
qmof-a7c5355,LACGON_FSR,bandgap_3.5_to_4.0eV,3,Ca,
qmof-1a08aae,LADSUH_FSR,bandgap_3.5_to_4.0eV,1,Zn,c1ccc(-c2ccccc2)cc1
qmof-a8e36ad,LAFBEB_FSR,bandgap_3.5_to_4.0eV,5,Er,c1ccccc1
qmof-d4520a2,LAFMUC_FSR,bandgap_3.5_to_4.0eV,2,Ag,
qmof-b1cbe7a,QUPZIM02_FSR,bandgap_3.5_to_4.0eV,3,Fe,C1=N[N]C=C1c1ccc([C]2C=NN=C2)cc1
qmof-97cb8e3,QULFUZ_FSR,bandgap_3.5_to_4.0eV,4,Cd,
qmof-541c7e3,QULMUG_FSR,bandgap_3.5_to_4.0eV,2,Cu,c1cc(OCC(COc2ccncc2)(COc2ccncc2)COc2ccncc2)ccn1
qmof-13c8eba,QULVIE_FSR,bandgap_3.5_to_4.0eV,1,Cd,c1cc(-c2ccncc2)ccn1.c1ccccc1
qmof-8f8a69e,QUMFAG_FSR,bandgap_3.5_to_4.0eV,4,Cd,c1ccc(OCc2ccncc2)c(OCc2ccncc2)c1.c1ccccc1
qmof-30c8ca9,QUMTEY_FSR,bandgap_3.5_to_4.0eV,3,Hg,
qmof-669b945,QUMVAW_FSR,bandgap_3.5_to_4.0eV,2,Hg,
qmof-f49b443,QUFBUP_FSR,bandgap_3.5_to_4.0eV,4,Cu,
qmof-07ef212,QUFSUF_FSR,bandgap_3.5_to_4.0eV,5,Na,c1ccccc1
qmof-e607de3,QUGNOV_FSR,bandgap_3.5_to_4.0eV,2,Cd,c1cc[nH+]cc1
qmof-a5b6ce8,FUZXAA_FSR,bandgap_3.5_to_4.0eV,2,Cu,
qmof-2069140,LAGMUD_FSR,bandgap_3.5_to_4.0eV,4,Y,c1ccccc1
qmof-0e5c999,LAGNAK_FSR,bandgap_3.5_to_4.0eV,4,Y,c1ccccc1
qmof-edf0a1b,LAGNEO_FSR,bandgap_3.5_to_4.0eV,5,Y,c1ccccc1
qmof-aaf6969,LAGNIT_FSR,bandgap_3.5_to_4.0eV,2,Cu,C1=C[N]N=C1.[CH]1C=CN=N1.[CH]1C=NN=C1
qmof-e546ceb,CUSREO_FSR,bandgap_3.5_to_4.0eV,5,Hg,c1cc(N(c2ccncc2)c2ccc(N(c3ccncc3)c3ccncc3)cc2)ccn1
qmof-d924de8,CUSUCC02_FSR,bandgap_3.5_to_4.0eV,1,Cu,
qmof-1618ce0,QUGZIC_FSR,bandgap_3.5_to_4.0eV,5,Zn,c1cc(CC(c2ccncc2)C(Cc2ccncc2)c2ccncc2)ccn1
qmof-c3750eb,QUHPOZ_FSR,bandgap_3.5_to_4.0eV,4,Er,c1ccc(-c2ccccn2)nc1
qmof-8c9e787,QUHPUF_FSR,bandgap_3.5_to_4.0eV,5,Ho,c1ccc(-c2ccccn2)nc1
qmof-a17a1a7,QUHQEQ_FSR,bandgap_3.5_to_4.0eV,1,Tm,c1ccc(-c2ccccn2)nc1
qmof-fa557d8,QUHQUG_FSR,bandgap_3.5_to_4.0eV,5,Cu,S=C1NCCN1
qmof-9b79393,QUJPES_FSR,bandgap_3.5_to_4.0eV,3,Ca,c1ccncc1
qmof-ebea65a,QOWSUS_FSR,bandgap_3.5_to_4.0eV,5,Cd,[CH]1N=C(C2=NC(c3ccccn3)=N[N]2)[N]N1
qmof-64c9f07,LAJZIG_FSR,bandgap_3.5_to_4.0eV,5,Cd,C1=CN=C[N]1
qmof-87530df,LALDIN_FSR,bandgap_3.5_to_4.0eV,1,Ag,
qmof-f18ed85,LALFEK_FSR,bandgap_3.5_to_4.0eV,1,Cu,c1cn(-c2cc(-n3ccnc3)cc(-n3ccnc3)c2)cn1
qmof-83e56fe,LALFIO_FSR,bandgap_3.5_to_4.0eV,3,Cu,c1cn(Cc2cc(-n3ccnc3)cc(-n3ccnc3)c2)cn1
qmof-ef4e692,FUYYUU_FSR,bandgap_3.5_to_4.0eV,1,Er,c1ccc2[nH]cnc2c1
qmof-1e98fe6,CUTTIW_FSR,bandgap_3.5_to_4.0eV,2,Cu,
qmof-778c29c,CUWMEN_FSR,bandgap_3.5_to_4.0eV,3,Zn,
qmof-f8e0017,CUXCOO_FSR,bandgap_3.5_to_4.0eV,5,Zn,c1ccc(-c2cc(-c3ccncc3)nc(-c3ccncc3)c2)cc1
qmof-1b756ab,QQQBNS06_FSR,bandgap_3.5_to_4.0eV,3,Co,
qmof-137c759,QQQDHD01_FSR,bandgap_3.5_to_4.0eV,1,Na,c1ccccc1
qmof-ef0bed5,QUKRIY_FSR,bandgap_3.5_to_4.0eV,1,Zn,c1cc(-c2ccncc2)ccn1.c1ccccc1
qmof-b2050b0,QUBQIP_FSR,bandgap_3.5_to_4.0eV,5,Organic_Only,
qmof-2134db0,QUBZIW_FSR,bandgap_3.5_to_4.0eV,3,Hg,
qmof-57d20b8,QUCDAV_FSR,bandgap_3.5_to_4.0eV,2,Cu,c1ccc(-c2ccccn2)nc1
qmof-182d6dc,QUFBID_FSR,bandgap_3.5_to_4.0eV,1,Cu,c1ccccc1
qmof-1d78da0,QOPTOG_FSR,bandgap_3.5_to_4.0eV,2,Co,c1nc2cc3[nH]cnc3cc2[nH]1
qmof-be16f87,QORYAY_FSR,bandgap_3.5_to_4.0eV,4,Co,c1ccccc1
qmof-76dc26a,QOTLIV_FSR,bandgap_3.5_to_4.0eV,2,Cd,c1cnccn1
qmof-d450a60,LAPJAQ_FSR,bandgap_3.5_to_4.0eV,4,Cd,O=C(Nc1cccnc1)Nc1cccc(NC(=O)Nc2cccnc2)c1
qmof-5847aa0,LALGAH_FSR,bandgap_3.5_to_4.0eV,5,Ag,c1ccc(P(CCP(c2ccccc2)c2ccccc2)c2ccccc2)cc1
qmof-faec724,LALHEN_FSR,bandgap_3.5_to_4.0eV,1,Cd,O=C(CN1[CH]N=C[N]1)NN=Cc1ccccn1
qmof-32382ab,LALTEY_FSR,bandgap_3.5_to_4.0eV,4,Cd,c1ccsc1
qmof-1637dfc,LALTIC_FSR,bandgap_3.5_to_4.0eV,5,Cd,c1ccsc1
qmof-7d5c3b3,CUYDEG_FSR,bandgap_3.5_to_4.0eV,5,Co,C1=Nc2ccccc2[N]1
qmof-dd44358,CUYHEK_FSR,bandgap_3.5_to_4.0eV,4,Zn,c1cc(-c2ccncc2)ccn1.c1ccccc1
qmof-4db0d17,CUYHOU01_FSR,bandgap_3.5_to_4.0eV,5,Zn,c1cc(-c2ccncc2)ccn1.c1ccccc1
qmof-673ecf4,CUYJAI_FSR,bandgap_3.5_to_4.0eV,5,Zn,c1cc(-c2ccncc2)ccn1.c1ccccc1
qmof-b4e92f2,CUYQIX_FSR,bandgap_3.5_to_4.0eV,1,Zn,c1cc(CN2CCN(Cc3ccncc3)CC2)ccn1
qmof-f38562c,QOVCIP_FSR,bandgap_3.5_to_4.0eV,4,Sn,c1ccccc1
qmof-be6c3f5,QOVRUQ_FSR,bandgap_3.5_to_4.0eV,5,Zn,c1ccc2ccccc2c1.c1cn(-c2ccc(-n3ccnc3)cc2)cn1
qmof-a96469f,QOVWAB_FSR,bandgap_3.5_to_4.0eV,3,Cd,c1ccc2ccccc2c1.c1cn(Cc2ccc(Cn3ccnc3)cc2)cn1
qmof-4418d7f,FUQMUB_FSR,bandgap_3.5_to_4.0eV,1,Ba,c1ccccc1
qmof-765b27e,FUVYEB01_FSR,bandgap_3.5_to_4.0eV,5,Ag,c1ccc(C2=NN=N[N]2)cc1
qmof-7d4ccad,FUVYEB_FSR,bandgap_3.5_to_4.0eV,2,Ag,c1ccc(C2=NN=N[N]2)cc1
qmof-8a4c3d2,FUXLUF_FSR,bandgap_3.5_to_4.0eV,4,Cu,c1ccccc1
qmof-3415203,FUYTID01_FSR,bandgap_3.5_to_4.0eV,3,Cu,c1cncc(-c2nnc(-c3cccnc3)[nH]2)c1
qmof-ae58b33,FUYYAA_FSR,bandgap_3.5_to_4.0eV,1,Cu,c1ccc(-c2ccccn2)nc1
qmof-8312100,LAMRID_FSR,bandgap_3.5_to_4.0eV,3,Cd,c1ccccc1
qmof-ead32c0,CUYXOK_FSR,bandgap_3.5_to_4.0eV,3,Cu,c1ccccc1
qmof-8185826,CUZJIR_FSR,bandgap_3.5_to_4.0eV,4,K,c1ccccc1
qmof-b0c4af1,CUZKUF_FSR,bandgap_3.5_to_4.0eV,4,Ag,c1c[nH]cn1
qmof-9791d0d,CUZLAM_FSR,bandgap_3.5_to_4.0eV,4,Ag,c1c[nH]cn1
qmof-9e38c97,QOKCID_FSR,bandgap_3.5_to_4.0eV,3,Zn,c1ccc(OCc2cccc(COc3ccccc3)c2)cc1
qmof-18d33c2,QOPLEM01_FSR,bandgap_3.5_to_4.0eV,3,Cu,
qmof-f0e2ea0,QOYDIR02_FSR,bandgap_3.5_to_4.0eV,5,Cu,c1cncnc1
qmof-ab10508,QOZLUN_FSR,bandgap_3.5_to_4.0eV,3,Tb,c1ccccc1
qmof-58cb521,QOPRUK_FSR,bandgap_3.5_to_4.0eV,3,La,c1ccccc1
qmof-9a8fdd8,QIYYAZ_FSR,bandgap_3.5_to_4.0eV,2,Cu,
qmof-4af6c02,QOBHEU01_FSR,bandgap_3.5_to_4.0eV,3,Zn,
qmof-b0ed692,QOBHIY_FSR,bandgap_3.5_to_4.0eV,1,Zn,
qmof-c9f0a33,QOBZUF_FSR,bandgap_3.5_to_4.0eV,4,Cd,c1ncc(-c2ccc(-c3cnc[nH]3)s2)[nH]1
qmof-0c33be9,LASTAB_FSR,bandgap_3.5_to_4.0eV,4,Cu,c1ccccc1
qmof-9f1e6d5,LAPRIG_FSR,bandgap_3.5_to_4.0eV,1,Cd,[CH]1C=NC=N1
qmof-bc6b36f,LAPROM_FSR,bandgap_3.5_to_4.0eV,3,Cd,C1=CN=C[N]1.[CH]1C=NC=N1
qmof-c218ed4,LAQFEO_FSR,bandgap_3.5_to_4.0eV,1,Cd,O=S(=O)([N]c1ccccn1)c1ccccc1
qmof-5f9623c,LAQNUN_FSR,bandgap_3.5_to_4.0eV,5,Cd,c1ccc2[nH]cnc2c1.c1ccc2[nH]cnc2c1
qmof-e073388,LARCIR01_FSR,bandgap_3.5_to_4.0eV,3,Ag,c1cncc(C2=NN=N[N]2)c1
qmof-c28f3c5,DACVOT_FSR,bandgap_3.5_to_4.0eV,4,Cd,
qmof-1b7eed8,DACWAG_FSR,bandgap_3.5_to_4.0eV,4,Cd,
qmof-6444ede,DADLIF_FSR,bandgap_3.5_to_4.0eV,2,Zn,
qmof-77c64e0,DAFSOT_FSR,bandgap_3.5_to_4.0eV,3,Tl,
qmof-b2e74b6,QOFRUB_FSR,bandgap_3.5_to_4.0eV,4,Hg,
qmof-d499930,LARLUN_FSR,bandgap_3.5_to_4.0eV,2,Zn,c1ccccc1
qmof-993d33b,DANTUJ_FSR,bandgap_3.5_to_4.0eV,1,Cu,
qmof-365e8e1,QIQHUT_FSR,bandgap_3.5_to_4.0eV,1,Hg,
qmof-f5b36f7,QIWRIY_FSR,bandgap_3.5_to_4.0eV,2,Zn,
qmof-257b072,QIYHAJ_FSR,bandgap_3.5_to_4.0eV,1,Zn,c1ccccc1
qmof-33fda33,QITCED_FSR,bandgap_3.5_to_4.0eV,1,Cu,C1=C[N]N=C1.[CH]1C=NN=C1
qmof-9bef09e,QITVOF_FSR,bandgap_3.5_to_4.0eV,4,Ba,c1ccc(-c2ccccn2)nc1
qmof-e80fd66,QITVUL_FSR,bandgap_3.5_to_4.0eV,5,Cu,c1ccc(-c2ccccn2)nc1
qmof-10f2b04,DALQUD_FSR,bandgap_3.5_to_4.0eV,5,Cu,C1CCCCC1
qmof-458a962,LARZUB_FSR,bandgap_3.5_to_4.0eV,5,Co,
qmof-ed92b64,DAFVAK_FSR,bandgap_3.5_to_4.0eV,5,Ag,
qmof-4b1f591,DAFVEO_FSR,bandgap_3.5_to_4.0eV,2,Ag,
qmof-b5805d2,DAFZAM_FSR,bandgap_3.5_to_4.0eV,4,Zn,c1ccncc1
qmof-6b21d44,DAKJOQ_FSR,bandgap_3.5_to_4.0eV,5,Cu,c1cc(-c2ccncc2)ccn1.c1ccccc1
qmof-608be6c,DAKLOS_FSR,bandgap_3.5_to_4.0eV,3,Ho,c1ccccc1
qmof-5b955f2,QOGXEQ_FSR,bandgap_3.5_to_4.0eV,3,Cd,c1cn(Cc2ccc(Cn3ccnc3)cc2)cn1.c1cnccn1
qmof-97f0ee1,QIYSOH_FSR,bandgap_3.5_to_4.0eV,5,Fe,[CH]1N=C[N]N1CCCCN1[CH]N=C[N]1
qmof-6203b43,DAQVIC_FSR,bandgap_3.5_to_4.0eV,1,Er,
qmof-e4d5e45,LAWQAD_FSR,bandgap_3.5_to_4.0eV,2,Ag,S=C1[N]N=CN1
qmof-2adfedd,LAWQEH_FSR,bandgap_3.5_to_4.0eV,1,Ag,S=C1[N]N=CN1
qmof-ef21412,LAWSEI_FSR,bandgap_3.5_to_4.0eV,5,Zn,
qmof-6f15100,LAXGID_FSR,bandgap_3.5_to_4.0eV,5,Cd,
qmof-5779945,LATREG_FSR,bandgap_3.5_to_4.0eV,5,Cd,c1cc(CCc2ccncc2)ccn1.c1ccc(COc2ccccc2)cc1
qmof-2de6209,LAVDIW_FSR,bandgap_3.5_to_4.0eV,5,La,c1ccncc1
qmof-4da8988,FUGCAL_FSR,bandgap_3.5_to_4.0eV,4,Pb,
qmof-5e17bde,QISFUU_FSR,bandgap_3.5_to_4.0eV,1,Ag,c1c([C]2NCCO2)cc(C2=NCCO2)cc1C1=NCCO1
qmof-47607dd,QISVIZ_FSR,bandgap_3.5_to_4.0eV,2,Er,c1ccccc1
qmof-9fe4370,QISWUM_FSR,bandgap_3.5_to_4.0eV,3,Co,c1ccc(OCCOCCOc2ccccc2)cc1.c1cn(-c2ccc(-n3ccnc3)cc2)cn1
qmof-8ed2feb,QIKWOW_FSR,bandgap_3.5_to_4.0eV,4,Zn,
qmof-0a5db4d,DALTOC_FSR,bandgap_3.5_to_4.0eV,4,Cu,c1ccccc1
qmof-3f6db6f,DAMTUJ_FSR,bandgap_3.5_to_4.0eV,4,Cu,[CH]1NC=CN1
qmof-33540bf,DAMYIC_FSR,bandgap_3.5_to_4.0eV,3,Cu,c1cscn1
qmof-e8bfbcc,DANTIW_FSR,bandgap_3.5_to_4.0eV,4,Ag,c1cc([SiH2]c2ccncc2)ccn1
qmof-c00e9c8,FUBFEP_FSR,bandgap_3.5_to_4.0eV,5,Cd,c1ccccc1.c1cn(-c2ccc(-c3nnc(-c4ccc(-n5ccnc5)cc4)[nH]3)cc2)cn1
qmof-389e6cf,FUFLEY_FSR,bandgap_3.5_to_4.0eV,2,Cd,
qmof-d472284,QIMNUX_FSR,bandgap_3.5_to_4.0eV,4,Zn,
qmof-28beae4,DAPWOJ_FSR,bandgap_3.5_to_4.0eV,4,Cd,
qmof-5670f96,DAQRUK_FSR,bandgap_3.5_to_4.0eV,2,Na,
qmof-d00d150,DAQSAR_FSR,bandgap_3.5_to_4.0eV,4,Na,
qmof-9fb92cc,DAQSOD_FSR,bandgap_3.5_to_4.0eV,5,Ag,c1cncnc1
qmof-398b764,DAQSOF_FSR,bandgap_3.5_to_4.0eV,4,Gd,
qmof-82d9500,DAQSUL_FSR,bandgap_3.5_to_4.0eV,3,Gd,
qmof-fec1478,DAQTAS_FSR,bandgap_3.5_to_4.0eV,3,Na,
qmof-81946c9,DAQTEW_FSR,bandgap_3.5_to_4.0eV,5,Na,
qmof-50413d8,DAQTIA_FSR,bandgap_3.5_to_4.0eV,4,Dy,
qmof-d8e2563,DAQTOG_FSR,bandgap_3.5_to_4.0eV,3,Dy,
qmof-27a6bf9,DAQTUM_FSR,bandgap_3.5_to_4.0eV,1,Ho,
qmof-9462beb,DAQVAU_FSR,bandgap_3.5_to_4.0eV,1,Ho,
qmof-7c1f909,DAQVEY_FSR,bandgap_3.5_to_4.0eV,2,Er,
qmof-7e79016,QEWMIP_FSR,bandgap_3.5_to_4.0eV,3,Zn,
qmof-852039c,QEWMOV_FSR,bandgap_3.5_to_4.0eV,3,Cd,
qmof-3fbd724,LAZMIK_FSR,bandgap_3.5_to_4.0eV,5,Co,c1ccc(-c2ccncc2)cc1
qmof-de5b030,FOXYOH_FSR,bandgap_3.5_to_4.0eV,2,Nd,c1ccc(-c2ccccn2)nc1
qmof-35f4c59,FOXZAU_FSR,bandgap_3.5_to_4.0eV,5,Tb,c1ccc(-c2ccccn2)nc1
qmof-eae6585,FOYFAC_FSR,bandgap_3.5_to_4.0eV,5,Cd,c1cc(-c2ccncc2)ccn1.c1ccc(Oc2cccnc2)cc1
qmof-01bd71a,QIBXAD_FSR,bandgap_3.5_to_4.0eV,2,Ba,O=c1cccc[nH]1
qmof-faced1a,QIFLUM_FSR,bandgap_3.5_to_4.0eV,1,Cd,
qmof-b8022fd,QIHMOM_FSR,bandgap_3.5_to_4.0eV,1,Bi,c1ccncc1
qmof-593a48e,QIHPOP_FSR,bandgap_3.5_to_4.0eV,4,Ni,
qmof-e7ab34a,QIHPUV_FSR,bandgap_3.5_to_4.0eV,3,Zn,
qmof-5b13ca9,QEYMIR01_FSR,bandgap_3.5_to_4.0eV,3,Ag,c1c[nH]cn1
qmof-1dddd27,QEYRIW01_FSR,bandgap_3.5_to_4.0eV,1,Ag,
qmof-618d03c,FOZDUV_FSR,bandgap_3.5_to_4.0eV,2,Au,c1ccccc1
qmof-91128f9,FOZHUX11_FSR,bandgap_3.5_to_4.0eV,5,Mn,
qmof-27041f1,FUBCIP_FSR,bandgap_3.5_to_4.0eV,5,Cd,c1ccc2[nH]ccc2c1
qmof-4b0a536,QEJCEO_FSR,bandgap_3.5_to_4.0eV,4,Cd,S=C(NCc1cccnc1)NCc1cccnc1
qmof-cf8f928,DAYJOE_FSR,bandgap_3.5_to_4.0eV,5,Ag,c1ccc2c(c1)nnn2Cn1c(-c2ccncc2)nc2ccccc21
qmof-7752027,LEDMOY01_FSR,bandgap_3.5_to_4.0eV,2,Cd,
qmof-4a920a2,LEGJEN_FSR,bandgap_3.5_to_4.0eV,3,Mn,
qmof-996dc07,LEHHIR_FSR,bandgap_3.5_to_4.0eV,3,Cd,c1cc(-c2ccncc2)ccn1.c1ccccc1
qmof-09030cb,LEHKAM_FSR,bandgap_3.5_to_4.0eV,2,Cu,c1cnccn1
qmof-480d9ca,LEBNIQ_FSR,bandgap_3.5_to_4.0eV,3,Zn,c1cc(-c2ccncc2)ccn1
qmof-a3e1988,LEBSUH02_FSR,bandgap_3.5_to_4.0eV,1,Cu,c1ccccc1
qmof-22a80df,QEPTAH_FSR,bandgap_3.5_to_4.0eV,5,Cd,c1ccncc1
qmof-c27282a,QESVAO_FSR,bandgap_3.5_to_4.0eV,2,Cd,C1C2CC3CC1CC(C2)C3.O=C(NCCNC(=O)c1ccncc1)c1ccncc1
qmof-3ca2407,QETCIC_FSR,bandgap_3.5_to_4.0eV,5,Cd,
qmof-f405a54,QEKLID01_FSR,bandgap_3.5_to_4.0eV,5,Cd,c1ccc(-c2ccccc2)cc1
qmof-9f111f7,QEMYEM_FSR,bandgap_3.5_to_4.0eV,3,Cu,
qmof-eec0cfe,DATNES_FSR,bandgap_3.5_to_4.0eV,3,Ag,
qmof-27afebe,DAWSEB_FSR,bandgap_3.5_to_4.0eV,2,Mn,c1ccccc1
qmof-b5f19ca,QENHIA_FSR,bandgap_3.5_to_4.0eV,2,Cu,C1N2CN3CN1CN(C2)C3
qmof-20628ef,FOWJIL_FSR,bandgap_3.5_to_4.0eV,3,Cd,
qmof-760037b,FOWTIW_FSR,bandgap_3.5_to_4.0eV,5,Na,c1ccoc1
qmof-309f598,FOWXOG01_FSR,bandgap_3.5_to_4.0eV,4,Cu,c1ccc(SCSc2ccccc2)cc1
qmof-cbb0c75,FOWZIC_FSR,bandgap_3.5_to_4.0eV,3,Cu,c1ccc(SCSc2ccccc2)cc1
qmof-0a84707,FOXQAL_FSR,bandgap_3.5_to_4.0eV,1,Cu,c1cn(Cc2cc(Cn3ccnc3)cc(Cn3ccnc3)c2)cn1
qmof-e4f1759,DAYKOF01_FSR,bandgap_3.5_to_4.0eV,3,Tb,c1ccc(-c2ncc[nH]2)cc1
qmof-0749e57,DAYPUR_FSR,bandgap_3.5_to_4.0eV,1,Cd,
qmof-9d147d8,DAYRIG_FSR,bandgap_3.5_to_4.0eV,5,Zn,c1ccncc1
qmof-05cb0f7,DAZDAK_FSR,bandgap_3.5_to_4.0eV,4,Hg,
qmof-4090ad3,QAXYAQ_FSR,bandgap_3.5_to_4.0eV,4,Hg,
qmof-23eba6f,QAZJOT_FSR,bandgap_3.5_to_4.0eV,1,Zn,c1cn(-c2ccc3[nH]c4ccc(-n5ccnc5)cc4c3c2)cn1
qmof-26ebc0e,DAXNOH_FSR,bandgap_3.5_to_4.0eV,1,Hg,
qmof-abb33dd,DAXNUN_FSR,bandgap_3.5_to_4.0eV,1,Hg,c1ccccc1
qmof-c428516,DAXPAV_FSR,bandgap_3.5_to_4.0eV,2,Hg,c1ccccc1
qmof-ebed62f,QEHVIK_FSR,bandgap_3.5_to_4.0eV,5,Cd,c1ccc(-c2nnc(-c3cccnc3)n2-c2ccncc2)nc1
qmof-96b3e9d,QEJCAK_FSR,bandgap_3.5_to_4.0eV,2,Cd,S=C(NCc1cccnc1)NCc1cccnc1
qmof-27b9790,LEPVOT_FSR,bandgap_3.5_to_4.0eV,1,Pr,c1ccccc1.c1ccncc1
qmof-013d7be,LEPVUZ_FSR,bandgap_3.5_to_4.0eV,4,Nd,c1ccccc1.c1ccncc1
qmof-f934fdc,LEHRUN_FSR,bandgap_3.5_to_4.0eV,1,K,C1COCCN1
qmof-d9209b4,LEHVAW_FSR,bandgap_3.5_to_4.0eV,3,Cu,C1CCC1
qmof-32b45cc,LEHVOL_FSR,bandgap_3.5_to_4.0eV,4,Zn,c1cc(-c2ccncc2)cc(-c2ccncc2)c1
qmof-cf53258,LEHZIJ_FSR,bandgap_3.5_to_4.0eV,1,Hg,
qmof-b454284,LEJVUR01_FSR,bandgap_3.5_to_4.0eV,5,Bi,
qmof-d54f310,QEBMIW_FSR,bandgap_3.5_to_4.0eV,4,Cd,[CH]1N=C[N]N1c1ccccc1
qmof-b6d6a17,QEBRAS_FSR,bandgap_3.5_to_4.0eV,5,Ho,[CH]1C=CC=CN1
qmof-b0edd58,QAWCOI_FSR,bandgap_3.5_to_4.0eV,4,Tb,C(#Cc1ccccc1)c1ccccc1
qmof-243c82b,QAWGON_FSR,bandgap_3.5_to_4.0eV,1,Cd,
qmof-65cbaf5,QAWHAY_FSR,bandgap_3.5_to_4.0eV,3,Cu,
qmof-74f0957,QAWSUD_FSR,bandgap_3.5_to_4.0eV,3,Cd,
qmof-f269524,QAXBIB_FSR,bandgap_3.5_to_4.0eV,2,Ag,O=C1C=CN=C[N]1
qmof-914130f,DBUPCU_FSR,bandgap_3.5_to_4.0eV,4,Cu,
qmof-37eedc4,DEBTUA_FSR,bandgap_3.5_to_4.0eV,2,Ag,c1cncc(C2CCCN2)c1
qmof-09dc27f,LEPCOZ_FSR,bandgap_3.5_to_4.0eV,1,Zn,
qmof-f4f5664,LEPCUF_FSR,bandgap_3.5_to_4.0eV,4,Cd,
qmof-4c32590,LEPFER_FSR,bandgap_3.5_to_4.0eV,3,Organic_Only,
qmof-025cbf2,QATXOA_FSR,bandgap_3.5_to_4.0eV,4,Ag,c1cn(Cc2ccc(Cn3ccnc3)cc2)cn1
qmof-d850c92,QAVFAW_FSR,bandgap_3.5_to_4.0eV,2,Cd,O=C(Nc1cccnc1)c1cc(C(=O)Nc2cccnc2)cc(C(=O)Nc2cccnc2)c1
qmof-3a15a51,QAQQIJ_FSR,bandgap_3.5_to_4.0eV,5,Co,c1cc(CCc2cc[nH+]cc2)cc[nH+]1
qmof-c067576,QARBUI_FSR,bandgap_3.5_to_4.0eV,1,Zn,c1ccc(-c2nc(C3=NN=N[N]3)c(C3=NN=N[N]3)nc2-c2ccccn2)nc1
qmof-362cafe,QARNOO_FSR,bandgap_3.5_to_4.0eV,2,Cu,
qmof-cbf2d89,QARREI_FSR,bandgap_3.5_to_4.0eV,4,Sm,c1cc(-c2ncc[nH]2)ccn1
qmof-95bf190,QARROS_FSR,bandgap_3.5_to_4.0eV,5,Dy,c1cc(-c2ncc[nH]2)ccn1
qmof-068bc8e,QARRUY_FSR,bandgap_3.5_to_4.0eV,5,Ho,c1cc(-c2ncc[nH]2)ccn1
qmof-4df1b78,DEDNUV_FSR,bandgap_3.5_to_4.0eV,2,Ag,
qmof-b40e587,DEDPAD01_FSR,bandgap_3.5_to_4.0eV,3,Ag,
qmof-187ab3a,DEDPAD_FSR,bandgap_3.5_to_4.0eV,5,Ag,
qmof-3f1f67b,QATQIM_FSR,bandgap_3.5_to_4.0eV,3,Ag,c1cn(Cc2ccc(-n3ccnc3)cc2)cn1
qmof-8287615,LEPVIN_FSR,bandgap_3.5_to_4.0eV,2,La,c1ccccc1.c1ccncc1
qmof-290b93c,DEFREO_FSR,bandgap_3.5_to_4.0eV,1,Zn,c1ccccc1
qmof-384cd6b,DEFSUE_FSR,bandgap_3.5_to_4.0eV,2,Co,c1ccc(C2=NN=N[N]2)cc1
qmof-31a720c,DEFYIX_FSR,bandgap_3.5_to_4.0eV,1,Cu,
qmof-6bc32fd,DEGBAT_FSR,bandgap_3.5_to_4.0eV,1,Cu,
qmof-8b992f5,LEXLEH_FSR,bandgap_3.5_to_4.0eV,4,Mn,
qmof-2b27977,LEYKEH_FSR,bandgap_3.5_to_4.0eV,1,Cd,C(=Cc1ccncc1)c1ccncc1.c1ccccc1
qmof-8aa40cd,LEQQUU_FSR,bandgap_3.5_to_4.0eV,4,Cd,
qmof-136c064,LERNIF_FSR,bandgap_3.5_to_4.0eV,5,Mo,
qmof-a36b5af,LETDAQ_FSR,bandgap_3.5_to_4.0eV,4,Cu,C1=NC=N[N]1
qmof-172f006,LETDOE_FSR,bandgap_3.5_to_4.0eV,2,Cu,[CH]1N=C[N]N1
qmof-01c6cc9,FOPVUC_FSR,bandgap_3.5_to_4.0eV,3,Gd,c1ccccc1
qmof-c701205,FOQBAP_FSR,bandgap_3.5_to_4.0eV,4,Co,c1ccccc1.c1cn(Cc2ccc(Cn3ccnc3)cc2)cn1
qmof-d7f9a50,FOQSEK_FSR,bandgap_3.5_to_4.0eV,1,Cu,c1nncn1CCn1cnnc1
qmof-2001a62,LELXIK_FSR,bandgap_3.5_to_4.0eV,4,Cu,O=C(c1ccccc1)c1ccccc1.c1cc(-c2ccncc2)ccn1
qmof-db1b55d,LENRAY_FSR,bandgap_3.5_to_4.0eV,3,Cd,C1=N[N]C(c2ccccn2)=C1.[CH]1C=NN=C1c1ccccn1
qmof-f58091b,LENRIG_FSR,bandgap_3.5_to_4.0eV,4,Zn,c1cc(-c2nccs2)ccn1
qmof-4f9ba78,FOJVUX_FSR,bandgap_3.5_to_4.0eV,5,Zn,c1cc(-n2cnnc2)ccc1-n1cnnc1.c1ccccc1
qmof-569458e,FOKGOD_FSR,bandgap_3.5_to_4.0eV,2,Cd,C1=C(c2nc3ccccc3[nH]2)N=N[N]1.C1=NN=N[C]1c1nc2ccccc2[nH]1
qmof-295bf42,FOMTEH_FSR,bandgap_3.5_to_4.0eV,1,Cu,
qmof-b8457d7,FOMTUX_FSR,bandgap_3.5_to_4.0eV,3,Cd,
qmof-20b5399,FOPJUR_FSR,bandgap_3.5_to_4.0eV,2,Cu,
qmof-f9dc87c,LETKOL01_FSR,bandgap_3.5_to_4.0eV,3,Cu,c1ccncc1
qmof-f734d57,LEVPAG_FSR,bandgap_3.5_to_4.0eV,4,Cu,S=C1[N]N=NN1
qmof-4f2b4da,LEWGUQ_FSR,bandgap_3.5_to_4.0eV,5,Mn,
qmof-297ee2d,LEWJIJ_FSR,bandgap_3.5_to_4.0eV,2,Zn,
qmof-2273e9b,QAKFIR_FSR,bandgap_3.5_to_4.0eV,3,Sn,
qmof-3619225,QAMSIJ_FSR,bandgap_3.5_to_4.0eV,2,Hg,
qmof-d8bbac8,QAGWOL_FSR,bandgap_3.5_to_4.0eV,2,Ni,c1ccccc1
qmof-8992d68,QAHCAF_FSR,bandgap_3.5_to_4.0eV,3,Ag,
qmof-8bec27b,QAHKUH_FSR,bandgap_3.5_to_4.0eV,3,Cd,C(=Cc1ccncc1)c1ccncc1
qmof-3a005e0,QAJFOZ_FSR,bandgap_3.5_to_4.0eV,2,Cu,c1c2c3cc(c1CSCCOCCOCCSC2)CSCCOCCOCCSC3
qmof-5e98a79,DEGJOP_FSR,bandgap_3.5_to_4.0eV,5,Hg,
qmof-ab17fad,FOHCIP_FSR,bandgap_3.5_to_4.0eV,5,Cd,
qmof-27df7c3,FOJKIA_FSR,bandgap_3.5_to_4.0eV,4,Mg,c1ccc2ccccc2c1
qmof-7833495,LEZSIV_FSR,bandgap_3.5_to_4.0eV,1,Li,
qmof-643a687,LEZSUH_FSR,bandgap_3.5_to_4.0eV,2,Li,
qmof-1656ec0,LEZTIW_FSR,bandgap_3.5_to_4.0eV,4,Li,c1ccccc1
qmof-14f2341,LIBZAZ_FSR,bandgap_3.5_to_4.0eV,3,Zn,
qmof-d0cb775,DEGLEJ_FSR,bandgap_3.5_to_4.0eV,5,Tb,c1ccc([C]2Nc3ccccc3N2)cc1
qmof-9c01853,DEGSIS01_FSR,bandgap_3.5_to_4.0eV,5,Cu,c1ccncc1.c1ccncc1
qmof-9be8b35,DEGTEP01_FSR,bandgap_3.5_to_4.0eV,4,Pb,
qmof-31214c6,DEGTIV_FSR,bandgap_3.5_to_4.0eV,5,Hg,
qmof-320f7c5,DEHGEF_FSR,bandgap_3.5_to_4.0eV,4,Pr,c1ccccc1
qmof-d6a5524,DEHGOP_FSR,bandgap_3.5_to_4.0eV,1,Tb,c1ccccc1
qmof-739a9ad,DEHHEG_FSR,bandgap_3.5_to_4.0eV,1,Zn,c1cc(-c2ccncc2)ccn1
qmof-0e187ca,QACCUV_FSR,bandgap_3.5_to_4.0eV,5,Cd,
qmof-744e26e,QADQAQ_FSR,bandgap_3.5_to_4.0eV,5,Cd,c1ccc(-c2cc(-c3cccc(C4=NN=N[N]4)c3)cc(-c3ccccn3)n2)nc1.c1ccccc1
qmof-dc10859,FOJQAY_FSR,bandgap_3.5_to_4.0eV,1,Zn,
qmof-b2d0d8a,PUPMAQ01_FSR,bandgap_3.5_to_4.0eV,4,Nd,c1ccccc1
qmof-6111c69,PUPMUJ_FSR,bandgap_3.5_to_4.0eV,4,Zn,c1ccccc1.c1ncc(-c2ccc(-c3cnc[nH]3)cc2)[nH]1
qmof-7d2356b,QACCOP_FSR,bandgap_3.5_to_4.0eV,2,Zn,
qmof-c81b80b,DEKZEB_FSR,bandgap_3.5_to_4.0eV,5,Ag,
qmof-4956d5d,PUQTEB01_FSR,bandgap_3.5_to_4.0eV,2,Cd,c1ccccc1
qmof-e5dde7a,LIFLUI_FSR,bandgap_3.5_to_4.0eV,1,Cu,c1cc(CCc2ccncc2)ccn1
qmof-4dc7542,FODROG_FSR,bandgap_3.5_to_4.0eV,2,Zn,
qmof-da04278,FODSAT_FSR,bandgap_3.5_to_4.0eV,5,Cd,c1cncnc1
qmof-f0b9b6a,FOFGUD_FSR,bandgap_3.5_to_4.0eV,1,Ag,c1ccncc1
qmof-810bc6b,QAFDOR_FSR,bandgap_3.5_to_4.0eV,5,Zn,
qmof-f158543,QAFFUB_FSR,bandgap_3.5_to_4.0eV,3,Cd,c1ccc(-n2cnnc2)cc1
qmof-5cd94b8,PUYREH01_FSR,bandgap_3.5_to_4.0eV,3,Cu,c1ccccc1
qmof-a7663ca,PUZJIF_FSR,bandgap_3.5_to_4.0eV,5,Mg,c1ccsc1
qmof-3921f33,PYDSHG_FSR,bandgap_3.5_to_4.0eV,5,Hg,
qmof-e87e545,PYNICL01_FSR,bandgap_3.5_to_4.0eV,5,Ni,
qmof-89941ae,PYNOCD_FSR,bandgap_3.5_to_4.0eV,4,Cd,c1cc[nH+]cc1
qmof-069e51d,POTRUL_FSR,bandgap_3.5_to_4.0eV,3,Sn,c1cc(-c2ccncc2)ccn1
qmof-ed18da1,POXFOZ_FSR,bandgap_3.5_to_4.0eV,5,Pb,
qmof-8eeb480,POXHIU_FSR,bandgap_3.5_to_4.0eV,4,Ag,c1ccncc1
qmof-23c3b45,POXHOA_FSR,bandgap_3.5_to_4.0eV,4,Ag,c1ccncc1
qmof-1967cf1,LIGQEZ_FSR,bandgap_3.5_to_4.0eV,4,Gd,c1ccc2ccccc2c1
qmof-1791cbc,LIHBUB_FSR,bandgap_3.5_to_4.0eV,4,Zn,c1cncc(-c2ncc[nH]2)c1
qmof-73112fe,PUQCIO_FSR,bandgap_3.5_to_4.0eV,4,Pb,
qmof-92bf85f,DEMNOZ_FSR,bandgap_3.5_to_4.0eV,5,K,
qmof-f5f710d,DEMPER_FSR,bandgap_3.5_to_4.0eV,5,Li,
qmof-15daa44,DEMPOB_FSR,bandgap_3.5_to_4.0eV,3,Na,
qmof-dc6062c,DEMQAO_FSR,bandgap_3.5_to_4.0eV,4,Rb,
qmof-61fb59a,DEMVAT01_FSR,bandgap_3.5_to_4.0eV,1,Zn,[CH]([N][N][CH]c1cccnc1)c1cccnc1
qmof-afe0823,DENTEW_FSR,bandgap_3.5_to_4.0eV,2,Cd,c1ccc(Cc2ccccc2)cc1
qmof-a0be11a,DENZIG_FSR,bandgap_3.5_to_4.0eV,5,Ni,c1ccncc1
qmof-d73861b,DEPVUQ_FSR,bandgap_3.5_to_4.0eV,1,Cu,c1c[nH]cn1
qmof-d5697d2,PUNZEE_FSR,bandgap_3.5_to_4.0eV,3,Ni,[CH]1C=CC=CN1
qmof-270723c,DEWNUR_FSR,bandgap_3.5_to_4.0eV,5,Sc,c1ccoc1
qmof-caf7459,DEXDOB_FSR,bandgap_3.5_to_4.0eV,2,Tb,O=c1ccn(-c2ccccc2)cc1.O=c1ccn(-c2ccccc2)cc1
qmof-7a92a43,DEXJOH_FSR,bandgap_3.5_to_4.0eV,3,Hg,
qmof-5b30551,DEYDES_FSR,bandgap_3.5_to_4.0eV,4,Ca,c1ccccc1
qmof-fd9ee59,LIQJIE_FSR,bandgap_3.5_to_4.0eV,2,Cd,c1ccccc1
qmof-2590d97,FOCSUN_FSR,bandgap_3.5_to_4.0eV,2,Cu,
qmof-870a873,FOCTIC_FSR,bandgap_3.5_to_4.0eV,1,Ag,
qmof-2ef1553,FODFIP_FSR,bandgap_3.5_to_4.0eV,5,Zn,C(=Cc1ccc(C=Cc2ccncc2)cc1)c1ccncc1.c1ccccc1
qmof-9858c59,FODJAL_FSR,bandgap_3.5_to_4.0eV,5,Co,C1=NN=C[N]1.c1ccc(-c2ccccc2)cc1
qmof-5d9b2c8,FODRIA_FSR,bandgap_3.5_to_4.0eV,3,Zn,
qmof-39d4547,PRCUDX_FSR,bandgap_3.5_to_4.0eV,3,Cu,C1COCCO1
qmof-75c4882,POQXOJ_FSR,bandgap_3.5_to_4.0eV,5,Pb,
qmof-3b46c12,PORKUE_FSR,bandgap_3.5_to_4.0eV,2,Cu,
qmof-33a3e83,PORTIB_FSR,bandgap_3.5_to_4.0eV,5,Cd,c1ccccc1.c1ccncc1
qmof-ff1d9b8,POTCOQ_FSR,bandgap_3.5_to_4.0eV,2,Li,
qmof-afb876a,DEPWAX_FSR,bandgap_3.5_to_4.0eV,3,Cu,c1c[nH]cn1
qmof-8f835a4,DIBWUI_FSR,bandgap_3.5_to_4.0eV,5,Cu,C1=CN=N[N]1.[CH]1C=NN=N1.c1ccncc1
qmof-3e7238d,DIBXOD_FSR,bandgap_3.5_to_4.0eV,5,Cu,C1=CN=N[N]1.[CH]1C=NN=N1.c1ccncc1
qmof-73cc336,DICGUU_FSR,bandgap_3.5_to_4.0eV,3,Ag,
qmof-49c86f7,DICKOR_FSR,bandgap_3.5_to_4.0eV,2,Zn,c1cc(-c2ccncc2)ccn1.c1ccc(Oc2ccccc2)cc1
qmof-91b1821,DEYXEN_FSR,bandgap_3.5_to_4.0eV,4,Cu,
qmof-ce2d153,DEYXOX_FSR,bandgap_3.5_to_4.0eV,1,Cu,
qmof-ff5eefe,DIBCID_FSR,bandgap_3.5_to_4.0eV,4,Ag,
qmof-17dd299,POCPIG01_FSR,bandgap_3.5_to_4.0eV,1,Ag,c1ccncc1
qmof-d33c7fe,LIPSUB_FSR,bandgap_3.5_to_4.0eV,4,Ba,O=S1(=O)c2ccccc2-c2ccccc21
qmof-52c894b,LIQBAP_FSR,bandgap_3.5_to_4.0eV,3,Zn,
qmof-32364c9,POKZAS_FSR,bandgap_3.5_to_4.0eV,3,Ag,[CH]1N=C[N]N1c1ccc(-n2cncn2)s1
qmof-49ca3f7,POKZOG_FSR,bandgap_3.5_to_4.0eV,4,Cd,c1ccc(Oc2ccccc2)cc1
qmof-3bff865,PODREH_FSR,bandgap_3.5_to_4.0eV,3,Zn,S=C1[N]N=C(CN2[CH]N=C[N]2)S1
qmof-792ff35,PONHEG_FSR,bandgap_3.5_to_4.0eV,1,Hg,
qmof-d62afed,POHQEJ_FSR,bandgap_3.5_to_4.0eV,1,Cd,
qmof-0b7af5b,POJTIS01_FSR,bandgap_3.5_to_4.0eV,3,Co,
qmof-83d5543,FIYKAA02_FSR,bandgap_3.5_to_4.0eV,5,Cu,
qmof-dbd6833,FIZBEV01_FSR,bandgap_3.5_to_4.0eV,5,Cu,c1cc(-c2ccncc2)ccn1
qmof-8ac5157,FOBXOL_FSR,bandgap_3.5_to_4.0eV,4,Tb,c1ccc(-c2ncccn2)cc1
qmof-b1f0ef7,FOBYAX_FSR,bandgap_3.5_to_4.0eV,2,Ba,c1ccc2ccccc2c1
qmof-e45b793,FOCKEP_FSR,bandgap_3.5_to_4.0eV,1,Ni,
qmof-212a59c,LISBIZ_FSR,bandgap_3.5_to_4.0eV,2,Zn,c1ccccc1
qmof-5b5965b,DICKUX_FSR,bandgap_3.5_to_4.0eV,5,Zn,c1ccc(Oc2ccccc2)cc1
qmof-2eb4f02,DIDFIH_FSR,bandgap_3.5_to_4.0eV,3,Cd,c1ccsc1
qmof-0f25712,PILXEQ_FSR,bandgap_3.5_to_4.0eV,5,Na,c1ccc2ccccc2c1
qmof-e6dcf60,PIMDIB_FSR,bandgap_3.5_to_4.0eV,1,Cd,c1ccccc1
qmof-d9a708b,PIMJAZ_FSR,bandgap_3.5_to_4.0eV,3,Na,c1ccccc1
qmof-c7d5864,PITRIV01_FSR,bandgap_3.5_to_4.0eV,1,Zn,c1cc(SSc2ccncc2)ccn1.c1ccccc1
qmof-df558c0,PIVHAG_FSR,bandgap_3.5_to_4.0eV,1,Co,O=C(Nc1ccccc1)C(=O)Nc1ccccc1
qmof-7489767,PIVHIO_FSR,bandgap_3.5_to_4.0eV,5,Ca,O=C(Nc1ccccc1)C(=O)Nc1ccccc1
qmof-7b530d7,PIWTUN_FSR,bandgap_3.5_to_4.0eV,3,Cd,
qmof-a01cb8a,PIYDUZ_FSR,bandgap_3.5_to_4.0eV,3,Organic_Only,c1ccc(CNCc2ccccc2)cc1
qmof-b110f68,FIXCAS_FSR,bandgap_3.5_to_4.0eV,1,Cu,C1CCCCC1.O=C(c1ccncc1)N1CCN(C(=O)c2ccncc2)CC1
qmof-882de91,LIWMUA_FSR,bandgap_3.5_to_4.0eV,1,Cd,
qmof-cacb6b5,LIWXIZ_FSR,bandgap_3.5_to_4.0eV,2,Zn,O=C(c1ccccc1)c1ccccc1.c1cn(Cc2ccc(Cn3ccnc3)cc2)cn1
qmof-4978721,LIWYOG_FSR,bandgap_3.5_to_4.0eV,4,Ca,c1ccc2ccccc2c1
qmof-44e870d,LIXDOM_FSR,bandgap_3.5_to_4.0eV,1,La,c1ccccc1
qmof-ad64f0d,LIXDUS_FSR,bandgap_3.5_to_4.0eV,1,Tb,c1ccccc1
qmof-96dbdd3,LIXFAA_FSR,bandgap_3.5_to_4.0eV,1,Er,c1ccccc1
qmof-23096ab,LIXVAR_FSR,bandgap_3.5_to_4.0eV,3,Cd,C1CCCCC1.c1cc(-c2cnc[nH]2)cc(-c2cnc[nH]2)c1
qmof-8e42f2f,LIXVOF_FSR,bandgap_3.5_to_4.0eV,5,Cd,C1CCCCC1.c1cc(-c2cnc[nH]2)cc(-c2cnc[nH]2)c1
qmof-7b91383,DIHSAR_FSR,bandgap_3.5_to_4.0eV,3,Pb,
qmof-76c4851,DIHWAV_FSR,bandgap_3.5_to_4.0eV,4,Zn,c1ccccc1.c1cncc(CNC2CCC(NCc3cccnc3)CC2)c1
qmof-0b33bc0,DIJSIY_FSR,bandgap_3.5_to_4.0eV,5,Hg,
qmof-12e958e,PIGYEK_FSR,bandgap_3.5_to_4.0eV,5,Cu,c1cn(-c2ccc(-n3ccnc3)cc2)cn1
qmof-afe4fbb,DIFSUH_FSR,bandgap_3.5_to_4.0eV,2,Ag,S=C1NCCCCN1
qmof-caca351,DIGROC_FSR,bandgap_3.5_to_4.0eV,3,Cu,[CH]1N=C[N]N1CN1[CH]N=C[N]1
qmof-68a8246,DIHJEL_FSR,bandgap_3.5_to_4.0eV,4,Mn,c1cn(CCCCn2ccnc2)cn1
qmof-b65f961,PEWLOU_FSR,bandgap_3.5_to_4.0eV,2,Ca,c1ccc(-c2ncc[nH]2)cc1
qmof-4b14a04,PEXMUB_FSR,bandgap_3.5_to_4.0eV,3,Mn,
qmof-5eee5ab,PEXWAQ01_FSR,bandgap_3.5_to_4.0eV,2,La,c1ccccc1
qmof-0b38925,DIPPOJ_FSR,bandgap_3.5_to_4.0eV,5,Ni,c1ccccc1.c1cn(CCCCn2ccnc2)cn1
qmof-67657bd,LOJPEH_FSR,bandgap_3.5_to_4.0eV,1,Mo,
qmof-e39f87b,LOBVAC_FSR,bandgap_3.5_to_4.0eV,5,Cu,c1ccc(Cn2ccnc2)c(Cn2ccnc2)c1
qmof-6dc8152,LOFDIW_FSR,bandgap_3.5_to_4.0eV,5,Ca,c1nnc(-c2nnc[nH]2)[nH]1
qmof-b57edb0,LOFDOC_FSR,bandgap_3.5_to_4.0eV,5,Cs,c1nnc(-c2nnc[nH]2)[nH]1
qmof-c679c80,LOFDUI_FSR,bandgap_3.5_to_4.0eV,5,K,c1nnc(-c2nnc[nH]2)[nH]1
qmof-a9fb7e9,LOFFAQ_FSR,bandgap_3.5_to_4.0eV,1,Sr,c1nnc(-c2nnc[nH]2)[nH]1
qmof-27e1206,DIMGEO_FSR,bandgap_3.5_to_4.0eV,4,Zn,C(=Cc1ccncc1)c1ccncc1
qmof-1f74dfd,PEZLOY_FSR,bandgap_3.5_to_4.0eV,1,Zn,O=c1cc[nH]c2ncccc12.c1ccc(-c2ccccc2)cc1
qmof-dbca09a,PGALSB_FSR,bandgap_3.5_to_4.0eV,4,Organic_Only,c1ccccc1
qmof-204bfd2,PHALCV_FSR,bandgap_3.5_to_4.0eV,5,Cu,c1ccccc1
qmof-c659bd8,PIBCAH_FSR,bandgap_3.5_to_4.0eV,3,Zn,c1ccc(C2=NN=N[N]2)cc1
qmof-cc493e2,FIVTOU_FSR,bandgap_3.5_to_4.0eV,5,Ga,
qmof-b3f1619,PESBAR_FSR,bandgap_3.5_to_4.0eV,5,Cu,C1CCC1
qmof-ad68593,PESGOL_FSR,bandgap_3.5_to_4.0eV,3,Na,
qmof-90f63ba,PESQUA_FSR,bandgap_3.5_to_4.0eV,4,Cd,
qmof-55463ed,PESSUC_FSR,bandgap_3.5_to_4.0eV,4,Sn,
qmof-5bbcd9f,PETSEO_FSR,bandgap_3.5_to_4.0eV,2,Cd,c1ccc2nc(-c3ccc4ccccc4n3)ccc2c1
qmof-6abd578,FIRFIX_FSR,bandgap_3.5_to_4.0eV,2,Zn,
qmof-d705ce8,FISHUL_FSR,bandgap_3.5_to_4.0eV,1,Ag,c1cnc(SCc2ccc(CSc3ncccn3)cc2)nc1
qmof-e63ddfb,LOFFEU_FSR,bandgap_3.5_to_4.0eV,5,Rb,c1nnc(-c2nnc[nH]2)[nH]1
qmof-38d79d7,DIQJOF08_FSR,bandgap_3.5_to_4.0eV,1,Mn,
qmof-caa947a,DIRNEX10_FSR,bandgap_3.5_to_4.0eV,2,Ti,
qmof-7e159a3,DISBIT_FSR,bandgap_3.5_to_4.0eV,1,Cd,c1ccc(-c2ccccc2)cc1.c1cn(-c2ccc(-n3ccnc3)nn2)cn1
qmof-aa5700f,PETXES_FSR,bandgap_3.5_to_4.0eV,2,Cd,c1ccc(-c2ccccc2)cc1
qmof-f3f002d,PEVZIA_FSR,bandgap_3.5_to_4.0eV,1,Cd,c1c[nH+]cc[nH+]1
qmof-0e8b60f,PIDTOO_FSR,bandgap_3.5_to_4.0eV,1,Zn,
qmof-751809e,PIDVII_FSR,bandgap_3.5_to_4.0eV,1,Cd,
qmof-e0b5cf3,PEWKUZ_FSR,bandgap_3.5_to_4.0eV,1,Cd,[CH]1C=NC(c2ccccc2)=N1.c1ccc(-c2ncc[nH]2)cc1
qmof-3636e77,PELWIO_FSR,bandgap_3.5_to_4.0eV,1,Cd,c1ccc2scnc2c1
qmof-ad5949e,PEGLIZ_FSR,bandgap_3.5_to_4.0eV,1,Cu,
qmof-18b151e,PEGTUS02_FSR,bandgap_3.5_to_4.0eV,5,Cu,c1cc(-c2ccncc2)ccn1.c1ccccc1
qmof-ad844af,DIXKUR_FSR,bandgap_3.5_to_4.0eV,4,Gd,c1nncs1
qmof-1a20b4f,LOTDON_FSR,bandgap_3.5_to_4.0eV,2,Fe,
qmof-ae1386e,LOTXOH01_FSR,bandgap_3.5_to_4.0eV,3,Zn,c1cc(-c2ccncc2)ccn1.c1ccccc1
qmof-f260694,LORGEE_FSR,bandgap_3.5_to_4.0eV,5,Co,
qmof-b326b48,LORJIN_FSR,bandgap_3.5_to_4.0eV,3,Cd,c1ccc(-c2ccccc2)cc1
qmof-ef0fc9a,FIQZEM_FSR,bandgap_3.5_to_4.0eV,1,Cd,c1ccc2ccccc2c1
qmof-fb12235,PEQVEP_FSR,bandgap_3.5_to_4.0eV,4,Zn,S=C1[N]N=CS1
qmof-50b2007,PERREL_FSR,bandgap_3.5_to_4.0eV,1,Cu,
qmof-76257fc,PELWUA_FSR,bandgap_3.5_to_4.0eV,2,Cd,
qmof-956904d,PEPHOJ_FSR,bandgap_3.5_to_4.0eV,5,Cd,c1ccc(Oc2ccc(C3=NN=N[N]3)cc2)cc1
qmof-5611ed0,DIWLIG_FSR,bandgap_3.5_to_4.0eV,2,Sm,O=c1ccn(-c2ccccc2)cc1.O=c1ccn(-c2ccccc2)cc1
qmof-a86cafd,DIWCAO_FSR,bandgap_3.5_to_4.0eV,1,Cd,
qmof-88c6ebd,PEWFII01_FSR,bandgap_3.5_to_4.0eV,5,Cu,c1ccccc1
qmof-278bbd2,LOYBEI_FSR,bandgap_3.5_to_4.0eV,1,Cd,c1ccccc1
qmof-2255387,LOZWEE_FSR,bandgap_3.5_to_4.0eV,4,Cu,
qmof-acb9f64,LOZXAB01_FSR,bandgap_3.5_to_4.0eV,1,Er,c1ccc(Oc2ccccc2)cc1
qmof-3bb252f,LOZXAB_FSR,bandgap_3.5_to_4.0eV,1,Er,c1ccc(Oc2ccccc2)cc1
qmof-4534e74,LOZXIJ_FSR,bandgap_3.5_to_4.0eV,3,Zn,c1ccccc1
qmof-51dc808,LOZYIK_FSR,bandgap_3.5_to_4.0eV,3,Pr,c1ccccc1
qmof-c753207,LUBXIR_FSR,bandgap_3.5_to_4.0eV,4,Zn,c1ccncc1
qmof-2c669f5,DOCGAG_FSR,bandgap_3.5_to_4.0eV,5,Sr,c1ccccc1
qmof-ac9f387,DODJIQ_FSR,bandgap_3.5_to_4.0eV,1,Cd,
qmof-c10e1fd,DODPIV_FSR,bandgap_3.5_to_4.0eV,1,Cu,
qmof-4493e93,DOFHIQ01_FSR,bandgap_3.5_to_4.0eV,4,Na,
qmof-0aaa20a,PEDSUN_FSR,bandgap_3.5_to_4.0eV,3,Ni,c1cc[nH+]cc1
qmof-cbea231,PEFJAM_FSR,bandgap_3.5_to_4.0eV,3,Ag,O=C(Nc1ccccc1)Nc1ccccc1
qmof-c2c8e5e,PEFVIH_FSR,bandgap_3.5_to_4.0eV,3,Nd,c1ccc(-c2cccnc2)cc1
qmof-94cba77,PEFVON_FSR,bandgap_3.5_to_4.0eV,2,Pr,c1ccc(-c2cccnc2)cc1
qmof-907545a,PEGCEM_FSR,bandgap_3.5_to_4.0eV,5,Gd,c1ccccc1
qmof-900340c,FIQBOW_FSR,bandgap_3.5_to_4.0eV,2,Zn,
qmof-ec286a6,FIQFUH_FSR,bandgap_3.5_to_4.0eV,3,Cu,c1cnccn1
qmof-756a348,FIQHAR_FSR,bandgap_3.5_to_4.0eV,5,Cd,c1cnccn1
qmof-130ca73,PEGHOB_FSR,bandgap_3.5_to_4.0eV,3,Organic_Only,O=C1CCCN1C1CCC(N2CCCC2=O)CC1
qmof-0922e5c,PEGHUH_FSR,bandgap_3.5_to_4.0eV,1,Organic_Only,O=C1CCCN1C1CCCCC1N1CCCC1=O
qmof-082961d,PEALCU10_FSR,bandgap_3.5_to_4.0eV,3,Cu,
qmof-f57d767,PEBKIR_FSR,bandgap_3.5_to_4.0eV,5,Cu,[C]1N(C2=NCCO2)C=CN1c1ccccc1
qmof-b1a0abf,PEBLAL_FSR,bandgap_3.5_to_4.0eV,1,Cd,c1ccccc1.c1ccncc1
qmof-3c5676c,PEBMEQ_FSR,bandgap_3.5_to_4.0eV,2,Cu,
qmof-03dde57,PECNAO02_FSR,bandgap_3.5_to_4.0eV,2,Co,c1ccccc1.c1cn(CCCCn2ccnc2)cn1
qmof-d10d70c,PEDPIZ_FSR,bandgap_3.5_to_4.0eV,2,Hg,
qmof-c6cd4fd,DOFWIF_FSR,bandgap_3.5_to_4.0eV,1,Ni,O=C1C(=O)C(=O)C1=O
qmof-82a64b1,DOGROI_FSR,bandgap_3.5_to_4.0eV,3,Mo,
qmof-157692e,LOXZEF01_FSR,bandgap_3.5_to_4.0eV,4,Dy,C1=CN[C]2C=CC=CC2=C1.[CH]1C=CC=C2NC=CC=C12
qmof-240cb3f,LOXZEF_FSR,bandgap_3.5_to_4.0eV,5,Dy,C1=CN[C]2C=CC=CC2=C1.[CH]1C=CC=C2NC=CC=C12
qmof-b0e2c87,LOXZOP_FSR,bandgap_3.5_to_4.0eV,3,Y,C1=CN[C]2C=CC=CC2=C1.[CH]1C=CC=C2NC=CC=C12
qmof-3b1c2bf,DOLCUD_FSR,bandgap_3.5_to_4.0eV,2,Cu,c1cc(-c2ccncc2)ccn1
qmof-09cb4ce,DOPKOK_FSR,bandgap_3.5_to_4.0eV,4,Cu,c1cncc(-c2nn[nH]n2)c1.c1cncc(C2=N[N]N[N]2)c1
qmof-736e605,DOPVUA_FSR,bandgap_3.5_to_4.0eV,3,Zn,C1=CCC=C1.C1COCCO1
qmof-129290f,DOPYAJ_FSR,bandgap_3.5_to_4.0eV,3,Zn,c1cnccn1
qmof-291d96d,DOPYIR01_FSR,bandgap_3.5_to_4.0eV,3,Zn,c1cnccn1
qmof-54a03a4,PASJUQ_FSR,bandgap_3.5_to_4.0eV,1,Cd,c1ccc2ccccc2c1.c1cn(Cc2ccc(Cn3ccnc3)cc2)cn1
qmof-5ded542,PATBUK_FSR,bandgap_3.5_to_4.0eV,4,Sm,c1ccccc1
qmof-4930668,LUJFED_FSR,bandgap_3.5_to_4.0eV,3,Ag,
qmof-fd1d516,DOHKOD_FSR,bandgap_3.5_to_4.0eV,3,Ag,O=S(=O)(Cc1ccccn1)c1ccccn1
qmof-23a2940,DOHPAS_FSR,bandgap_3.5_to_4.0eV,3,Sn,c1ccccc1
qmof-5d52dfb,PAYDOK_FSR,bandgap_3.5_to_4.0eV,3,Cd,O=C(c1ccncc1)c1cccnc1
qmof-02a8243,PAYMAE_FSR,bandgap_3.5_to_4.0eV,4,Sn,c1ccncc1
qmof-d044302,PAYTAM_FSR,bandgap_3.5_to_4.0eV,2,Cd,c1ccccc1
qmof-936c1e7,LUJFIH_FSR,bandgap_3.5_to_4.0eV,1,Ag,
qmof-04e7ddd,LUJLIL_FSR,bandgap_3.5_to_4.0eV,5,Ag,c1ccc(-c2ccncc2)c(-c2ccncc2)c1
qmof-6f454df,FIPMIB_FSR,bandgap_3.5_to_4.0eV,4,Tb,c1cc[nH+]cc1
qmof-6eddd11,LUPZAY_FSR,bandgap_3.5_to_4.0eV,4,Tb,c1ccccc1
qmof-4fb8d06,LUPZEC_FSR,bandgap_3.5_to_4.0eV,5,Gd,c1ccccc1
qmof-f172a75,FIMJOC_FSR,bandgap_3.5_to_4.0eV,4,Cd,
qmof-24fe973,FINNAS_FSR,bandgap_3.5_to_4.0eV,1,Tl,
qmof-2023fc9,FIPFIU03_FSR,bandgap_3.5_to_4.0eV,3,Cd,c1ccncc1
qmof-da538df,FIPFOB_FSR,bandgap_3.5_to_4.0eV,5,Ag,c1cc(CCCc2ccncc2)ccn1
qmof-1c40391,PATCEV_FSR,bandgap_3.5_to_4.0eV,4,Gd,c1ccccc1
qmof-a95a0d6,PATPUW_FSR,bandgap_3.5_to_4.0eV,3,Cu,
qmof-d02ff27,PATQOS_FSR,bandgap_3.5_to_4.0eV,5,Cd,
qmof-fd2113b,PATRUZ_FSR,bandgap_3.5_to_4.0eV,1,Cd,c1ccc(OCc2ccc(-c3ccccc3)cc2)cc1
qmof-298c1b2,PAVKAZ_FSR,bandgap_3.5_to_4.0eV,3,Zn,c1ccccc1
qmof-c237471,PAQHIZ_FSR,bandgap_3.5_to_4.0eV,3,Be,c1ccncc1
qmof-6346309,PARPIK_FSR,bandgap_3.5_to_4.0eV,1,Cu,
qmof-2b6d068,PARQEG_FSR,bandgap_3.5_to_4.0eV,4,Na,c1ccc2ccccc2c1
qmof-c07a67d,PARYEN_FSR,bandgap_3.5_to_4.0eV,5,Ag,c1cc2ccc1CCc1ccc(cc1)CC2
qmof-f351ef7,DOKTAA_FSR,bandgap_3.5_to_4.0eV,1,Cd,c1ccc2c(c1)nnn2Cn1ccnc1
qmof-823ca7f,FIJXON_FSR,bandgap_3.5_to_4.0eV,2,Ag,c1ccc2ccccc2c1.c1cncnc1
qmof-5d04aea,FIKROI_FSR,bandgap_3.5_to_4.0eV,2,Sm,c1ccccc1.c1ccncc1
qmof-0520d3c,FIKRUO_FSR,bandgap_3.5_to_4.0eV,2,Nd,c1ccccc1.c1ccncc1
qmof-7cebcee,FIKSAV_FSR,bandgap_3.5_to_4.0eV,4,Pr,c1ccccc1.c1ccncc1
qmof-01c5b7a,FILCIN_FSR,bandgap_3.5_to_4.0eV,4,Gd,c1cc[nH+]cc1
qmof-3b3cb71,LUNRAO_FSR,bandgap_3.5_to_4.0eV,5,Zn,
qmof-eacac19,LUNWAS_FSR,bandgap_3.5_to_4.0eV,3,Ag,c1ncn(Cn2cncn2)n1
qmof-11cf4b9,PASBAO_FSR,bandgap_3.5_to_4.0eV,1,Ag,
qmof-794dc0d,PASDIY_FSR,bandgap_3.5_to_4.0eV,4,Zn,c1cc(-c2ccncc2)ccn1.c1ccccc1
qmof-19d834d,PASGEX01_FSR,bandgap_3.5_to_4.0eV,3,Zn,c1ccc(-c2ccccn2)nc1
qmof-0906587,PASGEY_FSR,bandgap_3.5_to_4.0eV,1,Cu,
qmof-14cbe50,PAPHIZ_FSR,bandgap_3.5_to_4.0eV,4,Cd,c1cn(CCCCn2ccnc2)cn1
qmof-c7a31b7,PAPWUA_FSR,bandgap_3.5_to_4.0eV,5,Ag,
qmof-98ca63c,PAPXAH_FSR,bandgap_3.5_to_4.0eV,4,Ag,
qmof-8c7d840,PAPYIR_FSR,bandgap_3.5_to_4.0eV,2,Zn,c1cn(-c2ccc(-c3ccc(-n4ccnc4)cc3)cc2)cn1
qmof-1c68c64,DOPYIR_FSR,bandgap_3.5_to_4.0eV,3,Zn,c1cnccn1
qmof-0344ac0,PADDOP_FSR,bandgap_3.5_to_4.0eV,3,Cu,
qmof-dde499b,FIHVUO_FSR,bandgap_3.5_to_4.0eV,2,Cd,c1ccccc1
qmof-d134a3d,FIHXUQ_FSR,bandgap_3.5_to_4.0eV,5,Zn,c1ccccc1
qmof-9c2642b,FIJNUI_FSR,bandgap_3.5_to_4.0eV,2,Zn,c1cc(-c2nnc(-c3ccncc3)o2)ccn1
qmof-aa20a4b,FIJPEU_FSR,bandgap_3.5_to_4.0eV,5,Hg,
qmof-e89276b,LUQCEG_FSR,bandgap_3.5_to_4.0eV,2,Sm,c1ccccc1
qmof-e046486,PALYOR_FSR,bandgap_3.5_to_4.0eV,4,Cd,O=c1c2cc3c(=O)n(Cc4ccncc4)c(=O)c3cc2c(=O)n1Cc1ccncc1
qmof-0a53ef7,PALZAE01_FSR,bandgap_3.5_to_4.0eV,3,Cu,S=C1NCCN1
qmof-41c9dd8,PALZEI01_FSR,bandgap_3.5_to_4.0eV,4,Cu,S=C1NCCN1
qmof-c77fb00,PAFNOC_FSR,bandgap_3.5_to_4.0eV,1,Zn,c1cc(-n2cnnc2)ccc1Cc1ccc(-n2cnnc2)cc1.c1ccccc1
qmof-e29f3d6,PAHTAU_FSR,bandgap_3.5_to_4.0eV,4,Cd,
qmof-c49cab0,DORQAD01_FSR,bandgap_3.5_to_4.0eV,5,Ba,c1ccccc1
qmof-ddabb70,PAJHAK_FSR,bandgap_3.5_to_4.0eV,1,Ag,C(=NCCCCN=Cc1ccccc1)c1ccccc1
qmof-1a36e21,PALHUI_FSR,bandgap_3.5_to_4.0eV,5,Zn,c1ccc(-n2ccnc2)cc1
qmof-a6c7492,PALRIG_FSR,bandgap_3.5_to_4.0eV,1,Cd,c1cncc(-c2nnco2)c1
qmof-5904229,PALTOO_FSR,bandgap_3.5_to_4.0eV,1,Cd,
qmof-692f848,MABDIF_FSR,bandgap_3.5_to_4.0eV,5,Cu,c1ccncc1
qmof-83e4c15,MABDOL_FSR,bandgap_3.5_to_4.0eV,3,Cu,c1ccncc1
qmof-d35757d,MABDUR_FSR,bandgap_3.5_to_4.0eV,3,Cu,c1ccncc1
qmof-6332593,LUWVUU_FSR,bandgap_3.5_to_4.0eV,3,Zn,c1ccccc1
qmof-76ad7d9,LUWXUW_FSR,bandgap_3.5_to_4.0eV,5,V,c1ccccc1
qmof-3ed8faf,LUXPUP_FSR,bandgap_3.5_to_4.0eV,2,Tl,
qmof-e9454a4,LUXQAY_FSR,bandgap_3.5_to_4.0eV,2,Cu,C1=NC(c2ccccc2)=C(c2ccccc2)[N]1
qmof-849e68b,LUXWAE_FSR,bandgap_3.5_to_4.0eV,3,Cd,c1ccccc1
qmof-7c055d2,LUXXOT_FSR,bandgap_3.5_to_4.0eV,2,Na,
qmof-ddec51e,DOWHII_FSR,bandgap_3.5_to_4.0eV,3,Cu,
qmof-264d2ec,DOYWOE_FSR,bandgap_3.5_to_4.0eV,5,Co,C1CCCCC1.[CH]1C=CC2=NN=NC2=C1.c1ccc2c(c1)[N]N=N2
qmof-0a1db90,DOYYEW_FSR,bandgap_3.5_to_4.0eV,3,La,
qmof-0be87d7,DOYYOG_FSR,bandgap_3.5_to_4.0eV,2,Sm,
qmof-0557cca,DOYZAT_FSR,bandgap_3.5_to_4.0eV,2,Tb,
qmof-a99a409,OYEKEJ_FSR,bandgap_3.5_to_4.0eV,4,Cd,
qmof-fe786c1,OZISOH_FSR,bandgap_3.5_to_4.0eV,1,Cd,c1ccc(-c2ccc(-c3ccccc3)cc2)cc1.c1cn(-c2ccc(-c3ccc(-n4ccnc4)cc3)cc2)cn1
qmof-947248f,FIBXIA_FSR,bandgap_3.5_to_4.0eV,1,Ag,c1ccc(-c2cccc[nH+]2)[nH+]c1
qmof-c5d05b0,FICKEJ_FSR,bandgap_3.5_to_4.0eV,3,Sm,c1ccc(-c2cccnc2)cc1
qmof-e7ec47b,FIHBIJ_FSR,bandgap_3.5_to_4.0eV,5,Cu,O=c1ccccn1Cc1ccccc1
qmof-416b2de,FIHCEG_FSR,bandgap_3.5_to_4.0eV,1,Cd,O=c1ccccn1Cc1ccccc1.c1cc(-c2ccncc2)ccn1
qmof-46a3716,LUYKEX_FSR,bandgap_3.5_to_4.0eV,4,Fe,
qmof-6c5262d,LUYZAH01_FSR,bandgap_3.5_to_4.0eV,4,Ni,c1cc(-c2ccncc2)ccn1
qmof-c61adfd,LUZGUI_FSR,bandgap_3.5_to_4.0eV,1,K,
qmof-7ffe660,OZAXOD_FSR,bandgap_3.5_to_4.0eV,2,Ca,
qmof-b0775d6,OZAYEV_FSR,bandgap_3.5_to_4.0eV,3,Cd,[CH]1C=CC=CN1c1ccccc1
qmof-70dc434,OXOQOI_FSR,bandgap_3.5_to_4.0eV,5,Pr,c1ccccc1
qmof-6546640,OXOQUO_FSR,bandgap_3.5_to_4.0eV,5,Nd,c1ccccc1
qmof-0d53aed,OXORAV_FSR,bandgap_3.5_to_4.0eV,4,Sm,c1ccccc1
qmof-7a9164a,OXUDES02_FSR,bandgap_3.5_to_4.0eV,5,Ag,O=S(=O)([N]c1ccno1)c1ccccc1
qmof-4a4c8d7,OXUSOQ_FSR,bandgap_3.5_to_4.0eV,1,Mo,
qmof-63ed72f,OYAPOV_FSR,bandgap_3.5_to_4.0eV,1,Zn,c1ccc(-c2ccnc(-c3ccccn3)c2)cc1
qmof-d57ce36,DUBFIQ_FSR,bandgap_3.5_to_4.0eV,3,Gd,c1cnccn1
qmof-59647cc,OVUTEF_FSR,bandgap_3.5_to_4.0eV,5,Sm,O=c1cccc[nH]1
qmof-48aaa9f,OWAYIW_FSR,bandgap_3.5_to_4.0eV,4,Mg,c1ccccc1
qmof-1938adc,OWAYUH_FSR,bandgap_3.5_to_4.0eV,3,Zn,c1ccc(Oc2ccccc2)cc1
qmof-3d10c56,MAJKEO_FSR,bandgap_3.5_to_4.0eV,1,Ag,
qmof-664e406,MAJLUF_FSR,bandgap_3.5_to_4.0eV,4,Ag,c1cncnc1
qmof-67b0e05,MAKSOI_FSR,bandgap_3.5_to_4.0eV,1,Zn,c1cc(OCc2ccncc2)cc(OCc2ccncc2)c1.c1ccc(-c2ccccc2)cc1
qmof-5bd1c51,MABFAZ_FSR,bandgap_3.5_to_4.0eV,3,Cu,c1ccncc1
qmof-7d62fb2,MADTOC_FSR,bandgap_3.5_to_4.0eV,4,Cu,C1CCSSC1
qmof-968da45,MADWEU_FSR,bandgap_3.5_to_4.0eV,5,Cu,c1cc2ccc1CSCc1ccc(cc1)CSC2
qmof-2657d57,MAFVUM_FSR,bandgap_3.5_to_4.0eV,3,Cu,
qmof-8427100,DUBFOW_FSR,bandgap_3.5_to_4.0eV,1,Nd,c1cnccn1
qmof-9213bc0,DUBGAJ_FSR,bandgap_3.5_to_4.0eV,5,Pr,c1cnccn1
qmof-10dd694,DUBGEN_FSR,bandgap_3.5_to_4.0eV,2,Sm,c1cnccn1
qmof-dbde131,DUBWOO_FSR,bandgap_3.5_to_4.0eV,4,Ag,c1ccccc1
qmof-8883bc6,OXAMCU_FSR,bandgap_3.5_to_4.0eV,1,Cu,
qmof-2695251,OXIXIE_FSR,bandgap_3.5_to_4.0eV,2,Nd,c1ccccc1.c1ccccc1
qmof-e612e8b,FEYPUX_FSR,bandgap_3.5_to_4.0eV,1,Cd,O=C(Nc1ccccc1)c1ccc(-c2cccnc2)cc1
qmof-65a932c,FEZWEN_FSR,bandgap_3.5_to_4.0eV,2,Zn,
qmof-11869b4,FIBHIJ_FSR,bandgap_3.5_to_4.0eV,5,Cu,
qmof-8b06bb4,FIBJEG_FSR,bandgap_3.5_to_4.0eV,4,Cd,C1=CN=C[N]1.c1cc(-c2ccncc2)ccn1
qmof-9944746,FIBKOR_FSR,bandgap_3.5_to_4.0eV,4,Cd,
qmof-d108947,FIBMUA_FSR,bandgap_3.5_to_4.0eV,2,Cu,
qmof-7ed4e7b,DUKROR_FSR,bandgap_3.5_to_4.0eV,5,Cu,c1cc(CCc2ccncc2)ccn1
qmof-9286298,DUKYOZ_FSR,bandgap_3.5_to_4.0eV,2,Cd,[CH]1N=NC=C1c1ccc(-c2ccc(C3=CN=N[CH]3)cc2)cc1
qmof-f1a089b,DULWAJ_FSR,bandgap_3.5_to_4.0eV,5,Hg,
qmof-7e1197e,OVEJAC_FSR,bandgap_3.5_to_4.0eV,5,Cd,[CH]([N][N][CH]c1ccncc1)c1ccncc1.c1ccccc1
qmof-a8f402a,OVEJUW_FSR,bandgap_3.5_to_4.0eV,5,Cd,[CH]([N][N][CH]c1cccnc1)c1cccnc1.c1ccccc1
qmof-0e25fad,OVICEC_FSR,bandgap_3.5_to_4.0eV,2,Zn,C1=NC=N[P](Oc2ccncc2)(Oc2ccncc2)[N]1
qmof-857c2d1,DUHQON_FSR,bandgap_3.5_to_4.0eV,2,Cu,c1cn(-c2ccc(-n3ccnc3)cc2)cn1
qmof-b13204c,DUJPEF_FSR,bandgap_3.5_to_4.0eV,1,Sc,c1cncnc1
qmof-d219c19,DUKPIJ_FSR,bandgap_3.5_to_4.0eV,4,Dy,
qmof-238574b,DUKPOP_FSR,bandgap_3.5_to_4.0eV,5,Ho,
qmof-4b810e7,OSUMEW_FSR,bandgap_3.5_to_4.0eV,4,Gd,C1=CN[C]2C=CC=CC2=C1.[CH]1C=CC=C2NC=CC=C12
qmof-3af7fe3,OSUMOG01_FSR,bandgap_3.5_to_4.0eV,5,Tb,C1=CN[C]2C=CC=CC2=C1.[CH]1C=CC=C2NC=CC=C12
qmof-ddb13bd,OSUMOG_FSR,bandgap_3.5_to_4.0eV,4,Tb,C1=CN[C]2C=CC=CC2=C1.[CH]1C=CC=C2NC=CC=C12
qmof-8c5fcb0,OSUNAT01_FSR,bandgap_3.5_to_4.0eV,4,Ho,C1=CN[C]2C=CC=CC2=C1.[CH]1C=CC=C2NC=CC=C12
qmof-ef0e530,OSUNAT_FSR,bandgap_3.5_to_4.0eV,3,Ho,C1=CN[C]2C=CC=CC2=C1.[CH]1C=CC=C2NC=CC=C12
qmof-f8fb414,OSUNIB_FSR,bandgap_3.5_to_4.0eV,2,Er,C1=CN[C]2C=CC=CC2=C1.[CH]1C=CC=C2NC=CC=C12
qmof-5dabe7d,OSUNOH_FSR,bandgap_3.5_to_4.0eV,4,Yb,C1=CN[C]2C=CC=CC2=C1.[CH]1C=CC=C2NC=CC=C12
qmof-f07e55e,DUPMEH_FSR,bandgap_3.5_to_4.0eV,3,Zn,c1cc(Nc2ccncc2)ccn1
qmof-3a11c2e,MANZIL_FSR,bandgap_3.5_to_4.0eV,3,Cu,c1cc(-c2ccncc2)ccn1
qmof-1742993,MAPGOC_FSR,bandgap_3.5_to_4.0eV,5,Yb,c1ccccc1
qmof-53872ef,OVICUS_FSR,bandgap_3.5_to_4.0eV,4,Zn,c1ccc(SSc2ccccn2)nc1
qmof-8f84700,OVIYOI_FSR,bandgap_3.5_to_4.0eV,4,Zn,
qmof-546d219,OTUSON_FSR,bandgap_3.5_to_4.0eV,1,Ag,
qmof-6540d60,OTUTAA_FSR,bandgap_3.5_to_4.0eV,5,Ag,
qmof-b273f7c,OVEFIF_FSR,bandgap_3.5_to_4.0eV,4,Hg,
qmof-da7a7b4,FEYPEF_FSR,bandgap_3.5_to_4.0eV,2,Ag,
qmof-872f192,OROKUC_FSR,bandgap_3.5_to_4.0eV,3,Organic_Only,c1cnccn1
qmof-94e8b5f,ORUGOZ_FSR,bandgap_3.5_to_4.0eV,1,Cd,
qmof-c6b9ed2,OQIPEL_FSR,bandgap_3.5_to_4.0eV,2,Zn,
qmof-57c627b,FETHIW_FSR,bandgap_3.5_to_4.0eV,5,Ag,
qmof-b78c40b,FETHUI_FSR,bandgap_3.5_to_4.0eV,2,Hg,
qmof-cd05b75,FEVGOF_FSR,bandgap_3.5_to_4.0eV,1,Ag,c1ccccc1
qmof-641b71e,FEVROP_FSR,bandgap_3.5_to_4.0eV,4,Cs,
qmof-f6e88bc,FEYDAP_FSR,bandgap_3.5_to_4.0eV,1,Hg,
qmof-6d57f92,OSOGAG_FSR,bandgap_3.5_to_4.0eV,4,Cd,
qmof-a7e269f,DUVPAN_FSR,bandgap_3.5_to_4.0eV,1,Zn,c1ccccc1
qmof-b207e1f,DUWFEI_FSR,bandgap_3.5_to_4.0eV,3,Ag,[CH]1C=CC(c2cc(-c3ccccc3)cc(-c3cccnc3)n2)=CN1
qmof-dd8163e,DUWHUA_FSR,bandgap_3.5_to_4.0eV,1,Cd,c1cc(-c2ccncc2)ccn1.c1ccccc1
qmof-b2fc047,ORUGUF_FSR,bandgap_3.5_to_4.0eV,5,Cd,
qmof-07bf8f2,ORUZEI_FSR,bandgap_3.5_to_4.0eV,5,Hg,c1cncc([SiH2][SiH2]c2cccnc2)c1
qmof-2389400,OSANED_FSR,bandgap_3.5_to_4.0eV,2,Ni,O=c1cccc[nH]1
qmof-9ee6b62,OSUMEW01_FSR,bandgap_3.5_to_4.0eV,4,Gd,C1=CN[C]2C=CC=CC2=C1.[CH]1C=CC=C2NC=CC=C12
qmof-bcce8c9,OPANOJ_FSR,bandgap_3.5_to_4.0eV,2,Fe,O=C(NCc1cccnc1)C1=CC=C[CH]1.O=C(NCc1cccnc1)C1=C[CH]C=C1
qmof-6614087,OPANUP_FSR,bandgap_3.5_to_4.0eV,4,Cd,
qmof-a3be4b1,FEQSOK_FSR,bandgap_3.5_to_4.0eV,2,Cd,c1cc(-c2ccncc2)ccn1.c1ccccc1
qmof-60119ba,FEQYOP01_FSR,bandgap_3.5_to_4.0eV,5,Cr,
qmof-1f24a35,FERDOY_FSR,bandgap_3.5_to_4.0eV,1,Zn,C1=CN=C(c2ncc[nH]2)[N]1
qmof-d33b04e,MARLEZ_FSR,bandgap_3.5_to_4.0eV,3,Cd,O=C(c1ccccc1)c1ccccc1.c1ccc2c(c1)ncn2Cc1ccc(Cn2cnc3ccccc32)cc1
qmof-33ecd67,MARLOI_FSR,bandgap_3.5_to_4.0eV,4,Zn,c1ccccc1.c1cn(CCn2ccnc2)cn1
qmof-f2c44d6,OQOWAU_FSR,bandgap_3.5_to_4.0eV,2,Cu,
qmof-5a9f816,OPOBOL_FSR,bandgap_3.5_to_4.0eV,2,Ba,
qmof-5d6b047,OPOMOX_FSR,bandgap_3.5_to_4.0eV,2,Mn,C1=NN=C[N]1
qmof-4e6ad11,OPUCAE_FSR,bandgap_3.5_to_4.0eV,5,Cu,C1=NC=N[N]1
qmof-2f10c76,OPUXIH_FSR,bandgap_3.5_to_4.0eV,4,Ag,c1ccc2c(c1)nnn2CCn1nnc2ccccc21
qmof-7060e24,DUWQAO_FSR,bandgap_3.5_to_4.0eV,5,Cd,c1ccc2[nH]nnc2c1
qmof-8ecbd8f,DUWQIW01_FSR,bandgap_3.5_to_4.0eV,3,Mn,c1ccc2[nH]nnc2c1
qmof-9b3fc80,OREMUU_FSR,bandgap_3.5_to_4.0eV,3,Cu,
qmof-8376bca,ORIBIB_FSR,bandgap_3.5_to_4.0eV,2,Ag,c1ccc2c(c1)ncn2CCCCn1cnc2ccccc21
qmof-cd8a9f2,ONIROU_FSR,bandgap_3.5_to_4.0eV,2,La,c1cn(-c2ccc(-n3ccnc3)cc2)cn1
qmof-edba6bb,ONITEM_FSR,bandgap_3.5_to_4.0eV,2,Tb,c1cn(-c2ccc(-n3ccnc3)cc2)cn1
qmof-b9e9c9e,EBASIK_FSR,bandgap_3.5_to_4.0eV,4,Cu,
qmof-eb59e39,MASXUA_FSR,bandgap_3.5_to_4.0eV,4,Zn,
qmof-40f2e0c,MASZIP_FSR,bandgap_3.5_to_4.0eV,5,Cd,
qmof-aca3770,MAXKUR_FSR,bandgap_3.5_to_4.0eV,1,Ag,
qmof-baf2cce,FEPCIO_FSR,bandgap_3.5_to_4.0eV,5,Ag,N=C(c1cccnc1)c1ccccn1
qmof-11c14b0,FEPPOI_FSR,bandgap_3.5_to_4.0eV,2,Ag,[CH]1N=C[N]N1Cc1ccc(CN2[CH]N=C[N]2)cc1.c1ccccc1
qmof-4485660,DUXTOG_FSR,bandgap_3.5_to_4.0eV,2,Zn,c1cc(-c2nnc(-c3ccncc3)o2)ccn1
qmof-3a0c988,DUXTUM_FSR,bandgap_3.5_to_4.0eV,2,Cd,c1cc(-c2nnc(-c3ccncc3)o2)ccn1
qmof-5b43897,DUYVAW_FSR,bandgap_3.5_to_4.0eV,4,Cd,C(=NN=Cc1cccnc1)c1cccnc1
qmof-764c737,DUZJIS_FSR,bandgap_3.5_to_4.0eV,4,Organic_Only,C1C2CC3CC1CC(C2)C3
qmof-3db7ad0,ONUPOD_FSR,bandgap_3.5_to_4.0eV,4,Cd,c1ccc(Cn2ccnc2-c2ccccn2)cc1.c1ccccc1
qmof-b6d48a4,ONUTIB_FSR,bandgap_3.5_to_4.0eV,1,Cu,C1=C[N]N=C1.[CH]1C=NN=C1
qmof-208d642,OPADIU_FSR,bandgap_3.5_to_4.0eV,1,Cd,c1ccsc1
qmof-1e660af,OPANEZ_FSR,bandgap_3.5_to_4.0eV,3,Ag,c1ccccc1.c1cncnc1
qmof-f9c3fbb,EBIPEM_FSR,bandgap_3.5_to_4.0eV,3,Cu,c1ccccc1.c1ncn(CCCCn2cncn2)n1
qmof-5dbcf37,MEDJUC_FSR,bandgap_3.5_to_4.0eV,3,Ca,c1ccc2ccccc2c1
qmof-6a6c7b4,MEDKAJ_FSR,bandgap_3.5_to_4.0eV,5,Sr,c1ccc2ccccc2c1
qmof-dfad244,MEDQUI_FSR,bandgap_3.5_to_4.0eV,1,Cd,c1ccccc1
qmof-56495b9,MEFJUD_FSR,bandgap_3.5_to_4.0eV,2,Cd,C1=N[N]C(c2ccccn2)=C1.[CH]1C=C(c2ccccn2)N=N1.[CH]1C=NN=C1c1ccccn1.c1ccncc1
qmof-8d35173,MEGBUW_FSR,bandgap_3.5_to_4.0eV,3,Ni,c1ccccc1
qmof-e2455e8,MAXZUH_FSR,bandgap_3.5_to_4.0eV,2,Ag,
qmof-561ba01,MAYFOH01_FSR,bandgap_3.5_to_4.0eV,1,Fe,
qmof-943fcb0,MAYPUA_FSR,bandgap_3.5_to_4.0eV,1,Cu,
qmof-df90041,EBAWAI_FSR,bandgap_3.5_to_4.0eV,1,Ni,c1ccc(-c2ccccc2)cc1.c1cn(-c2cc(-n3ccnc3)cc(-n3ccnc3)c2)cn1
qmof-1743e6b,ONAMUN_FSR,bandgap_3.5_to_4.0eV,3,Zn,O=C(c1ccccc1)c1ccccc1.c1cn(-c2ccc(-n3ccnc3)cc2)cn1
qmof-1e427c5,ONAWIK01_FSR,bandgap_3.5_to_4.0eV,5,Cu,[CH]1N=C[N]N1CCCCn1cncn1
qmof-2c5cf65,EBICOK_FSR,bandgap_3.5_to_4.0eV,5,Cd,O=C(NCc1ccncc1)Nc1cccnc1
qmof-ff2ad5a,OPILAC_FSR,bandgap_3.5_to_4.0eV,3,K,
qmof-a4946ba,ONIDIZ_FSR,bandgap_3.5_to_4.0eV,4,Zn,c1cc(CCc2ccncc2)ccn1
qmof-b5d466b,ONIPIM_FSR,bandgap_3.5_to_4.0eV,2,Cu,c1ccc(-n2cnnc2)cc1
qmof-2e02fed,OKOSOY_FSR,bandgap_3.5_to_4.0eV,1,Co,c1ccc(-c2ccccc2)cc1.c1cn(-c2ccc(Oc3ccc(-n4ccnc4)cc3)cc2)cn1
qmof-ec93474,OKOVOA_FSR,bandgap_3.5_to_4.0eV,3,Ag,c1cncnc1
qmof-653a4ce,EBOYOK_FSR,bandgap_3.5_to_4.0eV,1,Sn,S=C1N=NC(=S)S1
qmof-efe570d,FELQUL_FSR,bandgap_3.5_to_4.0eV,2,Ag,
qmof-21a0d3f,FELRAR_FSR,bandgap_3.5_to_4.0eV,4,Zn,O=C1c2cc3c(cc2C(=O)N1c1ccccc1)N=C[N]3
qmof-4472634,FELVEY_FSR,bandgap_3.5_to_4.0eV,2,Rh,c1ccc([Si](c2ccccc2)(c2ccncc2)c2ccncc2)cc1
qmof-785cf78,FELYEB_FSR,bandgap_3.5_to_4.0eV,4,Zn,
qmof-19caac2,FEMTIB_FSR,bandgap_3.5_to_4.0eV,3,Cu,
qmof-daddfb7,OMEYIP01_FSR,bandgap_3.5_to_4.0eV,3,Zn,c1ccccc1
qmof-8860d10,OMIQOS_FSR,bandgap_3.5_to_4.0eV,3,Ag,c1ccc(P(CN(C[PH](c2ccccc2)c2ccccc2)c2cccnc2)c2ccccc2)cc1
qmof-6bed31f,OMODAW_FSR,bandgap_3.5_to_4.0eV,1,Ba,c1ccc(-n2cnnn2)cc1
qmof-5480f62,OLERAA_FSR,bandgap_3.5_to_4.0eV,3,Cd,c1cnccn1
qmof-999de53,OLIGAT_FSR,bandgap_3.5_to_4.0eV,3,Organic_Only,
qmof-2cc657a,OLOJUU01_FSR,bandgap_3.5_to_4.0eV,1,Cd,
qmof-6ca3fde,EBOBOP_FSR,bandgap_3.5_to_4.0eV,2,Zn,C(=Cc1ccncc1)c1ccncc1
qmof-2daa966,EBOKAJ_FSR,bandgap_3.5_to_4.0eV,3,Zn,C1=NN=N[N]1.c1cc(-c2ccncc2)ccn1
qmof-3fdc76b,OKAZAD_FSR,bandgap_3.5_to_4.0eV,1,Ca,c1ccc(-c2cc(-c3ccccc3)c(-c3ccccc3)cc2-c2ccccc2)cc1
qmof-623cc29,ECUWUW_FSR,bandgap_3.5_to_4.0eV,2,Zn,c1cc(CCCc2ccncc2)ccn1.c1ccccc1
qmof-d427817,MEKVAA_FSR,bandgap_3.5_to_4.0eV,5,Mn,
qmof-c0a33f9,MELNIA_FSR,bandgap_3.5_to_4.0eV,1,Cu,
qmof-18add0a,MEGZII_FSR,bandgap_3.5_to_4.0eV,2,Cd,
qmof-af5679f,MEHBAF_FSR,bandgap_3.5_to_4.0eV,3,Zn,
qmof-6d04fee,MEHPAQ_FSR,bandgap_3.5_to_4.0eV,3,Cu,
qmof-7d744c9,EBUKAP01_FSR,bandgap_3.5_to_4.0eV,2,Co,[CH]1N=C[N]N1CCCCN1[CH]N=C[N]1
qmof-3288dd3,ECAWIQ_FSR,bandgap_3.5_to_4.0eV,2,Cu,c1ccncc1
qmof-ba9d6d9,ECAWOW_FSR,bandgap_3.5_to_4.0eV,3,Cu,c1ccncc1
qmof-6226f23,ECEDEY_FSR,bandgap_3.5_to_4.0eV,1,Ca,C(#Cc1ccccc1)c1ccccc1
qmof-e590c4c,ECINEM_FSR,bandgap_3.5_to_4.0eV,2,Cu,c1cc(CCCCc2ccncc2)ccn1
qmof-f3344fd,ECIWAO_FSR,bandgap_3.5_to_4.0eV,5,Zn,c1ccncc1
qmof-ef62024,ECOXAX_FSR,bandgap_3.5_to_4.0eV,4,Cr,C1CCCCC1
qmof-3855e24,OKIRIK_FSR,bandgap_3.5_to_4.0eV,3,Ag,c1cc(CSCc2ccncc2)ccn1.c1ccccc1
qmof-ae4d8c6,OKOLUX_FSR,bandgap_3.5_to_4.0eV,1,Mn,c1ccoc1
qmof-f814e4c,FEHLAI_FSR,bandgap_3.5_to_4.0eV,5,Co,c1ccccc1
qmof-43f87f1,FEJGEH_FSR,bandgap_3.5_to_4.0eV,4,Sn,c1cc(-c2ccncc2)ccn1
qmof-a94a47b,FEJJUB_FSR,bandgap_3.5_to_4.0eV,5,Zn,c1ccc(-c2cc(-c3cccnc3)nc(-c3cccnc3)c2)cc1.c1ccccc1
qmof-1bd6d19,FELBEG_FSR,bandgap_3.5_to_4.0eV,2,Sc,c1ccc2[nH]cnc2c1
qmof-6b45ff6,MEKJEU_FSR,bandgap_3.5_to_4.0eV,5,Cu,
qmof-3a22435,MEKPOI_FSR,bandgap_3.5_to_4.0eV,1,Cu,
qmof-8d610b4,ECUZIN01_FSR,bandgap_3.5_to_4.0eV,3,Ag,
qmof-7522244,EDABAO_FSR,bandgap_3.5_to_4.0eV,5,Cd,c1ccncc1
qmof-f9e6ec3,OHIRUS_FSR,bandgap_3.5_to_4.0eV,5,Mn,c1ccccc1
qmof-e2fcb15,OHUJEG_FSR,bandgap_3.5_to_4.0eV,3,Zn,c1cncc(-c2nnc(-c3cccnc3)o2)c1
qmof-e5e6b69,OJAGOX_FSR,bandgap_3.5_to_4.0eV,3,Cd,O=C(Nc1cccnc1)c1ccc(-c2ccc(C(=O)Nc3cccnc3)cc2)cc1.c1ccccc1
qmof-f37c2f5,OKISOR_FSR,bandgap_3.5_to_4.0eV,3,Cd,c1nc[nH]n1
qmof-cf16545,OKOLAD_FSR,bandgap_3.5_to_4.0eV,3,Ca,c1ccc(-c2ccccn2)nc1
qmof-61a6529,OKOLEH_FSR,bandgap_3.5_to_4.0eV,2,Mg,
qmof-4141366,OJARAU_FSR,bandgap_3.5_to_4.0eV,3,Cd,c1ccc(-c2cc(-c3ccncc3)nc(-c3ccncc3)c2)cc1
qmof-ec3f86f,OJARUO_FSR,bandgap_3.5_to_4.0eV,2,Pb,
qmof-1deaa9a,MEWFEC_FSR,bandgap_3.5_to_4.0eV,1,Cu,c1cc(CCc2ccncc2)ccn1.c1ccc(Oc2ccccc2)cc1
qmof-57c1aa0,MELZOT_FSR,bandgap_3.5_to_4.0eV,1,Ag,
qmof-0249469,MENMAU_FSR,bandgap_3.5_to_4.0eV,2,Zn,c1cc(-c2ccncc2)ccn1.c1ccccc1
qmof-600a290,MEPVEI_FSR,bandgap_3.5_to_4.0eV,4,Ag,c1ccc(-c2ccccn2)nc1
qmof-5692fe2,MEPVEJ_FSR,bandgap_3.5_to_4.0eV,1,Cu,
qmof-902d62b,MERFEX_FSR,bandgap_3.5_to_4.0eV,3,Cd,[CH]1N=C[N]N1.c1nc[nH]n1
qmof-a93afa1,EDAWOY_FSR,bandgap_3.5_to_4.0eV,4,Cu,C1CCNCC1.C1CCNCC1
qmof-545160f,EDAWUE_FSR,bandgap_3.5_to_4.0eV,2,Cu,C1CCNCC1.C1CCNCC1
qmof-66d54b3,EDEYES_FSR,bandgap_3.5_to_4.0eV,3,Cd,c1ccc(CSCc2cnccn2)cc1
qmof-2a9daea,EDIPUF_FSR,bandgap_3.5_to_4.0eV,5,Zn,c1ccccc1.c1ccncc1
qmof-f35d56b,EDOVIC_FSR,bandgap_3.5_to_4.0eV,1,Ag,c1ccncc1
qmof-2f09f08,EDOXEB_FSR,bandgap_3.5_to_4.0eV,5,Na,
qmof-7e43c1c,OGUMUZ_FSR,bandgap_3.5_to_4.0eV,5,Ni,
qmof-a0e80c5,OGUXOE_FSR,bandgap_3.5_to_4.0eV,4,Fe,
qmof-6c4f676,OHAJIR01_FSR,bandgap_3.5_to_4.0eV,1,Zn,C(=NN=Cc1cccnc1)c1cccnc1
qmof-4ac7df5,OHAYON_FSR,bandgap_3.5_to_4.0eV,4,Hg,[c]1ccncc1
qmof-0bbbcb5,FEDZOG_FSR,bandgap_3.5_to_4.0eV,1,Cu,c1ccc2c(c1)CSCCCSCc1ccccc1OCCO2
qmof-30fc825,FEFWOF_FSR,bandgap_3.5_to_4.0eV,2,Tb,c1ccsc1
qmof-807d57a,FEGFAA_FSR,bandgap_3.5_to_4.0eV,1,Ag,O=C(OCCOCCOCCOC(=O)c1cccnc1)c1cccnc1
qmof-1c732af,FEHKUB_FSR,bandgap_3.5_to_4.0eV,4,Co,c1ccccc1
qmof-9e4d3cd,METZEQ_FSR,bandgap_3.5_to_4.0eV,5,Cu,
qmof-10ef6bd,MEVBOF_FSR,bandgap_3.5_to_4.0eV,1,Cu,S=C1NCCN1
qmof-b01516c,EFUMUN_FSR,bandgap_3.5_to_4.0eV,1,Cu,
qmof-d841e1f,EGAGOK_FSR,bandgap_3.5_to_4.0eV,3,Na,c1ccccc1
qmof-0cba3b3,EGIMEN_FSR,bandgap_3.5_to_4.0eV,3,Mg,c1nc2scnc2s1
qmof-6480f30,OFUCOH_FSR,bandgap_3.5_to_4.0eV,4,Ni,O=C1[CH]C=NC(=O)N1
qmof-258ea8e,OFUQIR_FSR,bandgap_3.5_to_4.0eV,2,Organic_Only,O=c1cc[nH]c(=O)[nH]1
qmof-7c6cbbc,EDUNOH_FSR,bandgap_3.5_to_4.0eV,3,Zn,c1cc(-c2ccncc2)ccn1
qmof-d2f0d63,EFEYOF_FSR,bandgap_3.5_to_4.0eV,5,Cd,c1ccccc1.c1ccncc1
qmof-75551f3,OGATEX_FSR,bandgap_3.5_to_4.0eV,4,Cu,[CH]1C=CC=CN1
qmof-17b62c4,OGOWAK_FSR,bandgap_3.5_to_4.0eV,5,Ba,C1CC1
qmof-ee73557,MEWCEY_FSR,bandgap_3.5_to_4.0eV,1,Cd,
qmof-da8af82,MICBAD_FSR,bandgap_3.5_to_4.0eV,2,Zn,[CH]1C=CC=CN1
qmof-e6d5869,MEXHUU_FSR,bandgap_3.5_to_4.0eV,2,Cu,O=C(Nc1ccncc1)c1cccc(C(=O)Nc2ccncc2)c1
qmof-b4f1709,MEXZEX_FSR,bandgap_3.5_to_4.0eV,2,Organic_Only,c1ccccc1
qmof-59df15e,MEYJAD_FSR,bandgap_3.5_to_4.0eV,1,Cd,O=S(=O)(c1ccccc1)c1ccccc1
qmof-552e5fd,EGOXOO_FSR,bandgap_3.5_to_4.0eV,3,Sm,c1ccccc1
qmof-882b66c,EGUMIC01_FSR,bandgap_3.5_to_4.0eV,3,Zn,c1ccc(-c2ccccn2)nc1
qmof-0fac6c2,EGUQII01_FSR,bandgap_3.5_to_4.0eV,5,Mn,c1ccsc1
qmof-76513ab,EGUQOO_FSR,bandgap_3.5_to_4.0eV,5,Zn,
qmof-176c460,EHAGOL_FSR,bandgap_3.5_to_4.0eV,5,Tb,c1ccccc1
qmof-7b77cf8,EHEXEW_FSR,bandgap_3.5_to_4.0eV,3,Fe,c1nnc[nH]1
qmof-ff3e7ef,ODOJID_FSR,bandgap_3.5_to_4.0eV,4,Zn,[CH]1C=C(C2=C[CH]NC=C2)C=CN1
qmof-e5c7eaf,OFALOY_FSR,bandgap_3.5_to_4.0eV,1,Ag,
qmof-845e57e,OFANAM_FSR,bandgap_3.5_to_4.0eV,4,Co,c1ccc(-c2ccncc2)cc1
qmof-9fbdc0b,OFEFAG_FSR,bandgap_3.5_to_4.0eV,1,Cu,
qmof-7acd702,OFITAZ01_FSR,bandgap_3.5_to_4.0eV,4,Mn,c1ccc2[nH]cnc2c1
qmof-bec2181,FEDBEX_FSR,bandgap_3.5_to_4.0eV,5,Tm,c1cnccn1
qmof-e9ef2f6,MIHMOG_FSR,bandgap_3.5_to_4.0eV,2,Cd,c1cc(-n2cnnc2)nc(-n2cnnc2)c1
qmof-a1ea762,FAYVOR_FSR,bandgap_3.5_to_4.0eV,2,Zn,
qmof-f83c6ad,FAZPIH_FSR,bandgap_3.5_to_4.0eV,1,Co,c1ccncc1
qmof-4f07795,FAZQIH_FSR,bandgap_3.5_to_4.0eV,3,Ag,C(=CCSc1ncccn1)CSc1ncccn1
qmof-04c1c24,FAZSAD_FSR,bandgap_3.5_to_4.0eV,3,Zn,c1cc(-c2ccncc2)ccn1
qmof-95f2218,FEBKED_FSR,bandgap_3.5_to_4.0eV,3,Cd,
qmof-ef64fbc,FEBNEG_FSR,bandgap_3.5_to_4.0eV,1,Cu,c1ccc(CSCCOCCOCCSCc2ccccc2)cc1
qmof-705c734,MEYKOS_FSR,bandgap_3.5_to_4.0eV,3,Ag,c1cn(CCCn2ccnc2)cn1
qmof-c3d8aec,ODONUR_FSR,bandgap_3.5_to_4.0eV,2,Ni,c1cnsn1
qmof-025281e,OFABIG_FSR,bandgap_3.5_to_4.0eV,3,V,
qmof-f330af1,OFACIJ_FSR,bandgap_3.5_to_4.0eV,3,Zn,
qmof-08c54a1,OFAJEN_FSR,bandgap_3.5_to_4.0eV,3,Cu,c1ccc(SCCCSc2ccccc2)cc1
qmof-a4c4cee,ODISEA_FSR,bandgap_3.5_to_4.0eV,5,Hg,c1cn(Cc2ccc(-n3ccnc3)cc2)cn1
qmof-b4c22c7,ODISUQ_FSR,bandgap_3.5_to_4.0eV,1,Hg,c1cn(-c2cc(-n3ccnc3)cc(-n3ccnc3)c2)cn1
qmof-3db33b3,ODITUR_FSR,bandgap_3.5_to_4.0eV,2,Cd,c1ncn(Cc2ccc(-c3nnc(-c4ccc(Cn5cncn5)cc4)o3)cc2)n1
qmof-f524161,ODIXUW01_FSR,bandgap_3.5_to_4.0eV,1,Cu,c1cn(CCCCn2ccnc2)cn1
qmof-16502f8,FAXCUF_FSR,bandgap_3.5_to_4.0eV,3,Zn,c1ccccc1
qmof-970adef,FAXGAN_FSR,bandgap_3.5_to_4.0eV,4,Rb,c1ccccc1
qmof-e716d7b,FAXLIC_FSR,bandgap_3.5_to_4.0eV,2,Mo,[CH]1N=C[N]N1c1cccc(N2[CH]N=C[N]2)c1
qmof-76b7f39,FAXPOM_FSR,bandgap_3.5_to_4.0eV,4,Zn,c1ccc(COc2ccccc2)cc1
qmof-1912143,FAXQAX_FSR,bandgap_3.5_to_4.0eV,5,Cd,c1ccccc1
qmof-38494f2,MIGKOD_FSR,bandgap_3.5_to_4.0eV,1,Cd,c1cc(-c2ccncc2)ccn1
qmof-8bc47d5,ODIKET_FSR,bandgap_3.5_to_4.0eV,1,Cu,c1ccccc1
qmof-406c44b,OCOQUU01_FSR,bandgap_3.5_to_4.0eV,1,Au,
qmof-ed035f8,OCUKOP_FSR,bandgap_3.5_to_4.0eV,2,Hg,
qmof-1da59a9,OCUKUV_FSR,bandgap_3.5_to_4.0eV,3,Hg,
qmof-9e56850,OCULAC_FSR,bandgap_3.5_to_4.0eV,3,Hg,
qmof-a708f30,OCULEG_FSR,bandgap_3.5_to_4.0eV,5,Hg,
qmof-12edc8c,ODOBAL_FSR,bandgap_3.5_to_4.0eV,1,Cu,
qmof-a26dce2,ODOCER_FSR,bandgap_3.5_to_4.0eV,5,Cu,
qmof-bbb6c74,EHIZAX_FSR,bandgap_3.5_to_4.0eV,5,Cd,
qmof-496b57a,ODENIW_FSR,bandgap_3.5_to_4.0eV,1,Cd,
qmof-4a63e87,OBOQUU_FSR,bandgap_3.5_to_4.0eV,3,Cu,c1cc[nH+]cc1
qmof-4b85944,MIMZIT_FSR,bandgap_3.5_to_4.0eV,5,Cu,
qmof-6b10fb5,MINBEQ_FSR,bandgap_3.5_to_4.0eV,3,Cd,c1ccccc1
qmof-1cf5db4,MIHPAV_FSR,bandgap_3.5_to_4.0eV,1,Zn,c1cc(CCc2ccncc2)ccn1.c1ccc(-c2ccccc2)cc1
qmof-cfa8e24,MIKKUP_FSR,bandgap_3.5_to_4.0eV,3,Zn,C1CC1.c1cc(-c2ccncc2)ccn1
qmof-43cd502,MILBEO_FSR,bandgap_3.5_to_4.0eV,2,Tl,
qmof-4c4f35c,MILTAC_FSR,bandgap_3.5_to_4.0eV,1,Cu,
qmof-0ded643,FAVRAY_FSR,bandgap_3.5_to_4.0eV,2,Cd,
qmof-89f83b7,OCULIK_FSR,bandgap_3.5_to_4.0eV,5,Hg,
qmof-239bb4d,OCULOQ_FSR,bandgap_3.5_to_4.0eV,4,Hg,
qmof-131b24c,ODAVAS_FSR,bandgap_3.5_to_4.0eV,3,Ho,O=C1C(=O)C(=O)C1=O
qmof-9d2fe7e,OCAVAS_FSR,bandgap_3.5_to_4.0eV,4,Ba,c1cnccn1
qmof-1976a36,OCEGOT_FSR,bandgap_3.5_to_4.0eV,1,Zn,O=c1ccccn1Cc1ccccc1
qmof-f484ec8,OCIBEK_FSR,bandgap_3.5_to_4.0eV,1,Zn,c1cncc(-c2nnc(-c3ccncc3)n2-c2cccnc2)c1
qmof-1798d3b,EJEMUB_FSR,bandgap_3.5_to_4.0eV,3,Zn,c1cc(-c2ccncc2)ccn1.c1ccccc1
qmof-29ae4a3,FAWHAP_FSR,bandgap_3.5_to_4.0eV,1,Cu,
qmof-e91307b,MIQWOZ_FSR,bandgap_3.5_to_4.0eV,4,Cd,
qmof-f14aaa7,FASSOJ_FSR,bandgap_3.5_to_4.0eV,3,Tb,c1cc[nH+]cc1
qmof-a4bad47,FASZEG01_FSR,bandgap_3.5_to_4.0eV,2,Cu,
qmof-b35eaba,FATRID_FSR,bandgap_3.5_to_4.0eV,5,Fe,c1c[nH]cn1
qmof-58ce40e,FAVHIV_FSR,bandgap_3.5_to_4.0eV,5,Cd,c1ccc2c(c1)ncn2CCCCn1cnc2ccccc21.c1ccncc1
qmof-00762f1,FAVMEX_FSR,bandgap_3.5_to_4.0eV,3,Cs,
qmof-56a07fd,MIMHIB_FSR,bandgap_3.5_to_4.0eV,4,Ag,c1ccccc1
qmof-59e4a61,EKAPOW_FSR,bandgap_3.5_to_4.0eV,1,Ag,c1ccncc1.c1ccncc1
qmof-916080a,EKAWAP_FSR,bandgap_3.5_to_4.0eV,2,Zn,c1cc(CN2CCN(Cc3ccncc3)CC2)ccn1
qmof-24832d5,EKERES_FSR,bandgap_3.5_to_4.0eV,1,Cu,C1CCCC1.c1cc(-c2ccncc2)ccn1
qmof-9b21ed3,NUZSOR_FSR,bandgap_3.5_to_4.0eV,4,Ag,c1ccncc1
qmof-bd3dde7,NUZWIQ_FSR,bandgap_3.5_to_4.0eV,1,Cu,c1ccncc1
qmof-1d3b3d3,OBAWAS_FSR,bandgap_3.5_to_4.0eV,1,K,O=C1[CH]S(=O)(=O)Nc2ccccc21
qmof-3179f18,EJIHEM_FSR,bandgap_3.5_to_4.0eV,2,Cd,
qmof-0c10f91,EJIQIX_FSR,bandgap_3.5_to_4.0eV,5,Cu,
qmof-5d21254,EJONIB_FSR,bandgap_3.5_to_4.0eV,2,Organic_Only,c1ccc(-n2ccnn2)cc1
qmof-b4eb1a1,MIPWAJ_FSR,bandgap_3.5_to_4.0eV,1,Cd,
qmof-98871d7,MIQKAB_FSR,bandgap_3.5_to_4.0eV,5,Cd,O=[PH](c1ccccc1)c1ccccc1
qmof-e81754b,MIQKOP_FSR,bandgap_3.5_to_4.0eV,3,Cd,C(=Cc1ccncc1)c1ccncc1.O=[PH](c1ccccc1)c1ccccc1
qmof-970d4a2,EKEVAR01_FSR,bandgap_3.5_to_4.0eV,3,Cd,
qmof-e4d40d7,EKEXEY01_FSR,bandgap_3.5_to_4.0eV,2,Co,c1ccc([C]2[O][Co][O]2)cc1.c1ccccc1
qmof-66b8c2b,EKIRUM_FSR,bandgap_3.5_to_4.0eV,5,Cd,c1cc(CN2CCN(Cc3ccncc3)CC2)ccn1.c1ccccc1
qmof-8828925,EKISAT_FSR,bandgap_3.5_to_4.0eV,2,Cd,c1cc(CN2CCN(Cc3ccncc3)CC2)ccn1.c1ccccc1
qmof-d90261d,EKOYAF_FSR,bandgap_3.5_to_4.0eV,2,Ag,c1ccccc1
qmof-4f9c014,EKUDIX01_FSR,bandgap_3.5_to_4.0eV,2,Cu,
qmof-d65a785,EKUDUJ_FSR,bandgap_3.5_to_4.0eV,1,Cu,
qmof-ca7241d,EKUFAR_FSR,bandgap_3.5_to_4.0eV,4,Cu,
qmof-b1105ea,NUSSAW_FSR,bandgap_3.5_to_4.0eV,1,Cd,
qmof-a9be0f4,OBECUT_FSR,bandgap_3.5_to_4.0eV,1,Ag,
qmof-13fe18c,OBEPAN_FSR,bandgap_3.5_to_4.0eV,2,Gd,c1ccccc1
qmof-6d1205f,NUWWIM_FSR,bandgap_3.5_to_4.0eV,2,Zn,c1cc([C]2N=C(c3ccncc3)[N]N2)ccn1.c1ccccc1
qmof-a149d95,NUXLUN01_FSR,bandgap_3.5_to_4.0eV,1,Cu,
qmof-14548f8,NOWWUT_FSR,bandgap_3.5_to_4.0eV,2,Zn,C1=CN=C[N]1.c1ccc(-c2ccccc2)cc1
qmof-d9d0b10,NUCGUO_FSR,bandgap_3.5_to_4.0eV,3,Co,c1ccc2[nH]cnc2c1
qmof-0ae2a1b,NUNPOC_FSR,bandgap_3.5_to_4.0eV,2,Na,c1ccncc1
qmof-a7aff20,NUHCAV_FSR,bandgap_3.5_to_4.0eV,1,Cd,c1cc(-c2ccncc2)ccn1.c1ccccc1
qmof-4f99ccc,NUJNUC_FSR,bandgap_3.5_to_4.0eV,4,Cu,c1ccccc1
qmof-1d9274b,FARLIU_FSR,bandgap_3.5_to_4.0eV,4,Zn,c1cc(SSc2ccncc2)ccn1
qmof-ffb8c94,FARVAW_FSR,bandgap_3.5_to_4.0eV,1,Cu,c1cn(Cc2ccc(Cn3ccnc3)cc2)cn1
qmof-2afaf52,FASSEZ_FSR,bandgap_3.5_to_4.0eV,2,Gd,c1cc[nH+]cc1
qmof-80f89a0,MISJUU_FSR,bandgap_3.5_to_4.0eV,1,Organic_Only,
qmof-d6632db,NUSSUQ_FSR,bandgap_3.5_to_4.0eV,2,Na,
qmof-f2bdce1,NUTLUJ_FSR,bandgap_3.5_to_4.0eV,2,Cd,
qmof-c39ae4b,NUWVUX_FSR,bandgap_3.5_to_4.0eV,4,Zn,c1ccccc1.c1cncc(C2=N[C](c3ccncc3)N[N]2)c1
qmof-59fc722,NUMPIV_FSR,bandgap_3.5_to_4.0eV,1,La,[CH]1C=CC=CN1.c1ccncc1
qmof-ccf41ca,MISQUB_FSR,bandgap_3.5_to_4.0eV,1,Cu,c1cnccn1
qmof-c397213,MIPPEI_FSR,bandgap_3.5_to_4.0eV,1,Zn,
qmof-db77bc4,MIPPIM_FSR,bandgap_3.5_to_4.0eV,2,Zn,
qmof-5bcace3,NOMGAZ_FSR,bandgap_3.5_to_4.0eV,5,Cu,O=C1CNC(=O)CN1
qmof-8d6dc8f,ELUBES_FSR,bandgap_3.5_to_4.0eV,2,Cd,
qmof-708b292,ELUKAY_FSR,bandgap_3.5_to_4.0eV,1,Ag,c1cnccn1
qmof-acee021,EMADEC_FSR,bandgap_3.5_to_4.0eV,1,Ag,
qmof-c93c7ae,NOPCOL_FSR,bandgap_3.5_to_4.0eV,3,Cd,c1ccc2ccccc2c1
qmof-69fe45b,NOPLUB_FSR,bandgap_3.5_to_4.0eV,4,Cd,
qmof-1825bea,MIVDON_FSR,bandgap_3.5_to_4.0eV,3,Zn,c1nc(C2=NN=N[N]2)c(C2=NN=N[N]2)[nH]1
qmof-75cf53c,MIWROB_FSR,bandgap_3.5_to_4.0eV,2,Zn,c1ccccc1
qmof-608d619,ELACID_FSR,bandgap_3.5_to_4.0eV,3,Ag,c1cnc(SCCCCCCSc2ncccn2)nc1
qmof-5f57dd4,ELAFUT_FSR,bandgap_3.5_to_4.0eV,4,Cd,c1cc(-c2ccncc2)ccn1
qmof-afa2ff5,ELEXUQ_FSR,bandgap_3.5_to_4.0eV,1,Hg,S=C1[N]N=C(c2ccccn2)N1
qmof-a7a93aa,ELINAP_FSR,bandgap_3.5_to_4.0eV,4,Cu,c1cc(-c2ccncc2)ccn1.c1ccccc1
qmof-57b6935,ELINIX_FSR,bandgap_3.5_to_4.0eV,2,Cu,c1ccccc1
qmof-0b59814,ELOBOY_FSR,bandgap_3.5_to_4.0eV,1,Organic_Only,c1ccncc1
qmof-a7f487c,NOWMUJ_FSR,bandgap_3.5_to_4.0eV,4,Cu,C1=NN=C(C2=NN=N[N]2)[N]1
qmof-870f65c,NOWNAQ_FSR,bandgap_3.5_to_4.0eV,2,Cu,c1nc(C2=NN=N[N]2)n[nH]1.c1nc(C2=N[N]N=N2)n[nH]1
qmof-4779340,NOBVOQ01_FSR,bandgap_3.5_to_4.0eV,5,Cu,c1cn(Cc2ccc(Cn3ccnc3)cc2)cn1
qmof-7bc9775,NOCBOW_FSR,bandgap_3.5_to_4.0eV,3,Cu,
qmof-c113508,NODJAT_FSR,bandgap_3.5_to_4.0eV,4,Zn,
qmof-3e56926,NODJEX_FSR,bandgap_3.5_to_4.0eV,1,Cd,
qmof-ac615b9,MODGUI_FSR,bandgap_3.5_to_4.0eV,5,Cu,c1ccccc1
qmof-4b38c0b,MODZAJ_FSR,bandgap_3.5_to_4.0eV,3,Cu,c1ccc(-c2cccnc2)cc1
qmof-1f5009f,MIYZID_FSR,bandgap_3.5_to_4.0eV,3,Cu,c1cncc(-c2cccnc2)c1
qmof-79a21b4,FAPGAG_FSR,bandgap_3.5_to_4.0eV,3,Cd,
qmof-5e78e03,FAPYOM_FSR,bandgap_3.5_to_4.0eV,4,Zn,c1ccc(-c2cccnc2)cc1
qmof-e7f8efa,FAQSEW_FSR,bandgap_3.5_to_4.0eV,4,Cd,c1cc(-c2ccncc2)ccn1
qmof-64b5161,NOMQAJ01_FSR,bandgap_3.5_to_4.0eV,4,Zn,c1ccc(-c2cncc(-c3ccccc3)c2)cc1
qmof-9034501,EMEJAJ_FSR,bandgap_3.5_to_4.0eV,5,Cu,c1cc(-c2ccncc2)ccn1
qmof-13e7961,NOGQIK_FSR,bandgap_3.5_to_4.0eV,2,Zn,C1=NN=C[N]1
qmof-ff7658b,NOHFEX01_FSR,bandgap_3.5_to_4.0eV,1,Ag,c1ccccc1
qmof-2d65e89,NORZAX_FSR,bandgap_3.5_to_4.0eV,2,Cd,c1ccccc1.c1cn(-c2ccc(-c3ccc(-n4ccnc4)cc3)cc2)cn1
qmof-5d8b5d1,NOMFOM_FSR,bandgap_3.5_to_4.0eV,5,Fe,O=C1CNC(=O)CN1
qmof-9c07461,NIYPET_FSR,bandgap_3.5_to_4.0eV,5,Ag,c1ccncc1.c1ccncc1
qmof-34988a2,NIYPIX_FSR,bandgap_3.5_to_4.0eV,2,Ag,c1ccncc1.c1ccncc1
qmof-e049710,NIYVAU_FSR,bandgap_3.5_to_4.0eV,2,Co,
qmof-3b20031,NIZJOY_FSR,bandgap_3.5_to_4.0eV,5,Pb,c1ccc(-c2ccccc2)cc1
qmof-087c398,NIZMEQ_FSR,bandgap_3.5_to_4.0eV,1,Dy,
qmof-ed7cf13,NOBLUM01_FSR,bandgap_3.5_to_4.0eV,2,Cd,c1nncs1
qmof-2168cb9,NIWTUJ_FSR,bandgap_3.5_to_4.0eV,4,Tl,
qmof-f689494,NIXPUI_FSR,bandgap_3.5_to_4.0eV,3,Cd,c1ccc(-c2cccc(C3=NN=N[N]3)c2)cc1
qmof-f580d00,MOGNUR_FSR,bandgap_3.5_to_4.0eV,1,Ag,S=C1[CH]C=CC=N1
qmof-4a6e2c5,MOBDIR_FSR,bandgap_3.5_to_4.0eV,1,Cu,c1ccccc1
qmof-5e3d4b5,NODQUU_FSR,bandgap_3.5_to_4.0eV,2,Cd,c1ccc(OCc2ccc(-c3ccccc3)cc2)cc1
qmof-b7bdda5,EMOVUY_FSR,bandgap_3.5_to_4.0eV,4,Cd,
qmof-b3e0651,NIYNIV_FSR,bandgap_3.5_to_4.0eV,2,Ag,c1ccncc1
qmof-51d65d4,NOJBAR_FSR,bandgap_3.5_to_4.0eV,4,Cd,
qmof-d93f39f,NOJBUL_FSR,bandgap_3.5_to_4.0eV,2,Cd,
qmof-e256739,NOKDIA_FSR,bandgap_3.5_to_4.0eV,3,Zn,
qmof-75dd8f6,NILBAN_FSR,bandgap_3.5_to_4.0eV,2,Tb,c1ccc(Oc2ccccc2)cc1.c1ccc(Oc2ccccc2)cc1
qmof-a862aee,NILBER_FSR,bandgap_3.5_to_4.0eV,4,Dy,c1ccc(Oc2ccccc2)cc1.c1ccc(Oc2ccccc2)cc1
qmof-ad8b425,NILBIV_FSR,bandgap_3.5_to_4.0eV,1,Ho,c1ccc(Oc2ccccc2)cc1.c1ccc(Oc2ccccc2)cc1
qmof-c89a5ff,NILBOB_FSR,bandgap_3.5_to_4.0eV,4,Er,c1ccc(Oc2ccccc2)cc1.c1ccc(Oc2ccccc2)cc1
qmof-7239acd,NIMBOB_FSR,bandgap_3.5_to_4.0eV,4,Cu,
qmof-f4bb6af,FAMBIG_FSR,bandgap_3.5_to_4.0eV,3,Zn,c1ccc(OCc2ccc(COc3ccccc3)cc2)cc1
qmof-5f619ed,FAMDII_FSR,bandgap_3.5_to_4.0eV,4,Cd,[CH]1C=CC=CN1
qmof-99a2b9f,FAPFAF_FSR,bandgap_3.5_to_4.0eV,5,Cd,c1cncnc1
qmof-c12cbdc,FAPFEJ_FSR,bandgap_3.5_to_4.0eV,2,Cd,c1cncnc1
qmof-cde22cb,FAPFIN_FSR,bandgap_3.5_to_4.0eV,2,Cd,c1cncnc1
qmof-a5592dd,ENAMIR_FSR,bandgap_3.5_to_4.0eV,2,Tl,
qmof-ad42031,NIXQOB_FSR,bandgap_3.5_to_4.0eV,2,Zn,[CH]1C=CC=CN1
qmof-c386b14,NIXQUH_FSR,bandgap_3.5_to_4.0eV,3,Zn,c1cncnc1
qmof-396c838,NIYBOP_FSR,bandgap_3.5_to_4.0eV,1,Cd,c1ccc2ncccc2c1
qmof-52547c5,NIWKEK_FSR,bandgap_3.5_to_4.0eV,3,Zn,c1cc(-c2nnc(-c3ccncc3)s2)ccn1
qmof-a132e45,NIYNUH_FSR,bandgap_3.5_to_4.0eV,5,Ag,c1ccncc1.c1ccncc1
qmof-152c5b0,MOHLUR_FSR,bandgap_3.5_to_4.0eV,1,Cu,c1ccccc1.c1cn(CCOCCn2ccnc2)cn1
qmof-05752ab,MOHMIH_FSR,bandgap_3.5_to_4.0eV,2,Cd,c1cnc(-c2ncccn2)nc1
qmof-1a8e535,MOHSAF01_FSR,bandgap_3.5_to_4.0eV,3,Cd,c1ccc(-c2ccc(C3=NN=N[N]3)cc2)cc1
qmof-e85d193,MOKQAG_FSR,bandgap_3.5_to_4.0eV,2,Pb,
qmof-cae2bc1,MOKZOC01_FSR,bandgap_3.5_to_4.0eV,2,Cd,c1cnccn1
qmof-aec43f9,EPAKEM_FSR,bandgap_3.5_to_4.0eV,4,Ag,c1ccncc1
qmof-2f521a7,EPAKIQ_FSR,bandgap_3.5_to_4.0eV,4,Ag,
qmof-c555174,EPAXID_FSR,bandgap_3.5_to_4.0eV,5,Tb,
qmof-ac2a5eb,EPAYUR_FSR,bandgap_3.5_to_4.0eV,1,Zn,c1cc(CN2CCOCCOCCN(Cc3ccncc3)CCOCCOCC2)ccn1
qmof-5b0949c,NIGRAY_FSR,bandgap_3.5_to_4.0eV,1,Cu,C1=CN=N[N]1.[CH]1C=NN=N1
qmof-855bf9c,NIGRIH_FSR,bandgap_3.5_to_4.0eV,1,Li,O=C1NC(=O)c2ccccc21
qmof-bb8f123,NIHFIU_FSR,bandgap_3.5_to_4.0eV,1,Tl,
qmof-a3307e0,NIHFOA_FSR,bandgap_3.5_to_4.0eV,4,Tl,
qmof-50ebe70,NIHFUG_FSR,bandgap_3.5_to_4.0eV,3,Tl,
qmof-9c14bbf,NIJVEI_FSR,bandgap_3.5_to_4.0eV,2,Pr,c1ccccc1
qmof-9c21542,NIKZUE_FSR,bandgap_3.5_to_4.0eV,4,Gd,c1ccc(Oc2ccccc2)cc1.c1ccc(Oc2ccccc2)cc1
qmof-abd6069,MOTNEP_FSR,bandgap_3.5_to_4.0eV,1,Cd,c1cn(-c2ccc(-c3ccc(-n4ccnc4)cc3)cc2)cn1
qmof-9c9f0ca,FAHMIM_FSR,bandgap_3.5_to_4.0eV,2,Zn,c1ccc(COc2ccccc2)cc1
qmof-87f3627,FAHMUY_FSR,bandgap_3.5_to_4.0eV,1,Zn,[CH]1N=C[N]N1CCN1[CH]N=C[N]1.c1ccc(COc2ccccc2)cc1.c1ncn(CCn2cncn2)n1
qmof-c03b323,FAKKAG_FSR,bandgap_3.5_to_4.0eV,5,Gd,
qmof-d6e0710,FALGIK_FSR,bandgap_3.5_to_4.0eV,2,Cd,c1ccc(-c2ccccc2)cc1
qmof-07fbe14,MOLKAA_FSR,bandgap_3.5_to_4.0eV,1,Cu,
qmof-f842c12,EPELIV_FSR,bandgap_3.5_to_4.0eV,4,Ni,c1cc(-c2ccncc2)ccn1
qmof-e993e6b,EPIXUX_FSR,bandgap_3.5_to_4.0eV,2,Cu,
qmof-8ddce79,EPOZIU_FSR,bandgap_3.5_to_4.0eV,2,Cu,
qmof-5b5b49f,EQADEH_FSR,bandgap_3.5_to_4.0eV,3,W,
qmof-da6d484,NEZQER_FSR,bandgap_3.5_to_4.0eV,2,Li,c1ccc2ccccc2c1
qmof-d12960f,NEZRUG_FSR,bandgap_3.5_to_4.0eV,1,Cu,c1cc(-c2ccncc2)ccn1.c1cnccn1
qmof-1b5f81b,MOMQAI_FSR,bandgap_3.5_to_4.0eV,5,Ca,c1ccccc1
qmof-9a5badd,MOMQIQ_FSR,bandgap_3.5_to_4.0eV,3,Ca,c1ccc(-c2ccccc2)cc1
qmof-b23c02b,MONNAE_FSR,bandgap_3.5_to_4.0eV,4,Ag,c1ccc(-c2nsnc2-c2ccccn2)nc1
qmof-9883216,MOHLOL01_FSR,bandgap_3.5_to_4.0eV,2,Ni,c1ccccc1
qmof-c7fe47a,NESHIE_FSR,bandgap_3.5_to_4.0eV,3,Ba,
qmof-397dea5,NETTAK_FSR,bandgap_3.5_to_4.0eV,2,Zn,c1ccc(-c2cncs2)cc1
qmof-2d8d0ff,NEVXAP01_FSR,bandgap_3.5_to_4.0eV,1,Hg,S=C1[N]N=CN1
qmof-3d9c6c0,FAFMOO_FSR,bandgap_3.5_to_4.0eV,5,Ni,O=C1[CH]C=NC(=O)N1
qmof-f6a2c50,FAGWUI_FSR,bandgap_3.5_to_4.0eV,5,Sm,c1ccc(Oc2ccc(C3=NN=N[N]3)cc2)cc1
qmof-b273f3b,MOPJUY_FSR,bandgap_3.5_to_4.0eV,2,Pb,
qmof-bbb6f1d,MOPLIO_FSR,bandgap_3.5_to_4.0eV,5,Cu,c1cc(-c2ccncc2)ccn1
qmof-4156823,MORCOM_FSR,bandgap_3.5_to_4.0eV,5,Cd,c1cc(CN2CCN(Cc3ccncc3)CC2)ccn1
qmof-2ee608c,NIDQEY_FSR,bandgap_3.5_to_4.0eV,5,Sm,c1ccccc1
qmof-2b5cf00,NIFNOH_FSR,bandgap_3.5_to_4.0eV,4,Ag,c1ccncc1
qmof-902b24f,NEWTOZ_FSR,bandgap_3.5_to_4.0eV,3,Cu,c1cc(-c2ccncc2)ccn1
qmof-e24ce4f,NEYQUG_FSR,bandgap_3.5_to_4.0eV,1,Zn,c1ccc(C2=NN=N[N]2)cc1
qmof-0f7c4eb,NEYRIV_FSR,bandgap_3.5_to_4.0eV,2,Cd,
qmof-e2524bf,EQEJIU_FSR,bandgap_3.5_to_4.0eV,3,Cd,c1ccc(NCc2ccc(CNc3ccccc3)cc2)cc1.c1cn(CCCCn2ccnc2)cn1
qmof-fb5e34c,EQEJUG_FSR,bandgap_3.5_to_4.0eV,1,Zn,c1ccc(NCc2ccc(CNc3ccccc3)cc2)cc1.c1ccc2c(c1)ncn2CCCCn1cnc2ccccc21
qmof-a2fcb93,MOSZOK_FSR,bandgap_3.5_to_4.0eV,2,Ni,
qmof-343cdba,NESGEZ_FSR,bandgap_3.5_to_4.0eV,5,Cd,c1ccc2ncc(C3=NN=N[N]3)cc2c1
qmof-a5d83e7,NESGID_FSR,bandgap_3.5_to_4.0eV,3,Zn,c1ccc2ncc(C3=NN=N[N]3)cc2c1
qmof-f6d96e9,NENHEV_FSR,bandgap_3.5_to_4.0eV,4,Gd,c1ccccc1.c1ccccc1
qmof-b8a2f41,NENJOH_FSR,bandgap_3.5_to_4.0eV,2,Zn,c1ccccc1.c1cncc([C]2N=C(c3cccnc3)[N]N2)c1
qmof-10dd4ae,NENJUN_FSR,bandgap_3.5_to_4.0eV,1,Zn,c1ccccc1
qmof-67ca802,MOYVUS_FSR,bandgap_3.5_to_4.0eV,1,Ca,
qmof-061ae68,MOTRAQ_FSR,bandgap_3.5_to_4.0eV,3,Mg,c1cc(-c2cc[nH+]cc2)cc[nH+]1
qmof-476a5b8,MOTXUO_FSR,bandgap_3.5_to_4.0eV,4,Cu,c1cc(CCc2ccncc2)ccn1
qmof-4eadc5e,MOWSOI_FSR,bandgap_3.5_to_4.0eV,1,Organic_Only,
qmof-fd541d7,ERAQOD_FSR,bandgap_3.5_to_4.0eV,2,Ag,c1ccncc1
qmof-09f6927,EREGEN_FSR,bandgap_3.5_to_4.0eV,4,Ni,c1cc(CCc2ccncc2)ccn1
qmof-ef2e56c,EREGIR_FSR,bandgap_3.5_to_4.0eV,1,Ni,
qmof-ceecaf2,EREQAV_FSR,bandgap_3.5_to_4.0eV,4,Cd,c1ccc(-c2nccnc2-c2ccccn2)nc1
qmof-b09a392,EREQEZ_FSR,bandgap_3.5_to_4.0eV,1,Hg,
qmof-cfd2beb,NEVXAP_FSR,bandgap_3.5_to_4.0eV,3,Hg,S=C1[N]N=CN1
qmof-2762336,NESGOJ_FSR,bandgap_3.5_to_4.0eV,3,Cd,c1ccc2ncc(C3=NN=N[N]3)cc2c1.c1ccc2ncc(C3=N[N]N=N3)cc2c1.c1ccncc1
qmof-311f528,NEHCAG_FSR,bandgap_3.5_to_4.0eV,5,Zn,c1cc(C2C(c3ccncc3)C(c3ccncc3)C2c2ccncc2)ccn1.c1ccccc1
qmof-fb95d60,NEHQAT_FSR,bandgap_3.5_to_4.0eV,4,Cu,
qmof-548283f,NELXIL_FSR,bandgap_3.5_to_4.0eV,4,Cd,c1ccc2ccccc2c1
qmof-696e454,NEJYOS_FSR,bandgap_3.5_to_4.0eV,1,Zn,c1ccc(-n2cnc3ccccc32)cc1
qmof-f3b3f44,NEJZAF_FSR,bandgap_3.5_to_4.0eV,1,Cd,c1ccc(-n2cnc3ccccc32)cc1
qmof-7b4dbbf,NELBUD_FSR,bandgap_3.5_to_4.0eV,2,Cd,c1ccncc1
qmof-f360972,NELJIZ_FSR,bandgap_3.5_to_4.0eV,3,Co,
qmof-62f023c,FADWIR_FSR,bandgap_3.5_to_4.0eV,3,Hg,
qmof-47ccac3,MOXYII_FSR,bandgap_3.5_to_4.0eV,3,Pb,
qmof-a85f2bb,MOYGUD_FSR,bandgap_3.5_to_4.0eV,2,Cd,c1cc(-c2ccncc2)ccn1.c1ccccc1
qmof-1302ca9,ERUDAY_FSR,bandgap_3.5_to_4.0eV,5,Cu,O=C(CCCCCCC(=O)Nc1cccnc1)Nc1cccnc1.c1ccccc1
qmof-c70fd52,ESATIC_FSR,bandgap_3.5_to_4.0eV,3,Ag,c1ccc2ccccc2c1
qmof-ad4003c,ESEHOZ01_FSR,bandgap_3.5_to_4.0eV,5,Cu,
qmof-c098fd3,NELMIA01_FSR,bandgap_3.5_to_4.0eV,3,Cu,
qmof-4f35422,NELWIL_FSR,bandgap_3.5_to_4.0eV,4,Cu,c1cnccn1.c1cnccn1
qmof-d86c15e,NERZIW02_FSR,bandgap_3.5_to_4.0eV,2,Organic_Only,c1ccccc1
qmof-8bc7424,MUMBIH_FSR,bandgap_3.5_to_4.0eV,2,Mn,c1ccccc1
qmof-2c3bc74,MOZCIP_FSR,bandgap_3.5_to_4.0eV,1,Ni,O=C(c1ccccc1)c1ccccc1.c1cc(-c2ccncc2)ccn1
qmof-6581895,MUCFEX_FSR,bandgap_3.5_to_4.0eV,3,Cu,c1ccccc1
qmof-3dabaa3,MUCNAA_FSR,bandgap_3.5_to_4.0eV,1,Tl,
qmof-d971cd4,MUFHAX_FSR,bandgap_3.5_to_4.0eV,3,Cd,c1cncc(-c2nnc(-c3cccnc3)[nH]2)c1
qmof-c45f4aa,MUFKEE_FSR,bandgap_3.5_to_4.0eV,1,Cu,C1=NN=N[N]1
qmof-9753f6c,MUGJAZ_FSR,bandgap_3.5_to_4.0eV,1,Ag,c1ccncc1
qmof-17d2d80,ETICAN_FSR,bandgap_3.5_to_4.0eV,5,Zn,c1cc2[nH]c(-c3cncc(-c4nc5ccncc5[nH]4)c3)nc2cn1.c1ccccc1
qmof-0338cb2,ETOFID_FSR,bandgap_3.5_to_4.0eV,5,Cd,c1cc(-n2cnnc2)ccn1
qmof-63fddcc,ETOYIW_FSR,bandgap_3.5_to_4.0eV,1,Cd,
qmof-6cf15a6,NEBVIC_FSR,bandgap_3.5_to_4.0eV,4,Cu,
qmof-8edbca3,NECCUU_FSR,bandgap_3.5_to_4.0eV,5,Cu,c1ccc(P(CP(c2ccccc2)c2ccccc2)c2ccccc2)cc1
qmof-5cd0603,ETCRBI_FSR,bandgap_3.5_to_4.0eV,5,Bi,
qmof-cbd885d,ETEHAN01_FSR,bandgap_3.5_to_4.0eV,1,In,c1ccc(-c2ccccc2)cc1
qmof-508b13f,ETEHUH_FSR,bandgap_3.5_to_4.0eV,4,Co,c1cc(CCCc2ccncc2)ccn1.c1ccccc1
qmof-804a983,NEFHAK_FSR,bandgap_3.5_to_4.0eV,1,Cu,
qmof-54be6c9,NEBRUK_FSR,bandgap_3.5_to_4.0eV,4,Zn,c1cnccn1
qmof-1e90576,NEBTIA_FSR,bandgap_3.5_to_4.0eV,1,Ca,c1ccccc1
qmof-002a6da,ETUSIW_FSR,bandgap_3.5_to_4.0eV,5,Cu,c1cn(-c2ccc(-n3ccnc3)cc2)cn1
qmof-5bf7e0d,ETUVUL_FSR,bandgap_3.5_to_4.0eV,2,Cd,
qmof-9ed028e,EYUVEA_FSR,bandgap_3.5_to_4.0eV,2,Zn,c1cc(-c2ccncc2)ccn1
qmof-8533641,EZAWOT_FSR,bandgap_3.5_to_4.0eV,1,Cu,c1ccncc1
qmof-4b62488,EZULAO_FSR,bandgap_3.5_to_4.0eV,4,Cd,c1ccc2ccccc2c1
qmof-746a078,MUHNOT01_FSR,bandgap_3.5_to_4.0eV,3,Fe,
qmof-9bca83d,MUHPIP_FSR,bandgap_3.5_to_4.0eV,2,Fe,
qmof-10ea1fe,NEDGUB_FSR,bandgap_3.5_to_4.0eV,1,Ag,C1=CN=C[N]1
qmof-44da106,NEDXOJ_FSR,bandgap_3.5_to_4.0eV,4,Co,c1cc(-c2ccncc2)ccn1.c1ccccc1
qmof-95e993b,NAZGON01_FSR,bandgap_3.5_to_4.0eV,1,Zn,c1cc(-c2ccncc2)ccn1
qmof-721c324,NEBKIO_FSR,bandgap_3.5_to_4.0eV,3,K,
qmof-b697d31,NEBMEP_FSR,bandgap_3.5_to_4.0eV,2,Cd,c1ccc2ccccc2c1
qmof-c9c2b82,NEBQOD_FSR,bandgap_3.5_to_4.0eV,3,Cd,c1ccc(Oc2ccccc2)cc1
qmof-acddbab,MUJSAL01_FSR,bandgap_3.5_to_4.0eV,3,V,c1cnccn1
qmof-fe2b16d,MUMNAL_FSR,bandgap_3.5_to_4.0eV,3,Organic_Only,c1ccccc1
qmof-b07ce39,MUMNIR_FSR,bandgap_3.5_to_4.0eV,4,Na,c1ccccc1
qmof-26b83f7,MUNLEN_FSR,bandgap_3.5_to_4.0eV,5,Li,c1ccc(-c2ccccc2)cc1
qmof-60450dd,MUNPUH_FSR,bandgap_3.5_to_4.0eV,4,Co,c1ccc(-c2ccccc2)cc1.c1cn(Cc2ccc(Cn3ccnc3)cc2)cn1
qmof-df3291a,MUNZAW_FSR,bandgap_3.5_to_4.0eV,3,Sn,
qmof-cf311e6,NAXVUE_FSR,bandgap_3.5_to_4.0eV,1,Hg,
qmof-305d51c,NAXWAL_FSR,bandgap_3.5_to_4.0eV,5,Hg,
qmof-a5724e4,NAYMEG_FSR,bandgap_3.5_to_4.0eV,5,Cu,c1ccc2[nH]nnc2c1
qmof-29c01e6,NATCER_FSR,bandgap_3.5_to_4.0eV,2,Zn,
qmof-c63cbd6,NATKEB_FSR,bandgap_3.5_to_4.0eV,1,Hg,c1cc(SSc2ccncc2)ccn1
qmof-d29bb99,NATRAD_FSR,bandgap_3.5_to_4.0eV,1,Gd,c1ccccc1.c1ccccc1
qmof-76d49d3,NATREH02_FSR,bandgap_3.5_to_4.0eV,1,Pr,c1ccccc1.c1ccccc1
qmof-ae0a390,NATREH_FSR,bandgap_3.5_to_4.0eV,5,Pr,c1ccccc1.c1ccccc1
qmof-3e9bb7b,NATXIR_FSR,bandgap_3.5_to_4.0eV,4,Er,c1cnccn1
qmof-694fdb2,NAVDIZ_FSR,bandgap_3.5_to_4.0eV,5,Na,C1COCCO1
qmof-12229f3,NAVFAT_FSR,bandgap_3.5_to_4.0eV,2,K,
qmof-2e9f64b,NAPCUF_FSR,bandgap_3.5_to_4.0eV,5,Zn,c1cc(-c2ccncc2)ccn1
qmof-babba36,NAPHCU01_FSR,bandgap_3.5_to_4.0eV,1,Na,c1ccccc1
qmof-a3bb677,EYEGIZ_FSR,bandgap_3.5_to_4.0eV,4,Cd,
qmof-422216b,EYEMAW_FSR,bandgap_3.5_to_4.0eV,5,Cd,
qmof-6663831,EYERUW_FSR,bandgap_3.5_to_4.0eV,5,Cd,
qmof-acd85e0,EYIVOY_FSR,bandgap_3.5_to_4.0eV,3,Cd,c1ccc(-c2cccnc2)cc1
qmof-3015833,MUPZED_FSR,bandgap_3.5_to_4.0eV,2,Co,c1cc(CCc2ccncc2)ccn1.c1ccccc1
qmof-b99f6b2,NAVLOO_FSR,bandgap_3.5_to_4.0eV,4,Cu,
qmof-21e5b1b,EWAXOP_FSR,bandgap_3.5_to_4.0eV,3,Cu,c1cn(Cc2ccc(Cn3ccnc3)cc2)cn1
qmof-f40863b,EWEVAD_FSR,bandgap_3.5_to_4.0eV,1,Zn,c1ccc2ccccc2c1
qmof-5b836cb,EWIPEG_FSR,bandgap_3.5_to_4.0eV,3,Hg,
qmof-c74e6fb,EWIPIK_FSR,bandgap_3.5_to_4.0eV,5,Hg,
qmof-0ad5dc5,EWORAJ_FSR,bandgap_3.5_to_4.0eV,5,Hg,
qmof-14dd1bb,NARLEZ_FSR,bandgap_3.5_to_4.0eV,5,Mo,
qmof-439555b,MUQCEH_FSR,bandgap_3.5_to_4.0eV,1,Cu,
qmof-430b4c6,MUMKUA_FSR,bandgap_3.5_to_4.0eV,4,Cu,c1ccccc1
qmof-35a16f0,MUTJER_FSR,bandgap_3.5_to_4.0eV,1,Ag,
qmof-6e49166,MUTNAR_FSR,bandgap_3.5_to_4.0eV,1,Ba,c1ccc(-c2ccncn2)nc1
qmof-d105fa0,MUTREA_FSR,bandgap_3.5_to_4.0eV,4,Co,c1ccncc1
qmof-d513970,MUQWEB_FSR,bandgap_3.5_to_4.0eV,3,Cu,
qmof-7000e4d,MURFAI_FSR,bandgap_3.5_to_4.0eV,3,Zn,c1cc(-c2ccncc2)ccn1.c1cc(C2=NN=N[N]2)cc(C2=NN=N[N]2)c1
qmof-ce2e8c8,MURVAY_FSR,bandgap_3.5_to_4.0eV,4,K,O=S1(=O)N=C[C](c2ccccc2)C=N1
qmof-9e69850,EYEGEW_FSR,bandgap_3.5_to_4.0eV,1,Zn,
qmof-aa35cfd,EWUCOP_FSR,bandgap_3.5_to_4.0eV,4,Cu,c1ccc(-n2cnnn2)cc1
qmof-2acb35b,EWURAR_FSR,bandgap_3.5_to_4.0eV,1,Ag,
qmof-0b7afa6,EXABEL_FSR,bandgap_3.5_to_4.0eV,4,Li,
qmof-86433db,EXATUT_FSR,bandgap_3.5_to_4.0eV,1,La,c1ccccc1
qmof-3ff05ac,EXAVAB_FSR,bandgap_3.5_to_4.0eV,5,Gd,c1ccccc1
qmof-5d5b5cf,EXEKUO_FSR,bandgap_3.5_to_4.0eV,3,Ag,
qmof-c897ec7,EXELOJ_FSR,bandgap_3.5_to_4.0eV,4,Ag,c1ccccc1
qmof-bcab2b6,EXEMAX_FSR,bandgap_3.5_to_4.0eV,5,Zn,
qmof-d835dd7,NALKET_FSR,bandgap_3.5_to_4.0eV,5,Ba,c1ccccc1
qmof-53a014c,EXOYOF_FSR,bandgap_3.5_to_4.0eV,5,Cu,
qmof-c1eb32e,EXOZEX_FSR,bandgap_3.5_to_4.0eV,5,Cu,O=c1[nH]c(=O)[nH]c(=O)[nH]1
qmof-ed7b57e,MUTJAN_FSR,bandgap_3.5_to_4.0eV,3,Ag,
qmof-b1020c2,NAFWUP_FSR,bandgap_3.5_to_4.0eV,5,Cu,c1cn(Cc2c[nH]nn2)cn1
qmof-856de1b,NAFYAX_FSR,bandgap_3.5_to_4.0eV,4,Zn,c1cc(-c2ccncc2)ccn1.c1ccccc1
qmof-1cb7973,NAFYEB_FSR,bandgap_3.5_to_4.0eV,4,Cd,c1cc(-c2ccncc2)ccn1.c1ccccc1
qmof-2b0af1b,NAGDEH_FSR,bandgap_3.5_to_4.0eV,3,Zn,c1cc(-c2ccncc2)ccn1
qmof-a536eda,MUZYUB_FSR,bandgap_3.5_to_4.0eV,5,Ag,
qmof-5ec4f3d,NABBEA01_FSR,bandgap_3.5_to_4.0eV,3,Cu,
qmof-9940a4e,NABMUZ_FSR,bandgap_3.5_to_4.0eV,2,Cu,c1cc(-c2ccncc2)ccn1
qmof-60df73a,NACDOL_FSR,bandgap_3.5_to_4.0eV,1,Ni,
qmof-bff6e3a,NACXUM_FSR,bandgap_3.5_to_4.0eV,5,Mn,
qmof-6d11fd4,NAHQUJ_FSR,bandgap_3.5_to_4.0eV,3,Cu,O=C(c1ccncc1)N1CCOCCOCCN(C(=O)c2ccncc2)CCOCCOCC1
qmof-f872600,NAKTAW_FSR,bandgap_3.5_to_4.0eV,4,Ca,c1c[nH]cn1
qmof-f103f24,NALBAF_FSR,bandgap_3.5_to_4.0eV,4,Pb,c1ccccc1
qmof-c2e0cee,NAFDUV_FSR,bandgap_3.5_to_4.0eV,1,Cu,c1ccncc1
qmof-d260db4,AGOWID_FSR,bandgap_3.5_to_4.0eV,4,Na,c1ccccc1
qmof-6651c5d,YIMPAN_FSR,bandgap_3.5_to_4.0eV,2,Li,c1ccncc1
qmof-5859c87,YINFOR_FSR,bandgap_3.5_to_4.0eV,4,Cu,
qmof-7c778f1,AGOZED01_FSR,bandgap_3.5_to_4.0eV,3,Cd,c1cc(-c2ccncc2)ccn1.c1ccsc1
qmof-c767d72,HOPXAM_FSR,bandgap_3.5_to_4.0eV,3,Zn,c1ccccc1
qmof-a5caf55,HOQYIW_FSR,bandgap_3.5_to_4.0eV,4,Cu,c1ccccc1.c1ccccc1
qmof-0c7f9b0,HIZFIH_FSR,bandgap_3.5_to_4.0eV,3,Tl,
qmof-bb66e0f,HIZJEG_FSR,bandgap_3.5_to_4.0eV,2,Pb,
qmof-763d52f,HIZKEI_FSR,bandgap_3.5_to_4.0eV,4,Zn,c1ccc(Cn2ccnc2)cc1
qmof-8a16860,YOKDOR_FSR,bandgap_3.5_to_4.0eV,3,Cu,
qmof-9e26cd7,YITZOS_FSR,bandgap_3.5_to_4.0eV,4,Mn,[CH]1N=C[N]N1CCCCCCCCCCN1[CH]N=C[N]1.c1ccc(OCn2cncn2)cc1
qmof-db6e082,YIWCEO_FSR,bandgap_3.5_to_4.0eV,5,Cd,
qmof-a6c81dd,YOLVUS_FSR,bandgap_3.5_to_4.0eV,4,Cd,c1ccccc1.c1cnccn1
qmof-de33c92,YOMROJ_FSR,bandgap_3.5_to_4.0eV,3,Cu,c1ccc(-c2nnn[nH]2)nc1
qmof-12612e8,YOQMOI_FSR,bandgap_3.5_to_4.0eV,2,Zn,c1cc(-c2ccncc2)ccn1
qmof-55e2cda,YOCZOG01_FSR,bandgap_3.5_to_4.0eV,5,Co,c1cc(CCCc2ccncc2)ccn1
qmof-9883029,ABIWAL_FSR,bandgap_3.5_to_4.0eV,2,Cd,c1ncc(-c2ccc(-c3cnc[nH]3)cc2)[nH]1
qmof-6b5da26,YOTQUV_FSR,bandgap_3.5_to_4.0eV,1,Ca,c1cc[nH+]cc1
qmof-d9102fc,GAJWAR_FSR,bandgap_4.0_to_4.5eV,2,Cd,
qmof-6e89a67,KUXFAK_FSR,bandgap_4.0_to_4.5eV,5,Na,O=C1[N]C(=O)NC(=O)N1
qmof-eaf8acb,CUHGER_FSR,bandgap_4.0_to_4.5eV,4,Ca,
qmof-6601f16,QUYCET_FSR,bandgap_4.0_to_4.5eV,5,Ba,c1ccncc1
qmof-f755f31,QUXNON_FSR,bandgap_4.0_to_4.5eV,3,Cd,c1ccccc1
qmof-d01208e,KURQEU_FSR,bandgap_4.0_to_4.5eV,3,Cd,c1ccccc1
qmof-fbba869,KURKUE_FSR,bandgap_4.0_to_4.5eV,3,Cu,
qmof-8fef316,KUQXIE_FSR,bandgap_4.0_to_4.5eV,1,Cd,c1ccncc1
qmof-e5f7e89,LABQOW_FSR,bandgap_4.0_to_4.5eV,3,Zn,O=C(c1ccccc1)c1ccccc1.c1cn(Cc2ccc(Cn3ccnc3)cc2)cn1
qmof-43efc53,LABQIQ_FSR,bandgap_4.0_to_4.5eV,3,Zn,O=C(c1ccccc1)c1ccccc1.c1cc(CCCc2ccncc2)ccn1
qmof-b7a1e1f,LABHII_FSR,bandgap_4.0_to_4.5eV,4,Cd,c1ccc(Oc2ccccc2)cc1.c1cn(-c2ccc(-n3ccnc3)cc2)cn1
qmof-1b70dc7,QUTQUS_FSR,bandgap_4.0_to_4.5eV,2,Ag,c1cc2ccc1CSCc1ccc(cc1)CSC2
qmof-513ea44,RAFQOF_FSR,bandgap_4.0_to_4.5eV,2,Cd,c1ccc(C2=NN=N[N]2)cc1
qmof-e9531be,CUBMUJ_FSR,bandgap_4.0_to_4.5eV,3,Cd,c1ccccc1.c1nncn1CCn1cnnc1
qmof-76f719c,KULMIP_FSR,bandgap_4.0_to_4.5eV,5,Cd,c1ccncc1
qmof-841116e,RAGVED_FSR,bandgap_4.0_to_4.5eV,3,Zn,
qmof-7003032,AGOJOX_FSR,bandgap_4.0_to_4.5eV,1,Zn,
qmof-6c3e399,AGIMIN_FSR,bandgap_4.0_to_4.5eV,3,Li,
qmof-149c367,YIVBIQ_FSR,bandgap_4.0_to_4.5eV,2,Zn,
qmof-1bc3291,YITPUM_FSR,bandgap_4.0_to_4.5eV,1,Hg,
qmof-1a0195d,YODSEQ_FSR,bandgap_4.0_to_4.5eV,1,Sr,c1cnccn1
qmof-aada0e2,HIZLOU_FSR,bandgap_4.0_to_4.5eV,5,Zn,C1=NC(C2=NN=N[N]2)=C(C2=NN=N[N]2)[N]1
qmof-4f2bf7e,MUZMUQ_FSR,bandgap_4.0_to_4.5eV,3,Zn,c1ccccc1
qmof-bdc4c33,MUZMOL_FSR,bandgap_4.0_to_4.5eV,4,Cd,c1ccccc1.c1cn(CCCCn2ccnc2)cn1
qmof-dd6ea7a,MUZCUF_FSR,bandgap_4.0_to_4.5eV,5,Ag,
qmof-419d66a,MUXHOD_FSR,bandgap_4.0_to_4.5eV,3,Mn,
qmof-ae70be0,NADWOG_FSR,bandgap_4.0_to_4.5eV,3,Zn,
qmof-88f93c8,YOTCAM_FSR,bandgap_4.0_to_4.5eV,4,Ag,[CH]1C=CC=CN1
qmof-4d41937,YOSWUZ_FSR,bandgap_4.0_to_4.5eV,4,Ag,
qmof-f361ef2,YORYUA_FSR,bandgap_4.0_to_4.5eV,3,Ca,c1ccncc1
qmof-ef07e73,ADAVEJ01_FSR,bandgap_4.0_to_4.5eV,2,Nd,c1ccccc1
qmof-2b64584,GAKXIB_FSR,bandgap_4.0_to_4.5eV,2,Cd,
qmof-0daa5d3,AJIFEF_FSR,bandgap_4.0_to_4.5eV,1,Er,c1ccccc1
qmof-af4be9c,MUVCAJ_FSR,bandgap_4.0_to_4.5eV,5,Sm,c1csnn1
qmof-b13bcc9,MUTKUH01_FSR,bandgap_4.0_to_4.5eV,1,Au,C1=C[N]N=C1.[CH]1C=CN=N1.[CH]1C=NN=C1
qmof-91ba713,MUTKES_FSR,bandgap_4.0_to_4.5eV,1,Cd,
qmof-e79329c,NALGAK_FSR,bandgap_4.0_to_4.5eV,3,Cd,[CH]1C=CC=CN1
qmof-11c9682,NALFEN_FSR,bandgap_4.0_to_4.5eV,5,Cd,
qmof-f609513,NALFAJ_FSR,bandgap_4.0_to_4.5eV,2,Zn,c1ccc(Cn2ccnc2)c(Cn2ccnc2)c1.c1ccccc1
qmof-df44cd7,NAKXEE_FSR,bandgap_4.0_to_4.5eV,2,Cd,O=S(=O)(c1ccccc1)c1ccccc1
qmof-8d22df6,NAKGUD_FSR,bandgap_4.0_to_4.5eV,5,Hg,
qmof-3ce81cd,NAHQAQ_FSR,bandgap_4.0_to_4.5eV,2,Cs,O=C1CC(=O)NC(=O)N1
qmof-a4bafa1,YIKJIO_FSR,bandgap_4.0_to_4.5eV,5,Cd,
qmof-0db3229,YIKGEF01_FSR,bandgap_4.0_to_4.5eV,3,Cd,c1ccncc1
qmof-2f8901b,AHISER_FSR,bandgap_4.0_to_4.5eV,1,Na,c1ccccc1
qmof-a160a88,AHERUC_FSR,bandgap_4.0_to_4.5eV,5,Fe,C1=CCC=C1
qmof-b0f27f3,AHEPEK_FSR,bandgap_4.0_to_4.5eV,1,Fe,[CH]1C=CC=C1.[CH]1C=CC=C1
qmof-33c75d7,AHEPAG_FSR,bandgap_4.0_to_4.5eV,1,Fe,C1=CCC=C1
qmof-dcb6b1b,NARROQ_FSR,bandgap_4.0_to_4.5eV,1,Ho,c1ccccc1
qmof-923d007,NARRIK_FSR,bandgap_4.0_to_4.5eV,3,Dy,c1ccccc1
qmof-a5b3a99,EXEMIE_FSR,bandgap_4.0_to_4.5eV,4,Zn,c1ccccc1
qmof-2bab714,EXAJUK_FSR,bandgap_4.0_to_4.5eV,1,Cd,c1ccc(-c2cccnc2)cc1
qmof-707a554,EWOYUL_FSR,bandgap_4.0_to_4.5eV,4,K,C1CCNC1
qmof-bec9762,NAQCAK_FSR,bandgap_4.0_to_4.5eV,1,Gd,[CH]1C=CC=CN1
qmof-72887f0,EYEGEV_FSR,bandgap_4.0_to_4.5eV,4,Cd,
qmof-a36de4b,MUQZEE_FSR,bandgap_4.0_to_4.5eV,5,Cd,c1cncc(C2=N[N]N=N2)c1
qmof-94cbfb4,MUWFEP_FSR,bandgap_4.0_to_4.5eV,3,Ag,C1CNCCN1
qmof-7a6145a,HOVRAM_FSR,bandgap_4.0_to_4.5eV,2,Zn,C(=NCCc1ccccc1)c1c[nH]cn1
qmof-f0ac387,YIDJAX01_FSR,bandgap_4.0_to_4.5eV,4,K,c1ccccc1
qmof-62aef15,YICHEX_FSR,bandgap_4.0_to_4.5eV,4,K,
qmof-c49776b,YEXVOP_FSR,bandgap_4.0_to_4.5eV,4,Zn,
qmof-3e21699,YEXCIO_FSR,bandgap_4.0_to_4.5eV,1,Tl,
qmof-2383028,YEVGAI_FSR,bandgap_4.0_to_4.5eV,2,Ni,c1ccncc1
qmof-044255f,AJIPIT_FSR,bandgap_4.0_to_4.5eV,5,Gd,c1ccccc1.c1ccncc1
qmof-433f472,EYETOS_FSR,bandgap_4.0_to_4.5eV,4,Cd,
qmof-0cb4f49,EYESIL_FSR,bandgap_4.0_to_4.5eV,5,Cd,
qmof-e3b01b7,NARTOR_FSR,bandgap_4.0_to_4.5eV,4,Ca,c1ccccc1
qmof-0a8808d,AJASIO_FSR,bandgap_4.0_to_4.5eV,2,K,
qmof-459830d,AJABIX01_FSR,bandgap_4.0_to_4.5eV,3,Cu,C1=NN=C[N]1
qmof-9cb2899,YETQOG_FSR,bandgap_4.0_to_4.5eV,4,Na,c1ccccc1.c1ccccc1
qmof-2d04c0a,YERGIO_FSR,bandgap_4.0_to_4.5eV,2,Ni,c1ccccc1.c1cn(-c2ccc(-n3ccnc3)cc2)cn1
qmof-8fa99e8,YEPFEF_FSR,bandgap_4.0_to_4.5eV,4,Cd,O=C(Nc1ccncc1)c1cccnc1
qmof-65e5c0d,YEMWOF_FSR,bandgap_4.0_to_4.5eV,3,Cu,c1ccc(Cn2ccnc2)c(Cn2ccnc2)c1
qmof-d1f990a,YEMGIH_FSR,bandgap_4.0_to_4.5eV,2,Rb,c1ccccc1
qmof-a80578f,YELYIY01_FSR,bandgap_4.0_to_4.5eV,4,Cd,c1c[nH]cn1
qmof-9784985,YIFGOL_FSR,bandgap_4.0_to_4.5eV,4,Nd,O=c1ccn(-c2ccccc2)cc1
qmof-44ac7ae,YIFFUQ_FSR,bandgap_4.0_to_4.5eV,4,Sm,O=c1ccn(-c2ccccc2)cc1
qmof-cc8a4be,YIDQOS_FSR,bandgap_4.0_to_4.5eV,5,Ni,c1cc(CCc2ccncc2)ccn1
qmof-ac2b430,YEJDAU_FSR,bandgap_4.0_to_4.5eV,1,Zn,c1cc(SSc2ccncc2)ccn1
qmof-d8a055c,NARRUW_FSR,bandgap_4.0_to_4.5eV,1,Er,c1ccccc1
qmof-d53fad7,ALIMAL_FSR,bandgap_4.0_to_4.5eV,3,Zn,c1ccccc1
qmof-3754b4e,AKECOK_FSR,bandgap_4.0_to_4.5eV,2,Ag,
qmof-892e427,HOXSEU_FSR,bandgap_4.0_to_4.5eV,5,Ho,c1ccncc1
qmof-cf5df73,HUCFIV_FSR,bandgap_4.0_to_4.5eV,1,Nd,c1cnccn1
qmof-3454f05,MUQJUF_FSR,bandgap_4.0_to_4.5eV,4,Ag,S=c1[nH]cn[nH]1
qmof-6dd4a25,MUQDUY_FSR,bandgap_4.0_to_4.5eV,3,Zn,c1cc(CCc2ccncc2)ccn1.c1ccccc1
qmof-ebb8ba1,NARREG_FSR,bandgap_4.0_to_4.5eV,5,Tb,c1ccccc1
qmof-f51bd53,NARRAC_FSR,bandgap_4.0_to_4.5eV,2,Gd,c1ccccc1
qmof-18c2abc,NARQOP_FSR,bandgap_4.0_to_4.5eV,1,Sm,c1ccccc1
qmof-82af598,NARQIJ_FSR,bandgap_4.0_to_4.5eV,1,Nd,c1ccccc1
qmof-91daed1,NARQEF_FSR,bandgap_4.0_to_4.5eV,5,Pr,c1ccccc1
qmof-e50c0c6,EWIHIC_FSR,bandgap_4.0_to_4.5eV,4,Cd,C1=NC(C2=NCCCN2)=C(C2=NCCCN2)[N]1
qmof-f9c5ca5,EWAZIL_FSR,bandgap_4.0_to_4.5eV,4,Pb,c1ccccc1
qmof-e71cda6,MUQBEG_FSR,bandgap_4.0_to_4.5eV,2,Zn,c1cc(CCc2ccncc2)ccn1.c1ccccc1
qmof-03660e7,EYUGOV_FSR,bandgap_4.0_to_4.5eV,3,Mn,
qmof-cb9c91d,EYEZIS_FSR,bandgap_4.0_to_4.5eV,4,Cd,O=S(=O)(c1ccccc1)c1ccccc1
qmof-12b0750,YECQED_FSR,bandgap_4.0_to_4.5eV,3,Co,c1ccc2c(c1)ncn2Cc1ccc(Cn2cnc3ccccc32)cc1
qmof-0d42aa5,YEBBEN_FSR,bandgap_4.0_to_4.5eV,4,Zn,c1ccncc1
qmof-280956a,YEJYUJ_FSR,bandgap_4.0_to_4.5eV,5,Zn,c1ccccc1.c1cn(Cn2ccnc2)cn1
qmof-25c87ad,ETUSES_FSR,bandgap_4.0_to_4.5eV,1,Zn,c1ccncc1
qmof-b096a2f,ETUMOW_FSR,bandgap_4.0_to_4.5eV,5,Hg,
qmof-9ffadde,ETUGUW_FSR,bandgap_4.0_to_4.5eV,1,K,c1ccccc1
qmof-234f87e,NATGOH_FSR,bandgap_4.0_to_4.5eV,3,Hg,c1cc(SSc2ccncc2)ccn1
qmof-057b4a2,NATGIB_FSR,bandgap_4.0_to_4.5eV,1,Hg,c1cc(SSc2ccncc2)ccn1
qmof-39003fc,NAYWIU_FSR,bandgap_4.0_to_4.5eV,3,Ag,c1ccc(P(CCP(c2ccccc2)c2ccccc2)c2ccccc2)cc1
qmof-dd44956,MUPFOU_FSR,bandgap_4.0_to_4.5eV,5,Tb,c1ccncc1
qmof-ef156dd,MUNSEV_FSR,bandgap_4.0_to_4.5eV,3,Zn,
qmof-bad0c1f,MUMNOX_FSR,bandgap_4.0_to_4.5eV,1,K,c1ccccc1
qmof-ca0f1bb,MUMNEN_FSR,bandgap_4.0_to_4.5eV,2,Li,c1ccccc1
qmof-8f65a3c,YEHBUJ_FSR,bandgap_4.0_to_4.5eV,4,K,
qmof-84941c7,YEGYAM_FSR,bandgap_4.0_to_4.5eV,1,Ni,O=c1[nH]cnc2[nH]cnc12
qmof-e09dfa4,YEGWEP_FSR,bandgap_4.0_to_4.5eV,2,Li,c1ccccc1
qmof-13af5eb,ALUJUN_FSR,bandgap_4.0_to_4.5eV,2,Y,c1ccccc1
qmof-14c2b89,ALOJOA_FSR,bandgap_4.0_to_4.5eV,2,Zn,c1ccccc1
qmof-985a6f6,HOZFAF_FSR,bandgap_4.0_to_4.5eV,3,Li,c1ccccc1
qmof-f5e3e49,HIWHIE_FSR,bandgap_4.0_to_4.5eV,4,Cu,
qmof-4cb438f,HISVOV_FSR,bandgap_4.0_to_4.5eV,1,Cd,c1ccccc1.c1cnccn1
qmof-5dfdc69,HISVIR_FSR,bandgap_4.0_to_4.5eV,3,Co,c1ccc2c(c1)ncn2CCCCCCn1cnc2ccccc21.c1ccccc1
qmof-6e939e4,EZEROS_FSR,bandgap_4.0_to_4.5eV,3,Co,[CH]1N=C[N]N1Cc1ccc(CN2[CH]N=C[N]2)cc1.c1ccc(OCOc2ccccc2)cc1
qmof-0543584,NAXQUA_FSR,bandgap_4.0_to_4.5eV,5,Mn,c1nnn[nH]1
qmof-c2b0f64,NAXMOQ01_FSR,bandgap_4.0_to_4.5eV,1,Ba,c1cnccn1
qmof-46b501d,HUBHES_FSR,bandgap_4.0_to_4.5eV,5,Co,c1ccccc1
qmof-c207cf7,HUBHAO_FSR,bandgap_4.0_to_4.5eV,2,Co,c1ccccc1
qmof-03c87d7,HOZXOL_FSR,bandgap_4.0_to_4.5eV,1,Cd,
qmof-b8d9ea0,ALIVUN_FSR,bandgap_4.0_to_4.5eV,3,Cd,[CH]1N=C[N]N1Cc1ccc(-c2ccc(CN3[CH]N=C[N]3)cc2)cc1
qmof-d01066a,ALIVOH_FSR,bandgap_4.0_to_4.5eV,5,Cd,[CH]1N=C[N]N1Cc1ccc(-c2ccc(CN3[CH]N=C[N]3)cc2)cc1
qmof-c027270,YEFKAY01_FSR,bandgap_4.0_to_4.5eV,1,Zn,c1ccc(-c2ccncc2)cc1
qmof-b8b849f,YEDPED_FSR,bandgap_4.0_to_4.5eV,3,Cd,c1cc[nH+]cc1
qmof-4b0e2c0,YAPKOQ_FSR,bandgap_4.0_to_4.5eV,4,Hg,
qmof-2fb75c8,MULMOX_FSR,bandgap_4.0_to_4.5eV,5,Zn,c1ccccc1
qmof-2cb8e34,NEBQES_FSR,bandgap_4.0_to_4.5eV,5,Ba,c1c[nH]cn1.c1c[nH]cn1
qmof-b8acaeb,NAZNEJ_FSR,bandgap_4.0_to_4.5eV,4,Zn,c1ccccc1
qmof-6353b9a,NAZNAF_FSR,bandgap_4.0_to_4.5eV,1,Cd,c1ccccc1
qmof-5b45378,NAYYAQ_FSR,bandgap_4.0_to_4.5eV,3,Li,
qmof-43dde62,NEDXEZ_FSR,bandgap_4.0_to_4.5eV,2,Cd,c1cc(-c2ccncc2)ccn1.c1ccccc1
qmof-597f45f,MUHXUK_FSR,bandgap_4.0_to_4.5eV,2,Cd,O=C(Cc1ccc(CC(=O)Nc2cccnc2)cc1)Nc1cccnc1
qmof-c00f8d0,MUHVOC_FSR,bandgap_4.0_to_4.5eV,4,Cd,c1ccccc1
qmof-a7f9c95,MUHVIW_FSR,bandgap_4.0_to_4.5eV,1,Zn,c1ccccc1
qmof-1e89e8e,YAVJUC_FSR,bandgap_4.0_to_4.5eV,5,Sr,
qmof-2e121b8,YAVGEJ_FSR,bandgap_4.0_to_4.5eV,4,Zn,c1ccoc1
qmof-5cfb629,YATPAM01_FSR,bandgap_4.0_to_4.5eV,2,K,c1ccc2[nH]nnc2c1
qmof-d1ec783,AMAZEV_FSR,bandgap_4.0_to_4.5eV,4,Zn,c1ccc(-c2ccccn2)cc1
qmof-1df1f71,AMAFIE_FSR,bandgap_4.0_to_4.5eV,1,Cd,c1cncnc1
qmof-e212836,ALUKAU_FSR,bandgap_4.0_to_4.5eV,2,Dy,c1ccccc1
qmof-ad655ba,HULZOF_FSR,bandgap_4.0_to_4.5eV,4,Zn,c1cc(CCCc2ccncc2)ccn1.c1ccc(OCc2ccc(COc3ccccc3)cc2)cc1
qmof-090a16a,YAFZUB_FSR,bandgap_4.0_to_4.5eV,5,Zn,c1ccccc1
qmof-9d8a6b2,YAFYUA_FSR,bandgap_4.0_to_4.5eV,2,Zn,c1cc(CN2CCN(Cc3ccncc3)CC2)ccn1
qmof-2a66ccf,YADVUW_FSR,bandgap_4.0_to_4.5eV,3,Cu,
qmof-d611084,NEDCAD_FSR,bandgap_4.0_to_4.5eV,1,Mg,O=C1C(=O)C(=O)C1=O
qmof-e11462d,NEBVEY_FSR,bandgap_4.0_to_4.5eV,2,Zn,[CH]1C=CC=CN1
qmof-98f67f3,ETUGAD_FSR,bandgap_4.0_to_4.5eV,5,Ag,c1nnc[nH]1
qmof-d51f680,ETUFIJ_FSR,bandgap_4.0_to_4.5eV,1,K,c1ccccc1
qmof-9e0f4d2,ETOTAJ_FSR,bandgap_4.0_to_4.5eV,3,Ba,c1ccncc1
qmof-538ac2e,ETOFEZ_FSR,bandgap_4.0_to_4.5eV,5,Zn,c1cc(-n2cnnc2)ccn1
qmof-4bfccae,ETEVEE_FSR,bandgap_4.0_to_4.5eV,4,Ni,
qmof-8bdb6a2,HIRJOJ_FSR,bandgap_4.0_to_4.5eV,3,Mg,[CH]1C=CC=CN1
qmof-fa9db14,YARYOF_FSR,bandgap_4.0_to_4.5eV,2,Cd,
qmof-986f968,YARRIU_FSR,bandgap_4.0_to_4.5eV,2,Zn,c1cn(-c2ccc(-n3ccnc3)cc2)cn1
qmof-b10bfd5,YARDEC_FSR,bandgap_4.0_to_4.5eV,1,Zn,c1ccccc1.c1cn(Cc2ccc(Cn3ccnc3)cc2)cn1
qmof-4cb5efd,YAQJEH_FSR,bandgap_4.0_to_4.5eV,3,Zn,c1ccccc1
qmof-df7fc19,ANAMOT_FSR,bandgap_4.0_to_4.5eV,2,Mn,C1CSCN1
qmof-309cef3,ANABAT_FSR,bandgap_4.0_to_4.5eV,3,Hg,c1ccncc1
qmof-0a59800,NEMJUL_FSR,bandgap_4.0_to_4.5eV,2,Zn,O=C(Nc1cccnc1)Nc1cccnc1
qmof-076fd13,NEMJOF01_FSR,bandgap_4.0_to_4.5eV,3,Zn,
qmof-4ad12c3,NELXUX_FSR,bandgap_4.0_to_4.5eV,3,Cd,c1ccc2ccccc2c1
qmof-c4e8360,NELXOR_FSR,bandgap_4.0_to_4.5eV,3,Cd,c1ccc(-c2ccccc2)cc1
qmof-c706712,NEJSED_FSR,bandgap_4.0_to_4.5eV,5,Cd,
qmof-19d3c65,NEHNEV_FSR,bandgap_4.0_to_4.5eV,2,Zn,c1ccc(OCC(COc2ccccc2)COc2ccccc2)cc1.c1cn(-c2ccc(-n3ccnc3)cc2)cn1
qmof-863a165,NEHNEV01_FSR,bandgap_4.0_to_4.5eV,2,Zn,c1ccc(OCC(COc2ccccc2)COc2ccccc2)cc1.c1cn(-c2ccc(-n3ccnc3)cc2)cn1
qmof-dd2349b,NEGMOD_FSR,bandgap_4.0_to_4.5eV,2,Co,c1ccsc1
qmof-23c23d8,ESUZAU_FSR,bandgap_4.0_to_4.5eV,5,Y,
qmof-a4482ac,ESOMAC_FSR,bandgap_4.0_to_4.5eV,2,Sn,
qmof-7b6134f,HUHCOD_FSR,bandgap_4.0_to_4.5eV,3,Zn,
qmof-1dda4b8,HUGVOV_FSR,bandgap_4.0_to_4.5eV,2,Ga,
qmof-839a2a7,HUGVAH_FSR,bandgap_4.0_to_4.5eV,5,Ga,
qmof-27db329,HURMIQ_FSR,bandgap_4.0_to_4.5eV,4,Pb,
qmof-ed5f29b,FADZIW_FSR,bandgap_4.0_to_4.5eV,1,Mo,O=C(NCCCCNC(=O)c1cccnc1)c1cccnc1
qmof-dbcf346,FADZEP01_FSR,bandgap_4.0_to_4.5eV,4,Cu,
qmof-f09c00f,FABYUE_FSR,bandgap_4.0_to_4.5eV,4,Co,C1=Nc2ccccc2[N]1
qmof-33ca745,EZUSAV_FSR,bandgap_4.0_to_4.5eV,3,Cd,c1ccccc1.c1cn(CCCCn2ccnc2)cn1
qmof-4f44bf1,NEKMEX_FSR,bandgap_4.0_to_4.5eV,1,Cd,c1ccc(Oc2ccccc2)cc1
qmof-0434c87,NEJZEJ_FSR,bandgap_4.0_to_4.5eV,4,Cd,c1ccc(-n2cnc3ccccc32)cc1
qmof-53df3c7,NENDAL_FSR,bandgap_4.0_to_4.5eV,2,Ni,c1ccc(Cn2ccnc2)cc1
qmof-854b146,AMOZAE_FSR,bandgap_4.0_to_4.5eV,1,K,c1ccncc1
qmof-270f527,AMINEP_FSR,bandgap_4.0_to_4.5eV,4,Li,c1ccccc1
qmof-6068fe2,AMIKIR_FSR,bandgap_4.0_to_4.5eV,5,Cd,c1cc(C2C(c3ccncc3)C(c3ccncc3)C2c2ccncc2)ccn1.c1ccccc1
qmof-c988586,XUYNUB_FSR,bandgap_4.0_to_4.5eV,3,Cd,O=C(c1ccncc1)N1CCN(C(=O)c2ccncc2)CC1
qmof-bea7cab,XUYNOV_FSR,bandgap_4.0_to_4.5eV,2,Cd,O=C(c1ccncc1)N1CCN(C(=O)c2ccncc2)CC1
qmof-8fa9c85,ANEQAN_FSR,bandgap_4.0_to_4.5eV,3,Co,c1ccccc1
qmof-d1cbf2f,ANAZEW_FSR,bandgap_4.0_to_4.5eV,3,Rb,O=C1CC(=O)NC(=O)N1
qmof-7ef0e18,ANAZAS_FSR,bandgap_4.0_to_4.5eV,4,Na,O=C1CC(=O)NC(=O)N1
qmof-43a7019,ANAYUL_FSR,bandgap_4.0_to_4.5eV,5,K,O=C1CC(=O)NC(=O)N1
qmof-08696b5,HUKSEM_FSR,bandgap_4.0_to_4.5eV,4,Zn,c1cc(SCCSc2ccncc2)ccn1
qmof-6f69f19,HUJTUB_FSR,bandgap_4.0_to_4.5eV,4,Co,
qmof-c4350d4,HIQVUZ_FSR,bandgap_4.0_to_4.5eV,5,Zn,c1ccccc1
qmof-3c60a84,HIQVAH_FSR,bandgap_4.0_to_4.5eV,4,Cd,O=C(Nc1ccccc1)c1cccc(C(=O)Nc2ccccc2)c1.c1cc(CCCc2ccncc2)ccn1
qmof-f7e01af,NERYAL_FSR,bandgap_4.0_to_4.5eV,3,Mn,[CH]1NC=CN1
qmof-14869a5,NERDUM_FSR,bandgap_4.0_to_4.5eV,4,Ag,c1cncnc1
qmof-63c7101,NELXEH_FSR,bandgap_4.0_to_4.5eV,4,Cd,c1ccc2ccccc2c1
qmof-bb4d5bb,ESIFIX_FSR,bandgap_4.0_to_4.5eV,5,Cd,
qmof-c5a6ce1,ESADUZ01_FSR,bandgap_4.0_to_4.5eV,4,Cd,c1ccc(Oc2ccccc2)cc1
qmof-1f6b65e,ESADIN_FSR,bandgap_4.0_to_4.5eV,1,Zn,O=C(CCCCC(=O)Nc1ccncc1)Nc1ccncc1.O=S(=O)(c1ccccc1)c1ccccc1
qmof-c818b8d,NENVOU_FSR,bandgap_4.0_to_4.5eV,4,Fe,O=C1C[N]23->[Fe]45(<-[N](CC(=O)[O]4)(CC(=O)[O]5)c4ccccc4C2)([O]1)[O]C(=O)C3
qmof-ed024a5,NENSAD_FSR,bandgap_4.0_to_4.5eV,5,K,O=C(NC1CCCCC1)N(C(=O)c1ccc2c(c1)OCCOCCOCCO2)C1CCCCC1
qmof-a952798,MOXKEQ_FSR,bandgap_4.0_to_4.5eV,1,Cu,
qmof-10741df,MOXKEQ01_FSR,bandgap_4.0_to_4.5eV,2,Cu,
qmof-fee1ad3,FAFCUM_FSR,bandgap_4.0_to_4.5eV,1,Tb,O=C(c1ccccc1)c1ccccc1
qmof-9cace33,FAFCAS_FSR,bandgap_4.0_to_4.5eV,4,Tb,c1cnccn1
qmof-eac3337,HIQKEY_FSR,bandgap_4.0_to_4.5eV,5,K,c1ccc(-c2ccccc2)cc1
qmof-5cbb170,ANIDEH_FSR,bandgap_4.0_to_4.5eV,4,Co,[CH]1N=C[N]N1Cc1cccc(Cn2cncn2)n1.c1ccccc1
qmof-3c12109,XUHFOX_FSR,bandgap_4.0_to_4.5eV,3,Zn,c1cc([C]2N=C(c3ccncc3)[N]N2Cn2cncn2)ccn1.c1ccccc1
qmof-c590924,XUDHAG_FSR,bandgap_4.0_to_4.5eV,4,Hg,
qmof-b88a8fa,XUCHOS01_FSR,bandgap_4.0_to_4.5eV,5,Ni,c1ccncc1
qmof-7e5cbc5,MOXGAH_FSR,bandgap_4.0_to_4.5eV,2,Ag,C(#CP(c1ccccc1)c1ccccc1)P(c1ccccc1)c1ccccc1
qmof-6c4ef07,MOWFOU_FSR,bandgap_4.0_to_4.5eV,4,Hg,
qmof-8e0ab66,MOTNOZ_FSR,bandgap_4.0_to_4.5eV,5,Cd,c1cn(-c2ccc(-c3ccc(-n4ccnc4)cc3)cc2)cn1
qmof-be776e0,MOYVIG_FSR,bandgap_4.0_to_4.5eV,1,Tl,
qmof-d44edd6,NENROQ_FSR,bandgap_4.0_to_4.5eV,3,Bi,
qmof-6ec1b25,NENLIB_FSR,bandgap_4.0_to_4.5eV,3,Mo,c1cnccn1
qmof-2fa122f,NENHIZ_FSR,bandgap_4.0_to_4.5eV,2,Tb,c1ccccc1.c1ccccc1
qmof-4dfba06,NESFAT_FSR,bandgap_4.0_to_4.5eV,5,Cd,S=C1[N]N=NN1
qmof-a7c578d,NESDUK_FSR,bandgap_4.0_to_4.5eV,1,Ag,O=c1cc[nH]c2ncnn12
qmof-6524f20,XUNTUX_FSR,bandgap_4.0_to_4.5eV,4,Li,c1ccncc1
qmof-dc774d8,YACKAO_FSR,bandgap_4.0_to_4.5eV,5,Cd,
qmof-2e63a4b,XORROL_FSR,bandgap_4.0_to_4.5eV,5,Cd,c1ccc(OCCOc2ccccc2)cc1
qmof-01f2716,NEVZUM_FSR,bandgap_4.0_to_4.5eV,4,Zn,
qmof-220370b,NEQNAZ02_FSR,bandgap_4.0_to_4.5eV,2,Cd,c1cnccn1
qmof-46c0431,NEQNAZ01_FSR,bandgap_4.0_to_4.5eV,2,Cd,c1cnccn1
qmof-f8e9ee1,NEPRUX_FSR,bandgap_4.0_to_4.5eV,1,Li,c1cnccn1
qmof-493832f,ERIMEY_FSR,bandgap_4.0_to_4.5eV,1,Li,[CH]1N=CC=CN1
qmof-41d6067,XOZGOK_FSR,bandgap_4.0_to_4.5eV,5,Cd,c1ccccc1.c1cn(CCCn2ccnc2)cn1
qmof-a933acc,XOYSUB_FSR,bandgap_4.0_to_4.5eV,4,Cu,C1=NN=C[N]1.c1cn(CCCCn2ccnc2)cn1
qmof-9d9119c,XOVXIQ_FSR,bandgap_4.0_to_4.5eV,4,Zn,c1cc[nH+]cc1.c1cn(Cc2ccc(Cn3ccnc3)cc2)cn1
qmof-52d91e0,XOVTEJ_FSR,bandgap_4.0_to_4.5eV,1,Pb,
qmof-88bea54,APAYEW_FSR,bandgap_4.0_to_4.5eV,4,Zn,
qmof-6db2252,APAXOF_FSR,bandgap_4.0_to_4.5eV,3,Cd,C1=CN=C[N]1.[CH]1C=NC=N1.c1cn(Cc2ccc(Cn3ccnc3)cc2)cn1
qmof-9e3b2f6,ANOROL_FSR,bandgap_4.0_to_4.5eV,1,K,
qmof-a715883,ANIYUS_FSR,bandgap_4.0_to_4.5eV,4,Cu,
qmof-fe94e1d,HUTRIY_FSR,bandgap_4.0_to_4.5eV,5,Ag,c1ccncc1
qmof-694bbd9,HUTREU_FSR,bandgap_4.0_to_4.5eV,2,Ag,c1ccncc1
qmof-a07366c,AQAZUN_FSR,bandgap_4.0_to_4.5eV,5,Co,
qmof-3657264,AQANOW01_FSR,bandgap_4.0_to_4.5eV,4,Cd,c1ccccc1.c1cn(Cc2ccc(Cn3ccnc3)cc2)cn1
qmof-0614d31,APOKAS_FSR,bandgap_4.0_to_4.5eV,1,Cd,c1ccc(OCCOc2ccccc2Cn2ccnc2)c(Cn2ccnc2)c1.c1ccccc1
qmof-29b2925,HUTZAX_FSR,bandgap_4.0_to_4.5eV,2,Zn,c1ccc(Oc2ccccc2)cc1
qmof-8878ef9,EQIWAD_FSR,bandgap_4.0_to_4.5eV,2,Cd,
qmof-363ec40,EQIHIX_FSR,bandgap_4.0_to_4.5eV,4,Zn,O=C(CCC(=O)Nc1cccnc1)Nc1cccnc1.c1ccccc1
qmof-04d864c,NEVHUS_FSR,bandgap_4.0_to_4.5eV,5,Cd,C1=CN=C[N]1.[CH]1C=NC=N1
qmof-07657b5,NEVHOM_FSR,bandgap_4.0_to_4.5eV,1,Cd,C1=CN=C[N]1.[CH]1C=NC=N1
qmof-51d44f0,NEVHEC_FSR,bandgap_4.0_to_4.5eV,1,Cd,C1=CN=C[N]1.[CH]1C=NC=N1
qmof-70b56d2,NEWRUE_FSR,bandgap_4.0_to_4.5eV,3,Hg,
qmof-f15e054,NEWROY_FSR,bandgap_4.0_to_4.5eV,5,Hg,
qmof-3eecf64,HUSQOC_FSR,bandgap_4.0_to_4.5eV,2,Mo,c1nncn1C12CC3CC4C1CC1CC2C(C3)C4(n2cnnc2)C1
qmof-ff9ba6c,HUSQIW_FSR,bandgap_4.0_to_4.5eV,2,Mo,c1nncn1C12CC3C4CC5(n6cnnc6)CC3C(C1)C(C5)C4C2
qmof-1c6ad32,HUSPUH_FSR,bandgap_4.0_to_4.5eV,1,Mo,c1nncn1CCCn1cnnc1
qmof-647f18b,XOTVUY_FSR,bandgap_4.0_to_4.5eV,3,Zn,O=c1ccocc1
qmof-ec80935,XORVAB_FSR,bandgap_4.0_to_4.5eV,2,Fe,C1COCCO1
qmof-f6ebd2b,XOHBED_FSR,bandgap_4.0_to_4.5eV,3,Zn,c1cc(-c2c[nH]cn2)cc(-c2cnc[nH]2)c1.c1ccccc1
qmof-fb77b5b,XOGXUN02_FSR,bandgap_4.0_to_4.5eV,3,Cu,
qmof-6cf2cff,XOBBAT_FSR,bandgap_4.0_to_4.5eV,3,Ag,c1cc[nH+]cc1
qmof-b2a8e0e,AQOFOC_FSR,bandgap_4.0_to_4.5eV,2,Cu,[CH]1N=C[N]N1CN1[CH]N=C[N]1
qmof-6840e6b,AQEGUZ_FSR,bandgap_4.0_to_4.5eV,3,Pb,O=c1cc[nH]c(=O)[nH]1
qmof-816a24e,IBIMEM_FSR,bandgap_4.0_to_4.5eV,2,Cd,
qmof-72620ad,NEVLAC_FSR,bandgap_4.0_to_4.5eV,5,Pb,
qmof-0caf0c5,NEVJUV_FSR,bandgap_4.0_to_4.5eV,3,Zn,O=C1C[N]23->[Zn]4([O]1)([O]C(=O)C2)[O]C(=O)c1ccc(c3c1)C(=O)[O]4
qmof-b181ab8,NEVJUU_FSR,bandgap_4.0_to_4.5eV,4,Cd,C1=CN=C[N]1.[CH]1C=NC=N1
qmof-5079f8c,NEVJOO_FSR,bandgap_4.0_to_4.5eV,2,Cd,C1=CN=C[N]1.[CH]1C=NC=N1
qmof-c398d5c,NEVJAA_FSR,bandgap_4.0_to_4.5eV,2,Cd,C1=CN=C[N]1.[CH]1C=NC=N1
qmof-e4535b8,EQOYEQ_FSR,bandgap_4.0_to_4.5eV,2,Gd,c1ccc(Oc2ccccc2)cc1
qmof-240c244,EQOYAM_FSR,bandgap_4.0_to_4.5eV,4,Dy,c1ccc(Oc2ccccc2)cc1
qmof-9a595a3,EQOXUF_FSR,bandgap_4.0_to_4.5eV,1,Tb,c1ccc(Oc2ccccc2)cc1
qmof-957913b,XUCGIM_FSR,bandgap_4.0_to_4.5eV,3,Cu,c1nncn1CCn1cnnc1
qmof-fe40eaa,XOPXIK_FSR,bandgap_4.0_to_4.5eV,3,Au,
qmof-bcc1269,AQOWOT_FSR,bandgap_4.0_to_4.5eV,4,Zn,c1ccccc1
qmof-cbe57c8,HIBTOB_FSR,bandgap_4.0_to_4.5eV,3,Zn,[CH]1CCC[N]1
qmof-a5a3f01,ICENUB_FSR,bandgap_4.0_to_4.5eV,1,Zn,c1ccccc1
qmof-a0aca25,FAJNUZ_FSR,bandgap_4.0_to_4.5eV,1,Hg,C1SCC23CSCC12C3
qmof-e7fbc5e,NEZNAJ_FSR,bandgap_4.0_to_4.5eV,3,Cd,c1ccccc1
qmof-0344ec9,NEYWEW_FSR,bandgap_4.0_to_4.5eV,1,Nd,c1ccccc1.c1ccncc1
qmof-a4f16de,NEYVIZ_FSR,bandgap_4.0_to_4.5eV,2,Dy,c1ccccc1.c1ccncc1
qmof-f65c85b,NEYVAR_FSR,bandgap_4.0_to_4.5eV,2,Gd,c1ccccc1.c1ccncc1
qmof-8034830,NEXHAB_FSR,bandgap_4.0_to_4.5eV,1,Cd,c1ccc(-n2ccnc2)cc1
qmof-da8e3de,NEWTUF_FSR,bandgap_4.0_to_4.5eV,5,Cu,c1cnoc1
qmof-4648c4d,IBETAM_FSR,bandgap_4.0_to_4.5eV,3,Cd,
qmof-a4260ff,IBEDUP_FSR,bandgap_4.0_to_4.5eV,1,Li,c1nnn[nH]1
qmof-6c9cd43,IBATIR_FSR,bandgap_4.0_to_4.5eV,2,Zn,c1cc([C]2N=C(c3ccncc3)[N]N2)ccn1
qmof-82c907a,HIFYIF_FSR,bandgap_4.0_to_4.5eV,5,Zn,c1cc(-c2ccnnc2)cnn1
qmof-44db121,HIDNAM_FSR,bandgap_4.0_to_4.5eV,1,Ag,
qmof-918cd0a,HICJIN_FSR,bandgap_4.0_to_4.5eV,3,Zn,c1ccc(Cn2ccnc2)c(Cn2ccnc2)c1.c1ccccc1
qmof-38e5535,EQACUV_FSR,bandgap_4.0_to_4.5eV,4,Cd,O=C1C(=O)C(=O)C1=O
qmof-9b906f4,EPOQUX_FSR,bandgap_4.0_to_4.5eV,1,Cd,
qmof-7541f7a,EPIXIL_FSR,bandgap_4.0_to_4.5eV,1,Ni,
qmof-a2d1221,MOLKOP_FSR,bandgap_4.0_to_4.5eV,2,Zn,c1cc(-c2ccncc2)ccn1.c1ccncc1
qmof-3b01793,MOLBOF_FSR,bandgap_4.0_to_4.5eV,1,Zn,c1ccccc1
qmof-b18f8ac,FALKEL_FSR,bandgap_4.0_to_4.5eV,4,Zn,
qmof-65e6355,FALJOU_FSR,bandgap_4.0_to_4.5eV,4,Cd,O=C(NCCCCCCNC(=O)c1cccnc1)c1cccnc1.c1ccccc1
qmof-162d49a,FAJPAH_FSR,bandgap_4.0_to_4.5eV,1,Hg,
qmof-8542c76,ICEGED_FSR,bandgap_4.0_to_4.5eV,1,Cd,c1cc(C2=NN=N[N]2)ccc1C1=NN=N[N]1.c1cc(C2=N[N]N=N2)ccc1C1=NN=N[N]1
qmof-a75c84c,IBUDIT_FSR,bandgap_4.0_to_4.5eV,3,Zn,c1cc(C2=N[N]N=N2)ccn1
qmof-63717fa,IBUBAK_FSR,bandgap_4.0_to_4.5eV,1,Organic_Only,c1ccncc1
qmof-c288dff,IDAYET_FSR,bandgap_4.0_to_4.5eV,4,Li,c1cnccn1.c1cnccn1
qmof-e036ae1,AREGAH_FSR,bandgap_4.0_to_4.5eV,5,Zn,c1ccccc1
qmof-aba9c6c,XISRAV_FSR,bandgap_4.0_to_4.5eV,1,Cd,
qmof-1a6228b,XIRQEW_FSR,bandgap_4.0_to_4.5eV,2,Zn,[CH]1N=C[N]N1CCCn1cncn1.c1ccccc1
qmof-1b51066,XIVQOL_FSR,bandgap_4.0_to_4.5eV,5,Ag,[CH]1C=CC=C1
qmof-1c6930e,NIPWIT01_FSR,bandgap_4.0_to_4.5eV,3,Zn,c1ccncc1
qmof-bb73825,NIPRUA_FSR,bandgap_4.0_to_4.5eV,4,Zn,c1ccncc1
qmof-d4ec501,NIHMUO_FSR,bandgap_4.0_to_4.5eV,3,Pb,
qmof-0d6ee63,EPAWEZ_FSR,bandgap_4.0_to_4.5eV,4,Co,[CH]1C=CC=C1.[CH]1C=CC=C1
qmof-492f2fb,MOKTAI_FSR,bandgap_4.0_to_4.5eV,5,Hg,
qmof-22ca4f8,MOJPAE_FSR,bandgap_4.0_to_4.5eV,5,Ba,c1ccncc1
qmof-39429bc,MOHQIK_FSR,bandgap_4.0_to_4.5eV,3,Cd,c1ccsc1
qmof-77d8bc6,MOMMIM_FSR,bandgap_4.0_to_4.5eV,4,Zn,[CH]1N=C[N]N1CCn1cncn1.c1ccc(-c2ccccc2)cc1
qmof-5e43007,XIPGEK_FSR,bandgap_4.0_to_4.5eV,1,Zn,
qmof-098de98,XIYDOY01_FSR,bandgap_4.0_to_4.5eV,3,Zn,c1ccsc1
qmof-c855c74,XIXQAZ_FSR,bandgap_4.0_to_4.5eV,4,Cd,O=C(Nc1cccnc1)C1CCC(C(=O)Nc2cccnc2)CC1.c1ccc(Oc2ccccc2)cc1
qmof-99fa841,XIWJUJ_FSR,bandgap_4.0_to_4.5eV,4,Zn,c1ccc(CN2CCN(Cc3ccccn3)CC2)nc1
qmof-216ba86,XIWJOD_FSR,bandgap_4.0_to_4.5eV,2,Cd,c1ccc(CN2CCN(Cc3ccccn3)CC2)nc1
qmof-cb7e2e5,XIHXUJ_FSR,bandgap_4.0_to_4.5eV,5,Cd,
qmof-778efcb,ARUTAK_FSR,bandgap_4.0_to_4.5eV,3,Cd,c1cc(-c2ccncc2)ccn1.c1ccccc1
qmof-1088b38,NEZQAN_FSR,bandgap_4.0_to_4.5eV,4,Li,c1ccccc1
qmof-52b3d57,IDIGAF_FSR,bandgap_4.0_to_4.5eV,1,Hg,
qmof-89b9880,XIBWIO_FSR,bandgap_4.0_to_4.5eV,2,Li,
qmof-0ec4fb0,XEZXOQ_FSR,bandgap_4.0_to_4.5eV,4,K,O=C1[CH]N[N]O1
qmof-56f72fb,MOFQEF_FSR,bandgap_4.0_to_4.5eV,3,Zn,c1ccc2c(c1)ncn2CCCn1cnc2ccccc21.c1ccccc1
qmof-fe7c85d,FALMOW_FSR,bandgap_4.0_to_4.5eV,1,Mn,S=c1[nH]nn[nH]1
qmof-fa69f14,NILNON_FSR,bandgap_4.0_to_4.5eV,3,K,
qmof-ad8ca85,NIKZIT_FSR,bandgap_4.0_to_4.5eV,1,Fe,[CH]1N=C[N]N1Cc1cccc(CN2[CH]N=C[N]2)c1
qmof-acaab75,NIRCIB_FSR,bandgap_4.0_to_4.5eV,1,Fe,c1cn(Cn2ccnc2)cn1
qmof-e4ec22b,AROTEG_FSR,bandgap_4.0_to_4.5eV,5,La,c1ccccc1
qmof-d65fd56,XIGXAO_FSR,bandgap_4.0_to_4.5eV,3,Zn,c1ccc(COc2ccccc2)cc1
qmof-ea234a7,XIFXAM_FSR,bandgap_4.0_to_4.5eV,1,Cs,
qmof-51097b4,XIDJUR_FSR,bandgap_4.0_to_4.5eV,3,Zn,O=c1cccc[nH]1.c1cn(Cc2ccc(Cn3ccnc3)cc2)cn1
qmof-624a8f0,XINJUA01_FSR,bandgap_4.0_to_4.5eV,2,K,c1ccncc1
qmof-c47cf99,XIMPIU01_FSR,bandgap_4.0_to_4.5eV,4,Zn,c1cn(CCCCn2ccnc2)cn1
qmof-9911345,XIMGAC_FSR,bandgap_4.0_to_4.5eV,4,Cd,c1cn(Cn2ccnc2)cn1
qmof-cd46002,IDAKAZ_FSR,bandgap_4.0_to_4.5eV,3,Cd,c1cc(CCCc2ccncc2)ccn1
qmof-9845d29,ASAWAT_FSR,bandgap_4.0_to_4.5eV,4,Cd,c1ccncc1
qmof-67b74c4,NIMWEN_FSR,bandgap_4.0_to_4.5eV,3,Cd,c1ccncc1
qmof-4fdf906,ENIZEH01_FSR,bandgap_4.0_to_4.5eV,5,Sn,c1ccccc1
qmof-0836a64,ENICCD_FSR,bandgap_4.0_to_4.5eV,1,Cd,c1ccncc1
qmof-7633c4b,EMUHAX_FSR,bandgap_4.0_to_4.5eV,4,Sn,O=c1[nH]cnc2[nH]cnc12
qmof-355761e,MOFWUA_FSR,bandgap_4.0_to_4.5eV,2,Zn,
qmof-5de5775,MOFTIL01_FSR,bandgap_4.0_to_4.5eV,3,Zn,c1ccc(C2=NN=N[N]2)cc1
qmof-97ced67,ICOWOO_FSR,bandgap_4.0_to_4.5eV,3,Ba,c1c[nH]cn1
qmof-b750fde,ICOWII01_FSR,bandgap_4.0_to_4.5eV,2,Sr,c1c[nH]cn1
qmof-b62318d,ICOVIH_FSR,bandgap_4.0_to_4.5eV,4,Pr,c1nncs1
qmof-009a8f3,IDOXIK_FSR,bandgap_4.0_to_4.5eV,4,Cd,
qmof-bffc6bd,IDORID_FSR,bandgap_4.0_to_4.5eV,4,Mn,
qmof-a0ac3c3,IDIZAX_FSR,bandgap_4.0_to_4.5eV,5,Mn,
qmof-64499d3,IDIGIO_FSR,bandgap_4.0_to_4.5eV,5,Zn,c1ccc2c(c1)ncn2Cc1ccc(Cn2cnc3ccccc32)cc1.c1ccccc1
qmof-11bde68,IDIGIN_FSR,bandgap_4.0_to_4.5eV,4,Zn,c1ccc2[nH]nnc2c1
qmof-f957853,IDIGEJ_FSR,bandgap_4.0_to_4.5eV,5,Cd,c1ccc2[nH]nnc2c1
qmof-43a7c42,ASUQIO04_FSR,bandgap_4.0_to_4.5eV,5,Cu,C1=NN=C[N]1
qmof-0056327,ASUCOI01_FSR,bandgap_4.0_to_4.5eV,3,Ag,c1cn(CCCCn2ccnc2)cn1
qmof-aca49e8,ASUCIC01_FSR,bandgap_4.0_to_4.5eV,3,Ag,c1cn(CCCCn2ccnc2)cn1
qmof-bfea88e,XEYREZ01_FSR,bandgap_4.0_to_4.5eV,2,Ca,c1ccccc1
qmof-4815e94,NOBMAT_FSR,bandgap_4.0_to_4.5eV,2,Cd,c1nncs1
qmof-6914ac9,NIWTIX_FSR,bandgap_4.0_to_4.5eV,5,Ga,c1cnccn1
qmof-6a1b02d,NIWLIR_FSR,bandgap_4.0_to_4.5eV,2,Li,O=c1cc[nH]c(=O)[nH]1
qmof-b02e343,NIVTIW_FSR,bandgap_4.0_to_4.5eV,1,Ag,C1CCSC1
qmof-e5f2ec1,NISWUI_FSR,bandgap_4.0_to_4.5eV,3,Zn,
qmof-09e46be,NIRPIQ_FSR,bandgap_4.0_to_4.5eV,4,Al,c1ccc(-c2ccccc2)cc1
qmof-d9fb957,NIXRUK_FSR,bandgap_4.0_to_4.5eV,4,Cu,
qmof-8ea1795,XEYYOR_FSR,bandgap_4.0_to_4.5eV,4,Cd,O=C(Nc1ccncc1)c1cccnc1.c1ccccc1
qmof-e18a048,ASELER_FSR,bandgap_4.0_to_4.5eV,5,Sr,c1ccc(-c2ncc[nH]2)cc1
qmof-6e5f0d6,ASEJOZ01_FSR,bandgap_4.0_to_4.5eV,1,Cd,c1ccc(C2=NN=N[N]2)cc1
qmof-83e07e9,ASEJIT_FSR,bandgap_4.0_to_4.5eV,4,Cd,c1ccc(C2=NN=N[N]2)cc1.c1ccc(C2=N[N]N=N2)cc1
qmof-8b88ed3,ASEFUZ_FSR,bandgap_4.0_to_4.5eV,4,Organic_Only,
qmof-520ebea,AVEMIY_FSR,bandgap_4.0_to_4.5eV,1,Ag,O=P12CN3CN(CN(C3)C1)C2
qmof-b1c70fd,ATIRUS_FSR,bandgap_4.0_to_4.5eV,3,Tb,c1ccncc1
qmof-918da97,XEMJIJ_FSR,bandgap_4.0_to_4.5eV,3,Cu,C1CNCCN1
qmof-73c6760,IDEJAE_FSR,bandgap_4.0_to_4.5eV,3,Ni,
qmof-07d83a4,IDEHAC_FSR,bandgap_4.0_to_4.5eV,2,Zn,c1ccccc1
qmof-0103b7b,IDEGOP_FSR,bandgap_4.0_to_4.5eV,2,Zn,c1ccc2c(c1)ncn2Cc1ccncc1
qmof-8025257,IDEBIE_FSR,bandgap_4.0_to_4.5eV,3,La,c1ccncc1
qmof-4453ec1,MOBFOB_FSR,bandgap_4.0_to_4.5eV,3,Zn,c1cc[nH+]cc1
qmof-0c3622c,MOGVAG_FSR,bandgap_4.0_to_4.5eV,4,Zn,
qmof-0e7dcd2,NOBNOK_FSR,bandgap_4.0_to_4.5eV,4,Ag,C1=NN=N[N]1
qmof-b65b9bc,NOBNEA_FSR,bandgap_4.0_to_4.5eV,4,Ag,C1=NN=N[N]1
qmof-60306e3,XIDJOL_FSR,bandgap_4.0_to_4.5eV,3,Cd,O=c1cccc[nH]1.c1cn(Cc2ccc(Cn3ccnc3)cc2)cn1
qmof-2abab09,XIDJIF_FSR,bandgap_4.0_to_4.5eV,2,Zn,O=c1cccc[nH]1.c1cc(Cn2cnnc2)ccc1Cn1cnnc1
qmof-da91405,ATAHAE_FSR,bandgap_4.0_to_4.5eV,3,Na,c1ccccc1
qmof-e0e4dbd,ATADUU01_FSR,bandgap_4.0_to_4.5eV,1,Ca,c1ccccc1
qmof-b1eac6f,ASUQIO_FSR,bandgap_4.0_to_4.5eV,1,Cu,
qmof-89eb540,AVOGID_FSR,bandgap_4.0_to_4.5eV,2,Cd,c1cnc(-c2nn[nH]n2)cn1
qmof-94200c0,AVOCAR_FSR,bandgap_4.0_to_4.5eV,4,Cd,S=C1[N]N=NN1c1ccccc1
qmof-d3f2126,XEGGEW_FSR,bandgap_4.0_to_4.5eV,3,Co,
qmof-c5741d9,XECSUV_FSR,bandgap_4.0_to_4.5eV,3,Li,c1cnccn1
qmof-5918275,XEJVEP_FSR,bandgap_4.0_to_4.5eV,5,Sr,[CH]1NC=CN1.c1c[nH]cn1
qmof-440e04a,XEJVAL_FSR,bandgap_4.0_to_4.5eV,2,Sr,c1c[nH]cn1
qmof-2593fae,XEJTEN_FSR,bandgap_4.0_to_4.5eV,5,Ag,c1ccccc1
qmof-963616d,XEJSUC_FSR,bandgap_4.0_to_4.5eV,2,Al,
qmof-655a596,IFACOH_FSR,bandgap_4.0_to_4.5eV,3,Ag,c1ccncc1
qmof-b12c68c,IFABIA01_FSR,bandgap_4.0_to_4.5eV,2,Zn,c1ccccc1
qmof-ba0d6c4,EMOVUZ_FSR,bandgap_4.0_to_4.5eV,2,K,c1ccccc1.c1ccccc1
qmof-37fb37e,EMIYOP_FSR,bandgap_4.0_to_4.5eV,4,Cd,S=C1[N]N=CN1
qmof-bfac7fa,HIBQIU_FSR,bandgap_4.0_to_4.5eV,5,Er,c1ccc2[nH]cnc2c1
qmof-151eb43,HEZKED_FSR,bandgap_4.0_to_4.5eV,2,Zn,c1ccc(OCCCCOc2ccccc2)cc1
qmof-327b773,HEWVUD_FSR,bandgap_4.0_to_4.5eV,1,Cd,
qmof-2600589,XEJDAU_FSR,bandgap_4.0_to_4.5eV,2,Cd,
qmof-b27a057,IFELEL_FSR,bandgap_4.0_to_4.5eV,2,Cd,
qmof-7b4729c,IFEKUA_FSR,bandgap_4.0_to_4.5eV,1,Cd,
qmof-fb04384,IGEMOX_FSR,bandgap_4.0_to_4.5eV,1,Hg,
qmof-364ee4b,IGEHOS_FSR,bandgap_4.0_to_4.5eV,4,Cd,c1ccc(P(CC2OCOC2CP(c2ccccc2)c2ccccc2)c2ccccc2)cc1
qmof-6fa2d3c,IFUKIE_FSR,bandgap_4.0_to_4.5eV,1,K,N=C1NCCCCN1
qmof-8ae539d,AVUJOR_FSR,bandgap_4.0_to_4.5eV,3,Gd,c1ccsc1
qmof-fcbd00c,AVUJOQ_FSR,bandgap_4.0_to_4.5eV,5,Cd,c1ccc(-c2ccccn2)nc1
qmof-6c014ac,FAPREV_FSR,bandgap_4.0_to_4.5eV,3,Bi,c1ccoc1
qmof-a2b2c64,MIXROB_FSR,bandgap_4.0_to_4.5eV,3,Cd,c1ccccc1.c1cncc(-c2nnc(-c3cccnc3)[nH]2)c1
qmof-611c6bf,NODCOZ_FSR,bandgap_4.0_to_4.5eV,4,Zn,
qmof-58a2369,NOCPUR_FSR,bandgap_4.0_to_4.5eV,3,La,c1ccccc1.c1ccncc1
qmof-7212f9b,NOBREC_FSR,bandgap_4.0_to_4.5eV,2,Ba,
qmof-7188d32,NOJPOT_FSR,bandgap_4.0_to_4.5eV,4,Cd,
qmof-16e6fa0,IFIBAB_FSR,bandgap_4.0_to_4.5eV,5,K,c1ccccc1
qmof-057afa8,IFEZUP01_FSR,bandgap_4.0_to_4.5eV,3,Ho,c1ccccc1
qmof-dfef72a,IFEZOJ_FSR,bandgap_4.0_to_4.5eV,4,Dy,c1ccccc1
qmof-e3a9c54,XAMPAF_FSR,bandgap_4.0_to_4.5eV,1,Cd,
qmof-d4d2d19,XAMCUK_FSR,bandgap_4.0_to_4.5eV,1,Cu,
qmof-a560beb,XALXIS01_FSR,bandgap_4.0_to_4.5eV,3,Zn,c1ccncc1
qmof-1135fc0,HEWCOD_FSR,bandgap_4.0_to_4.5eV,4,Cd,
qmof-9aedda6,EMEZEB_FSR,bandgap_4.0_to_4.5eV,1,Ba,c1ccccc1
qmof-1ff599f,EMECOO_FSR,bandgap_4.0_to_4.5eV,1,Ag,C1CCCCC1
qmof-0c1d1fc,EMAVAP01_FSR,bandgap_4.0_to_4.5eV,3,Zn,c1cc(-c2ccncc2)ccn1
qmof-ed51700,FAQTUO_FSR,bandgap_4.0_to_4.5eV,5,Zn,C(C1=NN=N[N]1)C1=NN=N[N]1
qmof-42ce45c,XALGEX_FSR,bandgap_4.0_to_4.5eV,2,Cd,
qmof-bc6e9ad,XAKPOQ_FSR,bandgap_4.0_to_4.5eV,2,Zn,O=C(CCCCCCCCCCC(=O)Nc1ccncc1)Nc1ccncc1.c1ccccc1
qmof-5950fb0,XAKNOO_FSR,bandgap_4.0_to_4.5eV,3,Na,c1ccccc1
qmof-84cf692,XAJWAH_FSR,bandgap_4.0_to_4.5eV,1,Organic_Only,
qmof-e21e341,AWEHAM_FSR,bandgap_4.0_to_4.5eV,4,Ag,c1ccccc1
qmof-6dd9a5a,AWAYEC_FSR,bandgap_4.0_to_4.5eV,2,Cd,
qmof-6efe8f8,AVUJUX_FSR,bandgap_4.0_to_4.5eV,4,Nd,c1ccsc1
qmof-ba7b967,IFELOV_FSR,bandgap_4.0_to_4.5eV,3,Cd,
qmof-9f73619,IGITID_FSR,bandgap_4.0_to_4.5eV,2,Zn,c1ccncc1.c1cn(-c2ccc(-n3ccnc3)cc2)cn1
qmof-84db2cd,IGIROG_FSR,bandgap_4.0_to_4.5eV,3,Cd,
qmof-58098d3,HESBAI01_FSR,bandgap_4.0_to_4.5eV,2,Ag,C1=C[N]N=C1.[CH]1C=NN=C1
qmof-6840970,HEVCAN01_FSR,bandgap_4.0_to_4.5eV,2,Zn,O=S(=O)(c1ccccc1)c1ccccc1
qmof-bdd607c,HESMIE_FSR,bandgap_4.0_to_4.5eV,5,Zn,
qmof-1b99f64,XADTON01_FSR,bandgap_4.0_to_4.5eV,3,Cd,c1c[nH]cn1
qmof-2d98e86,XADROL_FSR,bandgap_4.0_to_4.5eV,3,Cd,c1cc[nH+]cc1
qmof-e7c9e5e,ELUTUB_FSR,bandgap_4.0_to_4.5eV,3,Pb,c1c[nH]cn1
qmof-19002f5,ELUKUT_FSR,bandgap_4.0_to_4.5eV,2,Na,
qmof-0f2f881,NUFPAG_FSR,bandgap_4.0_to_4.5eV,2,Zn,
qmof-292b063,NOKLOQ_FSR,bandgap_4.0_to_4.5eV,4,Cu,
qmof-4a5984e,NOKKUV_FSR,bandgap_4.0_to_4.5eV,2,Cu,
qmof-c08687d,NOKKIJ_FSR,bandgap_4.0_to_4.5eV,2,Zn,O=c1[nH]cnc2cc[nH]c12
qmof-8c04c0e,NORYAW_FSR,bandgap_4.0_to_4.5eV,5,Cu,[CH]1N=C[N]N1CCCCCCN1[CH]N=C[N]1
qmof-52d1cdd,XAHGOE_FSR,bandgap_4.0_to_4.5eV,2,Cd,
qmof-d4b9a86,XANBOE_FSR,bandgap_4.0_to_4.5eV,4,Sn,c1ccccc1
qmof-807839f,IJALOV_FSR,bandgap_4.0_to_4.5eV,5,Cd,c1ccccc1
qmof-44da7b6,WUSDAQ_FSR,bandgap_4.0_to_4.5eV,1,Cd,
qmof-02eaa2a,WUZVAP_FSR,bandgap_4.0_to_4.5eV,4,Zn,c1cn(-c2ccc(-n3ccnc3)cc2)cn1
qmof-73b0d64,WUZRIU_FSR,bandgap_4.0_to_4.5eV,2,Cu,
qmof-891da5e,WUYRIS_FSR,bandgap_4.0_to_4.5eV,4,Ag,O=S(=O)(Nc1cccnc1)c1cccnc1
qmof-22d1c6f,HENYUV_FSR,bandgap_4.0_to_4.5eV,5,Zn,c1cc(-c2ccncc2)ccn1
qmof-041a99d,HELDOU_FSR,bandgap_4.0_to_4.5eV,5,La,c1ccccc1
qmof-6c82b41,IHECAB_FSR,bandgap_4.0_to_4.5eV,4,Zn,
qmof-11836ed,IHAWET_FSR,bandgap_4.0_to_4.5eV,5,Cd,
qmof-775dcac,NOPNAJ_FSR,bandgap_4.0_to_4.5eV,1,Cd,O=C(Nc1ccccc1)c1cccnc1
qmof-932c046,NOPFAA_FSR,bandgap_4.0_to_4.5eV,2,Cd,c1ccncc1
qmof-72725f4,EMASIU_FSR,bandgap_4.0_to_4.5eV,3,Cd,
qmof-1d1d359,ELUVAJ_FSR,bandgap_4.0_to_4.5eV,1,Mg,c1c[nH]cn1
qmof-7d95374,WUXROY_FSR,bandgap_4.0_to_4.5eV,4,Cd,
qmof-3470a15,AWOLUU_FSR,bandgap_4.0_to_4.5eV,5,K,c1ccccc1
qmof-bf96a9f,AWEHOA_FSR,bandgap_4.0_to_4.5eV,5,Ag,c1ccccc1
qmof-4ffb71f,AXUVIA_FSR,bandgap_4.0_to_4.5eV,2,Zn,[CH]1N=C[N]N1c1ccc(C2=NN=N[N]2)cc1
qmof-60b56bd,AXUVEW_FSR,bandgap_4.0_to_4.5eV,2,Cd,c1ncn(-c2ccc(C3=NN=N[N]3)cc2)n1
qmof-4a2dcce,AXUVAS_FSR,bandgap_4.0_to_4.5eV,4,Zn,[CH]1N=C[N]N1c1ccc(C2=NN=N[N]2)cc1
qmof-a86f85c,WUGLOZ01_FSR,bandgap_4.0_to_4.5eV,3,Ag,
qmof-6fbadf4,NUCSOU_FSR,bandgap_4.0_to_4.5eV,5,Zn,C1CCCC1.c1cc(-c2ccncc2)ccn1
qmof-185a494,NUCFIB_FSR,bandgap_4.0_to_4.5eV,1,Zn,O=C(NCCCCNC(=O)Nc1cccnc1)Nc1cccnc1
qmof-ff0313d,EKUNON02_FSR,bandgap_4.0_to_4.5eV,1,Cd,c1ccccc1
qmof-408d287,FARJOZ_FSR,bandgap_4.0_to_4.5eV,5,Ni,c1cc(CCc2ccncc2)ccn1
qmof-2684b38,MIWHUW_FSR,bandgap_4.0_to_4.5eV,1,Ag,
qmof-7ee523e,IGUSOU_FSR,bandgap_4.0_to_4.5eV,2,Ag,c1ccccc1.c1ccccc1
qmof-494d576,IGUSIO_FSR,bandgap_4.0_to_4.5eV,2,Ag,
qmof-ff1391f,AXAZEE_FSR,bandgap_4.0_to_4.5eV,2,Ho,
qmof-7e3ab62,AXAWIH_FSR,bandgap_4.0_to_4.5eV,5,Hg,O=C1Nc2cc(cc(-c3ccncc3)c2)C(=O)N2CCCC2C(=O)Nc2cc(cc(-c3ccncc3)c2)C(=O)N2CCCC12
qmof-36f1dad,AXAWED_FSR,bandgap_4.0_to_4.5eV,2,Cd,O=C1Nc2cc(cc(-c3ccncc3)c2)C(=O)N2CCCC2C(=O)Nc2cc(cc(-c3ccncc3)c2)C(=O)N2CCCC12
qmof-9702053,IJASES01_FSR,bandgap_4.0_to_4.5eV,4,Tm,c1ccccc1
qmof-ba5cb75,IJALUC_FSR,bandgap_4.0_to_4.5eV,3,Au,
qmof-e64b388,AYOMUX_FSR,bandgap_4.0_to_4.5eV,5,Cd,c1ccc2[nH]cnc2c1.c1ccc2[nH]cnc2c1
qmof-a0884cd,AYOBUN_FSR,bandgap_4.0_to_4.5eV,3,Cd,c1cc[nH+]cc1.c1ccccc1
qmof-6d89826,WUBSIV_FSR,bandgap_4.0_to_4.5eV,4,Cd,
qmof-e78085a,WUBDII_FSR,bandgap_4.0_to_4.5eV,1,Co,C1CCCCC1
qmof-e14a6bb,AYATOL_FSR,bandgap_4.0_to_4.5eV,5,Organic_Only,C1CCOC1
qmof-c9bcdde,AXUYIC_FSR,bandgap_4.0_to_4.5eV,1,Ag,c1ccc2[nH]nnc2c1
qmof-b460db9,FASSID_FSR,bandgap_4.0_to_4.5eV,1,La,c1cc[nH+]cc1
qmof-caacf39,FASKOZ_FSR,bandgap_4.0_to_4.5eV,3,Organic_Only,
qmof-6ebffae,NUJWEW_FSR,bandgap_4.0_to_4.5eV,3,Co,
qmof-e0961ec,NUJTAN_FSR,bandgap_4.0_to_4.5eV,3,Au,c1ccc(P(CCCCP(c2ccccc2)c2ccccc2)c2ccccc2)cc1
qmof-5e989c6,NUJROA_FSR,bandgap_4.0_to_4.5eV,1,Cd,c1ccc2c(c1)nnn2Cn1ccnc1
qmof-ecd9526,NUJREQ_FSR,bandgap_4.0_to_4.5eV,5,Zn,c1ccc2c(c1)nnn2Cn1ccnc1
qmof-5508e61,IJOWAG_FSR,bandgap_4.0_to_4.5eV,4,Ca,c1ccncc1
qmof-c8d8074,IJOMOJ01_FSR,bandgap_4.0_to_4.5eV,2,Mn,
qmof-5f07dc3,IJIYOQ_FSR,bandgap_4.0_to_4.5eV,1,Pb,
qmof-ed3b382,AXUVOG_FSR,bandgap_4.0_to_4.5eV,2,Cd,[CH]1N=C[N]N1c1ccc(C2=NN=N[N]2)cc1
qmof-d3b7ad4,WOFBAV_FSR,bandgap_4.0_to_4.5eV,1,Na,
qmof-edd7431,WOCKOP_FSR,bandgap_4.0_to_4.5eV,2,Cd,c1cc(CCCc2ccncc2)ccn1.c1ccccc1
qmof-a2d4eaa,AZEKIZ_FSR,bandgap_4.0_to_4.5eV,1,Na,c1ccccc1
qmof-82c1116,NUMZUR_FSR,bandgap_4.0_to_4.5eV,3,Ag,[CH]1C=CC=CN1
qmof-d60bb3e,NUMZIF_FSR,bandgap_4.0_to_4.5eV,1,Ag,O=c1cccc[nH]1
qmof-ab58af7,NULYAV_FSR,bandgap_4.0_to_4.5eV,4,K,c1ccccc1
qmof-3ffa5b9,NUWTAB_FSR,bandgap_4.0_to_4.5eV,1,Sm,c1ccc2[nH]cnc2c1
qmof-b59197e,NUSTAX_FSR,bandgap_4.0_to_4.5eV,4,K,
qmof-18ee42c,MISLAC_FSR,bandgap_4.0_to_4.5eV,5,Zn,O=C1C[N]23->[Zn]([O]1)([O]C(=O)C2)[O]1->[Zn]24<-[N](Cc5cccc(c51)C3)(CC(=O)[O]2)CC(=O)[O]4
qmof-b71f6b7,HEHBON_FSR,bandgap_4.0_to_4.5eV,2,Gd,c1ccc2[nH]cnc2c1
qmof-8f34360,HEHBED01_FSR,bandgap_4.0_to_4.5eV,3,Sm,c1ccc2[nH]cnc2c1
qmof-a4a4999,HEHBAZ01_FSR,bandgap_4.0_to_4.5eV,1,Pr,c1ccc2[nH]cnc2c1
qmof-0685926,HEGZUQ_FSR,bandgap_4.0_to_4.5eV,3,Nd,c1ccc2[nH]cnc2c1
qmof-ed13cd9,HEGVUM_FSR,bandgap_4.0_to_4.5eV,4,Zn,c1ccncc1
qmof-a54ae56,AZEBAK01_FSR,bandgap_4.0_to_4.5eV,4,Mn,c1cn(Cc2nnc(Cn3ccnc3)[nH]2)cn1
qmof-9443441,WONYOO_FSR,bandgap_4.0_to_4.5eV,3,Zn,
qmof-c660d46,ILUWUH01_FSR,bandgap_4.0_to_4.5eV,2,Cs,c1ccccc1
qmof-4279f07,NUSMOD_FSR,bandgap_4.0_to_4.5eV,1,Ag,
qmof-d655f8d,EKUFUN_FSR,bandgap_4.0_to_4.5eV,4,Co,c1cc(Cn2cnc3ccccc32)cc(Cn2cnc3ccccc32)c1
qmof-a297351,EKOFIU01_FSR,bandgap_4.0_to_4.5eV,2,Zn,c1cc(-c2ccncc2)ccn1
qmof-075d3eb,NUZHIB_FSR,bandgap_4.0_to_4.5eV,2,Zn,
qmof-1e99374,NUYWIO01_FSR,bandgap_4.0_to_4.5eV,1,Cd,c1ccc(-n2ccnc2)cc1
qmof-ebe52cf,MIQTOX_FSR,bandgap_4.0_to_4.5eV,5,Zn,
qmof-23af1a9,MINQOQ_FSR,bandgap_4.0_to_4.5eV,3,Cs,c1nnn[nH]1
qmof-a96bee3,MINQIK_FSR,bandgap_4.0_to_4.5eV,1,Rb,c1nnn[nH]1
qmof-0cecd6b,MINQEG_FSR,bandgap_4.0_to_4.5eV,4,K,c1nnn[nH]1
qmof-e51b7be,MINQAC_FSR,bandgap_4.0_to_4.5eV,2,Li,c1nnn[nH]1
qmof-f9b57f1,MINPUV_FSR,bandgap_4.0_to_4.5eV,4,Na,c1nnn[nH]1
qmof-298eb52,MITRAL_FSR,bandgap_4.0_to_4.5eV,2,La,
qmof-d8e2d5a,AYINAX_FSR,bandgap_4.0_to_4.5eV,3,Na,
qmof-285773f,WOGKOT01_FSR,bandgap_4.0_to_4.5eV,5,Mg,c1c[nH]cn1
qmof-5c4b8f9,WOFWIX_FSR,bandgap_4.0_to_4.5eV,3,Cd,
qmof-66d0b97,ILAHEJ_FSR,bandgap_4.0_to_4.5eV,3,Cd,c1cc(CN2CCN(Cc3ccncc3)CC2)ccn1.c1ccc(-c2ccccc2)cc1
qmof-1a60fe1,HEFRUI_FSR,bandgap_4.0_to_4.5eV,2,Cd,O=C(NCCCCCCNC(=O)c1cccnc1)c1cccnc1.c1ccccc1
qmof-054db11,FASWED_FSR,bandgap_4.0_to_4.5eV,5,Na,c1ccccc1
qmof-9f43508,MIRLEF_FSR,bandgap_4.0_to_4.5eV,4,Cs,
qmof-8b2104f,NUYWEK_FSR,bandgap_4.0_to_4.5eV,3,Cd,c1ccc(-n2ccnc2)cc1
qmof-3db6ff9,NUYTIL_FSR,bandgap_4.0_to_4.5eV,1,Pr,c1ccccc1
qmof-a6c6942,OBITOK_FSR,bandgap_4.0_to_4.5eV,5,Zn,O=C(c1cccnc1)c1cccnc1
qmof-35dd9a5,OBEPAP_FSR,bandgap_4.0_to_4.5eV,3,Ca,[CH]1C=CC=CN1
qmof-42f74ee,WITXOP_FSR,bandgap_4.0_to_4.5eV,1,Cd,S=C1[N]N=NN1c1ccccc1
qmof-c6a63af,BADFOD01_FSR,bandgap_4.0_to_4.5eV,2,Y,c1ccncc1
qmof-732dc1a,BADCIU_FSR,bandgap_4.0_to_4.5eV,1,Cd,
qmof-ce19bbe,BADCEQ_FSR,bandgap_4.0_to_4.5eV,3,Cd,
qmof-f78137f,BADBUF_FSR,bandgap_4.0_to_4.5eV,2,Cd,c1ccc2c(c1)[N]C(Cn1cnnn1)=N2
qmof-eebdff7,AZOCAU_FSR,bandgap_4.0_to_4.5eV,3,Pr,
qmof-c00d5f9,WOGLEL_FSR,bandgap_4.0_to_4.5eV,5,Cd,[CH]1N=C[N]N1Cc1cc(CN2[CH]N=C[N]2)cc(CN2[CH]N=C[N]2)c1
qmof-11abec0,IKENAP_FSR,bandgap_4.0_to_4.5eV,1,Zn,c1ccc(-c2ccccn2)cc1
qmof-38f895c,EJOWAD01_FSR,bandgap_4.0_to_4.5eV,3,Cd,c1ccc(OCc2cccnc2)cc1
qmof-fa17d4c,EJOPUP_FSR,bandgap_4.0_to_4.5eV,3,Cd,c1cnc(C2=NN=N[N]2)cn1
qmof-f491166,EJOPID_FSR,bandgap_4.0_to_4.5eV,3,Cd,c1cnc(C2=NN=N[N]2)cn1
qmof-fec4114,OCATUK_FSR,bandgap_4.0_to_4.5eV,2,Ba,c1cnccn1
qmof-f8b577a,FAVNEY_FSR,bandgap_4.0_to_4.5eV,1,Zn,[CH]1C=CC=CN1
qmof-5b082ad,FAVHES_FSR,bandgap_4.0_to_4.5eV,4,Tb,c1ccccc1
qmof-5edfb51,FAVGUH_FSR,bandgap_4.0_to_4.5eV,2,Eu,c1ccccc1
qmof-7b18880,FAVGIV_FSR,bandgap_4.0_to_4.5eV,5,Sm,c1ccccc1
qmof-d4eba6e,WIHPUA_FSR,bandgap_4.0_to_4.5eV,3,Zn,c1cc(CCCc2ccncc2)ccn1.c1ccccc1
qmof-61def2f,WIHDAT_FSR,bandgap_4.0_to_4.5eV,1,Na,c1ccccc1
qmof-cffa37f,BAHLUS_FSR,bandgap_4.0_to_4.5eV,3,Ag,C1N2CN3CN1CN(C2)C3
qmof-88c0dcd,BAFNUR01_FSR,bandgap_4.0_to_4.5eV,5,Ag,c1ccncc1
qmof-0a0718a,BADGAQ01_FSR,bandgap_4.0_to_4.5eV,5,Nd,c1ccncc1
qmof-68f7719,BADFUJ_FSR,bandgap_4.0_to_4.5eV,1,Sm,c1ccncc1
qmof-a4041be,IMAOXU_FSR,bandgap_4.0_to_4.5eV,5,Organic_Only,
qmof-3253161,WIZDUG_FSR,bandgap_4.0_to_4.5eV,5,Cd,
qmof-4c2c9ee,OBODIU_FSR,bandgap_4.0_to_4.5eV,4,Sn,c1ccsc1
qmof-69a8041,EJISIA_FSR,bandgap_4.0_to_4.5eV,2,Zn,O=C(NCCNC(=O)Nc1ccncc1)Nc1ccncc1
qmof-73a5875,EJIRUM_FSR,bandgap_4.0_to_4.5eV,1,Zn,c1ccccc1
qmof-4e5da67,EJIROG_FSR,bandgap_4.0_to_4.5eV,5,Zn,c1ccccc1
qmof-cc96959,ILUWUH02_FSR,bandgap_4.0_to_4.5eV,4,Cs,c1ccccc1
qmof-60562ae,INALIT_FSR,bandgap_4.0_to_4.5eV,5,Ag,c1ccncc1
qmof-8f1ddfa,INAKIT_FSR,bandgap_4.0_to_4.5eV,2,Ni,
qmof-4b5e7db,IMUXAP_FSR,bandgap_4.0_to_4.5eV,1,Ag,c1ccc(Cc2ccccn2)nc1
qmof-1e0e02e,WIGMII_FSR,bandgap_4.0_to_4.5eV,4,Hg,
qmof-5db7a83,WEXZIJ_FSR,bandgap_4.0_to_4.5eV,3,Ag,c1ccccc1
qmof-b05923b,WIKPOY_FSR,bandgap_4.0_to_4.5eV,4,Pr,c1cc[nH+]cc1
qmof-173ea6a,WIKPEO_FSR,bandgap_4.0_to_4.5eV,5,Sm,c1cc[nH+]cc1
qmof-fe0c306,IMIFUG_FSR,bandgap_4.0_to_4.5eV,2,Pr,
qmof-f67c515,IMEXEF_FSR,bandgap_4.0_to_4.5eV,1,Zn,
qmof-ec2c894,INERAW01_FSR,bandgap_4.0_to_4.5eV,5,Er,c1ccncc1
qmof-2acdb6d,EKEGUX_FSR,bandgap_4.0_to_4.5eV,1,Cd,
qmof-c389047,OCEYIH_FSR,bandgap_4.0_to_4.5eV,1,Ni,c1ccccc1.c1cn(CCCCn2ccnc2)cn1
qmof-850b075,OCETEW_FSR,bandgap_4.0_to_4.5eV,4,Ag,c1ccc2c(c1)nnn2CCn1nnc2ccccc21
qmof-df3ccf7,OCEQOD_FSR,bandgap_4.0_to_4.5eV,5,Pb,
qmof-9c5aaea,OCEQIX_FSR,bandgap_4.0_to_4.5eV,4,Co,[CH]1C=NC=N1
qmof-bbd9bf5,ODAVIA_FSR,bandgap_4.0_to_4.5eV,3,La,O=C1C(=O)C(=O)C1=O
qmof-04fca8c,ODATOE_FSR,bandgap_4.0_to_4.5eV,2,Nd,O=C1C(=O)C(=O)C1=O
qmof-c4f5db2,ODATIY_FSR,bandgap_4.0_to_4.5eV,5,Pr,O=C1C(=O)C(=O)C1=O
qmof-161f324,MIKHOF_FSR,bandgap_4.0_to_4.5eV,1,Cd,O=C(NC1CCCCC1NC(=O)c1cccnc1)c1cccnc1.c1ccccc1
qmof-18273eb,MIKHIZ_FSR,bandgap_4.0_to_4.5eV,2,Cd,O=C(NC1CCCCC1NC(=O)c1ccncc1)c1ccncc1.c1ccccc1
qmof-781d4d1,MIJSAA_FSR,bandgap_4.0_to_4.5eV,3,Cd,[CH]1C=CC=C1.c1ccc2c(c1)ncn2CCCCCn1cnc2ccccc21
qmof-f26e1fa,MIJLUN_FSR,bandgap_4.0_to_4.5eV,4,K,O=c1cc[nH]c(=O)[nH]1
qmof-2001b2e,MIMREF01_FSR,bandgap_4.0_to_4.5eV,2,Ni,c1ccncc1
qmof-4dc2cd0,MIMKIE_FSR,bandgap_4.0_to_4.5eV,2,Ca,c1ccoc1
qmof-fb04ded,MIMHOH_FSR,bandgap_4.0_to_4.5eV,5,Cd,c1ccc(-c2cccnc2)cc1
qmof-2851cc5,OCADIG_FSR,bandgap_4.0_to_4.5eV,5,Zn,c1ccccc1
qmof-ae6a4ef,OBOSUU_FSR,bandgap_4.0_to_4.5eV,2,Hg,
qmof-379f83f,MIHKEU_FSR,bandgap_4.0_to_4.5eV,4,Zn,c1cc(-n2ccnc2)nc(-n2ccnc2)c1
qmof-4124b8d,MIFVII_FSR,bandgap_4.0_to_4.5eV,1,Co,
qmof-3abd6b1,MIDZIJ_FSR,bandgap_4.0_to_4.5eV,2,Hg,c1ccc(Cn2c(C3CCC(c4nc5ccccc5n4Cc4ccccc4)CC3)nc3ccccc32)cc1
qmof-8ad9c54,INEQUP01_FSR,bandgap_4.0_to_4.5eV,3,Er,c1ccncc1
qmof-0300d77,INEQID01_FSR,bandgap_4.0_to_4.5eV,5,Tb,c1ccncc1
qmof-9c977f5,INEQEZ01_FSR,bandgap_4.0_to_4.5eV,3,Gd,c1ccncc1
qmof-a770d67,INEPUO01_FSR,bandgap_4.0_to_4.5eV,5,Sm,c1ccncc1
qmof-0150f2b,INEPIC_FSR,bandgap_4.0_to_4.5eV,4,Zn,C1=NN=N[N]1.c1ccccc1
qmof-bd5ae88,INEFEO01_FSR,bandgap_4.0_to_4.5eV,4,Lu,c1ccncc1
qmof-3d7d270,INEFEN_FSR,bandgap_4.0_to_4.5eV,3,Zn,
qmof-1a5f96c,INEFAK01_FSR,bandgap_4.0_to_4.5eV,3,Yb,c1ccncc1
qmof-d967b7b,INAZAY01_FSR,bandgap_4.0_to_4.5eV,3,Cu,c1ccncc1
qmof-5546ee9,WEWXAA_FSR,bandgap_4.0_to_4.5eV,1,Zn,[CH]1N=C[N]N1c1cccnc1.c1ccccc1
qmof-8332999,WEWVOM_FSR,bandgap_4.0_to_4.5eV,4,Zn,c1ccccc1.c1cncc(-n2cncn2)c1
qmof-11d85cf,WEWVAY_FSR,bandgap_4.0_to_4.5eV,4,Cd,c1cncc(-n2cncn2)c1
qmof-7bff871,FAXCOZ_FSR,bandgap_4.0_to_4.5eV,2,Sr,
qmof-1e65e0c,WEPHAD_FSR,bandgap_4.0_to_4.5eV,4,Zn,C1=C[N]N=C1.[CH]1C=CN=N1.[CH]1C=NN=C1
qmof-db2fad9,WENXAR_FSR,bandgap_4.0_to_4.5eV,5,Pb,c1ccccc1
qmof-7d23e4a,WEXNIW_FSR,bandgap_4.0_to_4.5eV,5,Ba,
qmof-858bd1d,WEWZOP_FSR,bandgap_4.0_to_4.5eV,3,Zn,
qmof-4518686,FAYNID_FSR,bandgap_4.0_to_4.5eV,2,Zn,c1ccccc1
qmof-8d08cd1,MIHNEX_FSR,bandgap_4.0_to_4.5eV,1,Cd,
qmof-27c2f69,ODEKAK_FSR,bandgap_4.0_to_4.5eV,1,Zn,c1cc(CCc2ccncc2)ccn1.c1ccccc1
qmof-e5a60a8,EHOXUV_FSR,bandgap_4.0_to_4.5eV,5,Zn,c1ccccc1
qmof-7e2fd26,EHOLET_FSR,bandgap_4.0_to_4.5eV,3,La,c1ccncc1
qmof-1eb9333,EHIVOH_FSR,bandgap_4.0_to_4.5eV,5,Zn,c1c(C2=NN=N[N]2)cc(C2=NN=N[N]2)cc1C1=NN=N[N]1.c1c(C2=NN=N[N]2)cc(C2=N[N]N=N2)cc1C1=NN=N[N]1
qmof-7a9afb6,EHIBUT_FSR,bandgap_4.0_to_4.5eV,3,Organic_Only,c1ccncc1
qmof-a6eba10,OCOLAV_FSR,bandgap_4.0_to_4.5eV,4,Ba,c1nnn[nH]1
qmof-740efb1,ODERAT_FSR,bandgap_4.0_to_4.5eV,3,Cd,c1cc(-c2ccncc2)ccn1.c1cnccn1
qmof-03a0b22,ODEQIX01_FSR,bandgap_4.0_to_4.5eV,3,Cd,
qmof-45e1a1c,ODEQET01_FSR,bandgap_4.0_to_4.5eV,3,Cd,
qmof-41468e7,ODEQAP01_FSR,bandgap_4.0_to_4.5eV,5,Cd,
qmof-10d5eb8,WEDLAV_FSR,bandgap_4.0_to_4.5eV,1,Cd,
qmof-47e505d,WEMLAD_FSR,bandgap_4.0_to_4.5eV,4,Ni,c1ccccc1.c1ccccc1
qmof-2754592,ODISOK_FSR,bandgap_4.0_to_4.5eV,1,Hg,c1cc(Cn2ccnc2)cc(Cn2ccnc2)c1
qmof-9659d87,ODIPUN_FSR,bandgap_4.0_to_4.5eV,2,Hg,c1cc(CCc2ccncc2)ccn1
qmof-0691242,ODOWAF_FSR,bandgap_4.0_to_4.5eV,1,Li,
qmof-52dc25d,ODOVUY_FSR,bandgap_4.0_to_4.5eV,4,Li,
qmof-2590e01,FEBMUV01_FSR,bandgap_4.0_to_4.5eV,2,Zn,c1ccncc1
qmof-b24bd16,FAZREE_FSR,bandgap_4.0_to_4.5eV,1,Ag,
qmof-d51d399,BARJAG_FSR,bandgap_4.0_to_4.5eV,1,Rb,c1ccc(-c2ccccn2)nc1
qmof-cd5c084,BAQXIC_FSR,bandgap_4.0_to_4.5eV,3,Tl,
qmof-9dedbbd,BAQXEY_FSR,bandgap_4.0_to_4.5eV,4,Tl,
qmof-8e117f6,BANTIV_FSR,bandgap_4.0_to_4.5eV,2,Fe,[CH]1N=C[N]N1CCCCn1cncn1.c1ncn(CCCCn2cncn2)n1
qmof-290d012,BANTIV02_FSR,bandgap_4.0_to_4.5eV,4,Fe,[CH]1N=C[N]N1CCCCN1[CH]N=C[N]1
qmof-5ad197c,BANMIO_FSR,bandgap_4.0_to_4.5eV,4,Ag,c1ccccc1.c1cncnc1
qmof-5fea5b6,INAMIT_FSR,bandgap_4.0_to_4.5eV,4,Cd,
qmof-45f099f,HEBNAF_FSR,bandgap_4.0_to_4.5eV,3,Zn,c1ccc(-n2cncn2)cc1
qmof-ecb167c,INIZAG01_FSR,bandgap_4.0_to_4.5eV,5,Pb,
qmof-e9f53c2,WELWIW_FSR,bandgap_4.0_to_4.5eV,1,Na,
qmof-247e926,BARKOV_FSR,bandgap_4.0_to_4.5eV,4,Cs,O=c1cc[nH]cc1
qmof-d8c5293,BARKIP_FSR,bandgap_4.0_to_4.5eV,4,Cs,c1ccc(-c2ccccn2)nc1
qmof-a19fb5f,BARJIO_FSR,bandgap_4.0_to_4.5eV,2,Li,[CH]1C=CC=CN1
qmof-fc93e58,WECQAZ_FSR,bandgap_4.0_to_4.5eV,1,Zn,[CH]1N=C[N]N1Cc1ccc(Cn2cncn2)cc1.c1ccccc1
qmof-ccef97a,WAYXOM_FSR,bandgap_4.0_to_4.5eV,5,Ag,S=c1[nH]ccn1CCCCCCn1cc[nH]c1=S
qmof-128a8ad,WAYTOF_FSR,bandgap_4.0_to_4.5eV,4,In,
qmof-59aae71,EHEYOF_FSR,bandgap_4.0_to_4.5eV,3,Cd,
qmof-d622bf2,EHESUH_FSR,bandgap_4.0_to_4.5eV,5,Ag,c1ccncc1
qmof-8c8b556,EHAGUQ_FSR,bandgap_4.0_to_4.5eV,2,Zn,c1ccccc1.c1cn(-c2ccc(-n3ccnc3)cc2)cn1
qmof-00be260,EGUGAP_FSR,bandgap_4.0_to_4.5eV,4,Cd,
qmof-4fbebc6,MEWWET_FSR,bandgap_4.0_to_4.5eV,3,Zn,c1ccc(-c2ccccn2)nc1
qmof-46fc54f,HAZYUE_FSR,bandgap_4.0_to_4.5eV,5,Zn,c1ccccc1
qmof-a645700,HAZPIJ01_FSR,bandgap_4.0_to_4.5eV,4,Cd,c1ccncc1
qmof-69c4e7d,INOZIU_FSR,bandgap_4.0_to_4.5eV,2,Hg,c1cc(CCCc2ccncc2)ccn1
qmof-efe3730,WAMZAN_FSR,bandgap_4.0_to_4.5eV,3,Zn,c1cnccn1
qmof-7344c24,WAVFAB_FSR,bandgap_4.0_to_4.5eV,4,Co,c1ncn(CCn2cncn2)n1
qmof-02b9923,WAVBOL_FSR,bandgap_4.0_to_4.5eV,1,Ag,c1ccncc1
qmof-26ca78e,OFUWOD_FSR,bandgap_4.0_to_4.5eV,3,Ho,
qmof-67def0f,OFUWIX_FSR,bandgap_4.0_to_4.5eV,4,Gd,
qmof-4e1f5c1,OFIFAL_FSR,bandgap_4.0_to_4.5eV,3,Pb,
qmof-8780f49,OFEYOP_FSR,bandgap_4.0_to_4.5eV,2,Na,O=C([N]C(=O)c1ccncc1)c1ccccc1
qmof-e218f10,OFANEQ_FSR,bandgap_4.0_to_4.5eV,4,Ni,c1ccc(-c2ccncc2)cc1
qmof-419f835,OFOYIR_FSR,bandgap_4.0_to_4.5eV,2,Co,
qmof-821f27d,WEHDAR_FSR,bandgap_4.0_to_4.5eV,1,Cd,O=C(NCCCCCCNC(=O)c1cccnc1)c1cccnc1.c1ccccc1
qmof-ec5caac,WEHDAR01_FSR,bandgap_4.0_to_4.5eV,5,Cd,
qmof-cfe9c1c,WAPZIY_FSR,bandgap_4.0_to_4.5eV,4,Na,c1ccc(-c2ccccc2)cc1
qmof-4c83c49,BAVYIH_FSR,bandgap_4.0_to_4.5eV,5,Sm,
qmof-531406b,BATVEA_FSR,bandgap_4.0_to_4.5eV,3,Cd,
qmof-bcf3e10,INOMOP01_FSR,bandgap_4.0_to_4.5eV,2,Ca,c1ccsc1
qmof-d30afbd,INIZAH_FSR,bandgap_4.0_to_4.5eV,2,Zn,c1ccncc1.c1cn(Cc2ccc(Cn3ccnc3)cc2)cn1
qmof-da53b42,WABBUY_FSR,bandgap_4.0_to_4.5eV,4,Li,
qmof-482a38c,VUYCUO_FSR,bandgap_4.0_to_4.5eV,4,Zn,c1ccccc1
qmof-632d8e4,WADDAJ_FSR,bandgap_4.0_to_4.5eV,1,Sm,
qmof-390913b,BAWMOC_FSR,bandgap_4.0_to_4.5eV,1,K,
qmof-b0527f5,IPAYIH_FSR,bandgap_4.0_to_4.5eV,3,Cd,
qmof-f54855a,MEYKAE_FSR,bandgap_4.0_to_4.5eV,2,Zn,
qmof-0d83a18,OFIXOR_FSR,bandgap_4.0_to_4.5eV,1,Zn,c1ccc2ncccc2c1
qmof-6b58e65,OGAPIY_FSR,bandgap_4.0_to_4.5eV,5,Cd,[CH]1N=C[N]N1c1cccc(-n2cncn2)c1.[CH]1N=C[N]N1c1cccc(N2[CH]N=C[N]2)c1
qmof-84f1ff5,OGAPAQ_FSR,bandgap_4.0_to_4.5eV,1,Zn,
qmof-e392a20,OGAGEL_FSR,bandgap_4.0_to_4.5eV,4,Zn,[CH]1N=C[N]N1c1cccc(N2[CH]N=C[N]2)c1
qmof-f17bfa5,OFUWUJ_FSR,bandgap_4.0_to_4.5eV,3,Pr,c1ccccc1
qmof-d234b42,INICPB01_FSR,bandgap_4.0_to_4.5eV,3,Pb,
qmof-cc82b11,INIBIR_FSR,bandgap_4.0_to_4.5eV,1,Cd,
qmof-18de3c4,IPEBIO01_FSR,bandgap_4.0_to_4.5eV,3,Cd,c1cc(-c2ccncc2)ccn1
qmof-25fb70b,IPAZOO_FSR,bandgap_4.0_to_4.5eV,1,Cd,
qmof-756ef2e,IPAZAA_FSR,bandgap_4.0_to_4.5eV,2,Cd,
qmof-e08f21e,WAGQIH_FSR,bandgap_4.0_to_4.5eV,4,Cd,c1ccncc1
qmof-63cb6eb,WADJOB_FSR,bandgap_4.0_to_4.5eV,1,Ni,
qmof-17cd56b,BEGJIH_FSR,bandgap_4.0_to_4.5eV,2,Ag,c1ccc(SCCCCSc2ccccn2)nc1
qmof-ba5b808,BEGHAZ_FSR,bandgap_4.0_to_4.5eV,4,Cd,c1nonc1C1=NN=N[N]1
qmof-c018ace,OFUVUI_FSR,bandgap_4.0_to_4.5eV,3,Tb,
qmof-5a1b056,EGIROD_FSR,bandgap_4.0_to_4.5eV,4,Mn,
qmof-66e3860,EGEXOD01_FSR,bandgap_4.0_to_4.5eV,3,Ca,
qmof-7ec7d41,EGAHOK_FSR,bandgap_4.0_to_4.5eV,3,Bi,
qmof-8e757ac,OGOXOX_FSR,bandgap_4.0_to_4.5eV,5,Tl,
qmof-6f41f72,OGOXIR_FSR,bandgap_4.0_to_4.5eV,3,Tl,
qmof-0c240a1,FEFXEW_FSR,bandgap_4.0_to_4.5eV,1,Sm,c1ccsc1
qmof-da56d35,FECDAT_FSR,bandgap_4.0_to_4.5eV,4,Cu,
qmof-fa22844,IPADEI_FSR,bandgap_4.0_to_4.5eV,4,Ag,
qmof-edc5795,HAZNAZ_FSR,bandgap_4.0_to_4.5eV,1,Cd,c1ccncc1
qmof-ef56436,HAYQIK_FSR,bandgap_4.0_to_4.5eV,2,La,c1ccc(-c2ccccc2)cc1
qmof-e40b980,WACZOS_FSR,bandgap_4.0_to_4.5eV,1,Zn,c1ccccc1.c1cn(-c2cc(-n3ccnc3)cc(-n3ccnc3)c2)cn1
qmof-b0dde37,IQUCAZ_FSR,bandgap_4.0_to_4.5eV,5,Cu,
qmof-c74db95,IQOZAQ_FSR,bandgap_4.0_to_4.5eV,1,Ag,c1ccc2[nH]cnc2c1
qmof-195f435,IQOZAP_FSR,bandgap_4.0_to_4.5eV,3,Cd,c1cncc(COc2ccccc2-c2ccccc2OCc2cccnc2)c1
qmof-eb06803,MEVDAS_FSR,bandgap_4.0_to_4.5eV,1,Ag,
qmof-3376567,OGOXEN_FSR,bandgap_4.0_to_4.5eV,2,Tl,
qmof-e220ad6,OGEXEF_FSR,bandgap_4.0_to_4.5eV,2,Zn,c1ccccc1.c1cncc(C2=NN=N[N]2)c1.c1cncc(C2=N[N]N=N2)c1
qmof-e2baa0d,EFOZIK_FSR,bandgap_4.0_to_4.5eV,2,Na,O=c1cccc[nH]1
qmof-57605e0,EFOCUZ_FSR,bandgap_4.0_to_4.5eV,5,Zn,c1ccccc1
qmof-7b9e8d1,EDUNIB_FSR,bandgap_4.0_to_4.5eV,2,Zn,c1cc(-c2ccncc2)ccn1
qmof-1041602,OFUWAP_FSR,bandgap_4.0_to_4.5eV,3,Dy,
qmof-e419ee4,VOXTIL_FSR,bandgap_4.0_to_4.5eV,3,Hg,
qmof-c12b0bf,VOTXAF_FSR,bandgap_4.0_to_4.5eV,5,Zn,[CH]1NC=CN1c1ccccc1
qmof-ffeae31,VUMZAG01_FSR,bandgap_4.0_to_4.5eV,5,Cd,c1cc(C2=NN=N[N]2)ccn1
qmof-fdd816c,VUKWUV_FSR,bandgap_4.0_to_4.5eV,4,Co,
qmof-859646d,VUKSAV02_FSR,bandgap_4.0_to_4.5eV,1,Ca,
qmof-e8c5eb2,VUKRUO_FSR,bandgap_4.0_to_4.5eV,4,Ca,
qmof-288158a,IQOLEF_FSR,bandgap_4.0_to_4.5eV,4,Ag,O=C1CSCCSC1
qmof-78bceac,FELJAJ_FSR,bandgap_4.0_to_4.5eV,5,Pb,O=C(NCCc1ccccc1)Nc1ccc(NC(=O)NCCc2ccccc2)cc1
qmof-bd1b869,FELBAC_FSR,bandgap_4.0_to_4.5eV,5,In,[CH]1Nc2ccccc2N1
qmof-369fa70,FEJYID01_FSR,bandgap_4.0_to_4.5eV,4,Cd,c1ccncc1
qmof-f23d0c7,FEJROE_FSR,bandgap_4.0_to_4.5eV,2,Pb,
qmof-863a9f2,EDUDAK01_FSR,bandgap_4.0_to_4.5eV,2,Ca,c1cncnc1
qmof-201a793,MERXIR_FSR,bandgap_4.0_to_4.5eV,2,K,c1ccccc1
qmof-5e1f138,MEQMON_FSR,bandgap_4.0_to_4.5eV,2,Cu,
qmof-c6a46ca,MEQGOF_FSR,bandgap_4.0_to_4.5eV,2,Co,[CH]1NC=CN1
qmof-cdeaaaa,MENGIV_FSR,bandgap_4.0_to_4.5eV,1,Co,
qmof-ea2e5ae,BEKMEM_FSR,bandgap_4.0_to_4.5eV,2,Organic_Only,C1CCCCC1
qmof-8d0f063,BEKMAI_FSR,bandgap_4.0_to_4.5eV,3,Organic_Only,C1CCCCC1
qmof-c2973f6,BEHWIU_FSR,bandgap_4.0_to_4.5eV,5,Na,O=C(NC1C(=O)N2CCSC12)C(C(=O)Oc1ccccc1)c1ccccc1
qmof-dd67326,IQAGEN_FSR,bandgap_4.0_to_4.5eV,1,Zn,c1ccc(OCc2ccncc2)cc1
qmof-a724328,IPUWAR_FSR,bandgap_4.0_to_4.5eV,2,Zn,c1ccncc1
qmof-cbd2f4b,IPIFAP_FSR,bandgap_4.0_to_4.5eV,3,Ag,C1N2CN3CN1CN(C2)C3
qmof-9d2522c,EDAMOM_FSR,bandgap_4.0_to_4.5eV,2,K,
qmof-713f435,ECUYAE_FSR,bandgap_4.0_to_4.5eV,2,Zn,c1ccccc1.c1cn(CCCCn2ccnc2)cn1
qmof-d2a32bb,MEJPUP_FSR,bandgap_4.0_to_4.5eV,2,Sm,c1ccccc1
qmof-abdd3ed,MEJPID_FSR,bandgap_4.0_to_4.5eV,1,Pr,c1ccccc1
qmof-77b56e0,MEJPEZ_FSR,bandgap_4.0_to_4.5eV,3,Nd,c1ccccc1
qmof-47ddc3f,FELJAK_FSR,bandgap_4.0_to_4.5eV,2,Zn,
qmof-fc59056,IQOYET_FSR,bandgap_4.0_to_4.5eV,1,Ag,C1=Nc2ccccc2[N]1.c1ccc2[nH]cnc2c1
qmof-bf184e0,IQOWUH02_FSR,bandgap_4.0_to_4.5eV,5,Cu,C1=NN=C[N]1
qmof-6a95fdb,IQOWER_FSR,bandgap_4.0_to_4.5eV,1,Ag,c1ccc(-n2cnnc2)cc1
qmof-7cf79e0,VOFQEN_FSR,bandgap_4.0_to_4.5eV,1,Ag,c1ccncc1
qmof-32f31b5,VIYZOU01_FSR,bandgap_4.0_to_4.5eV,3,Ba,c1ccc2[nH]cnc2c1
qmof-ea98c1b,VOQBUZ_FSR,bandgap_4.0_to_4.5eV,2,Cd,c1cc(-c2ccncc2)ccn1
qmof-357d2c4,VONQAS_FSR,bandgap_4.0_to_4.5eV,3,Cu,
qmof-871f894,VOLNOA07_FSR,bandgap_4.0_to_4.5eV,5,Organic_Only,
qmof-cc5aa5e,VOKMUE_FSR,bandgap_4.0_to_4.5eV,2,Fe,
qmof-f0c0ed2,IQOVUG_FSR,bandgap_4.0_to_4.5eV,1,Ag,c1ccc(-n2cnnc2)cc1
qmof-a684504,HAYGIZ_FSR,bandgap_4.0_to_4.5eV,1,Zn,c1ccoc1
qmof-1f83181,HAYFIY01_FSR,bandgap_4.0_to_4.5eV,3,Cd,c1cn(-c2ccc(C3=NN=N[N]3)cc2)cn1
qmof-7ab1fd8,HAYDUI_FSR,bandgap_4.0_to_4.5eV,2,Zn,c1cn(Cc2ccc(-c3ccc(Cn4ccnc4)cc3)cc2)cn1
qmof-ca516ce,HAWVOT_FSR,bandgap_4.0_to_4.5eV,2,Co,
qmof-1081e63,HAWJUM_FSR,bandgap_4.0_to_4.5eV,3,Sm,
qmof-769821d,BEPBAC_FSR,bandgap_4.0_to_4.5eV,5,Cd,c1cc(CCc2ccncc2)ccn1.c1ccccc1
qmof-592ec32,MEHRIA_FSR,bandgap_4.0_to_4.5eV,5,Zn,
qmof-8e2d290,MEHFOX_FSR,bandgap_4.0_to_4.5eV,3,Cu,
qmof-d50fc3b,OJOZIY_FSR,bandgap_4.0_to_4.5eV,2,Dy,
qmof-eccb8aa,OJOBIY01_FSR,bandgap_4.0_to_4.5eV,5,Mn,C1N2CN3CN1CN(C2)C3
qmof-f0d5aa0,OJENUO_FSR,bandgap_4.0_to_4.5eV,4,K,
qmof-29aba0a,OHUVIY_FSR,bandgap_4.0_to_4.5eV,1,Tl,
qmof-3d31da5,OHUCUQ_FSR,bandgap_4.0_to_4.5eV,1,Pb,c1ccccc1.c1ccccc1.c1ccccc1
qmof-628adc7,OHOREI_FSR,bandgap_4.0_to_4.5eV,2,Zn,c1cc(C2=NN=N[N]2)ccn1.c1cc(C2=N[N]N=N2)ccn1
qmof-9cf785b,OHIXIO_FSR,bandgap_4.0_to_4.5eV,2,Cd,c1cc(-n2ccnc2)nc(-n2ccnc2)c1
qmof-8099795,OHIXEK_FSR,bandgap_4.0_to_4.5eV,1,Zn,c1cc(-n2ccnc2)nc(-n2ccnc2)c1
qmof-56aaa8f,VIDZEP_FSR,bandgap_4.0_to_4.5eV,5,Cd,c1ccncc1.c1cn(CCCCn2ccnc2)cn1
qmof-03d685b,EBOXUO_FSR,bandgap_4.0_to_4.5eV,3,Co,c1ccccc1
qmof-fa1d0ec,EBOQIX_FSR,bandgap_4.0_to_4.5eV,5,Zn,c1cncc([C]2N=C(c3cccnc3)[N]N2)c1
qmof-0600de4,EBONOA_FSR,bandgap_4.0_to_4.5eV,2,Ag,
qmof-aed4c70,OKIQUV_FSR,bandgap_4.0_to_4.5eV,5,Ag,c1cc(CSCc2ccncc2)ccn1
qmof-cb7bfe3,FELMIU_FSR,bandgap_4.0_to_4.5eV,1,Hg,
qmof-fe8fa3d,MEHTOL_FSR,bandgap_4.0_to_4.5eV,5,Pr,c1ccncc1
qmof-3c78578,MEHTEB_FSR,bandgap_4.0_to_4.5eV,3,Tb,c1ccncc1
qmof-ccd25e1,MEHTAX_FSR,bandgap_4.0_to_4.5eV,5,Gd,c1ccncc1
qmof-92fd99a,MEHSUQ_FSR,bandgap_4.0_to_4.5eV,5,Er,c1ccncc1
qmof-ce719c0,VIQCAA_FSR,bandgap_4.0_to_4.5eV,2,Na,O=c1ncnc2n1N=N[N]2
qmof-dd788d7,VINWEX_FSR,bandgap_4.0_to_4.5eV,4,Li,O=S(=O)(c1ccccc1)c1ccccc1
qmof-8c4d2f0,VIYGOB_FSR,bandgap_4.0_to_4.5eV,5,Cd,c1ccc2c(c1)ncn2C1=NN=N[N]1
qmof-ba47039,VIXMIA_FSR,bandgap_4.0_to_4.5eV,1,La,O=c1[nH]cnc2[nH]cnc12
qmof-14733c4,HAVFAM_FSR,bandgap_4.0_to_4.5eV,3,Co,
qmof-ec16514,HASQUQ_FSR,bandgap_4.0_to_4.5eV,1,Cd,c1ccncc1
qmof-3417f6c,HAMLAJ_FSR,bandgap_4.0_to_4.5eV,5,Ag,
qmof-73b30fd,FENBUW_FSR,bandgap_4.0_to_4.5eV,5,Cd,c1ccncc1
qmof-b981b73,FENBIM_FSR,bandgap_4.0_to_4.5eV,4,Co,c1c[nH]cn1
qmof-4f92624,FELTEX_FSR,bandgap_4.0_to_4.5eV,3,Cd,[CH]1C=CC=CN1
qmof-3961e57,OLAXEG_FSR,bandgap_4.0_to_4.5eV,2,Zn,c1ccc2c(c1)ncn2Cn1cnc2ccccc21
qmof-07f6650,OLAXAC_FSR,bandgap_4.0_to_4.5eV,1,Co,c1ccc2c(c1)ncn2Cn1cnc2ccccc21
qmof-77fd0aa,OLADIQ_FSR,bandgap_4.0_to_4.5eV,4,Organic_Only,
qmof-98d94aa,OKUNEP_FSR,bandgap_4.0_to_4.5eV,3,Cd,
qmof-a1aff6a,OKUBIF_FSR,bandgap_4.0_to_4.5eV,4,Ag,c1ccccc1
qmof-3d83673,OKOXAP_FSR,bandgap_4.0_to_4.5eV,2,Cd,c1ccc(-c2ccncc2)cc1
qmof-9168a42,IRIFEW_FSR,bandgap_4.0_to_4.5eV,3,Zn,c1ccccc1
qmof-46598be,IQUCUT_FSR,bandgap_4.0_to_4.5eV,5,Zn,
qmof-b8741a5,BEPNOC_FSR,bandgap_4.0_to_4.5eV,5,Sr,c1ccccc1
qmof-2dbac39,VINKAH_FSR,bandgap_4.0_to_4.5eV,1,Mg,O=S(=O)(c1ccccc1)c1ccccc1
qmof-2959e3b,VIMXIZ_FSR,bandgap_4.0_to_4.5eV,5,Ni,[CH]1NC=CN1
qmof-1f1fa29,VIFCIY_FSR,bandgap_4.0_to_4.5eV,2,Co,c1ccccc1.c1ncn(Cc2ccc(Cn3cncn3)cc2)n1
qmof-9fb39d7,BEXTIJ_FSR,bandgap_4.0_to_4.5eV,1,Zn,c1ccc(OCc2ccc(COc3ccccc3)cc2)cc1
qmof-a29f85e,BEXTEF_FSR,bandgap_4.0_to_4.5eV,3,Zn,c1ccc(Cn2cnnc2)c(Cn2cnnc2)c1.c1ccc(OCc2ccc(COc3ccccc3)cc2)cc1
qmof-0032860,BESNET_FSR,bandgap_4.0_to_4.5eV,2,Hg,O=C(OC1COC2C(OC(=O)c3cccnc3)COC12)c1cccnc1
qmof-1af2219,BERROH_FSR,bandgap_4.0_to_4.5eV,1,Mn,C1=NN=N[N]1
qmof-750d788,EBIROY_FSR,bandgap_4.0_to_4.5eV,5,Zn,c1ccc2c(c1)ncn2CCCCn1cnc2ccccc21.c1ccccc1
qmof-4780535,EBIRAK_FSR,bandgap_4.0_to_4.5eV,4,Zn,c1ccc2c(c1)ncn2CCCCn1cnc2ccccc21
qmof-374a046,EBINEK_FSR,bandgap_4.0_to_4.5eV,2,Cu,c1ncn(CCCCn2cncn2)n1
qmof-c43ce88,EBONEQ_FSR,bandgap_4.0_to_4.5eV,2,Ag,
qmof-12e9727,EBOMUF_FSR,bandgap_4.0_to_4.5eV,5,Ag,
qmof-9faa0fb,OMOBEY_FSR,bandgap_4.0_to_4.5eV,5,Tb,c1ccc2[nH]cnc2c1
qmof-d078b33,MAZSUD_FSR,bandgap_4.0_to_4.5eV,3,Zn,C1=CN=N[N]1.[CH]1C=NN=N1.c1ccccc1
qmof-2f0cdb2,FENCEJ_FSR,bandgap_4.0_to_4.5eV,4,Ho,c1ccccc1
qmof-cd3e104,BERHOV_FSR,bandgap_4.0_to_4.5eV,1,Li,
qmof-03558fb,BEQPAQ_FSR,bandgap_4.0_to_4.5eV,4,Zn,c1cnc(-c2ccncc2)nc1
qmof-27a5321,HAPGUD_FSR,bandgap_4.0_to_4.5eV,1,Sn,O=C1C(=O)C(=O)C1=O
qmof-fbd27bc,HAMNIV_FSR,bandgap_4.0_to_4.5eV,1,Ag,c1ccccc1
qmof-fa3a819,VEKPOT_FSR,bandgap_4.0_to_4.5eV,5,Zn,c1ccccc1.c1cn(-c2cncc(-n3ccnc3)c2)cn1
qmof-7576c28,VEHMUS_FSR,bandgap_4.0_to_4.5eV,5,Zn,c1cc(-n2cnnc2)ccc1-n1cnnc1.c1ccccc1
qmof-9f9f3a1,VEGXAI_FSR,bandgap_4.0_to_4.5eV,2,Zn,[CH]1C=CC=CN1
qmof-5ad4ee3,VEGQIJ_FSR,bandgap_4.0_to_4.5eV,5,Cd,
qmof-9247cfe,MECTIA_FSR,bandgap_4.0_to_4.5eV,1,Ti,
qmof-bd32375,MECLEM_FSR,bandgap_4.0_to_4.5eV,1,Cd,
qmof-ed2aaa7,MCYTAG10_FSR,bandgap_4.0_to_4.5eV,4,Ag,
qmof-f44d599,OMETEH_FSR,bandgap_4.0_to_4.5eV,1,Mn,
qmof-7f0ff56,OMEDOZ_FSR,bandgap_4.0_to_4.5eV,5,Tl,
qmof-b78d43f,OMEBAK_FSR,bandgap_4.0_to_4.5eV,3,Zn,c1ccc(Oc2ccccc2)cc1.c1cn(-c2ccc(-n3ccnc3)cc2)cn1
qmof-00324c8,EBIYAR_FSR,bandgap_4.0_to_4.5eV,1,Cd,c1cc(-c2cscc2-n2ccnc2)ccn1
qmof-82fe308,EBISOA_FSR,bandgap_4.0_to_4.5eV,4,Cd,c1ccccc1.c1cn(CCCCCCn2ccnc2)cn1
qmof-2bf9ae7,EBISEP_FSR,bandgap_4.0_to_4.5eV,2,Ag,c1ccc2c(c1)ncn2CCCCn1cnc2ccccc21.c1ccccc1
qmof-ba779ff,EBIRUE_FSR,bandgap_4.0_to_4.5eV,2,Zn,c1ccc2c(c1)ncn2CCCCn1cnc2ccccc21
qmof-340d0d4,HALMOZ_FSR,bandgap_4.0_to_4.5eV,5,Cd,c1ccc(-n2ccnc2)cc1
qmof-d5f5593,HAHTOB_FSR,bandgap_4.0_to_4.5eV,1,Ag,c1ccc(-n2cnnn2)cc1
qmof-73ef0e4,VAXCAZ_FSR,bandgap_4.0_to_4.5eV,5,Ni,
qmof-a00d7e9,VECCUC_FSR,bandgap_4.0_to_4.5eV,3,Cs,c1ccncc1
qmof-17096b3,HAHDUR_FSR,bandgap_4.0_to_4.5eV,2,Co,c1ccccc1.c1cn(CCCCCCn2ccnc2)cn1
qmof-75b017c,IVARUT_FSR,bandgap_4.0_to_4.5eV,4,Cd,c1cc(CN2CCN(Cc3ccncc3)CC2)ccn1.c1ccccc1
qmof-0618e72,IVARAZ01_FSR,bandgap_4.0_to_4.5eV,5,Cd,[CH]1N=C[N]N1CCCN1[CH]N=C[N]1.c1ccccc1
qmof-e65ee4a,ITAFIU_FSR,bandgap_4.0_to_4.5eV,1,Zn,c1ccc(-n2ccnc2)cc1.c1cn(-c2ccc(-n3ccnc3)cc2)cn1
qmof-5d8aca4,OMZIAG_FSR,bandgap_4.0_to_4.5eV,4,Ag,
qmof-3f17550,OMOMOU_FSR,bandgap_4.0_to_4.5eV,2,Cd,
qmof-8fecff8,EBEREK_FSR,bandgap_4.0_to_4.5eV,5,Zn,O=C(Nc1cccnc1)OCCCCOC(=O)Nc1cccnc1
qmof-8ccac7c,EBAVAG_FSR,bandgap_4.0_to_4.5eV,1,Zn,O=C(Nc1cccnc1)c1cncc(C(=O)Nc2cccnc2)c1
qmof-9a1b21d,MAXWOA_FSR,bandgap_4.0_to_4.5eV,3,Cd,O=C(Nc1ccncc1)c1cccc(C(=O)Nc2ccncc2)c1.c1ccccc1
qmof-7f57c73,MEFTEY_FSR,bandgap_4.0_to_4.5eV,4,Cd,
qmof-cb391ec,VAZXUR_FSR,bandgap_4.0_to_4.5eV,1,Cu,c1ccc2[nH]nnc2c1
qmof-80b4f23,VAZMIU_FSR,bandgap_4.0_to_4.5eV,2,Ho,c1ccoc1
qmof-790e2d4,VAZMEQ_FSR,bandgap_4.0_to_4.5eV,5,Dy,c1ccoc1
qmof-796ed67,VELRAI_FSR,bandgap_4.0_to_4.5eV,3,Co,
qmof-bb971ba,HAFPUB_FSR,bandgap_4.0_to_4.5eV,2,Ag,c1ccncc1
qmof-9556813,HADYAN_FSR,bandgap_4.0_to_4.5eV,4,Ag,c1nnc(SCCSc2nncs2)s1
qmof-b05561e,BICHED_FSR,bandgap_4.0_to_4.5eV,3,Cu,
qmof-4a4f095,VASCID_FSR,bandgap_4.0_to_4.5eV,3,Co,
qmof-68e2724,VAQROW_FSR,bandgap_4.0_to_4.5eV,4,Cd,c1cnccn1
qmof-87f81b7,VAZMAM_FSR,bandgap_4.0_to_4.5eV,4,Tb,c1ccoc1
qmof-7f3ae47,VAZLUF_FSR,bandgap_4.0_to_4.5eV,3,Sm,c1ccoc1
qmof-4f2ea18,MASDEQ_FSR,bandgap_4.0_to_4.5eV,1,Cd,c1ccccc1.c1cn(CCCCn2ccnc2)cn1
qmof-6b03e0d,MAZBAT_FSR,bandgap_4.0_to_4.5eV,4,Cd,
qmof-94a607c,MAYZUK_FSR,bandgap_4.0_to_4.5eV,4,Zn,
qmof-05c2fce,EBANAY_FSR,bandgap_4.0_to_4.5eV,2,Sr,c1ccccc1
qmof-3a234ae,ONOCOL01_FSR,bandgap_4.0_to_4.5eV,5,Zn,
qmof-c709b2d,ONIPOS_FSR,bandgap_4.0_to_4.5eV,3,Co,c1ccc(-n2cnnc2)cc1
qmof-0e5d254,OPIRIQ_FSR,bandgap_4.0_to_4.5eV,1,Mg,c1cc(-c2nn[nH]n2)ccn1
qmof-dbcabd3,VAYCOP_FSR,bandgap_4.0_to_4.5eV,4,Li,c1ccccc1
qmof-6923e32,VAYCIJ_FSR,bandgap_4.0_to_4.5eV,5,Li,
qmof-6e76548,FESVOQ03_FSR,bandgap_4.0_to_4.5eV,3,Ag,
qmof-6f21a6f,FEPTIE_FSR,bandgap_4.0_to_4.5eV,4,Cd,c1cc(Cn2ccnc2)ccn1
qmof-e209021,FEPTEA_FSR,bandgap_4.0_to_4.5eV,2,Cd,c1cc(Cn2ccnc2)ccn1
qmof-afcd814,FEPTAW_FSR,bandgap_4.0_to_4.5eV,3,Cd,c1cc(Cn2ccnc2)ccn1
qmof-408a8f3,OPANAV_FSR,bandgap_4.0_to_4.5eV,4,Ag,c1ccccc1.c1cncnc1
qmof-b6897ab,EBALIF_FSR,bandgap_4.0_to_4.5eV,3,Nd,c1ccncc1
qmof-173f556,MAWPUY_FSR,bandgap_4.0_to_4.5eV,4,Zn,c1ccccc1.c1ccncc1
qmof-8ca775a,MASPOM_FSR,bandgap_4.0_to_4.5eV,1,Tb,c1ccccc1
qmof-d66fafb,VAMGEX_FSR,bandgap_4.0_to_4.5eV,1,La,[CH]1Nc2ccccc2N1
qmof-e3caa7b,VALWUC_FSR,bandgap_4.0_to_4.5eV,1,Li,
qmof-d3eba84,VAHWOS01_FSR,bandgap_4.0_to_4.5eV,5,Zn,c1cc(C2=NN=N[N]2)ccc1C1=NN=N[N]1
qmof-5d34c5a,BIFDOK01_FSR,bandgap_4.0_to_4.5eV,4,Cs,
qmof-aa9cbff,BIFDEA_FSR,bandgap_4.0_to_4.5eV,1,K,
qmof-64401e3,HABGID_FSR,bandgap_4.0_to_4.5eV,4,K,c1ccncc1
qmof-eb72bac,IWAXUA_FSR,bandgap_4.0_to_4.5eV,4,Cd,c1ccc2c(c1)ncn2CCCCn1cnc2ccccc21
qmof-7790ae0,IVOWUM_FSR,bandgap_4.0_to_4.5eV,2,Cd,O=C(c1ccncc1)N1CCN(C(=O)c2ccncc2)CC1.c1ccccc1
qmof-fe08164,OPISAJ_FSR,bandgap_4.0_to_4.5eV,2,Ba,c1cc(-c2nn[nH]n2)ccn1.c1cc(C2=N[N]N[N]2)ccn1
qmof-48d7590,OQOHEJ_FSR,bandgap_4.0_to_4.5eV,5,Rb,
qmof-ac06537,OQOGUY_FSR,bandgap_4.0_to_4.5eV,5,Cs,
qmof-fe6f735,MARMEZ_FSR,bandgap_4.0_to_4.5eV,3,Co,c1ccc(OCCCOc2ccccc2)cc1.c1cn(CCCCn2ccnc2)cn1
qmof-00aefa9,MARKEX_FSR,bandgap_4.0_to_4.5eV,4,Ba,O=S(=O)(c1ccccc1)c1ccccc1
qmof-16ba929,MARJEW_FSR,bandgap_4.0_to_4.5eV,4,Ba,O=S(=O)(c1ccccc1)c1ccccc1
qmof-c1af071,IVAZOU_FSR,bandgap_4.0_to_4.5eV,3,Cd,c1ccncc1
qmof-5a932f7,IWEQIK_FSR,bandgap_4.0_to_4.5eV,5,Ga,
qmof-3343744,VAGTOM_FSR,bandgap_4.0_to_4.5eV,3,Zn,
qmof-35bc54f,UZIDIR01_FSR,bandgap_4.0_to_4.5eV,3,Cd,c1cnccn1
qmof-3adcede,UZATAR_FSR,bandgap_4.0_to_4.5eV,4,Er,c1ccccc1
qmof-9a60b76,VAMWEM_FSR,bandgap_4.0_to_4.5eV,5,Zn,
qmof-14c9367,IWENOO_FSR,bandgap_4.0_to_4.5eV,4,Zn,c1ccc2c(c1)ncn2Cc1ccc(Cn2cnc3ccccc32)cc1
qmof-1b64037,IWENII_FSR,bandgap_4.0_to_4.5eV,5,Zn,c1ccc2c(c1)ncn2Cc1ccc(Cn2cnc3ccccc32)cc1.c1ccccc1
qmof-229c7a4,IWECUK_FSR,bandgap_4.0_to_4.5eV,4,Cd,O=C(c1ccncc1)N1CCN(C(=O)c2ccncc2)CC1.c1ccsc1
qmof-4c0e216,IWECAQ_FSR,bandgap_4.0_to_4.5eV,2,Cd,O=C(c1ccncc1)N1CCN(C(=O)c2ccncc2)CC1.c1ccoc1
qmof-235245e,GUWHAI_FSR,bandgap_4.0_to_4.5eV,1,Zn,[CH]1C=NC=N1.c1cn(CCCCn2ccnc2)cn1
qmof-db46c4e,UYEWIG02_FSR,bandgap_4.0_to_4.5eV,2,Cu,[N]1N=NN=C1C1=NN=N[N]1
qmof-18fece0,UYEWIF_FSR,bandgap_4.0_to_4.5eV,4,Cd,c1cn(Cc2ccc(Cn3ccnc3)cc2)cn1
qmof-01fcf4b,BINSAV_FSR,bandgap_4.0_to_4.5eV,5,Na,
qmof-993b30b,IXIHUS01_FSR,bandgap_4.0_to_4.5eV,3,Cu,C1=CN=C[N]1.[CH]1C=NC=N1
qmof-a3a73b2,FEWFOE_FSR,bandgap_4.0_to_4.5eV,2,Nd,c1ccncc1
qmof-6d53500,FEWFIY_FSR,bandgap_4.0_to_4.5eV,2,Sm,c1ccncc1
qmof-65e44a3,FETHES_FSR,bandgap_4.0_to_4.5eV,4,Ag,c1ccccc1
qmof-a03e4a5,OQIMOS_FSR,bandgap_4.0_to_4.5eV,2,Cd,
qmof-d208f10,OQIMIM_FSR,bandgap_4.0_to_4.5eV,4,Ni,
qmof-c49d30b,OQIMEI_FSR,bandgap_4.0_to_4.5eV,3,Co,
qmof-0fc9e65,OROMIS_FSR,bandgap_4.0_to_4.5eV,5,Zn,C1=CN=N[N]1.[CH]1C=NN=N1
qmof-b88da61,OROLEN01_FSR,bandgap_4.0_to_4.5eV,5,Organic_Only,c1ccncc1
qmof-87af48e,ORIBOH_FSR,bandgap_4.0_to_4.5eV,3,Ag,c1ccc2c(c1)ncn2CCCCn1cnc2ccccc21
qmof-36dafb7,DUWSAQ_FSR,bandgap_4.0_to_4.5eV,2,Nd,c1cc[nH+]cc1
qmof-3e4c924,DUWRUJ_FSR,bandgap_4.0_to_4.5eV,4,Pr,c1cc[nH+]cc1
qmof-d218fc0,DUWHOU_FSR,bandgap_4.0_to_4.5eV,4,Zn,c1cc(CCc2ccncc2)ccn1.c1ccccc1
qmof-f264bce,DUTMOU10_FSR,bandgap_4.0_to_4.5eV,5,Cd,
qmof-4ae2a20,DURVUI01_FSR,bandgap_4.0_to_4.5eV,5,Zn,c1cncc(-n2cnnc2)c1
qmof-eae6c15,OSOGEK_FSR,bandgap_4.0_to_4.5eV,5,Cd,
qmof-e11d70a,MAQLAU_FSR,bandgap_4.0_to_4.5eV,3,Zn,
qmof-f22364d,IXAWIP_FSR,bandgap_4.0_to_4.5eV,5,Cd,C1CCCCC1.c1ccc(CNCc2cccnc2)nc1
qmof-4a5ca9f,IXACAL_FSR,bandgap_4.0_to_4.5eV,3,Ni,c1ccncc1
qmof-c5e9015,IWOXOH01_FSR,bandgap_4.0_to_4.5eV,3,Na,c1ccccc1
qmof-5d3a22f,IWOLOV_FSR,bandgap_4.0_to_4.5eV,5,Ag,
qmof-328e112,IYEQEK_FSR,bandgap_4.0_to_4.5eV,4,Cd,c1cn(CCCCn2ccnc2)cn1
qmof-fe4edc7,IYARIL_FSR,bandgap_4.0_to_4.5eV,2,Cd,c1ccccc1.c1cn(CCCCn2ccnc2)cn1
qmof-cc6a37f,UYACUT_FSR,bandgap_4.0_to_4.5eV,3,Bi,
qmof-25451e6,UXEQIY_FSR,bandgap_4.0_to_4.5eV,2,Gd,c1ccccc1
qmof-3deb783,UWIHAL_FSR,bandgap_4.0_to_4.5eV,5,Cd,
qmof-d242cec,UWIGUD_FSR,bandgap_4.0_to_4.5eV,1,Sr,c1c[nH]cn1
qmof-7556fd5,UYUSAJ_FSR,bandgap_4.0_to_4.5eV,3,Ba,c1nc[nH]n1
qmof-b116057,DURGIH01_FSR,bandgap_4.0_to_4.5eV,5,Cd,c1cnc(C2=NN=N[N]2)cn1
qmof-77cfb89,DUPWOB01_FSR,bandgap_4.0_to_4.5eV,4,Ca,c1c[nH]cn1
qmof-3af1a22,DUPSIR_FSR,bandgap_4.0_to_4.5eV,4,Yb,c1ccccc1
qmof-148ed99,UYURUC_FSR,bandgap_4.0_to_4.5eV,1,Sr,[CH]1N=C[N]N1
qmof-089b614,UYOHIB_FSR,bandgap_4.0_to_4.5eV,1,Cd,[CH]1C=CC=CN1Cc1ccccc1
qmof-c6cf80e,UYOGOF_FSR,bandgap_4.0_to_4.5eV,2,Cd,c1ccccc1
qmof-3f3a532,UVOQED_FSR,bandgap_4.0_to_4.5eV,1,Dy,c1ccc(C2=NN=N[N]2)cc1
qmof-3a344c4,UVOPUS_FSR,bandgap_4.0_to_4.5eV,2,Gd,c1ccc(C2=NN=N[N]2)cc1
qmof-e12e14d,UVOBAK_FSR,bandgap_4.0_to_4.5eV,4,Gd,O=S(=O)(c1ccccc1)c1ccccc1
qmof-ab815f3,UVEPAN_FSR,bandgap_4.0_to_4.5eV,1,Zn,c1cc(-n2ccnc2)cc(-n2ccnc2)c1
qmof-8e1f1ff,BIRFIT_FSR,bandgap_4.0_to_4.5eV,5,Ba,c1cnccn1
qmof-8bc481b,BIQZEG_FSR,bandgap_4.0_to_4.5eV,3,Cu,c1ccsc1
qmof-9b98e57,BIPCUA_FSR,bandgap_4.0_to_4.5eV,2,Cd,O=C(Nc1cccnc1)c1cccnc1.c1ccccc1
qmof-e686033,IXUDAI_FSR,bandgap_4.0_to_4.5eV,5,Na,
qmof-15eff87,IXOVOI_FSR,bandgap_4.0_to_4.5eV,3,Co,c1ccc(Cn2cncn2)c(Cn2cncn2)c1.c1ccccc1
qmof-aed6490,DUWKAJ_FSR,bandgap_4.0_to_4.5eV,1,Cd,c1cc(CCc2ccncc2)ccn1.c1ccccc1
qmof-ac1dbd3,IXIROY_FSR,bandgap_4.0_to_4.5eV,5,Ag,c1cc(CC2=NN=N[N]2)ccc1CC1=NN=N[N]1
qmof-d24ba56,IXIQAH01_FSR,bandgap_4.0_to_4.5eV,2,Cd,c1cc(CCCc2ccncc2)ccn1
qmof-934ba54,IYOSEW_FSR,bandgap_4.0_to_4.5eV,4,Na,c1ccc(-c2nnn[nH]2)nc1
qmof-d9772e5,UVAREP_FSR,bandgap_4.0_to_4.5eV,3,Zn,
qmof-37e47d6,UVAPEN_FSR,bandgap_4.0_to_4.5eV,3,Zn,c1cc(-n2ccnc2)nc(-n2ccnc2)c1.c1ccccc1
qmof-b3dc886,UVAPAJ_FSR,bandgap_4.0_to_4.5eV,3,Zn,c1cc(-n2ccnc2)nc(-n2ccnc2)c1.c1ccccc1
qmof-555bddc,UTOSAY_FSR,bandgap_4.0_to_4.5eV,4,Co,c1cc(CCc2ccncc2)ccn1
qmof-46e30a0,UTOGIU_FSR,bandgap_4.0_to_4.5eV,4,Cd,c1ccc2c(c1)nnn2Cn1ccnc1
qmof-237b271,UTEYUO_FSR,bandgap_4.0_to_4.5eV,4,Ni,c1ccccc1.c1cn(CCCn2ccnc2)cn1
qmof-59fd38f,UTEYOI_FSR,bandgap_4.0_to_4.5eV,1,Co,c1ccccc1.c1cn(CCCn2ccnc2)cn1
qmof-75317e2,MAQYIO_FSR,bandgap_4.0_to_4.5eV,5,Cd,c1ccccc1
qmof-f61d5ce,OTEGOL01_FSR,bandgap_4.0_to_4.5eV,2,In,c1ccc(-c2ccccc2)cc1
qmof-b533ad1,OSONOB_FSR,bandgap_4.0_to_4.5eV,2,Ag,
qmof-9cb58fb,OVEHAZ_FSR,bandgap_4.0_to_4.5eV,1,Zn,c1ccc(-c2cncnc2)cc1
qmof-1faa948,OVEGUS_FSR,bandgap_4.0_to_4.5eV,3,Cd,c1ccc(-c2cncnc2)cc1
qmof-31d939d,OVEGIG_FSR,bandgap_4.0_to_4.5eV,3,Ba,c1ccncc1
qmof-3c669f0,FEYPIJ_FSR,bandgap_4.0_to_4.5eV,5,Ag,O=S(=O)([N]c1ccccn1)c1ccccc1
qmof-e4cd9c2,OVEGEC_FSR,bandgap_4.0_to_4.5eV,3,Ca,c1ccncc1
qmof-a5171a8,OVIPAM_FSR,bandgap_4.0_to_4.5eV,3,Zn,c1ccccc1
qmof-cd01b25,OVIDED_FSR,bandgap_4.0_to_4.5eV,4,Zn,c1cc(CCCc2ccncc2)ccn1.c1ccc(SSc2ccccn2)nc1
qmof-0c6dba4,OVIDAZ_FSR,bandgap_4.0_to_4.5eV,5,Zn,c1cc(CCc2ccncc2)ccn1.c1ccc(SSc2ccccn2)nc1
qmof-d53409f,MAQDUD01_FSR,bandgap_4.0_to_4.5eV,2,Li,c1ccccc1
qmof-4e41fb5,MAPGUI_FSR,bandgap_4.0_to_4.5eV,3,Yb,c1ccccc1
qmof-9909f44,UWABOL_FSR,bandgap_4.0_to_4.5eV,2,Cd,c1ccccc1.c1cn(-c2ccc(CN3CCN(Cc4ccc(-n5ccnc5)cc4)CC3)cc2)cn1
qmof-b6a8795,UQOROI_FSR,bandgap_4.0_to_4.5eV,5,Zn,
qmof-1580705,BIYTEJ_FSR,bandgap_4.0_to_4.5eV,2,Zn,c1cnc(C2=NN=N[N]2)c(C2=NN=N[N]2)n1
qmof-180ee5c,BIYSAG_FSR,bandgap_4.0_to_4.5eV,1,Zn,c1cc(CCc2ccncc2)ccn1.c1ccnnc1
qmof-ecf4801,BIYSAE_FSR,bandgap_4.0_to_4.5eV,4,Sn,c1ccccc1
qmof-82b967d,BIYQEI_FSR,bandgap_4.0_to_4.5eV,2,Co,c1ccc(-n2cnnc2)cc1
qmof-6a5147b,BIWTOR_FSR,bandgap_4.0_to_4.5eV,1,Cd,
qmof-d01976c,IYEWEO_FSR,bandgap_4.0_to_4.5eV,5,Ag,c1ccc(SCCCSc2ccccn2)nc1
qmof-8019572,IXOJOW_FSR,bandgap_4.0_to_4.5eV,4,Co,c1c[nH]nn1
qmof-a72a815,BODXOK_FSR,bandgap_4.0_to_4.5eV,1,Cd,c1cc(-c2cnc[nH]2)cc(-c2cnc[nH]2)c1.c1ccccc1
qmof-14872a0,BIZSEJ_FSR,bandgap_4.0_to_4.5eV,1,Zn,c1nncs1
qmof-fdf1f3a,BIZSEJ01_FSR,bandgap_4.0_to_4.5eV,5,Zn,
qmof-5dd5f1f,UNAJIC_FSR,bandgap_4.0_to_4.5eV,2,Zn,O=c1ccccn1Cc1cccc(Cn2ccccc2=O)c1
qmof-c6f48da,UNODAD_FSR,bandgap_4.0_to_4.5eV,5,Li,c1ccnnc1
qmof-77701f4,IZECIA_FSR,bandgap_4.0_to_4.5eV,4,Zn,c1ccncc1
qmof-7dfea43,OVIBUR_FSR,bandgap_4.0_to_4.5eV,5,Cd,C1=N[P](Oc2ccncc2)(Oc2ccncc2)N=C[N]1
qmof-2a6bcbd,DUMXEQ01_FSR,bandgap_4.0_to_4.5eV,2,Dy,c1cc[nH+]cc1
qmof-cfb0f9e,MAFZOK_FSR,bandgap_4.0_to_4.5eV,5,Zn,c1ccccc1
qmof-540738e,MAFYAV_FSR,bandgap_4.0_to_4.5eV,5,Ba,c1cc[nH+]cc1
qmof-f0ed3d6,GUVFEJ_FSR,bandgap_4.0_to_4.5eV,4,Cd,
qmof-e139c58,GUTZAX01_FSR,bandgap_4.0_to_4.5eV,5,Zn,
qmof-43f2897,GURZID_FSR,bandgap_4.0_to_4.5eV,4,Cd,
qmof-a996d0c,GURZID01_FSR,bandgap_4.0_to_4.5eV,3,Cd,
qmof-1ab1346,GUQXIZ02_FSR,bandgap_4.0_to_4.5eV,2,Cd,c1ccccc1
qmof-25fa36f,BOCCOM_FSR,bandgap_4.0_to_4.5eV,1,Cd,
qmof-6b1e6f2,JAGPOX01_FSR,bandgap_4.0_to_4.5eV,4,Zn,c1ccccc1
qmof-9dd8102,MAJPIX_FSR,bandgap_4.0_to_4.5eV,2,Ag,
qmof-25fee54,MAJCUX_FSR,bandgap_4.0_to_4.5eV,2,Ag,
qmof-43cb308,OWOHOY_FSR,bandgap_4.0_to_4.5eV,2,Cd,
qmof-d08b9c2,OWIHUZ_FSR,bandgap_4.0_to_4.5eV,2,In,c1ccc(-c2ccccc2)cc1
qmof-0cebdfd,DUKPIK_FSR,bandgap_4.0_to_4.5eV,2,Co,c1ccc2c(c1)ncn2CCCn1cnc2ccccc21.c1ccccc1
qmof-1d2c247,DUJDAP_FSR,bandgap_4.0_to_4.5eV,3,Zn,c1ccccc1.c1cn(-c2cc(-n3ccnc3)cc(-n3ccnc3)c2)cn1
qmof-dbfd3f6,DUHLIC_FSR,bandgap_4.0_to_4.5eV,5,Cd,
qmof-134958c,IZAWUD_FSR,bandgap_4.0_to_4.5eV,5,Nd,c1cc(-c2nn[nH]n2)ccn1
qmof-a4b3531,GUQNAI_FSR,bandgap_4.0_to_4.5eV,3,Zn,S=C1[N]N=CS1
qmof-af8d1a9,GUPDUR_FSR,bandgap_4.0_to_4.5eV,4,Cd,C1=CN=C(c2ccccc2)[N]1
qmof-c1c5c57,ULIGUR_FSR,bandgap_4.0_to_4.5eV,1,Zn,c1ccccc1
qmof-be99418,BOJMIY_FSR,bandgap_4.0_to_4.5eV,3,Li,[Li]1[O]Sc2ccccc2P(c2ccccc2)c2ccccc2S[O]1
qmof-65d9b71,BOJLOC01_FSR,bandgap_4.0_to_4.5eV,5,Mn,[N]1N=NN=C1NC1=NN=N[N]1
qmof-a98e632,BOHFAF_FSR,bandgap_4.0_to_4.5eV,5,Co,
qmof-a303212,BOFSUL_FSR,bandgap_4.0_to_4.5eV,1,Na,
qmof-c9ad215,MAFXUO_FSR,bandgap_4.0_to_4.5eV,3,Ba,c1cc[nH+]cc1
qmof-ba5af2f,MAFXAU_FSR,bandgap_4.0_to_4.5eV,1,Zn,c1ccc(-c2ccccc2)cc1
qmof-b3a4056,DUHHUK_FSR,bandgap_4.0_to_4.5eV,2,Dy,c1ccncc1
qmof-e54494c,OXEWUL_FSR,bandgap_4.0_to_4.5eV,2,Li,c1ccccc1
qmof-25d67cf,DUFXOT_FSR,bandgap_4.0_to_4.5eV,4,Sr,
qmof-d1f7039,DUCHIS01_FSR,bandgap_4.0_to_4.5eV,5,Cu,
qmof-c7868c3,MAFMOY01_FSR,bandgap_4.0_to_4.5eV,1,Zn,C1=CN=N[N]1.[CH]1C=NN=N1.c1ccccc1
qmof-1278662,UMEZOB_FSR,bandgap_4.0_to_4.5eV,5,Co,
qmof-3e99727,UMAZOZ_FSR,bandgap_4.0_to_4.5eV,3,Zn,O=C(Nc1cccnc1)C1CCC(C(=O)Nc2cccnc2)CC1.c1ccccc1
qmof-3e65e42,ULUPIC_FSR,bandgap_4.0_to_4.5eV,2,Tb,c1ccc(Oc2ccccc2)cc1
qmof-a9f66e2,ULUPEY_FSR,bandgap_4.0_to_4.5eV,2,Gd,c1ccc(Oc2ccccc2)cc1
qmof-f771839,ULINIO_FSR,bandgap_4.0_to_4.5eV,3,Co,
qmof-2fa85e9,ULINAG_FSR,bandgap_4.0_to_4.5eV,5,Co,
qmof-11ffb01,GULNOR_FSR,bandgap_4.0_to_4.5eV,2,Zn,O=P(CCP(=O)(c1ccccc1)c1ccccc1)(c1ccccc1)c1ccccc1
qmof-02875e0,GUKREJ_FSR,bandgap_4.0_to_4.5eV,4,Na,
qmof-bd45ea2,JAHKIP_FSR,bandgap_4.0_to_4.5eV,3,Na,O=C([N]S(=O)(=O)c1ccc(CCNC(=O)c2ccccc2)cc1)NC1CCCCC1
qmof-2827567,GUJFOG_FSR,bandgap_4.0_to_4.5eV,4,Ag,
qmof-20cc2c2,LUXQEA_FSR,bandgap_4.0_to_4.5eV,4,Tl,
qmof-274118b,LUWSUR_FSR,bandgap_4.0_to_4.5eV,4,Zn,c1ccccc1
qmof-d3f5e9a,DOZZOI_FSR,bandgap_4.0_to_4.5eV,4,Cd,C1N2CN3CN1CN(C2)C3
qmof-e6fc101,DOZQUF_FSR,bandgap_4.0_to_4.5eV,3,Cu,
qmof-e3311db,OXUNUR_FSR,bandgap_4.0_to_4.5eV,1,Zn,[CH]1C=CC=CN1
qmof-e73fe5e,OXORID_FSR,bandgap_4.0_to_4.5eV,1,Er,c1c[nH]cn1.c1ccccc1
qmof-cfb4f79,OYUJUP_FSR,bandgap_4.0_to_4.5eV,2,Cd,O=C1C(=O)C(=O)C1=O.c1cn(Cc2ccc(Cn3ccnc3)cc2)cn1
qmof-c8edfaa,UJASUU_FSR,bandgap_4.0_to_4.5eV,1,Nd,c1ccc(OCOc2ccccc2)cc1
qmof-0bc3629,UJASOO_FSR,bandgap_4.0_to_4.5eV,4,La,c1ccc(OCOc2ccccc2)cc1
qmof-417cefc,UHUXAW01_FSR,bandgap_4.0_to_4.5eV,4,Co,c1ccccc1
qmof-72c4b23,ULIBIC_FSR,bandgap_4.0_to_4.5eV,5,Zn,c1ccccc1
qmof-a1e518a,ULABEO_FSR,bandgap_4.0_to_4.5eV,1,Cu,
qmof-e2e5a46,UKILIL_FSR,bandgap_4.0_to_4.5eV,2,Cd,c1cc[nH+]cc1
qmof-8e9e492,JAQQIE_FSR,bandgap_4.0_to_4.5eV,2,Hg,C(=Nc1ccncc1)Nc1ccncc1
qmof-18430ef,JEBBUQ_FSR,bandgap_4.0_to_4.5eV,4,Hg,
qmof-a6dea53,JEDJOR_FSR,bandgap_4.0_to_4.5eV,4,Sn,c1ccncc1
qmof-1aee7e9,JEDJOR01_FSR,bandgap_4.0_to_4.5eV,5,Sn,c1ccncc1
qmof-17ed363,UFULEM01_FSR,bandgap_4.0_to_4.5eV,2,Zn,c1ccccc1
qmof-7ab621a,DOSWIS_FSR,bandgap_4.0_to_4.5eV,5,Y,c1ccc(Oc2ccccc2)cc1
qmof-c0d2614,DOSRAF_FSR,bandgap_4.0_to_4.5eV,3,Ag,c1ccc(P(Cc2ccncc2)c2ccccc2)cc1
qmof-6b743f6,OYIGUA_FSR,bandgap_4.0_to_4.5eV,2,Ag,
qmof-3d43b5a,PADPIW_FSR,bandgap_4.0_to_4.5eV,2,Cd,c1ccccc1
qmof-63b633e,FIHLEP_FSR,bandgap_4.0_to_4.5eV,4,Cd,c1cncc(OCOc2cccnc2)c1
qmof-1cd981a,LUXQIE_FSR,bandgap_4.0_to_4.5eV,5,Tl,
qmof-45a5d71,JAXLOK_FSR,bandgap_4.0_to_4.5eV,5,Ag,C(=CCSc1nccs1)CSc1nccs1
qmof-5c97ebc,JAWFAR_FSR,bandgap_4.0_to_4.5eV,4,Ho,c1ccccc1
qmof-e0e6794,BOLGUF_FSR,bandgap_4.0_to_4.5eV,4,Y,
qmof-c63dd25,BOKXOP_FSR,bandgap_4.0_to_4.5eV,5,Zn,c1cc(SSc2ccncc2)ccn1
qmof-d461695,BOKJES_FSR,bandgap_4.0_to_4.5eV,2,Cd,c1ccc2[nH]cnc2c1
qmof-ef49c96,JAVQIH01_FSR,bandgap_4.0_to_4.5eV,1,Cd,c1ccccc1
qmof-f088d9c,JAVMEY_FSR,bandgap_4.0_to_4.5eV,1,Zn,
qmof-d178e9b,BOSJUQ_FSR,bandgap_4.0_to_4.5eV,3,K,O=C1[CH]C(=O)NC(=S)N1
qmof-2102fc6,LURCUX_FSR,bandgap_4.0_to_4.5eV,4,Ag,c1ccccc1
qmof-c494037,FIJNOC_FSR,bandgap_4.0_to_4.5eV,5,Cd,c1cncc(-c2nnc(-c3cccnc3)o2)c1
qmof-4913f79,FIHYOM_FSR,bandgap_4.0_to_4.5eV,3,Zn,O=S(=O)(c1ccccc1)c1ccccc1.c1cc(C2=NN=N[N]2)ccn1
qmof-6185da3,FIHYAY_FSR,bandgap_4.0_to_4.5eV,2,Zn,[CH]1N=C[N]N1Cc1ccc(CN2[CH]N=C[N]2)cc1
qmof-81bd926,DOTTAI_FSR,bandgap_4.0_to_4.5eV,2,Hg,
qmof-ff3d2c1,DOSWUE_FSR,bandgap_4.0_to_4.5eV,4,Yb,c1ccc(Oc2ccccc2)cc1
qmof-f93998c,DOSWOY_FSR,bandgap_4.0_to_4.5eV,1,Er,c1ccc(Oc2ccccc2)cc1
qmof-94a4870,JELNUM_FSR,bandgap_4.0_to_4.5eV,1,Zn,[CH]1C=C2C=C[N]1[Zn]1[n]3cnc(n3)-c3nc2n[n]31.c1ccccc1
qmof-a7f87ce,JELMOD_FSR,bandgap_4.0_to_4.5eV,1,La,O=C1C(=O)C(=O)C1=O
qmof-debf6ac,JEKTUP01_FSR,bandgap_4.0_to_4.5eV,4,Zn,c1cc(-c2ccncc2)ccn1.c1ccccc1
qmof-dd494b4,UFOMIO_FSR,bandgap_4.0_to_4.5eV,4,Ag,c1ccc(Cn2nnc3ccccc32)c(Cn2nnc3ccccc32)c1
qmof-87c0fca,UFOLIN_FSR,bandgap_4.0_to_4.5eV,4,Ag,c1ccc2c(c1)nnn2Cc1ccc(Cn2nnc3ccccc32)cc1
qmof-203b252,BOPVEI_FSR,bandgap_4.0_to_4.5eV,2,Cd,
qmof-fc9b6fb,JEGKAK_FSR,bandgap_4.0_to_4.5eV,5,Li,c1ccc(-c2ccccn2)nc1
qmof-ffcb23f,GUJFEW_FSR,bandgap_4.0_to_4.5eV,5,Ag,
qmof-db33b5e,UFEWUY_FSR,bandgap_4.0_to_4.5eV,3,Organic_Only,c1cnccn1
qmof-7c284f0,UFEWOS_FSR,bandgap_4.0_to_4.5eV,1,Organic_Only,c1cnccn1
qmof-9fc2ee4,PAHRAS_FSR,bandgap_4.0_to_4.5eV,5,Ag,c1ccc(CSc2nncs2)c(CSc2nncs2)c1
qmof-5d1b432,PAGTUP_FSR,bandgap_4.0_to_4.5eV,1,Ag,O=[PH](O[PH](=O)c1ccccc1)c1ccccc1
qmof-3f29ec2,PADROD02_FSR,bandgap_4.0_to_4.5eV,5,Ag,
qmof-6dfba5c,PALWEG_FSR,bandgap_4.0_to_4.5eV,3,Cd,c1cc(Nc2ccncc2)ccn1
qmof-d72f498,LUVKET01_FSR,bandgap_4.0_to_4.5eV,4,Hg,
qmof-ff1a19b,LUVBAH_FSR,bandgap_4.0_to_4.5eV,4,Zn,C1=CN=C[N]1
qmof-8636073,LUTKES_FSR,bandgap_4.0_to_4.5eV,5,Ni,c1ccccc1.c1cn(CCCCn2ccnc2)cn1
qmof-c799254,LUSYOP_FSR,bandgap_4.0_to_4.5eV,5,Pb,
qmof-600884a,GUDTIJ_FSR,bandgap_4.0_to_4.5eV,4,Sm,O=c1cccc[nH]1
qmof-219ec96,GUDTAB_FSR,bandgap_4.0_to_4.5eV,4,Gd,O=c1cccc[nH]1
qmof-9344e10,GUCDIT_FSR,bandgap_4.0_to_4.5eV,2,Nd,c1c[nH]cn1
qmof-320e8c9,UFEMUO_FSR,bandgap_4.0_to_4.5eV,1,Ni,
qmof-cc5bcaa,UFATEA01_FSR,bandgap_4.0_to_4.5eV,3,Ni,c1ccncc1
qmof-e16b9a1,BOSKAX_FSR,bandgap_4.0_to_4.5eV,1,Li,O=C1[CH]C(=O)NC(=S)N1
qmof-3af99cd,JETQOP_FSR,bandgap_4.0_to_4.5eV,1,Cu,C1=NN=C[N]1
qmof-893d0b0,JETJAW_FSR,bandgap_4.0_to_4.5eV,3,Co,c1ccccc1
qmof-bcf7225,JERYUA_FSR,bandgap_4.0_to_4.5eV,2,Sn,c1ccsc1
qmof-2773926,FIKSID_FSR,bandgap_4.0_to_4.5eV,3,Zn,c1ccc(C2=NN=N[N]2)cc1
qmof-cc2f06a,FIJRAS_FSR,bandgap_4.0_to_4.5eV,1,Ag,c1cc2ccc1CCc1ccc(cc1)CC2
qmof-4dab847,PAKQOK_FSR,bandgap_4.0_to_4.5eV,3,Rb,
qmof-7fe879e,PAKGIT_FSR,bandgap_4.0_to_4.5eV,1,Ag,c1ccccc1
qmof-4a00ee0,PAJTIE_FSR,bandgap_4.0_to_4.5eV,5,Li,
qmof-07ca298,DOQLUS_FSR,bandgap_4.0_to_4.5eV,1,Ca,n1n[nH]c(-c2nnn[nH]2)n1
qmof-1adaa9b,DOQLIG01_FSR,bandgap_4.0_to_4.5eV,1,Li,n1n[nH]c(-c2nnn[nH]2)n1
qmof-17124a7,DOQLEC01_FSR,bandgap_4.0_to_4.5eV,3,Na,n1n[nH]c(-c2nnn[nH]2)n1
qmof-45846c3,BOSJOK_FSR,bandgap_4.0_to_4.5eV,4,Na,O=C1[CH]C(=O)NC(=S)N1
qmof-99bd2ff,BOSGOG_FSR,bandgap_4.0_to_4.5eV,5,Sr,c1nnn[nH]1
qmof-1a0c62d,BOSGIA_FSR,bandgap_4.0_to_4.5eV,2,Sr,
qmof-13df431,UDUKOV_FSR,bandgap_4.0_to_4.5eV,1,Ho,
qmof-54f2810,UDUGEH_FSR,bandgap_4.0_to_4.5eV,2,Tb,
qmof-727c9e2,BOXNAF02_FSR,bandgap_4.0_to_4.5eV,1,Cu,
qmof-6dd2dd5,BOXMOS_FSR,bandgap_4.0_to_4.5eV,5,Sr,c1ccncc1
qmof-8928501,BOXMIM_FSR,bandgap_4.0_to_4.5eV,4,Sr,c1ccncc1
qmof-ed07c17,BOWFEA01_FSR,bandgap_4.0_to_4.5eV,1,Zn,c1ccccc1.c1cn(CCCCn2ccnc2)cn1
qmof-628fed6,FIMYIL_FSR,bandgap_4.0_to_4.5eV,3,Cd,c1cn(-c2ccc(Oc3ccc(-n4ccnc4)cc3)cc2)cn1
qmof-9706669,FIMNAS_FSR,bandgap_4.0_to_4.5eV,3,Cd,c1ccc(Cn2cnc3ccccc32)cc1
qmof-17096cd,FIMMUL_FSR,bandgap_4.0_to_4.5eV,1,Zn,c1ccc(Cn2cnc3ccccc32)cc1
qmof-f0e967a,PAPRUU_FSR,bandgap_4.0_to_4.5eV,4,Ni,
qmof-adde133,PAPGOE_FSR,bandgap_4.0_to_4.5eV,1,Cd,c1cn(CCCCn2ccnc2)cn1
qmof-69a8a24,PAMGOB_FSR,bandgap_4.0_to_4.5eV,5,Pb,
qmof-6797aee,LUPCUW_FSR,bandgap_4.0_to_4.5eV,4,Zn,c1ccncc1
qmof-0b12ae3,LUMLUC_FSR,bandgap_4.0_to_4.5eV,1,Zn,[CH]1C=NC=N1.c1ccc(Cn2ccnc2)c(Cn2ccnc2)c1
qmof-e84b289,LUMLIQ_FSR,bandgap_4.0_to_4.5eV,2,Cd,C1=CN=C[N]1.[CH]1C=NC=N1
qmof-9ba23c7,UCOCEV_FSR,bandgap_4.0_to_4.5eV,3,Sr,O=C1C=CCO1
qmof-2fc4e1d,UFASUQ_FSR,bandgap_4.0_to_4.5eV,2,Cd,
qmof-aa18cd2,UFADIP_FSR,bandgap_4.0_to_4.5eV,5,Na,c1ccccc1
qmof-1e2bfe2,BOZROZ_FSR,bandgap_4.0_to_4.5eV,5,Cd,c1ccccc1
qmof-28e1e79,UDOYUJ_FSR,bandgap_4.0_to_4.5eV,1,Co,c1ccncc1
qmof-d76cb3a,TUZLOR_FSR,bandgap_4.0_to_4.5eV,2,Ag,
qmof-415ffc4,UCAQOG_FSR,bandgap_4.0_to_4.5eV,5,Ho,c1ccccc1
qmof-0efeac7,JEVVAI_FSR,bandgap_4.0_to_4.5eV,3,Organic_Only,
qmof-8a18c1a,JIHVAA_FSR,bandgap_4.0_to_4.5eV,4,Ag,
qmof-603a442,DOKJIX_FSR,bandgap_4.0_to_4.5eV,3,Cd,c1cnc(C2=NN=N[N]2)nc1
qmof-1fe98cd,PARMIG_FSR,bandgap_4.0_to_4.5eV,3,Ni,c1ccc2[nH]cnc2c1
qmof-06ea742,PARCAP_FSR,bandgap_4.0_to_4.5eV,4,Zn,c1ccc(-n2ccnc2)cc1
qmof-4b8b3f9,PATSIO_FSR,bandgap_4.0_to_4.5eV,2,Cd,c1ccc(OCc2ccc(-c3ccccc3)cc2)cc1.c1cn(CCCCn2ccnc2)cn1
qmof-bd1d69c,PATFEY_FSR,bandgap_4.0_to_4.5eV,1,Cu,
qmof-50b9f96,FINTOO_FSR,bandgap_4.0_to_4.5eV,5,Gd,c1ccncc1
qmof-4e27741,JEXRUA_FSR,bandgap_4.0_to_4.5eV,2,Er,c1cnccn1
qmof-c32b599,JEXROU_FSR,bandgap_4.0_to_4.5eV,3,Pr,c1cnccn1
qmof-1db97cf,UBOBIW01_FSR,bandgap_4.0_to_4.5eV,2,Zn,
qmof-5440933,UBOBES01_FSR,bandgap_4.0_to_4.5eV,2,Zn,
qmof-4484e42,GOWQIU_FSR,bandgap_4.0_to_4.5eV,5,Hg,O=C(OCCOC(=O)c1cccnc1)c1cccnc1
qmof-a020491,GOVYOH_FSR,bandgap_4.0_to_4.5eV,2,Zn,c1cc(SSc2ccncc2)ccn1.c1ccccc1
qmof-db5c49f,TUFSUK_FSR,bandgap_4.0_to_4.5eV,3,Tb,
qmof-0133865,LUGLUU_FSR,bandgap_4.0_to_4.5eV,3,Zn,c1cc(C2=NN=N[N]2)ccn1.c1cc(C2=N[N]N=N2)ccn1
qmof-6fbe426,LUFHUR_FSR,bandgap_4.0_to_4.5eV,2,Zn,c1cc(-c2nn[nH]n2)ccn1
qmof-42f7d2d,LUMLEM_FSR,bandgap_4.0_to_4.5eV,2,Cd,C1=CN=C[N]1.[CH]1C=NC=N1.c1ccc(Cn2ccnc2)c(Cn2ccnc2)c1
qmof-cb9b390,LUMKUB_FSR,bandgap_4.0_to_4.5eV,2,Cd,c1ccccc1.c1cn(CCCCn2ccnc2)cn1
qmof-9853d9b,LUKSAM_FSR,bandgap_4.0_to_4.5eV,5,Zn,
qmof-fdde254,DOMRII_FSR,bandgap_4.0_to_4.5eV,1,Cd,c1ccc(-c2ccccc2Cn2ccnc2)c(Cn2ccnc2)c1.c1ccc(-c2ccccn2)nc1
qmof-1274274,DOKPOI01_FSR,bandgap_4.0_to_4.5eV,4,Cu,
qmof-c735ed2,GUBTIH_FSR,bandgap_4.0_to_4.5eV,4,Ni,c1ccncc1
qmof-05f902b,JIQMAA_FSR,bandgap_4.0_to_4.5eV,1,K,O=C(C1=NN=N[N]1)c1nn[nH]n1.O=C(C1=N[N]N[N]1)C1=NN=N[N]1
qmof-bf8301b,TUNROL_FSR,bandgap_4.0_to_4.5eV,4,Cd,
qmof-b0faa59,BUCCIL_FSR,bandgap_4.0_to_4.5eV,1,Organic_Only,
qmof-6250e1f,BUBPOF_FSR,bandgap_4.0_to_4.5eV,5,Zn,c1ccncc1
qmof-f46e3f3,BUBLIV_FSR,bandgap_4.0_to_4.5eV,2,Zn,c1ccc(Cc2ccccc2)cc1.c1ccc(Cn2ccnc2)c(Cn2ccnc2)c1
qmof-5fa46bb,TUDKAE_FSR,bandgap_4.0_to_4.5eV,5,Hg,
qmof-46659d2,TUTQAB_FSR,bandgap_4.0_to_4.5eV,3,Ag,
qmof-de066b7,TUCCIF_FSR,bandgap_4.0_to_4.5eV,2,Ag,c1ccccc1.c1ccccc1
qmof-928425c,TUBYAR_FSR,bandgap_4.0_to_4.5eV,4,Ag,
qmof-2888e3d,TOPPIZ_FSR,bandgap_4.0_to_4.5eV,5,Cu,
qmof-9e15453,FIPJAR01_FSR,bandgap_4.0_to_4.5eV,4,Cd,O=C1NCCN1.c1ccccc1
qmof-e9cc368,PAXKIL_FSR,bandgap_4.0_to_4.5eV,3,Cd,
qmof-31b7998,PAXJEG_FSR,bandgap_4.0_to_4.5eV,2,Ag,
qmof-66c96d5,DOJBEK_FSR,bandgap_4.0_to_4.5eV,2,Cd,
qmof-614fa01,DOHVOM_FSR,bandgap_4.0_to_4.5eV,2,Au,O=C1[N]S(=O)(=O)c2ccccc21
qmof-35b6774,DOHJOZ01_FSR,bandgap_4.0_to_4.5eV,5,Cd,
qmof-91cf2d0,LUHDAV_FSR,bandgap_4.0_to_4.5eV,2,Tb,c1ccncc1
qmof-47c79cf,GOWZUP_FSR,bandgap_4.0_to_4.5eV,5,Cd,c1cc(C2=NN=N[N]2)cc(-n2ccnc2)c1
qmof-813b695,GOWZOJ_FSR,bandgap_4.0_to_4.5eV,4,Cd,c1cc(C2=NN=N[N]2)cc(-n2ccnc2)c1
qmof-fde365d,GOWZEZ_FSR,bandgap_4.0_to_4.5eV,3,Cd,c1cc(C2=NN=N[N]2)cc(-n2ccnc2)c1
qmof-dbbe195,GOWVOF_FSR,bandgap_4.0_to_4.5eV,2,Cd,c1ccccc1.c1cn(CCCCn2ccnc2)cn1
qmof-48b4ad4,TOLCEC_FSR,bandgap_4.0_to_4.5eV,3,K,c1ccccc1
qmof-284eadc,PCAUPY01_FSR,bandgap_4.0_to_4.5eV,3,Au,
qmof-ff588b7,PEGGOY_FSR,bandgap_4.0_to_4.5eV,1,Cd,c1ccccc1
qmof-913038d,FIQPAZ_FSR,bandgap_4.0_to_4.5eV,1,Cd,
qmof-fe49acf,FIQGEU_FSR,bandgap_4.0_to_4.5eV,4,Zn,c1ccc(-c2ccc(-n3ccnc3)cc2)cc1
qmof-d0263a7,FIPNUO_FSR,bandgap_4.0_to_4.5eV,3,Lu,c1cc[nH+]cc1
qmof-574ecbc,FIPNOI_FSR,bandgap_4.0_to_4.5eV,3,Tm,c1cc[nH+]cc1
qmof-427595d,FIPNIC_FSR,bandgap_4.0_to_4.5eV,2,Dy,c1cc[nH+]cc1
qmof-2e692fd,FIPNAU_FSR,bandgap_4.0_to_4.5eV,4,Yb,c1cc[nH+]cc1
qmof-78378ae,FIPMUN_FSR,bandgap_4.0_to_4.5eV,2,Er,c1cc[nH+]cc1
qmof-55b0928,TOFPUB_FSR,bandgap_4.0_to_4.5eV,5,Pb,
qmof-b9c611d,BUQRUB_FSR,bandgap_4.0_to_4.5eV,4,Zn,C1=NN=N[N]1
qmof-38b3dd0,BUNJUQ_FSR,bandgap_4.0_to_4.5eV,2,Pb,
qmof-014a43f,JITTEO_FSR,bandgap_4.0_to_4.5eV,3,Ag,
qmof-7aa85c3,JISJUT_FSR,bandgap_4.0_to_4.5eV,4,Zn,c1ccccc1.c1nncn1CCn1cnnc1
qmof-8f407b6,TUFFOQ_FSR,bandgap_4.0_to_4.5eV,3,Cd,
qmof-0a4f53b,JIWSAK_FSR,bandgap_4.0_to_4.5eV,3,Sm,c1ccncc1
qmof-defff0e,GOTJAA_FSR,bandgap_4.0_to_4.5eV,5,Rb,O=S(=O)([N]S(=O)(=O)c1ccccc1)c1ccccc1
qmof-3da2ac3,GOTHOM_FSR,bandgap_4.0_to_4.5eV,2,K,O=S(=O)([N]S(=O)(=O)c1ccccc1)c1ccccc1
qmof-ab4113e,PEGLET_FSR,bandgap_4.0_to_4.5eV,5,Tl,
qmof-233c525,PEFVUT_FSR,bandgap_4.0_to_4.5eV,5,Cd,c1ccc(-c2cccnc2)cc1
qmof-2cfc395,DODGUY_FSR,bandgap_4.0_to_4.5eV,2,Li,c1ccccc1
qmof-7f1491f,PEJSOO_FSR,bandgap_4.0_to_4.5eV,5,Nd,
qmof-5e9d023,LOSCOM_FSR,bandgap_4.0_to_4.5eV,4,Co,c1ccccc1
qmof-9ab32b4,JOBKOD_FSR,bandgap_4.0_to_4.5eV,5,Cd,
qmof-bbe0c07,JOBKIX_FSR,bandgap_4.0_to_4.5eV,1,Cd,
qmof-a9b0e38,JOBHUF_FSR,bandgap_4.0_to_4.5eV,5,Ag,c1ccc(-c2ccccn2)nc1
qmof-339e345,JIZPEQ_FSR,bandgap_4.0_to_4.5eV,4,Cu,C1CSCSC1
qmof-ce367cc,JIZKIO_FSR,bandgap_4.0_to_4.5eV,4,Zn,
qmof-3a7ba2f,BUSHUU_FSR,bandgap_4.0_to_4.5eV,3,Zn,c1ccccc1
qmof-a001201,BUQSAI_FSR,bandgap_4.0_to_4.5eV,4,Zn,C1=NN=N[N]1.c1cc(-c2ccncc2)ccn1
qmof-b2272eb,TOBQEI_FSR,bandgap_4.0_to_4.5eV,1,Mn,
qmof-6339cda,JOBXAA_FSR,bandgap_4.0_to_4.5eV,5,Tl,
qmof-7db4ed0,DIZYUH_FSR,bandgap_4.0_to_4.5eV,3,Lu,c1ccccc1
qmof-4caa2e3,DIYXER_FSR,bandgap_4.0_to_4.5eV,4,Ba,c1cc(-c2nn[nH]n2)cc(-c2nn[nH]n2)c1.c1cc(C2=N[N]N[N]2)cc(-c2nn[nH]n2)c1
qmof-7d54a2d,DIYTAI_FSR,bandgap_4.0_to_4.5eV,5,Cd,c1ccc(-c2ccccc2)cc1.c1cn(CCCCn2ccnc2)cn1
qmof-bc178bf,DIXKUR01_FSR,bandgap_4.0_to_4.5eV,4,Gd,c1nncs1
qmof-049d829,DIXGOG_FSR,bandgap_4.0_to_4.5eV,2,Hg,
qmof-f39f138,DIXCET_FSR,bandgap_4.0_to_4.5eV,1,Na,c1ccccc1
qmof-6a2739d,PEJFAN_FSR,bandgap_4.0_to_4.5eV,4,Pb,c1cc(CCCc2ccncc2)ccn1
qmof-aceaa1d,PEHPEY_FSR,bandgap_4.0_to_4.5eV,3,Ag,c1cc[nH+]cc1
qmof-92dadde,PEGROK_FSR,bandgap_4.0_to_4.5eV,5,Sn,
qmof-70309b4,TOKYOI_FSR,bandgap_4.0_to_4.5eV,5,Ni,
qmof-c00ae29,BUVQUF_FSR,bandgap_4.0_to_4.5eV,2,Zn,c1nc[nH]n1
qmof-e1c0fed,BUVKAG_FSR,bandgap_4.0_to_4.5eV,1,Zn,
qmof-2f39bbb,TIVXIH_FSR,bandgap_4.0_to_4.5eV,5,Cd,
qmof-55c6fce,JIZCIH_FSR,bandgap_4.0_to_4.5eV,1,Cu,
qmof-cbb978c,JIYKOU_FSR,bandgap_4.0_to_4.5eV,2,Li,c1ccccc1
qmof-45d40cb,GOPGID_FSR,bandgap_4.0_to_4.5eV,2,Na,c1cnccn1
qmof-936651b,GONXEM_FSR,bandgap_4.0_to_4.5eV,1,Ag,c1ccc(SCc2cccc(CSc3ccccn3)c2)nc1
qmof-d5145e0,TINCAV_FSR,bandgap_4.0_to_4.5eV,1,Pr,c1ccccc1
qmof-b8f1e8e,TILZIY_FSR,bandgap_4.0_to_4.5eV,4,Zn,
qmof-a134189,TILMAE_FSR,bandgap_4.0_to_4.5eV,5,K,
qmof-fcf8f5a,TILKOO_FSR,bandgap_4.0_to_4.5eV,1,In,
qmof-9f77e33,TIJXIV_FSR,bandgap_4.0_to_4.5eV,1,Ca,c1ccccc1.c1ccccc1
qmof-a59565c,BUZMUG_FSR,bandgap_4.0_to_4.5eV,3,Pr,c1cc(-c2nn[nH]n2)ccn1
qmof-73e0d48,BUZHIO_FSR,bandgap_4.0_to_4.5eV,3,Cd,O=c1cccc[nH]1
qmof-e84ed41,BUZHEK_FSR,bandgap_4.0_to_4.5eV,1,Cd,O=c1cccc[nH]1
qmof-e21ce63,LOQFEE_FSR,bandgap_4.0_to_4.5eV,5,Zn,O=c1cccc[nH]1
qmof-dbbee82,PEJTEF_FSR,bandgap_4.0_to_4.5eV,5,Pr,
qmof-ecac71f,DOBFAC01_FSR,bandgap_4.0_to_4.5eV,1,Ni,c1ccc(-c2cccnc2)cc1
qmof-541af34,BUZGUZ_FSR,bandgap_4.0_to_4.5eV,1,Zn,O=c1cccc[nH]1
qmof-f954167,JODHAM_FSR,bandgap_4.0_to_4.5eV,4,Ag,O=C1CNC(=O)CN1
qmof-2134a1d,JODFAL_FSR,bandgap_4.0_to_4.5eV,1,Nd,c1cc(-c2ncc[nH]2)ccn1
qmof-2fd988a,PERGIF_FSR,bandgap_4.0_to_4.5eV,3,Zn,c1cc(-n2cncn2)cc(-n2cncn2)c1
qmof-87678da,PERDAS_FSR,bandgap_4.0_to_4.5eV,1,Ag,
qmof-324f46d,PEQVEN_FSR,bandgap_4.0_to_4.5eV,5,Hg,
qmof-6185eff,FIQYOV01_FSR,bandgap_4.0_to_4.5eV,1,Zn,c1ccsc1.c1cn(Cc2ccc(Cn3ccnc3)cc2)cn1
qmof-8d5a08b,FIQPON_FSR,bandgap_4.0_to_4.5eV,2,Cd,
qmof-963fa90,TIDXAH_FSR,bandgap_4.0_to_4.5eV,1,Ag,
qmof-86b73f0,TICLOI_FSR,bandgap_4.0_to_4.5eV,3,Gd,c1ccncc1
qmof-750036a,TIBBOW_FSR,bandgap_4.0_to_4.5eV,5,Tm,c1ccncc1
qmof-05d5336,CADJIB01_FSR,bandgap_4.0_to_4.5eV,4,Zn,
qmof-54078ea,CACQUU_FSR,bandgap_4.0_to_4.5eV,3,Zn,O=c1ccocc1
qmof-0f4d4bb,CACFIX_FSR,bandgap_4.0_to_4.5eV,5,Ca,c1c[nH]cn1
qmof-76932b3,CABTAD_FSR,bandgap_4.0_to_4.5eV,5,Na,
qmof-1492ba7,CAASCO03_FSR,bandgap_4.0_to_4.5eV,2,Ca,O=C1C=CCO1
qmof-940010e,JOHVAE_FSR,bandgap_4.0_to_4.5eV,2,Ag,c1nnn[nH]1
qmof-357aaf4,JOHKIA_FSR,bandgap_4.0_to_4.5eV,5,Cu,
qmof-0db1e73,JOFZUZ_FSR,bandgap_4.0_to_4.5eV,2,Ag,
qmof-e03e344,JOJJIC_FSR,bandgap_4.0_to_4.5eV,2,Co,c1nnn[nH]1
qmof-96e0e51,JOJJAU_FSR,bandgap_4.0_to_4.5eV,2,Mn,c1nnn[nH]1
qmof-0689dbf,JOJJAU01_FSR,bandgap_4.0_to_4.5eV,4,Mn,c1nnn[nH]1
qmof-9444e9b,TEXXOL_FSR,bandgap_4.0_to_4.5eV,1,Tb,c1ccccc1
qmof-622d275,TEVQIU01_FSR,bandgap_4.0_to_4.5eV,3,Hg,
qmof-6d0ce1c,TEVMAJ_FSR,bandgap_4.0_to_4.5eV,4,Cu,c1ccncc1
qmof-4814d71,PEQMOP_FSR,bandgap_4.0_to_4.5eV,2,Cd,
qmof-bdb64dd,PEQLEC01_FSR,bandgap_4.0_to_4.5eV,1,Cd,c1cc(-c2ccncc2)ccn1
qmof-d2c94e7,DITROP_FSR,bandgap_4.0_to_4.5eV,5,Cd,[CH]1C=NC(c2ccccc2)=N1
qmof-0fb4857,DITPON_FSR,bandgap_4.0_to_4.5eV,5,Mn,c1nc[nH]n1
qmof-bb8dddc,DITJEX_FSR,bandgap_4.0_to_4.5eV,4,Ag,c1ccncc1
qmof-41412a3,PEPWUD_FSR,bandgap_4.0_to_4.5eV,5,Cd,C1=NN=C[N]1
qmof-1c2a03e,PEPNOQ_FSR,bandgap_4.0_to_4.5eV,5,Cd,[CH]1C=CC=CN1Cc1ccc(CN2[CH]C=CC=C2)cc1
qmof-2aae36a,PENYIT01_FSR,bandgap_4.0_to_4.5eV,2,Cd,c1ccc(Oc2ccccc2)cc1
qmof-56a6574,PENMOL_FSR,bandgap_4.0_to_4.5eV,3,Bi,
qmof-34855af,PENKUQ_FSR,bandgap_4.0_to_4.5eV,1,Pt,c1ccncc1
qmof-839f4a1,JOVWUM_FSR,bandgap_4.0_to_4.5eV,2,Cd,c1cc[nH+]cc1
qmof-66e805a,TEFTUU_FSR,bandgap_4.0_to_4.5eV,3,Ag,c1ccccc1
qmof-0feb730,TEDFIS_FSR,bandgap_4.0_to_4.5eV,1,Zn,c1ccncc1
qmof-c7f7b10,LOFGOF_FSR,bandgap_4.0_to_4.5eV,4,Sr,c1c[nH]cn1
qmof-370b421,FISHOH_FSR,bandgap_4.0_to_4.5eV,1,Pb,c1cn(-c2ccc(-n3ccnc3)cc2)cn1
qmof-adba110,FIRDAO_FSR,bandgap_4.0_to_4.5eV,1,Sn,
qmof-8f67479,PETWOB_FSR,bandgap_4.0_to_4.5eV,2,Cd,c1cn(Cc2ccc(-n3ccnc3)cc2)cn1
qmof-648c41f,PETGON_FSR,bandgap_4.0_to_4.5eV,2,Cu,
qmof-d8ed558,TEQQOV_FSR,bandgap_4.0_to_4.5eV,5,Cd,[CH]1C=CC=CN1CCCCN1[CH]C=CC=C1
qmof-d8a1caf,TEQQIP_FSR,bandgap_4.0_to_4.5eV,2,Cd,[CH]1C=CC=CN1CCCCN1[CH]C=CC=C1
qmof-f24dae1,TIGWUD_FSR,bandgap_4.0_to_4.5eV,2,Cd,
qmof-284c5cf,TIGWOX_FSR,bandgap_4.0_to_4.5eV,1,Cd,
qmof-492d2a5,TIDZAJ_FSR,bandgap_4.0_to_4.5eV,5,Cu,
qmof-767c706,CAHNAC_FSR,bandgap_4.0_to_4.5eV,1,Co,c1ccccc1
qmof-caa8e2a,CAHHIC01_FSR,bandgap_4.0_to_4.5eV,4,Mo,
qmof-a29d976,CAFUMT01_FSR,bandgap_4.0_to_4.5eV,3,Ca,
qmof-c570ff7,CAJVIT01_FSR,bandgap_4.0_to_4.5eV,5,Ag,
qmof-508fff5,CAJTOX_FSR,bandgap_4.0_to_4.5eV,3,K,
qmof-d8e43f6,TEHVIL_FSR,bandgap_4.0_to_4.5eV,5,Cd,
qmof-2bbe9ae,PIDSAY_FSR,bandgap_4.0_to_4.5eV,4,Ag,c1ccc(Oc2ccccc2)cc1
qmof-ec7e515,PEVLIN_FSR,bandgap_4.0_to_4.5eV,4,Nd,
qmof-67716b0,PEVLEJ_FSR,bandgap_4.0_to_4.5eV,2,Pr,
qmof-ae2eedb,PEVKOR_FSR,bandgap_4.0_to_4.5eV,2,Zn,c1ccncc1
qmof-01060b4,PEVKIL_FSR,bandgap_4.0_to_4.5eV,3,Zn,c1ccncc1
qmof-099b964,PEVCOJ_FSR,bandgap_4.0_to_4.5eV,2,Cd,
qmof-9cd9fbd,PEVBIC_FSR,bandgap_4.0_to_4.5eV,3,Ag,c1cc(Cn2ccnc2)cc(Cn2ccnc2)c1
qmof-f5dcd18,DIQTUV01_FSR,bandgap_4.0_to_4.5eV,2,Cu,C1CSCS1
qmof-b56746c,DIQNUO_FSR,bandgap_4.0_to_4.5eV,3,Dy,c1ccccc1
qmof-3b967da,LOFJOG_FSR,bandgap_4.0_to_4.5eV,2,Cd,S=C1[N]N=CN1
qmof-4192319,LOFJEW_FSR,bandgap_4.0_to_4.5eV,3,Cd,S=c1[nH]cn[nH]1
qmof-017c7fa,GOJDIT_FSR,bandgap_4.0_to_4.5eV,4,Organic_Only,
qmof-b06a90c,GOHWOR_FSR,bandgap_4.0_to_4.5eV,5,Organic_Only,C1CCOC1
qmof-8333737,TARSOW_FSR,bandgap_4.0_to_4.5eV,5,Dy,c1ccccc1
qmof-82cb581,TARSIQ_FSR,bandgap_4.0_to_4.5eV,2,Tb,c1ccccc1
qmof-a3a09fc,TAZYOK_FSR,bandgap_4.0_to_4.5eV,3,Sm,c1ccncc1
qmof-5161923,TATROY_FSR,bandgap_4.0_to_4.5eV,2,Organic_Only,C1CCCCC1
qmof-4a7bb80,LOCCEL_FSR,bandgap_4.0_to_4.5eV,1,Ba,c1ccccc1
qmof-44d1f08,LOBHOA_FSR,bandgap_4.0_to_4.5eV,5,Zn,c1ccccc1.c1nncn1CCn1cnnc1
qmof-6070de9,LOFKEX_FSR,bandgap_4.0_to_4.5eV,4,Cd,
qmof-cd46c95,DIPQIE_FSR,bandgap_4.0_to_4.5eV,2,Na,
qmof-768d192,PEXSOB01_FSR,bandgap_4.0_to_4.5eV,5,Cd,c1ccc2[nH]cnc2c1.c1ccc2[nH]cnc2c1
qmof-20ae7e2,PEXSIV01_FSR,bandgap_4.0_to_4.5eV,5,Cd,c1ccc2[nH]cnc2c1
qmof-e05c6ec,TEQLEJ01_FSR,bandgap_4.0_to_4.5eV,1,Cd,c1ccccc1.c1cn(-c2ccc(-n3ccnc3)cc2)cn1
qmof-d76ec90,TEQKAC_FSR,bandgap_4.0_to_4.5eV,5,Cd,c1cc[nH+]cc1
qmof-68380f0,TENKUV_FSR,bandgap_4.0_to_4.5eV,1,Zn,C1=Nc2cc3c(cc2[N]1)N=C[N]3
qmof-093528a,CANVUL_FSR,bandgap_4.0_to_4.5eV,3,Cd,c1ccccc1
qmof-cab5309,CANVOF_FSR,bandgap_4.0_to_4.5eV,5,Cd,c1ccccc1
qmof-a3a0733,CALDEA_FSR,bandgap_4.0_to_4.5eV,1,Cd,c1c[nH]c(-c2ncc[nH]2)n1
qmof-367efb8,CAPMOY_FSR,bandgap_4.0_to_4.5eV,5,Tb,c1ccc(-c2ccccc2)cc1
qmof-cd664ad,TATRAI_FSR,bandgap_4.0_to_4.5eV,5,Cd,O=C(c1cccnc1)c1cccnc1
qmof-3cd6c37,TAKTEH_FSR,bandgap_4.0_to_4.5eV,5,Ga,c1ccc(-c2ccccc2)cc1
qmof-f134027,TAQJEA_FSR,bandgap_4.0_to_4.5eV,3,Ba,
qmof-a4fd570,FITTEH_FSR,bandgap_4.0_to_4.5eV,3,V,
qmof-fe4a7b4,DIMKAN_FSR,bandgap_4.0_to_4.5eV,3,Sm,C1=CN=C[N]1.c1c[nH]cn1
qmof-1a3aede,DIMCOT_FSR,bandgap_4.0_to_4.5eV,4,Cd,[CH]1C=CC=CN1
qmof-404ee41,DIMCAF_FSR,bandgap_4.0_to_4.5eV,3,Cd,[CH]1C=CC=CN1
qmof-f50d129,DIMBUY_FSR,bandgap_4.0_to_4.5eV,2,Zn,[CH]1C=CC=CN1
qmof-0126d83,DILDEI01_FSR,bandgap_4.0_to_4.5eV,2,Zn,c1cnc(C2=NN=N[N]2)nc1
qmof-d89f5f4,PIHKUN_FSR,bandgap_4.0_to_4.5eV,4,Zn,c1cc(CCc2ccncc2)ccn1
qmof-f44b97c,JUFREJ_FSR,bandgap_4.0_to_4.5eV,4,Gd,c1cncnc1
qmof-3c6146b,JUCRUU_FSR,bandgap_4.0_to_4.5eV,5,Zn,
qmof-771c050,JUCROO_FSR,bandgap_4.0_to_4.5eV,1,Zn,
qmof-71a4d07,TANSIM_FSR,bandgap_4.0_to_4.5eV,5,Pd,c1ccncc1
qmof-34d7c8a,TARTAJ_FSR,bandgap_4.0_to_4.5eV,5,Tb,c1ccccc1
qmof-88a7d5a,TACJEM_FSR,bandgap_4.0_to_4.5eV,4,Na,c1ccccc1
qmof-abd0616,CAWLIY_FSR,bandgap_4.0_to_4.5eV,5,Zn,c1ccccc1
qmof-c49c727,CATPAL03_FSR,bandgap_4.0_to_4.5eV,5,Ca,c1ccccc1
qmof-96226c0,JUCRII_FSR,bandgap_4.0_to_4.5eV,4,Zn,
qmof-2928cd0,DIFTOD_FSR,bandgap_4.0_to_4.5eV,1,Ag,O=C1[N]S(=O)(=O)c2ccccc21
qmof-3391747,PIHHIZ_FSR,bandgap_4.0_to_4.5eV,3,Zn,c1ccncc1.c1cn(CCCCn2ccnc2)cn1
qmof-1f59aa4,PIFBIQ_FSR,bandgap_4.0_to_4.5eV,2,Ba,
qmof-cb14b92,DIKQEU_FSR,bandgap_4.0_to_4.5eV,2,Zn,c1ccccc1
qmof-9cb371f,DIHROE_FSR,bandgap_4.0_to_4.5eV,5,Zn,c1ccc(-n2cncn2)cc1
qmof-2e15076,LIXRIV_FSR,bandgap_4.0_to_4.5eV,3,Na,c1ccc(-c2c(-c3ccccc3)c(-c3ccccc3)c(-c3ccccc3)c(-c3ccccc3)c2-c2ccccc2)cc1
qmof-f815bf7,FIWBAO_FSR,bandgap_4.0_to_4.5eV,2,Li,
qmof-c7c2c9c,FIVYOZ_FSR,bandgap_4.0_to_4.5eV,5,Sn,c1ccncc1
qmof-40250e9,CASALA02_FSR,bandgap_4.0_to_4.5eV,4,Ca,c1ccccc1
qmof-858bc51,CAQVEY_FSR,bandgap_4.0_to_4.5eV,3,Na,c1cnc2[nH]ccc2c1
qmof-debb278,CAQNIU_FSR,bandgap_4.0_to_4.5eV,3,Cd,c1cc([SiH2]c2ccncc2)ccn1
qmof-b320dc2,CAQFEI_FSR,bandgap_4.0_to_4.5eV,1,Tb,c1ccccc1
qmof-f995bd9,JUKXIW01_FSR,bandgap_4.0_to_4.5eV,1,Cd,c1ccncc1
qmof-3913683,FIXPEI_FSR,bandgap_4.0_to_4.5eV,1,Au,C(#CP(c1ccccc1)c1ccccc1)P(c1ccccc1)c1ccccc1
qmof-a2d4b80,FIXGEZ_FSR,bandgap_4.0_to_4.5eV,3,Cd,c1ccncc1
qmof-275e0ea,FIXGAV_FSR,bandgap_4.0_to_4.5eV,2,Zn,c1ccncc1
qmof-7406b61,LIXVUL_FSR,bandgap_4.0_to_4.5eV,1,Cd,C1CCCCC1.c1cc(-c2c[nH]cn2)cc(-c2cnc[nH]2)c1
qmof-2393523,PIJYAL_FSR,bandgap_4.0_to_4.5eV,1,K,C1CCOC1
qmof-4159cf9,PIJKAV_FSR,bandgap_4.0_to_4.5eV,3,Zn,c1ccccc1
qmof-a4c6e04,GOHWIL_FSR,bandgap_4.0_to_4.5eV,5,Organic_Only,C1CCC1
qmof-f309089,GOHVOQ_FSR,bandgap_4.0_to_4.5eV,5,Organic_Only,
qmof-6ac8fc3,GOHCIP_FSR,bandgap_4.0_to_4.5eV,2,Cd,c1ccc(NCc2ccncc2)nc1
qmof-1ad458e,GOGLUK_FSR,bandgap_4.0_to_4.5eV,1,Hg,
qmof-cc4453b,GOGJES_FSR,bandgap_4.0_to_4.5eV,3,Cd,c1ccncc1
qmof-c46c71e,TACBEF_FSR,bandgap_4.0_to_4.5eV,2,Ni,c1nc2cc3[nH]cnc3cc2[nH]1
qmof-965b897,SUYHAW_FSR,bandgap_4.0_to_4.5eV,3,Yb,c1ccccc1
qmof-e50120c,TAHJES_FSR,bandgap_4.0_to_4.5eV,2,Co,
qmof-3332fd1,TAGVII_FSR,bandgap_4.0_to_4.5eV,2,Cd,c1cc(CCCc2ccncc2)ccn1.c1ccc(-c2ccccc2)cc1
qmof-b8ed633,GIZVOB_FSR,bandgap_4.0_to_4.5eV,3,Hg,
qmof-3f84407,GIZVIV_FSR,bandgap_4.0_to_4.5eV,3,Hg,c1cnc(C2=NN=N[N]2)cn1
qmof-6721074,SUKREX01_FSR,bandgap_4.0_to_4.5eV,3,La,c1ccccc1
qmof-e7748f7,CEBCAP_FSR,bandgap_4.0_to_4.5eV,5,Ca,c1ccccc1
qmof-eb6363e,GIZKIK_FSR,bandgap_4.0_to_4.5eV,5,Zn,c1ccncc1
qmof-150781e,PINKOP_FSR,bandgap_4.0_to_4.5eV,2,Cd,c1ccc(-c2ncc[nH]2)cc1
qmof-f640f33,LIRYAN_FSR,bandgap_4.0_to_4.5eV,5,Cd,c1cnc(C2=NN=N[N]2)cn1
qmof-94dd3be,CAZXOQ_FSR,bandgap_4.0_to_4.5eV,2,Zn,c1ccccc1
qmof-3351730,CAZXIN_FSR,bandgap_4.0_to_4.5eV,2,Cd,O=C(CCCCCCC(=O)Nc1cccnc1)Nc1cccnc1.c1ccccc1
qmof-26b5f18,CAZXEJ_FSR,bandgap_4.0_to_4.5eV,5,Cd,O=C(CCCCCCC(=O)Nc1cccnc1)Nc1cccnc1.c1ccccc1
qmof-a911695,CAZLEV_FSR,bandgap_4.0_to_4.5eV,1,Ag,
qmof-be391c1,CAYSEB01_FSR,bandgap_4.0_to_4.5eV,5,Zn,C1=C[C]2N=NN=C2C=C1.[CH]1C=CC2=NN=NC2=C1.c1ccc2c(c1)[N]N=N2
qmof-b22af88,SUQVUX_FSR,bandgap_4.0_to_4.5eV,2,Ag,S=C1NCCCN1
qmof-92d67c2,CAXZEI_FSR,bandgap_4.0_to_4.5eV,3,Cd,c1ccccc1.c1cn(Cn2ccnc2)cn1
qmof-360b5df,JUMRIU_FSR,bandgap_4.0_to_4.5eV,3,Hg,
qmof-9c038df,JULCAU_FSR,bandgap_4.0_to_4.5eV,3,K,c1ccccc1
qmof-9d96a3f,DICHUV_FSR,bandgap_4.0_to_4.5eV,3,Na,C1CCNCC1
qmof-684fe0f,PIWDEF_FSR,bandgap_4.0_to_4.5eV,3,Sn,c1ccc2c(c1)OCO2
qmof-5b751c9,POCVAF01_FSR,bandgap_4.0_to_4.5eV,5,Cd,c1ccccc1.c1cn(CCOCCn2ccnc2)cn1
qmof-33e82fb,POCQEE_FSR,bandgap_4.0_to_4.5eV,4,Cd,c1cc(Cn2cncn2)cc(Cn2cncn2)c1
qmof-12fc980,POCQAA_FSR,bandgap_4.0_to_4.5eV,2,Cd,c1cc(Cn2cncn2)cc(Cn2cncn2)c1
qmof-fdbbab3,KACMOT_FSR,bandgap_4.0_to_4.5eV,2,La,
qmof-1b058a2,JUSZUU_FSR,bandgap_4.0_to_4.5eV,3,Zn,c1ccc(-c2ccncc2)cc1
qmof-6b9969b,GIYHED_FSR,bandgap_4.0_to_4.5eV,3,Zn,c1ccsc1.c1cn(-c2ccc(-n3ccnc3)cc2)cn1
qmof-ce59b58,GIYHAZ_FSR,bandgap_4.0_to_4.5eV,4,Cd,c1ccsc1.c1cn(-c2ccc(-n3ccnc3)cc2)cn1
qmof-b6158a1,GIXNAF_FSR,bandgap_4.0_to_4.5eV,3,Cd,c1ccccc1.c1ccccc1
qmof-4bdff9f,CECVIQ_FSR,bandgap_4.0_to_4.5eV,5,Pr,c1ccncc1
qmof-2f358d2,CECRUY_FSR,bandgap_4.0_to_4.5eV,4,Cd,c1cnccn1
qmof-8f40bf6,CECROS_FSR,bandgap_4.0_to_4.5eV,5,Cd,c1cnccn1
qmof-7c7b2bc,CECRIM_FSR,bandgap_4.0_to_4.5eV,4,Cd,c1cnccn1
qmof-ce7e22c,CECKED_FSR,bandgap_4.0_to_4.5eV,4,Cd,c1ccccc1
qmof-82f77fa,CECJUS_FSR,bandgap_4.0_to_4.5eV,1,Cd,c1ccc2[nH]c(Cn3ccnc3)nc2c1.c1ccccc1
qmof-02485bd,LINVAI_FSR,bandgap_4.0_to_4.5eV,4,Gd,c1ccccc1
qmof-2e97dc7,LINTUA_FSR,bandgap_4.0_to_4.5eV,5,Sm,c1ccccc1
qmof-2bf71ce,LINSUZ_FSR,bandgap_4.0_to_4.5eV,5,Er,c1ccccc1
qmof-19ac3b5,LINSEJ_FSR,bandgap_4.0_to_4.5eV,5,Sm,c1ccccc1
qmof-fc7ed75,LINSAF_FSR,bandgap_4.0_to_4.5eV,1,Tb,
qmof-a54b66a,LINRUY_FSR,bandgap_4.0_to_4.5eV,5,Sm,
qmof-2e3199e,LIWLUZ_FSR,bandgap_4.0_to_4.5eV,1,Cd,[CH]1C=C(C2=NN=N[N]2)C=CN1.[CH]1C=C(C2=N[N]N=N2)C=CN1
qmof-25be31d,LISDAT_FSR,bandgap_4.0_to_4.5eV,5,Cd,O=C(Nc1cccnc1)Nc1cccnc1
qmof-b8000f1,POBHIZ_FSR,bandgap_4.0_to_4.5eV,3,Cu,
qmof-7d1abbc,DEZFIZ_FSR,bandgap_4.0_to_4.5eV,4,Tb,c1ccc2[nH]cnc2c1
qmof-38b0baa,DEZFEV_FSR,bandgap_4.0_to_4.5eV,5,Ho,c1ccc2[nH]cnc2c1
qmof-5b5d1a2,DEZFAR_FSR,bandgap_4.0_to_4.5eV,2,Yb,c1ccc2[nH]cnc2c1
qmof-aec449c,DEZBAO_FSR,bandgap_4.0_to_4.5eV,5,Pb,
qmof-f645d00,DEYYEO_FSR,bandgap_4.0_to_4.5eV,2,Cu,
qmof-2e18852,DEYSUX_FSR,bandgap_4.0_to_4.5eV,4,Co,c1ccccc1
qmof-148f760,POHNUX_FSR,bandgap_4.0_to_4.5eV,2,Organic_Only,C1CCCCC1
qmof-d192f59,PODJAV_FSR,bandgap_4.0_to_4.5eV,4,Cd,S=C1[N]N=C(CN2[CH]N=C[N]2)S1
qmof-4e113a2,POLMEJ_FSR,bandgap_4.0_to_4.5eV,4,Cu,
qmof-950a070,POLLAD_FSR,bandgap_4.0_to_4.5eV,1,Hg,
qmof-10d8e94,POLGON_FSR,bandgap_4.0_to_4.5eV,3,Zn,O=C(NCc1cccnc1)c1cccnc1
qmof-a83c999,POLDUR_FSR,bandgap_4.0_to_4.5eV,2,Cd,[CH]1C=NC=N1.c1ccccc1
qmof-d385e80,POLBEZ01_FSR,bandgap_4.0_to_4.5eV,5,Cu,[CH]1N=C[N]N1Cc1ccccc1
qmof-8a7f6ff,LINVIQ_FSR,bandgap_4.0_to_4.5eV,4,Dy,c1ccccc1
qmof-a1e9424,LINVEM_FSR,bandgap_4.0_to_4.5eV,5,Tb,c1ccccc1
qmof-91f3692,SORZAC_FSR,bandgap_4.0_to_4.5eV,4,Cd,C1=Nc2cc3c(cc2[N]1)N=C[N]3
qmof-aca9816,SOQHIR_FSR,bandgap_4.0_to_4.5eV,1,Tb,c1ccc(-c2ccccc2)cc1
qmof-518d206,SOPDAD_FSR,bandgap_4.0_to_4.5eV,2,Cu,c1ccc(CSCCNCCSCc2ccccc2)cc1
qmof-07dcfa3,SOZKAV_FSR,bandgap_4.0_to_4.5eV,3,Cd,c1ccncc1
qmof-93707aa,SOYFIW_FSR,bandgap_4.0_to_4.5eV,2,Cu,c1ccc2[nH]nnc2c1
qmof-9460f36,GIWZOB_FSR,bandgap_4.0_to_4.5eV,4,Hg,c1ccc(-c2ccccn2)nc1
qmof-b2ea3a6,GIWYIV_FSR,bandgap_4.0_to_4.5eV,2,Cd,
qmof-be0b180,GIWYET_FSR,bandgap_4.0_to_4.5eV,4,Cd,c1ccc(-c2cccnc2)cc1
qmof-ceaa98a,GIWLAA_FSR,bandgap_4.0_to_4.5eV,1,Cd,c1cc(Cn2cncn2)ccn1
qmof-f8c9995,KALPES_FSR,bandgap_4.0_to_4.5eV,4,Ag,
qmof-011f2cc,CECWEO_FSR,bandgap_4.0_to_4.5eV,2,Cd,c1cc(-n2cnnc2)ccc1C1=NN=N[N]1
qmof-ab54701,SOKDIH_FSR,bandgap_4.0_to_4.5eV,1,Cu,c1ccc(-n2cnnc2)cc1
qmof-c8bcd1e,SOHYUL_FSR,bandgap_4.0_to_4.5eV,3,Cu,c1ccc2c(c1)OCCOCCOCCOCCOCCO2
qmof-36fd5b3,SOHREO_FSR,bandgap_4.0_to_4.5eV,4,Hg,
qmof-ec871b5,DERYAB_FSR,bandgap_4.0_to_4.5eV,3,Ni,c1ccc([C]2[O][Zn][O]2)cc1.c1ccccc1
qmof-935da74,POKFUR_FSR,bandgap_4.0_to_4.5eV,1,Cd,O=C1COc2cc3cc(c2)C(=O)[O][Cd]([O]1)[O]C(=O)CO3
qmof-40bbb80,POKFEC_FSR,bandgap_4.0_to_4.5eV,4,Gd,O=C1C(=O)C(=O)C1=O
qmof-5be25c8,POHQIN01_FSR,bandgap_4.0_to_4.5eV,2,Cd,
qmof-2f7f5e3,POPCOO_FSR,bandgap_4.0_to_4.5eV,3,Cd,c1ccccc1.c1cn(-c2ccc(-n3ccnc3)cc2)cn1
qmof-b6c95ec,POPCII_FSR,bandgap_4.0_to_4.5eV,5,Cd,c1ccccc1.c1cn(-c2ccc(-n3ccnc3)cc2)cn1
qmof-6846fdb,POMTAN_FSR,bandgap_4.0_to_4.5eV,4,La,c1cnccn1
qmof-667620b,POGQEI_FSR,bandgap_4.0_to_4.5eV,3,Ag,c1cncnc1
qmof-f70fff5,POGLUT_FSR,bandgap_4.0_to_4.5eV,3,Tl,
qmof-a2e4f06,POFJOK_FSR,bandgap_4.0_to_4.5eV,3,Zn,c1ccc(-c2ccccc2)cc1
qmof-9911385,SODDEV_FSR,bandgap_4.0_to_4.5eV,1,Rb,c1cnccn1
qmof-1af6ce2,SODCIY_FSR,bandgap_4.0_to_4.5eV,1,Organic_Only,c1cnccn1
qmof-3816edb,SOCWIR_FSR,bandgap_4.0_to_4.5eV,4,Cu,
qmof-232c7dc,CEFDEY_FSR,bandgap_4.0_to_4.5eV,4,Li,c1cncnc1
qmof-c59d8b8,CEDXAL_FSR,bandgap_4.0_to_4.5eV,3,Fe,c1nncn1CCn1cnnc1
qmof-1c4a0c9,GIVCUK_FSR,bandgap_4.0_to_4.5eV,1,Mg,
qmof-14924f8,GITFAT_FSR,bandgap_4.0_to_4.5eV,5,Ag,
qmof-903f0ae,FODGUB02_FSR,bandgap_4.0_to_4.5eV,2,Cd,c1ccncc1
qmof-4a4833a,FOCZOO_FSR,bandgap_4.0_to_4.5eV,3,Zn,c1ccc(-c2ccncc2)cc1
qmof-1b54ceb,FOCTEY_FSR,bandgap_4.0_to_4.5eV,1,Ag,O=[PH](c1ccccc1)c1ccccc1
qmof-5885ba6,LIRPUX_FSR,bandgap_4.0_to_4.5eV,5,Ag,c1cnoc1
qmof-6013710,POMDIF_FSR,bandgap_4.0_to_4.5eV,1,Sm,O=C1C(=O)C(=O)C1=O
qmof-4aa603d,POLPOW_FSR,bandgap_4.0_to_4.5eV,2,Zn,C1=NC=N[N]1
qmof-b01aecb,DEYMEB_FSR,bandgap_4.0_to_4.5eV,4,Cd,c1ccccc1
qmof-bec0a90,KAGBIG_FSR,bandgap_4.0_to_4.5eV,5,Na,
qmof-2737c15,GIWYAP_FSR,bandgap_4.0_to_4.5eV,3,Cd,c1ccc(-c2cccnc2)cc1
qmof-5313422,SOBZOA01_FSR,bandgap_4.0_to_4.5eV,1,Cd,O=c1ccn(-c2ccccc2)cc1
qmof-6213255,KAMYED_FSR,bandgap_4.0_to_4.5eV,4,K,O=[PH]1c2ccccc2Oc2ccccc21
qmof-e989a0b,KAMBUW_FSR,bandgap_4.0_to_4.5eV,3,Ag,
qmof-9e4819b,GIQYIQ01_FSR,bandgap_4.0_to_4.5eV,5,Cd,c1ccc(-n2ccnc2)cc1
qmof-e6ff6a8,GISQOR_FSR,bandgap_4.0_to_4.5eV,5,Ag,[c]1ccccc1
qmof-51a8296,SOBZIU01_FSR,bandgap_4.0_to_4.5eV,4,Cd,[CH]1C=CC=CN1c1ccccc1
qmof-605077f,SIZNEW_FSR,bandgap_4.0_to_4.5eV,5,Cd,c1ccncc1
qmof-40ec03b,PUFTEQ_FSR,bandgap_4.0_to_4.5eV,1,Cd,c1ccncc1
qmof-c97a018,PUDWIV_FSR,bandgap_4.0_to_4.5eV,4,Organic_Only,
qmof-40ff1c5,PORZON_FSR,bandgap_4.0_to_4.5eV,1,Cd,c1ccccc1.c1ccncc1
qmof-9e3044c,PORVEZ_FSR,bandgap_4.0_to_4.5eV,3,Mn,
qmof-7b5e892,PORKOY_FSR,bandgap_4.0_to_4.5eV,1,Co,c1nnnn1CCn1cnnn1
qmof-1a60246,POQTIZ_FSR,bandgap_4.0_to_4.5eV,4,Cd,O=C(NCCc1ccccc1)Nc1ccccc1
qmof-0bac948,LIJYEJ_FSR,bandgap_4.0_to_4.5eV,1,Ag,O=C(CSC1CCCCC1)N1CCN(C(=O)CSC2CCCCC2)CC1
qmof-cb3e9e8,SOSKOC_FSR,bandgap_4.0_to_4.5eV,4,Co,
qmof-f69729d,SOHBAU_FSR,bandgap_4.0_to_4.5eV,5,Ag,
qmof-03af876,KATZOV_FSR,bandgap_4.0_to_4.5eV,1,Nd,
qmof-aea802e,KATZIP_FSR,bandgap_4.0_to_4.5eV,1,Ho,
qmof-576be06,SISPIV_FSR,bandgap_4.0_to_4.5eV,1,Organic_Only,
qmof-061a90b,CEJWUK_FSR,bandgap_4.0_to_4.5eV,5,Cd,
qmof-525bc94,CEJLIP_FSR,bandgap_4.0_to_4.5eV,3,Er,c1ccccc1
qmof-90c3233,CEJLEL_FSR,bandgap_4.0_to_4.5eV,5,Lu,c1ccccc1
qmof-c41123e,CEJKUA_FSR,bandgap_4.0_to_4.5eV,1,Tm,c1ccccc1
qmof-5ef4ba5,GINJAR_FSR,bandgap_4.0_to_4.5eV,5,Cd,c1ccc(Cn2ccnc2)c(Cn2ccnc2)c1.c1ccccc1
qmof-92f1c98,GINHUJ_FSR,bandgap_4.0_to_4.5eV,3,Cd,c1cc(Cn2cnc3ccccc32)cc(Cn2cnc3ccccc32)c1.c1ccccc1
qmof-fff4e91,LIMNUR_FSR,bandgap_4.0_to_4.5eV,4,Zn,c1ccccc1
qmof-5b6856e,LIKFAN_FSR,bandgap_4.0_to_4.5eV,2,Pb,
qmof-80d041c,LIKBOX_FSR,bandgap_4.0_to_4.5eV,1,Zn,[CH]1N=C[N]N1Cc1cccc(CN2[CH]N=C[N]2)c1
qmof-afbf6ca,PUKTAR_FSR,bandgap_4.0_to_4.5eV,1,Ho,c1ccccc1
qmof-1b23c32,SOCDIY_FSR,bandgap_4.0_to_4.5eV,3,Ni,c1nnnn1CCn1cnnn1
qmof-f8c2ad1,SOCDEV_FSR,bandgap_4.0_to_4.5eV,2,Ag,C1=Nc2ccccc2[N]1
qmof-28770b1,SOCDAQ_FSR,bandgap_4.0_to_4.5eV,4,Ni,
qmof-d1ca0dc,CENSUJ_FSR,bandgap_4.0_to_4.5eV,2,Ag,
qmof-9d80c83,PURMAS_FSR,bandgap_4.0_to_4.5eV,5,K,c1ccncc1
qmof-61aef3f,DEPSAS_FSR,bandgap_4.0_to_4.5eV,1,Na,
qmof-e522407,DENVIC_FSR,bandgap_4.0_to_4.5eV,4,Cd,c1ccc(Cc2ccccc2)cc1
qmof-6d43fc9,DENTEW01_FSR,bandgap_4.0_to_4.5eV,5,Cd,c1ccc(Cc2ccccc2)cc1
qmof-21f2fac,DEMMIS_FSR,bandgap_4.0_to_4.5eV,5,Na,
qmof-6edb7fd,DELTAQ01_FSR,bandgap_4.0_to_4.5eV,4,Zn,c1cc(-c2ccncc2)ccn1
qmof-62da585,PUPREY_FSR,bandgap_4.0_to_4.5eV,2,Cd,
qmof-dc5bf96,LIHLEU_FSR,bandgap_4.0_to_4.5eV,4,Er,c1cnccn1
qmof-44b1658,LIGRAW_FSR,bandgap_4.0_to_4.5eV,5,Co,
qmof-50ec5b1,KATKAT_FSR,bandgap_4.0_to_4.5eV,3,Zn,c1cnc(-c2nn[nH]n2)cn1
qmof-e4099ea,KAWHUM01_FSR,bandgap_4.0_to_4.5eV,4,Zn,
qmof-65777fa,KAVTAE_FSR,bandgap_4.0_to_4.5eV,3,Zn,C1CCCCC1.c1cc(CCCc2ccncc2)ccn1
qmof-5a53386,SIRJAG_FSR,bandgap_4.0_to_4.5eV,1,Fe,
qmof-a2d344d,SINKIL_FSR,bandgap_4.0_to_4.5eV,3,Zn,c1cc(-c2ccncc2)ccn1
qmof-a1f00d0,KAVSIL_FSR,bandgap_4.0_to_4.5eV,1,Cd,c1cc2ccc1C1=N[N][N]([N]1)[Cd][n]1nnnc1-2
qmof-d3d7d3d,KAYBIX_FSR,bandgap_4.0_to_4.5eV,4,Ca,c1ccncc1
qmof-da093e6,KAWPUV_FSR,bandgap_4.0_to_4.5eV,1,Ag,
qmof-4cd5f97,CELQIU_FSR,bandgap_4.0_to_4.5eV,1,Zn,c1cc(CCCc2ccncc2)ccn1
qmof-204308b,CELHEI_FSR,bandgap_4.0_to_4.5eV,4,Na,c1c[nH]cn1
qmof-1bd2541,SISFAD01_FSR,bandgap_4.0_to_4.5eV,5,Sr,c1ccncc1
qmof-e106856,SIJYEQ_FSR,bandgap_4.0_to_4.5eV,3,Ca,c1ccccc1
qmof-7d9565e,DEJYOJ_FSR,bandgap_4.0_to_4.5eV,5,Zn,c1cc(CCCc2ccncc2)ccn1.c1ccccc1
qmof-bbeeb23,DEHYOF_FSR,bandgap_4.0_to_4.5eV,1,Zn,c1cc(-c2ccncc2)ccn1
qmof-d014068,DEHXEU_FSR,bandgap_4.0_to_4.5eV,1,Sm,c1ccccc1
qmof-f38a124,PUPQOH_FSR,bandgap_4.0_to_4.5eV,5,Hg,
qmof-92bb180,PUKTIZ_FSR,bandgap_4.0_to_4.5eV,1,Y,c1ccccc1
qmof-430eb04,PUYGEW_FSR,bandgap_4.0_to_4.5eV,5,K,
qmof-73f5b2a,KATYUA_FSR,bandgap_4.0_to_4.5eV,1,Er,
qmof-dff191b,KATLUO_FSR,bandgap_4.0_to_4.5eV,1,Cd,
qmof-c82daac,GILBOV_FSR,bandgap_4.0_to_4.5eV,4,Al,
qmof-ba852ff,KAYWUE_FSR,bandgap_4.0_to_4.5eV,1,Cd,c1ccc2c(c1)ncn2CCCCn1cnc2ccccc21
qmof-3458460,SEVROC_FSR,bandgap_4.0_to_4.5eV,2,Sr,c1ccccc1
qmof-b0b9351,GIGBIJ_FSR,bandgap_4.0_to_4.5eV,3,Cu,C1CNCCN1
qmof-166fde6,LIFWUT_FSR,bandgap_4.0_to_4.5eV,3,Cd,c1ccncc1
qmof-7493d63,LIFNIY_FSR,bandgap_4.0_to_4.5eV,3,Cd,c1cc(Nc2ccncc2)ccn1
qmof-33a12c7,LIFCEK_FSR,bandgap_4.0_to_4.5eV,2,Zn,c1nncs1
qmof-d17ad2a,LIHLIY_FSR,bandgap_4.0_to_4.5eV,5,Yb,c1cnccn1
qmof-dabdd9c,PUQFIS_FSR,bandgap_4.0_to_4.5eV,1,Tb,c1ccccc1
qmof-e4a5205,DEKYUP_FSR,bandgap_4.0_to_4.5eV,1,Cd,c1ccncc1
qmof-f411818,DEKGAE_FSR,bandgap_4.0_to_4.5eV,1,Zn,c1cc(CCc2ccncc2)ccn1
qmof-bee6746,SIJREJ_FSR,bandgap_4.0_to_4.5eV,5,Zn,c1cc[nH+]cc1
qmof-7ed81f1,SESDIE_FSR,bandgap_4.0_to_4.5eV,2,Er,
qmof-0d3a2c8,SESBOK_FSR,bandgap_4.0_to_4.5eV,2,Tm,c1ccc(Oc2ccccc2)cc1
qmof-26f4a05,CEPDEJ_FSR,bandgap_4.0_to_4.5eV,1,Zn,c1cc(Cn2cnnc2)ccc1Cn1cnnc1.c1ccccc1
qmof-1e3de68,CEPDAF_FSR,bandgap_4.0_to_4.5eV,4,Zn,c1cc(Cn2cnnc2)ccc1Cn1cnnc1.c1ccccc1
qmof-54067df,KAYQIM_FSR,bandgap_4.0_to_4.5eV,1,Ba,
qmof-722b6f4,KAYBUJ_FSR,bandgap_4.0_to_4.5eV,4,Ca,c1ccncc1
qmof-6235282,SEBMOE_FSR,bandgap_4.0_to_4.5eV,5,Pr,c1ccccc1.c1ccccc1
qmof-21270fb,SAZVAR_FSR,bandgap_4.0_to_4.5eV,1,Zn,c1ccccc1
qmof-4ad722a,CIBNIM_FSR,bandgap_4.0_to_4.5eV,3,Tb,O=c1ccn(-c2ccccc2)cc1.[CH]1C=CC=CN1c1ccccc1
qmof-878c6f5,CIBNEI_FSR,bandgap_4.0_to_4.5eV,5,Dy,O=c1ccn(-c2ccccc2)cc1.[CH]1C=CC=CN1c1ccccc1
qmof-52c18d4,CIBFAV_FSR,bandgap_4.0_to_4.5eV,5,Hg,
qmof-b654313,LEZBUO_FSR,bandgap_4.0_to_4.5eV,1,Sr,c1ccccc1
qmof-296e43b,FOHNAT_FSR,bandgap_4.0_to_4.5eV,1,Cd,c1ccc2[nH]cnc2c1
qmof-9849dd5,PYCDBR01_FSR,bandgap_4.0_to_4.5eV,3,Cd,
qmof-47d81d6,PYCACU01_FSR,bandgap_4.0_to_4.5eV,5,Cu,
qmof-65356da,QAFGAI_FSR,bandgap_4.0_to_4.5eV,4,Cd,c1ccc(-n2cnnc2)cc1
qmof-44525ba,FOGXAB_FSR,bandgap_4.0_to_4.5eV,4,Zn,
qmof-18bb58c,FOGSOL_FSR,bandgap_4.0_to_4.5eV,3,Cd,c1ccc(-c2ccccc2)cc1.c1cn(Cn2ccnc2)cn1
qmof-42326c3,KEBSOA_FSR,bandgap_4.0_to_4.5eV,1,La,c1ccccc1
qmof-52796c9,GIFTAS_FSR,bandgap_4.0_to_4.5eV,5,Cd,[CH]1N=C[N]N1Cc1nc2ccccc2[nH]1.c1ccc2[nH]c(Cn3cncn3)nc2c1.c1ccccc1
qmof-475ad16,KEDNUE_FSR,bandgap_4.0_to_4.5eV,3,Ag,
qmof-fe2bc2d,GIJMOB_FSR,bandgap_4.0_to_4.5eV,3,Na,O=C1[N]S(=O)(=O)c2ccccc21
qmof-d8b08f7,KELJIW_FSR,bandgap_4.0_to_4.5eV,2,Gd,c1ccc(Oc2ccccc2)cc1
qmof-d932d4d,FONKEA_FSR,bandgap_4.0_to_4.5eV,1,Cd,c1ccc(-c2ccccc2)cc1
qmof-640ce15,FOMXOV_FSR,bandgap_4.0_to_4.5eV,5,Sn,c1ccccc1
qmof-006d551,FOJWAE_FSR,bandgap_4.0_to_4.5eV,3,Zn,c1cc(-n2cnnc2)ccc1-n1cnnc1
qmof-6864a0e,QACSAQ_FSR,bandgap_4.0_to_4.5eV,1,Cd,c1ccccc1
qmof-a42fc49,DEHXEU01_FSR,bandgap_4.0_to_4.5eV,3,Sm,c1ccccc1
qmof-e61fb66,DEHXAQ_FSR,bandgap_4.0_to_4.5eV,5,Tb,c1ccccc1
qmof-de94464,DEHWUJ01_FSR,bandgap_4.0_to_4.5eV,1,Gd,c1ccccc1
qmof-e73768a,DEGJUV_FSR,bandgap_4.0_to_4.5eV,1,Ba,c1ccccc1
qmof-d969c5f,LICDAD_FSR,bandgap_4.0_to_4.5eV,5,Cd,c1cnccn1
qmof-5704a73,LEZCOK_FSR,bandgap_4.0_to_4.5eV,2,Zn,c1cnccn1
qmof-e278422,KEDMOX_FSR,bandgap_4.0_to_4.5eV,4,Co,
qmof-eb61052,GICTOB01_FSR,bandgap_4.0_to_4.5eV,1,Zn,c1cnccn1
qmof-e0eb4a6,GICDOO_FSR,bandgap_4.0_to_4.5eV,5,Ni,c1ccc2[nH]cnc2c1
qmof-dec91f5,SEBVEB_FSR,bandgap_4.0_to_4.5eV,4,Cd,c1cncc(-n2cnnc2)c1
qmof-c4c308d,SEBTEZ_FSR,bandgap_4.0_to_4.5eV,3,Cd,
qmof-294fba6,QAFJAL_FSR,bandgap_4.0_to_4.5eV,4,Cd,c1cc(Cn2cnnc2)ccc1Cn1cnnc1.c1ccc(OCc2cccnc2)cc1
qmof-9002232,QAMFUF02_FSR,bandgap_4.0_to_4.5eV,2,Zn,c1ccccc1
qmof-effdd4d,QAMDEO_FSR,bandgap_4.0_to_4.5eV,3,Cu,c1ccccc1
qmof-5bc5985,QAJWON01_FSR,bandgap_4.0_to_4.5eV,3,Ag,c1ccncc1
qmof-d06ef43,LEWKEF_FSR,bandgap_4.0_to_4.5eV,4,Co,C1CCCCC1
qmof-df43da1,CHLBZN_FSR,bandgap_4.0_to_4.5eV,5,Zn,c1ccccc1
qmof-db8d843,CEYQIG_FSR,bandgap_4.0_to_4.5eV,5,Zn,c1cc(-c2ccncc2)ccn1
qmof-2ade6c7,CIBPIO_FSR,bandgap_4.0_to_4.5eV,2,Pr,O=c1ccn(-c2ccccc2)cc1.[CH]1C=CC=CN1c1ccccc1
qmof-b211b3d,CIBPEK_FSR,bandgap_4.0_to_4.5eV,5,Nd,O=c1ccn(-c2ccccc2)cc1.[CH]1C=CC=CN1c1ccccc1
qmof-355deb1,CIBPAG_FSR,bandgap_4.0_to_4.5eV,1,Sm,O=c1ccn(-c2ccccc2)cc1.[CH]1C=CC=CN1c1ccccc1
qmof-bf03ca2,CIBNUY_FSR,bandgap_4.0_to_4.5eV,1,Eu,O=c1ccn(-c2ccccc2)cc1.[CH]1C=CC=CN1c1ccccc1
qmof-a559fff,CIBNOS_FSR,bandgap_4.0_to_4.5eV,1,Gd,O=c1ccn(-c2ccccc2)cc1.[CH]1C=CC=CN1c1ccccc1
qmof-f803fa6,SAXZIA_FSR,bandgap_4.0_to_4.5eV,4,Ba,c1ccccc1
qmof-579aeee,SAXPEP_FSR,bandgap_4.0_to_4.5eV,5,Zn,
qmof-13bd042,SAXMOV_FSR,bandgap_4.0_to_4.5eV,5,Cd,
qmof-7f88bd0,SEDVEE_FSR,bandgap_4.0_to_4.5eV,1,Zn,c1ccccc1.c1cn(Cc2ccc(-c3ccc(Cn4ccnc4)cc3)cc2)cn1
qmof-8130cc0,CIBQUA_FSR,bandgap_4.0_to_4.5eV,4,Pb,c1cc[nH+]cc1.c1ccccc1
qmof-9fc8069,CIBQAH_FSR,bandgap_4.0_to_4.5eV,4,Er,O=c1ccn(-c2ccccc2)cc1.[CH]1C=CC=CN1c1ccccc1
qmof-5f4dceb,LERDOD_FSR,bandgap_4.0_to_4.5eV,1,Ag,O=C1NC2CSCC2N1
qmof-a4d765b,LEQGUJ_FSR,bandgap_4.0_to_4.5eV,3,Mg,c1cnccn1
qmof-3a81f31,LEZBOI_FSR,bandgap_4.0_to_4.5eV,1,Ca,c1ccccc1
qmof-d23a4a2,DEGGED01_FSR,bandgap_4.0_to_4.5eV,2,Cd,
qmof-64aa197,DEFWUI_FSR,bandgap_4.0_to_4.5eV,1,Co,c1ccc2c(c1)ncn2CCCn1cnc2ccccc21.c1ccccc1
qmof-01ecb5c,DEFVOB_FSR,bandgap_4.0_to_4.5eV,4,Cd,c1ccccc1.c1cn(CCCCn2ccnc2)cn1
qmof-8ed6a02,DEFVIV_FSR,bandgap_4.0_to_4.5eV,3,Cd,c1ccccc1.c1cn(CCCCn2ccnc2)cn1
qmof-96bd2de,DEFHUR01_FSR,bandgap_4.0_to_4.5eV,1,Cd,
qmof-0a9f80a,DEFGEB_FSR,bandgap_4.0_to_4.5eV,2,K,[CH]1C=CC=C1
qmof-bf979d0,DEDWOB_FSR,bandgap_4.0_to_4.5eV,2,Cu,c1cscn1
qmof-8bf30fc,QASZUI_FSR,bandgap_4.0_to_4.5eV,1,Cd,c1ccc2[nH]cnc2c1
qmof-df94cde,QASZOC_FSR,bandgap_4.0_to_4.5eV,1,Zn,c1ccc2[nH]cnc2c1
qmof-7ef70ec,QAHREY_FSR,bandgap_4.0_to_4.5eV,5,Li,c1cnccn1
qmof-da87232,QAGZAB_FSR,bandgap_4.0_to_4.5eV,3,Cd,O=C1C(=O)C(=O)C1=O
qmof-3442091,CIFFUU_FSR,bandgap_4.0_to_4.5eV,2,Zn,c1ccccc1
qmof-a24e826,CIFBUQ_FSR,bandgap_4.0_to_4.5eV,4,Zn,c1ccccc1
qmof-0e4c5e7,KEQNIF_FSR,bandgap_4.0_to_4.5eV,5,Cd,
qmof-974b2cb,KENNAU_FSR,bandgap_4.0_to_4.5eV,1,Cu,[N]1N=NN=C1C1=NN=N[N]1
qmof-38ae731,KENJUK_FSR,bandgap_4.0_to_4.5eV,3,Zn,c1nc(C2=NN=N[N]2)c(C2=NN=N[N]2)[nH]1.c1nc(C2=NN=N[N]2)c(C2=N[N]N=N2)[nH]1
qmof-fcedb74,GEVXAI01_FSR,bandgap_4.0_to_4.5eV,5,Gd,c1ccccc1.c1ccccc1
qmof-a1b4d06,QARSAF02_FSR,bandgap_4.0_to_4.5eV,3,Gd,c1cc(-c2ncc[nH]2)ccn1
qmof-0e40af0,QAVROW_FSR,bandgap_4.0_to_4.5eV,2,Cd,
qmof-708b5df,QAVBAS_FSR,bandgap_4.0_to_4.5eV,5,Zn,[CH]1C=NC=N1
qmof-b10a178,FOQTIP_FSR,bandgap_4.0_to_4.5eV,5,Cu,c1nncn1CCn1cnnc1
qmof-c468324,FOQSIO_FSR,bandgap_4.0_to_4.5eV,5,Cu,c1nncn1CCn1cnnc1
qmof-ce0d778,LESJID_FSR,bandgap_4.0_to_4.5eV,5,Pb,
qmof-a25e5d0,GEXWIS_FSR,bandgap_4.0_to_4.5eV,2,Zn,c1ccccc1
qmof-ae99cce,CIDDIE_FSR,bandgap_4.0_to_4.5eV,1,Zn,c1ccccc1.c1cncc(CN2CCN(Cc3cccnc3)CC2)c1
qmof-6699615,CIBZIY_FSR,bandgap_4.0_to_4.5eV,3,Sn,
qmof-8482176,CIBYAO_FSR,bandgap_4.0_to_4.5eV,4,Zn,O=C(NCc1ccc(CNC(=O)c2ccncc2)cc1)c1ccncc1
qmof-6a60a04,SAGHOY_FSR,bandgap_4.0_to_4.5eV,2,Mn,c1ncn(CCn2cncn2)n1
qmof-ac18ff1,CIHNIR_FSR,bandgap_4.0_to_4.5eV,2,Cu,O=C(CSC1CCCCC1)N1CCN(C(=O)CSC2CCCCC2)CC1
qmof-4da1271,GETWOT_FSR,bandgap_4.0_to_4.5eV,1,Ag,c1ccc(C2=NN=N[N]2)cc1
qmof-3baed31,GESVAD_FSR,bandgap_4.0_to_4.5eV,2,Sn,
qmof-043c0a6,GESGAN_FSR,bandgap_4.0_to_4.5eV,4,Er,c1ccncc1
qmof-bdfc499,LEQFEV_FSR,bandgap_4.0_to_4.5eV,4,Cd,
qmof-d73a212,LEPKUN01_FSR,bandgap_4.0_to_4.5eV,2,Zn,c1ccccc1
qmof-cd42f10,QATWAL_FSR,bandgap_4.0_to_4.5eV,3,Cu,c1cn(Cc2ccc(Cn3ccnc3)cc2)cn1
qmof-19f3d7e,QATGOJ_FSR,bandgap_4.0_to_4.5eV,5,Cd,c1cc(CCc2ccncc2)ccn1.c1ccccc1
qmof-16b5b77,DEDTAJ_FSR,bandgap_4.0_to_4.5eV,3,Ag,c1ccc(-c2ccccc2)cc1.c1cn(Cc2ccc(Cn3ccnc3)cc2)cn1
qmof-450a9da,DECFUP_FSR,bandgap_4.0_to_4.5eV,4,Zn,c1ccc(-c2cnc[nH]2)cc1
qmof-41aa483,DECCOE_FSR,bandgap_4.0_to_4.5eV,4,Cu,c1cn(Cc2ccc(Cn3ccnc3)cc2)cn1
qmof-e260879,DEBXEQ_FSR,bandgap_4.0_to_4.5eV,2,Zn,c1ccccc1.c1cn(Cc2ccc(-c3ccc(Cn4ccnc4)cc3)cc2)cn1
qmof-710b24d,DEBWUD_FSR,bandgap_4.0_to_4.5eV,3,Zn,
qmof-7b32e35,CIBPUA_FSR,bandgap_4.0_to_4.5eV,5,Yb,O=c1ccn(-c2ccccc2)cc1.[CH]1C=CC=CN1c1ccccc1
qmof-f06a869,CIFVES_FSR,bandgap_4.0_to_4.5eV,5,Cd,
qmof-8041d1f,FOXBEB_FSR,bandgap_4.0_to_4.5eV,3,Ca,c1cnsn1
qmof-0cedff9,FOWGII_FSR,bandgap_4.0_to_4.5eV,3,Sr,c1ccncc1
qmof-4995df0,FOWDEA10_FSR,bandgap_4.0_to_4.5eV,1,Li,
qmof-a6e5426,LELMOF_FSR,bandgap_4.0_to_4.5eV,2,Cd,c1cc(CCc2ccncc2)ccn1.c1ccccc1
qmof-4a03d2c,QAWHOO_FSR,bandgap_4.0_to_4.5eV,4,Cd,
qmof-d9b6f83,QAWBUN_FSR,bandgap_4.0_to_4.5eV,4,Ga,c1ccc(-c2ccccc2)cc1
qmof-bdc5122,QEBROG_FSR,bandgap_4.0_to_4.5eV,3,Ca,c1ccccc1
qmof-31d6986,QAZKOT_FSR,bandgap_4.0_to_4.5eV,2,Cd,c1ccc2[nH]c(Cn3cncn3)nc2c1
qmof-351499c,LELMIA02_FSR,bandgap_4.0_to_4.5eV,1,Sr,c1ccsc1
qmof-2315a54,LEKJAO_FSR,bandgap_4.0_to_4.5eV,4,Co,C1=CCCCC1
qmof-f05cca2,LEJVOL_FSR,bandgap_4.0_to_4.5eV,2,Bi,
qmof-3fdcc06,LEHTUO_FSR,bandgap_4.0_to_4.5eV,2,Co,C1CCC1
qmof-75a8e8d,SAMTOS_FSR,bandgap_4.0_to_4.5eV,1,Zn,c1cc(CCc2ccncc2)ccn1.c1ccc(Cc2ccccc2)cc1
qmof-c695628,SAHXIL_FSR,bandgap_4.0_to_4.5eV,3,Zn,
qmof-808d81c,SAHCUA_FSR,bandgap_4.0_to_4.5eV,1,Tl,c1ccncc1
qmof-00e18cb,SAGSUP01_FSR,bandgap_4.0_to_4.5eV,1,Cu,
qmof-f38eaf4,QAYFUU_FSR,bandgap_4.0_to_4.5eV,2,Sm,c1c[nH]cn1.c1ccncc1
qmof-302ff98,DAYKIZ_FSR,bandgap_4.0_to_4.5eV,2,Sm,c1ccc(-c2ncc[nH]2)cc1
qmof-2d5798d,DAYKEV_FSR,bandgap_4.0_to_4.5eV,1,Nd,c1ccc(-c2ncc[nH]2)cc1
qmof-7fad017,LEDHIN_FSR,bandgap_4.0_to_4.5eV,3,Dy,c1ccc(-c2cccc(-c3ccccc3)c2)cc1
qmof-bc26dea,LEDHEJ_FSR,bandgap_4.0_to_4.5eV,1,Tb,c1ccc(-c2cccc(-c3ccccc3)c2)cc1
qmof-063b0ce,LEDDIJ_FSR,bandgap_4.0_to_4.5eV,5,La,c1ccncc1
qmof-ff169e1,FOXQUF_FSR,bandgap_4.0_to_4.5eV,3,Co,c1cn(Cc2cc(Cn3ccnc3)cc(Cn3ccnc3)c2)cn1
qmof-02c4706,FOXGEF_FSR,bandgap_4.0_to_4.5eV,4,Zn,c1ccccc1
qmof-330556b,FOXCUQ_FSR,bandgap_4.0_to_4.5eV,1,Ga,
qmof-f52e2c1,KERGIY_FSR,bandgap_4.0_to_4.5eV,5,Na,c1ccncc1
qmof-f53855e,KEXDIC_FSR,bandgap_4.0_to_4.5eV,3,Cd,c1ccccc1
qmof-225aa0b,SADDAE01_FSR,bandgap_4.0_to_4.5eV,4,Ba,O=c1ccocc1
qmof-7f07068,SACNUI_FSR,bandgap_4.0_to_4.5eV,2,Cd,[CH]1N=C[N]c2[nH]cnc21
qmof-1bc3b06,CIKCOQ_FSR,bandgap_4.0_to_4.5eV,5,Cd,C1COCCO1
qmof-3091256,KEWPUZ_FSR,bandgap_4.0_to_4.5eV,4,Ag,c1ccc2[nH]ccc2c1
qmof-95efdd8,KEWMUW_FSR,bandgap_4.0_to_4.5eV,3,Co,c1ccc2c(c1)ncn2CCCn1cnc2ccccc21.c1ccccc1
qmof-70a0b2b,GEPDEM_FSR,bandgap_4.0_to_4.5eV,1,Zn,c1ccccc1.c1ncn(CCn2cncn2)n1
qmof-4cc3c71,GEMXUU01_FSR,bandgap_4.0_to_4.5eV,4,Ni,
qmof-ba03fca,CIKFOT_FSR,bandgap_4.0_to_4.5eV,2,Tb,c1ccccc1.c1ccccc1.c1ccccc1
qmof-73cfd5c,RUZHIE_FSR,bandgap_4.0_to_4.5eV,4,Cd,c1ccccc1
qmof-8d6e3d6,LEGGEK_FSR,bandgap_4.0_to_4.5eV,4,Zn,
qmof-a745d46,LEFJAH01_FSR,bandgap_4.0_to_4.5eV,1,Cu,
qmof-f1acf8c,LEDJIP_FSR,bandgap_4.0_to_4.5eV,5,Cd,O=C1C(=O)C(=O)C1=O.c1nncn1CCCCn1cnnc1
qmof-7893b70,DAYJIY_FSR,bandgap_4.0_to_4.5eV,2,Cd,c1ccc2c(c1)nnn2Cn1c(-c2ccncc2)nc2ccccc21
qmof-eb10d25,DAYGUH_FSR,bandgap_4.0_to_4.5eV,2,K,O=C1[CH]C(=O)NC(=S)N1
qmof-2285864,QEHJIX_FSR,bandgap_4.0_to_4.5eV,1,Ba,c1ccccc1
qmof-62bc1af,QEFHOA_FSR,bandgap_4.0_to_4.5eV,1,Ag,
qmof-3eafdbb,QEDQAU_FSR,bandgap_4.0_to_4.5eV,2,Cd,c1ccc2c(c1)ncn2CCCCn1cnc2ccccc21.c1ccccc1
qmof-8ed0fbc,DAYGOB_FSR,bandgap_4.0_to_4.5eV,1,K,
qmof-dc456e9,QAZKIN_FSR,bandgap_4.0_to_4.5eV,4,Cd,
qmof-c2a7a97,QAZKEJ_FSR,bandgap_4.0_to_4.5eV,4,Cd,
qmof-0d9fb99,QAYLAG_FSR,bandgap_4.0_to_4.5eV,3,Cd,c1ccc(Oc2cccnc2)cc1
qmof-2fb0f21,QEKZEO_FSR,bandgap_4.0_to_4.5eV,4,Cd,c1ccncc1
qmof-05a56bc,QEKYUD_FSR,bandgap_4.0_to_4.5eV,4,Zn,c1ccncc1
qmof-5e04df0,QEKYOX_FSR,bandgap_4.0_to_4.5eV,3,Cd,c1ccncc1
qmof-1710640,QEKSUV_FSR,bandgap_4.0_to_4.5eV,5,Zn,c1cc(CCCc2ccncc2)ccn1.c1ccccc1
qmof-b024a31,QEKGIW_FSR,bandgap_4.0_to_4.5eV,2,Mn,
qmof-41c0d63,QEJZIR01_FSR,bandgap_4.0_to_4.5eV,2,Zn,[CH]1N=C[N]N1Cc1ccc(-c2ccc(CN3[CH]N=C[N]3)cc2)cc1
qmof-4badd07,QEPSUA_FSR,bandgap_4.0_to_4.5eV,2,Cd,c1ccncc1
qmof-9b90617,KEYPAG_FSR,bandgap_4.0_to_4.5eV,1,Zn,c1ccc2[nH]ccc2c1
qmof-6ad2d37,KEXNEJ_FSR,bandgap_4.0_to_4.5eV,5,Co,c1cc(CCc2ccncc2)ccn1
qmof-14584db,KIFCOR_FSR,bandgap_4.0_to_4.5eV,5,K,c1ccccc1.c1ccccc1
qmof-1da28d0,KIBPIW_FSR,bandgap_4.0_to_4.5eV,2,Dy,c1ccc(Oc2cccnc2)cc1
qmof-46f7d3f,KIBPES_FSR,bandgap_4.0_to_4.5eV,4,Er,c1ccc(Oc2cccnc2)cc1
qmof-6d7fa4e,KIBNUG_FSR,bandgap_4.0_to_4.5eV,2,Gd,c1ccc(Oc2cccnc2)cc1
qmof-11b8fff,RUWXOX_FSR,bandgap_4.0_to_4.5eV,1,La,c1ccc(Oc2ccccc2)cc1
qmof-d0a4557,RUWWOW01_FSR,bandgap_4.0_to_4.5eV,5,La,c1ccc(Oc2ccccc2)cc1
qmof-ec5f3ce,GEQTON_FSR,bandgap_4.0_to_4.5eV,3,Zn,O=C(NCc1cccnc1)NCc1cccnc1
qmof-86031cd,RUSRAZ_FSR,bandgap_4.0_to_4.5eV,4,Cd,c1ccc(-c2nn[nH]n2)nc1.c1ccc(C2=N[N]N[N]2)nc1
qmof-9f9595f,RUYVUE_FSR,bandgap_4.0_to_4.5eV,2,Hg,
qmof-c5cb4b1,RUXXAJ01_FSR,bandgap_4.0_to_4.5eV,1,Ag,
qmof-2ade4ad,QEYWOH_FSR,bandgap_4.0_to_4.5eV,2,Cu,[CH]1N=C[N]N1Cn1cncn1
qmof-af2d73f,QENFAR_FSR,bandgap_4.0_to_4.5eV,1,Zn,c1ccccc1
qmof-6b09e9a,DAXDEO_FSR,bandgap_4.0_to_4.5eV,4,Ba,c1cc(Cc2ncc[nH]2)ccn1
qmof-3b7ce0b,DAWWUV_FSR,bandgap_4.0_to_4.5eV,3,Cd,[CH]1C=NC(Cn2cncn2)=N1
qmof-4fc6367,DAWPOI_FSR,bandgap_4.0_to_4.5eV,5,Zn,c1ccccc1
qmof-c7ade9c,DAWPIC_FSR,bandgap_4.0_to_4.5eV,5,Zn,c1ccccc1
qmof-b97ea32,DAVKIV_FSR,bandgap_4.0_to_4.5eV,2,Ag,
qmof-cecbcd8,DATSUN_FSR,bandgap_4.0_to_4.5eV,5,Ag,c1ccc(SCSc2ccccc2)cc1
qmof-c713d6e,DATSOH_FSR,bandgap_4.0_to_4.5eV,3,Ag,c1ccc(SCSc2ccccc2)cc1
qmof-a18db6c,DATPAP_FSR,bandgap_4.0_to_4.5eV,5,Ag,c1ccoc1
qmof-f46f06e,DAXFAM_FSR,bandgap_4.0_to_4.5eV,5,Ba,c1cncc(Cc2ncc[nH]2)c1
qmof-346883b,DAXDUE_FSR,bandgap_4.0_to_4.5eV,2,Ca,c1cc(Cc2ncc[nH]2)ccn1
qmof-5b34637,DAXDIS_FSR,bandgap_4.0_to_4.5eV,5,Sr,c1cc(Cc2ncc[nH]2)ccn1
qmof-aaea06e,RUWZEO_FSR,bandgap_4.0_to_4.5eV,3,K,
qmof-dc59205,RUMWAY_FSR,bandgap_4.0_to_4.5eV,4,Hg,c1cn(Cn2ccnc2)cn1
qmof-a8abb47,CIPQAW_FSR,bandgap_4.0_to_4.5eV,3,Fe,
qmof-692d2f0,CINPAR_FSR,bandgap_4.0_to_4.5eV,1,La,c1ccncc1
qmof-44d6faf,CINNIX_FSR,bandgap_4.0_to_4.5eV,1,Tb,c1ccncc1
qmof-8c13777,CINNAP_FSR,bandgap_4.0_to_4.5eV,3,Sm,c1ccncc1
qmof-953887b,LECYEA_FSR,bandgap_4.0_to_4.5eV,3,Hg,
qmof-6d1763b,LECYAW_FSR,bandgap_4.0_to_4.5eV,4,Hg,
qmof-7e1e181,QEWMIR_FSR,bandgap_4.0_to_4.5eV,5,Cd,
qmof-3567378,CILDOR01_FSR,bandgap_4.0_to_4.5eV,2,Zn,c1ccncc1
qmof-050c9e8,CIKYEB_FSR,bandgap_4.0_to_4.5eV,2,Organic_Only,
qmof-d08b940,CIKHAH_FSR,bandgap_4.0_to_4.5eV,1,La,c1ccccc1.c1ccccc1.c1ccccc1
qmof-09f32f8,CIKGOU_FSR,bandgap_4.0_to_4.5eV,4,Pr,c1ccccc1.c1ccccc1.c1ccccc1
qmof-a90ec1a,CIKGIO_FSR,bandgap_4.0_to_4.5eV,3,Nd,c1ccccc1.c1ccccc1.c1ccccc1
qmof-3e2d080,CIKGEK_FSR,bandgap_4.0_to_4.5eV,4,Sm,c1ccccc1.c1ccccc1.c1ccccc1
qmof-db622c5,CIKFUZ_FSR,bandgap_4.0_to_4.5eV,2,Gd,c1ccccc1.c1ccccc1.c1ccccc1
qmof-3ba6efd,RULJOZ_FSR,bandgap_4.0_to_4.5eV,2,Sm,c1ccc(-c2ccccc2)cc1
qmof-1bbf0a2,RUKZAZ_FSR,bandgap_4.0_to_4.5eV,5,Ag,
qmof-fec9df9,FUBLOF_FSR,bandgap_4.0_to_4.5eV,4,Cd,c1ccc(Oc2cccnc2)cc1
qmof-57e4499,QIHRAD_FSR,bandgap_4.0_to_4.5eV,4,Cd,c1ccccc1.c1cncc(C2=N[N]N(CCCn3nnc(-c4cccnc4)n3)[N]2)c1
qmof-482fb0c,QIHQAC_FSR,bandgap_4.0_to_4.5eV,1,Cd,
qmof-7d79016,QIHMUS_FSR,bandgap_4.0_to_4.5eV,2,Bi,c1ccncc1
qmof-f857f84,QIFNIC_FSR,bandgap_4.0_to_4.5eV,5,Ag,C1N2CN3CN1CN(C2)C3
qmof-b40d2ab,QIFMAT_FSR,bandgap_4.0_to_4.5eV,3,Cd,
qmof-fe916fb,LAYFIC_FSR,bandgap_4.0_to_4.5eV,3,Co,c1cc(-n2ccnc2)cc(-n2ccnc2)c1
qmof-24c9b47,RUFMUA01_FSR,bandgap_4.0_to_4.5eV,3,Ca,c1ccccc1
qmof-f0eceac,RUQBOW01_FSR,bandgap_4.0_to_4.5eV,2,Cd,[CH]1N=C[N]N1CCN1[CH]N=C[N]1.c1cnccn1
qmof-6a0abd0,RUPXIK_FSR,bandgap_4.0_to_4.5eV,3,Li,c1cnccn1
qmof-16b9ac8,RUMWOM_FSR,bandgap_4.0_to_4.5eV,4,Hg,c1cn(Cn2ccnc2)cn1
qmof-f790024,KIBNOA_FSR,bandgap_4.0_to_4.5eV,1,Ho,c1ccc(Oc2cccnc2)cc1
qmof-f9bb5d3,KIBNIU_FSR,bandgap_4.0_to_4.5eV,3,Nd,c1ccc(Oc2cccnc2)cc1
qmof-27d460e,RUXKEC_FSR,bandgap_4.0_to_4.5eV,5,Cd,
qmof-64fd5f3,RONGEI_FSR,bandgap_4.0_to_4.5eV,1,Zn,C1=NN=N[N]1
qmof-4458a96,RUFLIN_FSR,bandgap_4.0_to_4.5eV,1,Zn,c1cc(-c2ccncc2)ccn1
qmof-4e6762d,RUDRUE_FSR,bandgap_4.0_to_4.5eV,3,Pb,
qmof-b6c33e4,ROLREQ_FSR,bandgap_4.0_to_4.5eV,1,Dy,O=c1cccc[nH]1
qmof-a7b0d73,LASXEK_FSR,bandgap_4.0_to_4.5eV,2,Cd,c1ccc(COc2ccccc2)cc1.c1cn(CCCn2ccnc2)cn1
qmof-b6c421a,LAXGOJ_FSR,bandgap_4.0_to_4.5eV,4,Cd,c1cc(-c2ccncc2)ccn1
qmof-0ff04d9,FUGBAK_FSR,bandgap_4.0_to_4.5eV,4,Pb,
qmof-d826b2c,FUFXUA_FSR,bandgap_4.0_to_4.5eV,2,Dy,c1ccccc1
qmof-566780e,FUFROO_FSR,bandgap_4.0_to_4.5eV,2,Zn,[CH]1C=NC(c2ccncc2)=N1
qmof-e0cbc06,KIBNEQ_FSR,bandgap_4.0_to_4.5eV,2,Pr,c1ccc(Oc2cccnc2)cc1
qmof-52d60d3,KIHTIF_FSR,bandgap_4.0_to_4.5eV,1,Tm,
qmof-7ae7339,KIGTEA_FSR,bandgap_4.0_to_4.5eV,5,Ag,c1ccc(P(NP(c2ccccc2)c2ccccc2)c2ccccc2)cc1
qmof-88ad698,KIGKUI_FSR,bandgap_4.0_to_4.5eV,4,Ag,c1ccc(CSCc2ccccc2)cc1
qmof-3e65b16,KIGGEN_FSR,bandgap_4.0_to_4.5eV,1,Cu,
qmof-97fd10d,RUBJAA_FSR,bandgap_4.0_to_4.5eV,3,Dy,c1ccncc1
qmof-ab4de6d,RUBFUQ_FSR,bandgap_4.0_to_4.5eV,1,Zn,c1ccncc1
qmof-28ac5e6,CIRQOM_FSR,bandgap_4.0_to_4.5eV,3,Ho,c1ccccc1
qmof-6d992df,QIMBIZ_FSR,bandgap_4.0_to_4.5eV,5,Cd,
qmof-5ca2d92,QIKXIR_FSR,bandgap_4.0_to_4.5eV,4,Zn,c1ccccc1
qmof-e9bfd48,QIKXEN_FSR,bandgap_4.0_to_4.5eV,3,Zn,
qmof-41521ed,QIKDUM_FSR,bandgap_4.0_to_4.5eV,1,Cd,O=C(NCCCNC(=O)c1ccncc1)c1ccncc1.c1ccsc1
qmof-283a998,QIJNUU_FSR,bandgap_4.0_to_4.5eV,2,Na,
qmof-e48f824,QISXEX_FSR,bandgap_4.0_to_4.5eV,3,Zn,c1ccc2c(c1)nnn2CC1=NN=N[N]1
qmof-35d63dc,QISXAT_FSR,bandgap_4.0_to_4.5eV,5,Zn,c1ccc2c(c1)nnn2CC1=NN=N[N]1
qmof-104fefd,FUGWUB_FSR,bandgap_4.0_to_4.5eV,5,Zn,c1ccccc1
qmof-9ac7652,FUGBEO_FSR,bandgap_4.0_to_4.5eV,5,Pb,
qmof-6b29f4f,ROKBOL_FSR,bandgap_4.0_to_4.5eV,2,Cd,
qmof-4cf7214,ROJYUM_FSR,bandgap_4.0_to_4.5eV,4,Cd,c1cnc(-c2nn[nH]n2)nc1
qmof-3343d76,KIFNOD_FSR,bandgap_4.0_to_4.5eV,1,Ni,
qmof-be069f9,KIFJOZ_FSR,bandgap_4.0_to_4.5eV,1,Ag,
qmof-850847e,GELFAG_FSR,bandgap_4.0_to_4.5eV,5,Zn,c1ccccc1
qmof-acb668d,ROQJIS_FSR,bandgap_4.0_to_4.5eV,3,Cd,
qmof-b1cee85,RIYCUY_FSR,bandgap_4.0_to_4.5eV,5,Tl,
qmof-2853543,ROJJUW_FSR,bandgap_4.0_to_4.5eV,3,Ag,c1ccccc1
qmof-f7fd5b1,ROGLAA01_FSR,bandgap_4.0_to_4.5eV,5,Ag,c1ccncc1
qmof-72d353f,KIJWUW_FSR,bandgap_4.0_to_4.5eV,2,Cd,
qmof-cbc7288,KIHTUR_FSR,bandgap_4.0_to_4.5eV,3,Yb,
qmof-5b57e19,KIQLEB01_FSR,bandgap_4.0_to_4.5eV,2,Ag,c1ccccc1
qmof-911e7f0,QITWOG_FSR,bandgap_4.0_to_4.5eV,5,Organic_Only,
qmof-24f3901,QITRIX_FSR,bandgap_4.0_to_4.5eV,1,Cd,c1ccc(-c2ccncc2)cc1
qmof-0952061,QITRET_FSR,bandgap_4.0_to_4.5eV,3,Zn,c1ccc(-c2ccncc2)cc1
qmof-eb58538,QIQREN_FSR,bandgap_4.0_to_4.5eV,2,Sn,c1ccccc1
qmof-ced477a,QIQGEC_FSR,bandgap_4.0_to_4.5eV,1,Ni,
qmof-1b6e4f0,QIQFUT_FSR,bandgap_4.0_to_4.5eV,3,K,c1ccccc1
qmof-e55df67,QIPYAP_FSR,bandgap_4.0_to_4.5eV,5,Cd,
qmof-5aee12f,QIPXIW_FSR,bandgap_4.0_to_4.5eV,5,Cd,
qmof-6b038a5,GEKFIO_FSR,bandgap_4.0_to_4.5eV,4,Cd,c1ccc(-c2ccccc2)cc1.c1cn(CCCCn2ccnc2)cn1
qmof-cdb38eb,RODXEO_FSR,bandgap_4.0_to_4.5eV,4,Hg,
qmof-8e17abb,RIWQIZ_FSR,bandgap_4.0_to_4.5eV,4,Ni,c1ccc(-c2ccccc2)cc1
qmof-878b529,CITVUX_FSR,bandgap_4.0_to_4.5eV,4,Cd,c1ccc(C2=NN=N[N]2)cc1
qmof-6e83af2,CISQUT_FSR,bandgap_4.0_to_4.5eV,5,Na,O=C1OC(=O)C2C1C2c1ccccc1
qmof-8a65441,KINZEP_FSR,bandgap_4.0_to_4.5eV,1,Cd,c1cc(-n2cnc3ccccc32)cc(-n2cnc3ccccc32)c1.c1ccccc1
qmof-100c4f2,KINZAL_FSR,bandgap_4.0_to_4.5eV,5,Cd,c1ccc(Oc2ccccc2)cc1
qmof-de67c10,KINYUE_FSR,bandgap_4.0_to_4.5eV,3,Zn,c1cc(-n2cnc3ccccc32)cc(-n2cnc3ccccc32)c1.c1ccccc1
qmof-ba6634e,KINYOY_FSR,bandgap_4.0_to_4.5eV,2,Zn,c1ccc(Oc2ccccc2)cc1
qmof-f75c100,LARYIO01_FSR,bandgap_4.0_to_4.5eV,4,Gd,c1ccccc1
qmof-b156f80,LARNAW_FSR,bandgap_4.0_to_4.5eV,4,Zn,c1ccccc1.c1cn(CCn2ccnc2)cn1
qmof-019efdd,FUQFAA_FSR,bandgap_4.0_to_4.5eV,2,Zn,[CH]1CCC(c2cccnc2)N1
qmof-9c8a380,FUMDOG_FSR,bandgap_4.0_to_4.5eV,3,Hg,
qmof-adb6bae,FUJHAV_FSR,bandgap_4.0_to_4.5eV,4,Ba,
qmof-330afd4,FUHPUT_FSR,bandgap_4.0_to_4.5eV,2,Cd,
qmof-c9f98ce,QIVDUX_FSR,bandgap_4.0_to_4.5eV,3,Mn,c1ccccc1
qmof-be39909,ROCZIT_FSR,bandgap_4.0_to_4.5eV,4,Cd,c1ccccc1.c1cn(CCOCCn2ccnc2)cn1
qmof-1b83b8b,RIZZAB_FSR,bandgap_4.0_to_4.5eV,2,Li,
qmof-d49da6f,RIVDUW_FSR,bandgap_4.0_to_4.5eV,1,Cd,c1cn(CCn2ccnc2)cn1
qmof-b18736d,RISYUO_FSR,bandgap_4.0_to_4.5eV,5,Sn,
qmof-2414ba5,RISGIM_FSR,bandgap_4.0_to_4.5eV,1,Sr,c1ccccc1
qmof-e1e0bff,RIYCAE_FSR,bandgap_4.0_to_4.5eV,3,Pb,
qmof-d81f26e,QIVXIF_FSR,bandgap_4.0_to_4.5eV,3,K,O=C1NC(=O)[C](C2C(=O)NC(=O)NC2=O)C(=O)N1
qmof-3a00320,DALQEO_FSR,bandgap_4.0_to_4.5eV,2,Bi,c1ccncc1
qmof-2000cb0,DAKLIM_FSR,bandgap_4.0_to_4.5eV,4,Hg,c1cc(Cn2ccnc2)cc(Cn2ccnc2)c1
qmof-d0f9fb3,DAHMEF03_FSR,bandgap_4.0_to_4.5eV,2,Cd,c1ccccc1
qmof-22518e3,DAGTUD_FSR,bandgap_4.0_to_4.5eV,2,Cd,c1c(C2=NN=N[N]2)cc(C2=NN=N[N]2)cc1C1=NN=N[N]1
qmof-0a35e41,DAGDEV_FSR,bandgap_4.0_to_4.5eV,1,Mn,C1CCCCC1
qmof-b7c1266,DAFZIU_FSR,bandgap_4.0_to_4.5eV,5,Pb,
qmof-1a9e919,LARYOU_FSR,bandgap_4.0_to_4.5eV,1,Tb,c1ccccc1
qmof-cdc4d50,RIXCIL_FSR,bandgap_4.0_to_4.5eV,4,Cd,c1ccncc1
qmof-b023388,RIWVEZ01_FSR,bandgap_4.0_to_4.5eV,5,Ni,c1ccccc1.c1cn(CCCCn2ccnc2)cn1
qmof-3f10a21,RIWVAV_FSR,bandgap_4.0_to_4.5eV,3,Co,c1ccccc1.c1cn(Cc2ccc(Cn3ccnc3)cc2)cn1
qmof-b0cdfb9,RIWSOG_FSR,bandgap_4.0_to_4.5eV,3,Zn,c1ccccc1
qmof-b89e191,CIXPOP_FSR,bandgap_4.0_to_4.5eV,4,Zn,c1ccncc1
qmof-b247e71,CIWMOM_FSR,bandgap_4.0_to_4.5eV,5,Ca,c1nonc1-c1cnon1
qmof-50c8fb2,CIWMIG_FSR,bandgap_4.0_to_4.5eV,5,Sr,c1nonc1-c1cnon1
qmof-48637bb,CIWBUH_FSR,bandgap_4.0_to_4.5eV,3,Zn,[CH]1N=C[N]N1CCCCN1[CH]N=C[N]1.c1ccccc1
qmof-dcca57e,LARLAT_FSR,bandgap_4.0_to_4.5eV,5,Hg,c1ccc2c(c1)ncn2Cn1cnc2ccccc21
qmof-15a2fa5,LARFES_FSR,bandgap_4.0_to_4.5eV,1,Cd,c1ccc(Oc2ccccc2)cc1
qmof-8cf1104,LARDUG_FSR,bandgap_4.0_to_4.5eV,1,Cd,c1ccccc1.c1cn(CCCCCCn2ccnc2)cn1
qmof-b46a7a6,LASQON_FSR,bandgap_4.0_to_4.5eV,2,Ni,c1ccccc1.c1cn(-c2ccc(-n3ccnc3)cc2)cn1
qmof-e74a5a6,QOCPOO01_FSR,bandgap_4.0_to_4.5eV,5,Co,C1N2CN3CN1CN(C2)C3
qmof-74432dc,QOCKEZ_FSR,bandgap_4.0_to_4.5eV,4,Ba,c1ccccc1
qmof-7a0c8e1,QOBBOB_FSR,bandgap_4.0_to_4.5eV,1,Zn,
qmof-310fe8a,QIYXON_FSR,bandgap_4.0_to_4.5eV,5,Ag,
qmof-ce8d87f,QIYRUM01_FSR,bandgap_4.0_to_4.5eV,3,Fe,
qmof-948d748,GEJBOO_FSR,bandgap_4.0_to_4.5eV,5,Ag,
qmof-c214461,GEGLUA_FSR,bandgap_4.0_to_4.5eV,3,Co,
qmof-7f68dde,CIVDIW_FSR,bandgap_4.0_to_4.5eV,1,Zn,c1ccccc1
qmof-32c821b,RIRCON_FSR,bandgap_4.0_to_4.5eV,1,Sr,c1ccncc1
qmof-717573d,RIQGOQ01_FSR,bandgap_4.0_to_4.5eV,5,Cu,C1CSCSC1
qmof-ce3d638,RIPREO_FSR,bandgap_4.0_to_4.5eV,3,Cd,C(=NC1CCC(N=Cc2cccnc2)CC1)c1cccnc1
qmof-3cdb807,FUTQOC_FSR,bandgap_4.0_to_4.5eV,4,Sr,C1CCC1
qmof-efaa9ca,FUQKEI_FSR,bandgap_4.0_to_4.5eV,2,Cu,c1cc(C2=N[N]N=N2)ccn1
qmof-9044ea9,QOGFOI_FSR,bandgap_4.0_to_4.5eV,2,Dy,
qmof-631229e,QOGDOG_FSR,bandgap_4.0_to_4.5eV,1,Gd,
qmof-083e1f7,QODTEL_FSR,bandgap_4.0_to_4.5eV,1,Na,
qmof-398e798,QODJEB_FSR,bandgap_4.0_to_4.5eV,4,Zn,[CH]1N=NC=C1c1ccncc1.c1ccccc1
qmof-5d1443b,DAFTEM_FSR,bandgap_4.0_to_4.5eV,1,Zn,C1=CN=N[N]1.[CH]1C=NN=N1.c1ccccc1
qmof-8aef2c6,DAFSOV_FSR,bandgap_4.0_to_4.5eV,3,Zn,C1=CN=N[N]1.[CH]1C=NN=N1.c1ccccc1
qmof-2beddb4,LARLIB_FSR,bandgap_4.0_to_4.5eV,1,Hg,c1ccc2c(c1)ncn2Cn1cnc2ccccc21
qmof-fd6b02c,LARLEX_FSR,bandgap_4.0_to_4.5eV,5,Hg,c1ccc2c(c1)ncn2Cn1cnc2ccccc21
qmof-1fbdf30,RIPGIH_FSR,bandgap_4.0_to_4.5eV,3,Sm,
qmof-612073b,RIPGED_FSR,bandgap_4.0_to_4.5eV,2,Nd,
qmof-33dfd57,RIPGAZ_FSR,bandgap_4.0_to_4.5eV,1,Pr,
qmof-361abaa,RIHMIG_FSR,bandgap_4.0_to_4.5eV,4,Cd,
qmof-4445a96,RIFTIK_FSR,bandgap_4.0_to_4.5eV,2,Cd,c1ccccc1
qmof-11481bd,KOBZUX_FSR,bandgap_4.0_to_4.5eV,1,Au,
qmof-5e6affb,KOBZUX01_FSR,bandgap_4.0_to_4.5eV,4,Au,c1ccc(SCCCSc2ccccc2)cc1
qmof-d49d224,QONZEZ_FSR,bandgap_4.0_to_4.5eV,2,Gd,c1ccc(C2=NN=N[N]2)cc1
qmof-50da870,QOLHAB01_FSR,bandgap_4.0_to_4.5eV,5,Tb,c1ccncc1
qmof-3b46920,QOJDAV_FSR,bandgap_4.0_to_4.5eV,1,Ag,c1ccccc1
qmof-8e03f25,DACQAC_FSR,bandgap_4.0_to_4.5eV,2,Cu,
qmof-0a5acd7,DABDAN_FSR,bandgap_4.0_to_4.5eV,1,Ag,
qmof-8df56c1,LAMRUP_FSR,bandgap_4.0_to_4.5eV,5,Cd,c1ccccc1
qmof-5ea4e45,FUYDOS_FSR,bandgap_4.0_to_4.5eV,5,Pb,
qmof-46038af,FUXWIG_FSR,bandgap_4.0_to_4.5eV,2,Zn,
qmof-5f5f2dc,GEBCIB_FSR,bandgap_4.0_to_4.5eV,1,K,
qmof-3c043b0,GAZGIA_FSR,bandgap_4.0_to_4.5eV,3,Sn,c1ccccc1
qmof-e98d047,RINDAV_FSR,bandgap_4.0_to_4.5eV,2,Ca,
qmof-c9ae2a3,RIKVAL_FSR,bandgap_4.0_to_4.5eV,4,Zn,c1ccc(-n2ccnc2)cc1
qmof-0ceea80,GATHAL_FSR,bandgap_4.0_to_4.5eV,4,Sc,c1ccccc1
qmof-0e63894,REVKOU_FSR,bandgap_4.0_to_4.5eV,2,Cd,c1ccccc1.c1cn(CCCCCCn2ccnc2)cn1
qmof-90e62eb,RESZUM_FSR,bandgap_4.0_to_4.5eV,1,Cd,
qmof-a21d1e4,RICREB01_FSR,bandgap_4.0_to_4.5eV,3,Cd,c1cnc(C2=NN=N[N]2)nc1
qmof-8c3ae1d,LANZUY_FSR,bandgap_4.0_to_4.5eV,4,Ag,[CH]1NC=CN1
qmof-17de1ea,LANJAO_FSR,bandgap_4.0_to_4.5eV,2,Na,c1ccccc1
qmof-1ecad92,QOZPIG_FSR,bandgap_4.0_to_4.5eV,1,Cd,O=C(Nn1cnnc1)c1ccc(C(=O)Nn2cnnc2)cc1
qmof-c9b3d14,QOZNAV_FSR,bandgap_4.0_to_4.5eV,1,Na,C1=NN=N[N]1.C1=N[N]N=N1
qmof-6723029,KOBQIE_FSR,bandgap_4.0_to_4.5eV,3,Ca,O=C1C=C[CH]C=N1
qmof-f1c984a,KOBGOY01_FSR,bandgap_4.0_to_4.5eV,2,Cu,c1nnn[nH]1
qmof-c064653,KOBGEO_FSR,bandgap_4.0_to_4.5eV,5,Cu,c1ccncc1
qmof-37b3d7d,REXVIB_FSR,bandgap_4.0_to_4.5eV,4,Cd,
qmof-8c47fe1,REXSAQ_FSR,bandgap_4.0_to_4.5eV,5,Cd,c1ccc(Cn2nnc3ccccc32)cc1
qmof-5019f95,REXRUJ_FSR,bandgap_4.0_to_4.5eV,4,Cd,c1ccc(Cn2nnc3ccccc32)cc1
qmof-0f0660b,COCTAQ_FSR,bandgap_4.0_to_4.5eV,2,Zn,c1ccc(-c2nccn2CCCCn2ccnc2-c2ccccc2)cc1.c1ccccc1
qmof-76e5572,KMALUB10_FSR,bandgap_4.0_to_4.5eV,2,Organic_Only,
qmof-4703baf,RERSAJ_FSR,bandgap_4.0_to_4.5eV,5,Organic_Only,
qmof-eddc36b,REXRUJ01_FSR,bandgap_4.0_to_4.5eV,4,Cd,c1ccc(Cn2nnc3ccccc32)cc1
qmof-ec54d11,GASSUR_FSR,bandgap_4.0_to_4.5eV,5,Zn,c1ccc(-n2ccnc2)cc1
qmof-f014e4f,KOGGOD_FSR,bandgap_4.0_to_4.5eV,1,Zn,
qmof-1d903a7,LAMPAT_FSR,bandgap_4.0_to_4.5eV,3,Hg,
qmof-3066784,CUYRIY_FSR,bandgap_4.0_to_4.5eV,2,Zn,c1ccccc1.c1cn(-c2cc(-n3ccnc3)cc(-n3ccnc3)c2)cn1
qmof-589b4db,CUYREU_FSR,bandgap_4.0_to_4.5eV,3,Zn,c1ccccc1.c1cn(-c2cc(-n3ccnc3)cc(-n3ccnc3)c2)cn1
qmof-f6b81a4,CUYJEM_FSR,bandgap_4.0_to_4.5eV,1,Sn,c1ccncc1
qmof-0164af1,CUYHUA_FSR,bandgap_4.0_to_4.5eV,1,Zn,c1cc(CCc2ccncc2)ccn1.c1ccccc1
qmof-389bdbd,QUBKEF_FSR,bandgap_4.0_to_4.5eV,2,Tb,c1cc[nH+]cc1
qmof-ab51834,LALYOO_FSR,bandgap_4.0_to_4.5eV,5,Cd,c1ccncc1
qmof-02243f1,LALYAA_FSR,bandgap_4.0_to_4.5eV,4,Zn,
qmof-35eaaa6,LALXON_FSR,bandgap_4.0_to_4.5eV,4,Co,C1CCCC1
qmof-855f1a5,KIZQAN_FSR,bandgap_4.0_to_4.5eV,3,Cd,
qmof-0b4f4fa,GAVYEI_FSR,bandgap_4.0_to_4.5eV,3,Pb,
qmof-20f92bb,GATLAQ_FSR,bandgap_4.0_to_4.5eV,5,K,c1nnn[nH]1
qmof-e6edf20,GAPRAT_FSR,bandgap_4.0_to_4.5eV,1,Cd,O=C(CCCCC(=O)Nc1cccnc1)Nc1cccnc1.c1ccccc1
qmof-fd9f301,GAPQOG_FSR,bandgap_4.0_to_4.5eV,5,Cd,O=C(CCCCCCC(=O)Nc1cccnc1)Nc1cccnc1.c1ccccc1
qmof-6ea7dbb,KOFSUU_FSR,bandgap_4.0_to_4.5eV,2,Au,C1=Nc2ccccc2[N]1
qmof-01601f3,KOFPAY_FSR,bandgap_4.0_to_4.5eV,1,Cd,c1ccc(C2=NN=N[N]2)nc1
qmof-00cae02,KOMHAW_FSR,bandgap_4.0_to_4.5eV,1,Zn,C1=NN=C[N]1
qmof-94d2396,REMJOJ01_FSR,bandgap_4.0_to_4.5eV,1,Pb,c1ccncc1
qmof-67dd780,REKSAC_FSR,bandgap_4.0_to_4.5eV,2,Co,c1ncn(CCn2cncn2)n1
qmof-b3f8839,COKLEV_FSR,bandgap_4.0_to_4.5eV,2,Cd,c1ccccc1.c1cn(CCCCn2ccnc2)cn1
qmof-5e8f45c,COKDIQ_FSR,bandgap_4.0_to_4.5eV,5,Cd,c1cn(Cc2ccc(-c3ccc(Cn4ccnc4)cc3)cc2)cn1
qmof-421f50d,QQQBOG05_FSR,bandgap_4.0_to_4.5eV,5,Ni,
qmof-5d291cb,CUTVET_FSR,bandgap_4.0_to_4.5eV,2,Cd,C1=CN=C[N]1.[CH]1C=NC=N1.[CH]1C=NC=N1
qmof-fdcea31,LALGAH01_FSR,bandgap_4.0_to_4.5eV,2,Ag,c1ccc(P(CCP(c2ccccc2)c2ccccc2)c2ccccc2)cc1
qmof-b27390f,RIBNUO_FSR,bandgap_4.0_to_4.5eV,1,Zn,c1cc(Nc2ccncc2)ccn1
qmof-81cfe25,RESDOJ_FSR,bandgap_4.0_to_4.5eV,4,Yb,
qmof-e81a6b0,RESDID01_FSR,bandgap_4.0_to_4.5eV,5,Tb,
qmof-4f93555,RERSUD_FSR,bandgap_4.0_to_4.5eV,3,Organic_Only,
qmof-bfaae9e,GACHEX_FSR,bandgap_4.0_to_4.5eV,2,Ho,O=c1ccccn1CCn1ccccc1=O
qmof-ed4fdbe,FUZWED_FSR,bandgap_4.0_to_4.5eV,3,Zn,c1ccccc1
qmof-132bbae,QUFCEA_FSR,bandgap_4.0_to_4.5eV,4,Zn,c1ccccc1
qmof-a9606d5,QUDKOQ_FSR,bandgap_4.0_to_4.5eV,4,Zn,c1ccccc1
qmof-c67764c,QUCFUQ_FSR,bandgap_4.0_to_4.5eV,5,Ho,O=c1cccc[nH]1
qmof-9eb7ef8,QUKXOL_FSR,bandgap_4.0_to_4.5eV,1,Cd,
qmof-d5e9981,QUKQIX_FSR,bandgap_4.0_to_4.5eV,3,Zn,c1cc(-c2ccncc2)ccn1.c1ccccc1
qmof-cbfd0bc,COHRIA_FSR,bandgap_4.0_to_4.5eV,1,K,c1ccccc1.c1ccccc1
qmof-f58baa7,COGYEF_FSR,bandgap_4.0_to_4.5eV,4,Cd,
qmof-f7eae0a,COGYAB_FSR,bandgap_4.0_to_4.5eV,3,Zn,
qmof-8991dba,REHRAY_FSR,bandgap_4.0_to_4.5eV,4,Cd,c1cc(-c2nnn[nH]2)ccc1CN1CCCC1
qmof-866d433,REQDEX_FSR,bandgap_4.0_to_4.5eV,2,Y,c1ccccc1
qmof-ad773d3,REQBUL_FSR,bandgap_4.0_to_4.5eV,4,Sn,c1ccccc1
qmof-5859d0d,REPTEN_FSR,bandgap_4.0_to_4.5eV,1,Zn,c1cc(SSc2ccncc2)ccn1
qmof-23536f6,RENXOZ_FSR,bandgap_4.0_to_4.5eV,3,Zn,c1ccc(Cn2nnc3ccccc32)cc1
qmof-7b9dc87,KOLLAZ_FSR,bandgap_4.0_to_4.5eV,4,Na,
qmof-aff01a8,LABTEO_FSR,bandgap_4.0_to_4.5eV,4,Zn,c1ccccc1
qmof-470a8bb,LABQUB02_FSR,bandgap_4.0_to_4.5eV,3,Cd,c1cc(C2=NN=N[N]2)ccn1
qmof-90dc7f1,LAGTEU_FSR,bandgap_4.0_to_4.5eV,3,Cd,O=C1NCCN1.c1ccccc1
qmof-f28d7b0,LAGRES_FSR,bandgap_4.0_to_4.5eV,5,Er,c1ccccc1
qmof-194f61a,LAGQUH_FSR,bandgap_4.0_to_4.5eV,4,Ho,c1ccccc1
qmof-f8b10e5,QUJFUX_FSR,bandgap_4.0_to_4.5eV,4,Cd,C1=Nc2ccccc2[N]1
qmof-689e334,CUSVIW_FSR,bandgap_4.0_to_4.5eV,5,Cd,c1ccc(OCc2cccnc2)cc1
qmof-cf77c88,CUSTOA_FSR,bandgap_4.0_to_4.5eV,4,Cd,c1ccc(OCc2cccnc2)cc1
qmof-ca093d6,CUSTOA01_FSR,bandgap_4.0_to_4.5eV,4,Cd,
qmof-250c0b6,CUSTIU_FSR,bandgap_4.0_to_4.5eV,5,Cd,c1ccc(OCc2cccnc2)cc1
qmof-7126934,LAGPIU_FSR,bandgap_4.0_to_4.5eV,2,Pr,O=C1NCCN1.c1ccccc1
qmof-ef6a2f2,LAGPEQ_FSR,bandgap_4.0_to_4.5eV,1,La,O=C1NCCN1.c1ccccc1
qmof-bb55658,GANMIU_FSR,bandgap_4.0_to_4.5eV,2,Cd,c1ccc(-c2ccccc2)cc1
qmof-d11b670,COMDEO_FSR,bandgap_4.0_to_4.5eV,1,Zn,c1cc[nH+]cc1
qmof-7592d77,COLSAY_FSR,bandgap_4.0_to_4.5eV,3,Hg,C(=NCCN=Cc1ccncc1)c1ccncc1
qmof-0f0d142,COKRAX_FSR,bandgap_4.0_to_4.5eV,1,K,c1ccccc1
qmof-df97c94,QUQGUF_FSR,bandgap_4.0_to_4.5eV,2,Cd,c1ccc(-c2ccccc2)cc1
qmof-c41b63a,QUPVIH_FSR,bandgap_4.0_to_4.5eV,4,Cd,c1cc(C2=NN=N[N]2)ccn1.c1ccccc1
qmof-82a2fe0,LAFMAG02_FSR,bandgap_4.0_to_4.5eV,1,Cd,
qmof-4f4c03d,LACVAO_FSR,bandgap_4.0_to_4.5eV,2,Hg,
qmof-3672a79,LABTIS_FSR,bandgap_4.0_to_4.5eV,3,Zn,c1ccccc1
qmof-ed2e02e,KOQXUL_FSR,bandgap_4.0_to_4.5eV,3,La,c1ccccc1.c1ccccc1
qmof-be7ee98,KOQKAE_FSR,bandgap_4.0_to_4.5eV,4,Zn,c1cc(CN2CCN(Cc3ccncc3)CC2)ccn1
qmof-8414733,KOQJIL_FSR,bandgap_4.0_to_4.5eV,4,Zn,c1cc(CN2CCN(Cc3ccncc3)CC2)ccn1
qmof-bbcf6c2,KOQJEH_FSR,bandgap_4.0_to_4.5eV,4,Zn,c1cc(CN2CCN(Cc3ccncc3)CC2)ccn1
qmof-77d7928,KUBXUC_FSR,bandgap_4.0_to_4.5eV,4,Mg,c1ccc(-c2cccnc2)cc1
qmof-c3b4381,KUBXOW_FSR,bandgap_4.0_to_4.5eV,2,Mg,c1ccc(-c2ccncc2)cc1
qmof-ddcb09f,RAVJUV_FSR,bandgap_4.0_to_4.5eV,5,Gd,c1ccccc1
qmof-9c10b27,COSFAS_FSR,bandgap_4.0_to_4.5eV,5,Zn,c1ccncc1
qmof-f04f83a,CONXEI01_FSR,bandgap_4.0_to_4.5eV,1,Cu,
qmof-d7de8a6,COMHUI_FSR,bandgap_4.0_to_4.5eV,4,Cu,C1=NN=C[N]1
qmof-e954d84,COMGIV_FSR,bandgap_4.0_to_4.5eV,5,Na,c1ccc(Oc2ccccc2)cc1
qmof-32bbf6c,RAXTAN_FSR,bandgap_4.0_to_4.5eV,3,Cd,c1cc(Cn2cnc3ccccc32)cc(Cn2cnc3ccccc32)c1
qmof-bc1a8ec,RAWVUJ_FSR,bandgap_4.0_to_4.5eV,1,Cd,[CH]1C=NC(c2cccnc2)=N1
qmof-6dddf51,RAWTUF_FSR,bandgap_4.0_to_4.5eV,3,Ag,
qmof-bce7356,RAWRUE_FSR,bandgap_4.0_to_4.5eV,3,Na,c1cc[nH+]cc1
qmof-9651473,KOWSOG_FSR,bandgap_4.0_to_4.5eV,2,Ni,c1cc(Cn2ccnc2)cc(Cn2ccnc2)c1.c1ccccc1
qmof-9ef088f,GAMTUM_FSR,bandgap_4.0_to_4.5eV,3,In,
qmof-46a6a93,QUPSUP_FSR,bandgap_4.0_to_4.5eV,1,Ho,c1ccncc1
qmof-385d2cd,CURZIZ_FSR,bandgap_4.0_to_4.5eV,4,Cd,
qmof-2810a4f,CUQPUB_FSR,bandgap_4.0_to_4.5eV,5,Zn,c1ccc(C2=NN=N[N]2)cc1.c1ccncc1
qmof-5fd3808,CUQPAH_FSR,bandgap_4.0_to_4.5eV,1,Zn,c1ccc(OCc2ccc(COc3ccccc3)cc2)cc1
qmof-9a8dcf2,CUQNUZ_FSR,bandgap_4.0_to_4.5eV,4,Zn,c1cc(CCc2ccncc2)ccn1
qmof-c48197a,KUXHIW_FSR,bandgap_4.0_to_4.5eV,2,Sm,c1nncs1
qmof-f909d4e,GAGDAW_FSR,bandgap_4.0_to_4.5eV,4,Zn,c1ccc(OCc2ccncc2)cc1
qmof-e167932,GADZIU_FSR,bandgap_4.0_to_4.5eV,5,Tl,
qmof-0c9cb8c,QUKXUR_FSR,bandgap_4.0_to_4.5eV,2,Cd,
qmof-27b6769,QURCAI_FSR,bandgap_4.0_to_4.5eV,5,Nd,[CH]1Nc2ccccc2N1
qmof-6f6898f,CSSALB01_FSR,bandgap_4.0_to_4.5eV,1,Sr,c1ccccc1
qmof-5edf8d7,RALRON_FSR,bandgap_4.0_to_4.5eV,2,Cu,
qmof-7876fa5,RALJOF_FSR,bandgap_4.0_to_4.5eV,2,Cd,C(=NCc1ccccc1)c1cccnc1
qmof-ac5170e,RAPGUN_FSR,bandgap_4.0_to_4.5eV,1,Pr,c1ccc(-c2ccccc2)cc1
qmof-9828c87,KUHROW_FSR,bandgap_4.0_to_4.5eV,5,Ba,
qmof-de7acda,GALLUC01_FSR,bandgap_4.0_to_4.5eV,2,Tb,c1cc(-c2ncc[nH]2)ccn1
qmof-23c04a5,GALLEM_FSR,bandgap_4.0_to_4.5eV,5,Cd,C1=CN=C(c2ccncc2)[N]1
qmof-67396eb,RAMZUB_FSR,bandgap_4.0_to_4.5eV,1,Organic_Only,
qmof-413f421,COZVOD_FSR,bandgap_4.0_to_4.5eV,3,Zn,
qmof-b09c469,QURTAA_FSR,bandgap_4.0_to_4.5eV,4,Dy,c1csnn1
qmof-6736052,QURSUT_FSR,bandgap_4.0_to_4.5eV,5,Tb,c1csnn1
qmof-ecfba3d,CUMZAN_FSR,bandgap_4.0_to_4.5eV,1,Zn,c1ccncc1
qmof-ebddde8,CUMLIH_FSR,bandgap_4.0_to_4.5eV,2,Cd,c1ccncc1.c1cn(-c2ccc(-n3ccnc3)cc2)cn1
qmof-47f264b,COTROU_FSR,bandgap_4.0_to_4.5eV,4,Zn,
qmof-1d729c7,COTBOC_FSR,bandgap_4.0_to_4.5eV,3,Ag,O=C1CCCC(=O)[N]1
qmof-a0b4bb0,RASREK_FSR,bandgap_4.0_to_4.5eV,3,Cd,c1ccc(-n2ccnn2)cc1
qmof-4bbc418,AHAHIB_FSR,bandgap_4.0_to_4.5eV,2,Cd,[CH]1N=C[N]N1CC(Cn1cncn1)c1ccccc1
qmof-0d66641,HIXYIY_FSR,bandgap_4.0_to_4.5eV,5,Zn,c1ccncc1
qmof-3347fec,HIXGOK_FSR,bandgap_4.0_to_4.5eV,2,K,
qmof-0280eec,NACVOC_FSR,bandgap_4.0_to_4.5eV,3,Ag,
qmof-84d1a97,NABTIT_FSR,bandgap_4.0_to_4.5eV,5,Tl,
qmof-77855e7,MUSLUJ_FSR,bandgap_4.0_to_4.5eV,4,Zn,c1ccc(-c2cccnc2)cc1
qmof-fa70d03,EYAFAN_FSR,bandgap_4.0_to_4.5eV,1,Cu,N=C1NCCN1
qmof-f12b5ad,EXUFAG_FSR,bandgap_4.0_to_4.5eV,3,Ca,c1ccccc1
qmof-ba3d0ce,HOQPUZ_FSR,bandgap_4.0_to_4.5eV,5,Cd,c1ccccc1
qmof-bfa6f76,HOPCAQ_FSR,bandgap_4.0_to_4.5eV,5,Cd,O=c1[nH]cnc2[nH]cnc12
qmof-40981b9,HIYQUD_FSR,bandgap_4.0_to_4.5eV,5,Na,
qmof-177cedf,AGPYNO01_FSR,bandgap_4.0_to_4.5eV,5,Ag,
qmof-dadb631,YIMSUK_FSR,bandgap_4.0_to_4.5eV,3,Cs,O=C1C=C[CH]C=N1
qmof-dad1ebc,YIMSOE_FSR,bandgap_4.0_to_4.5eV,4,Cs,O=C1C=C[CH]C=N1
qmof-1172086,YIMSIY_FSR,bandgap_4.0_to_4.5eV,4,Rb,O=C1C=C[CH]C=N1
qmof-68fafb3,YIMSAQ_FSR,bandgap_4.0_to_4.5eV,1,Na,O=C1C=C[CH]C=N1
qmof-d1e1b87,KUHZAP_FSR,bandgap_4.0_to_4.5eV,3,Na,c1ccccc1
qmof-c40f4c4,HOMFIA_FSR,bandgap_4.0_to_4.5eV,2,Cd,O=C(NC1CCCCC1NC(=O)c1ccncc1)c1ccncc1.c1ccccc1
qmof-7708ea4,ADIZUJ_FSR,bandgap_4.0_to_4.5eV,4,Zn,c1ccccc1
qmof-a432f8e,AFAHEW_FSR,bandgap_4.0_to_4.5eV,4,Mg,
qmof-f2ae0a5,AFECUM_FSR,bandgap_4.0_to_4.5eV,2,Zn,c1cc(CCCc2ccncc2)ccn1.c1ccc(Oc2ccccc2)cc1
qmof-057b7d1,YOLFEL_FSR,bandgap_4.0_to_4.5eV,5,Mn,C1COCCO1.c1ccccc1
qmof-4db34af,ABZCUH01_FSR,bandgap_4.0_to_4.5eV,4,Cd,c1ccccc1
qmof-56158f0,YOCSEQ_FSR,bandgap_4.0_to_4.5eV,2,Gd,c1ccccc1
qmof-965dcb2,YODDAX_FSR,bandgap_4.0_to_4.5eV,4,Ni,
qmof-c85fd52,HODQAU_FSR,bandgap_4.0_to_4.5eV,2,Zn,O=C(NC1CCCCC1NC(=O)c1cccnc1)c1cccnc1.c1ccccc1
qmof-3abcd4a,HOKYUD_FSR,bandgap_4.0_to_4.5eV,2,Cd,c1ccc(SSc2ccccc2)cc1.c1cn(CCCCn2ccnc2)cn1
qmof-e555160,HOKZAJ_FSR,bandgap_4.0_to_4.5eV,3,K,c1ccccc1
qmof-90a5ed0,YOTQOP01_FSR,bandgap_4.0_to_4.5eV,4,Ca,c1cc[nH+]cc1
qmof-0bcdb78,YORTAB_FSR,bandgap_4.5_to_5.0eV,5,Yb,O=C1CNC(=O)CN1
qmof-e3afbd2,YOLZIK_FSR,bandgap_4.5_to_5.0eV,2,Ag,
qmof-19fcfb8,DOXKAD_FSR,bandgap_4.5_to_5.0eV,3,Li,
qmof-a9be673,DOYBEA_FSR,bandgap_4.5_to_5.0eV,5,Al,
qmof-479e7c3,DOSHID_FSR,bandgap_4.5_to_5.0eV,5,Zn,c1ccccc1
qmof-5ae8b7a,UGUKUD_FSR,bandgap_4.5_to_5.0eV,5,Zn,c1ccccc1
qmof-f5240e6,UHISOU_FSR,bandgap_4.5_to_5.0eV,2,Mg,c1ccccc1
qmof-e118da8,UHITAH_FSR,bandgap_4.5_to_5.0eV,5,Mg,c1ccccc1
qmof-079b91e,UHUJIR_FSR,bandgap_4.5_to_5.0eV,5,Pb,
qmof-4b7ec93,UHUTUM_FSR,bandgap_4.5_to_5.0eV,5,Sn,c1ccccc1
qmof-2c27f61,JEGTUL_FSR,bandgap_4.5_to_5.0eV,5,Dy,c1c[nH]cn1
qmof-00dfd91,PABRIU_FSR,bandgap_4.5_to_5.0eV,2,Zn,c1ccncc1
qmof-fa802eb,PABXAT_FSR,bandgap_4.5_to_5.0eV,5,Pr,
qmof-67822fb,PACGAE_FSR,bandgap_4.5_to_5.0eV,3,Zn,C1=NC=N[N]1.C1=NN=C[N]1.c1ccc(Cc2ccccc2)cc1
qmof-ac1272b,PACVOF_FSR,bandgap_4.5_to_5.0eV,2,Zn,c1ccccc1
qmof-22d73d6,OYEJAE_FSR,bandgap_4.5_to_5.0eV,2,Cd,S=C1[N]CCN1
qmof-bbd536a,HOQKII_FSR,bandgap_4.5_to_5.0eV,5,Cd,c1ccncc1
qmof-1ecf38b,HORHOM_FSR,bandgap_4.5_to_5.0eV,1,Cd,c1cn(Cc2cc(Cn3ccnc3)c(Cn3ccnc3)cc2Cn2ccnc2)cn1
qmof-b4be939,EXUHEM_FSR,bandgap_4.5_to_5.0eV,5,Cd,C1CCCCC1.c1cn(-c2ccc(-n3ccnc3)cc2)cn1
qmof-addb7e5,QUVCIU_FSR,bandgap_4.5_to_5.0eV,5,Pr,
qmof-1eebe6e,CUMJAX_FSR,bandgap_4.5_to_5.0eV,1,Cd,C(C1=NN=N[N]1)N(CC1=NN=N[N]1)CC1=NN=N[N]1
qmof-2b7615b,KUYTOO_FSR,bandgap_4.5_to_5.0eV,4,Cd,c1cc(Cn2cncn2)ccn1
qmof-fcceb2e,KUSCOR_FSR,bandgap_4.5_to_5.0eV,4,Na,
qmof-f37b4ac,KUTPAR_FSR,bandgap_4.5_to_5.0eV,3,Na,c1ccccc1
qmof-e387857,QUXTAF_FSR,bandgap_4.5_to_5.0eV,3,Zn,c1ccccc1
qmof-6a97c17,YORSII_FSR,bandgap_4.5_to_5.0eV,5,Dy,O=C1CNC(=O)CN1
qmof-053afd6,YORSOO_FSR,bandgap_4.5_to_5.0eV,1,Ho,O=C1CNC(=O)CN1
qmof-db52356,YORSUU_FSR,bandgap_4.5_to_5.0eV,4,Er,O=C1CNC(=O)CN1
qmof-b60c035,YOTDUH_FSR,bandgap_4.5_to_5.0eV,3,Na,c1ccccc1
qmof-b0d8838,YOTGIY_FSR,bandgap_4.5_to_5.0eV,2,K,
qmof-3133aaf,ADETEL_FSR,bandgap_4.5_to_5.0eV,1,Zn,c1ccccc1
qmof-d007203,ACUBOP_FSR,bandgap_4.5_to_5.0eV,5,Cd,c1ccncc1
qmof-d615ab3,RAMSUT01_FSR,bandgap_4.5_to_5.0eV,3,Cd,O=C1C(=O)C(=O)C1=O
qmof-39f8d6c,CUBMOD_FSR,bandgap_4.5_to_5.0eV,1,Zn,c1ccccc1.c1nncn1CCn1cnnc1
qmof-47b762f,COVBOG_FSR,bandgap_4.5_to_5.0eV,1,Cd,c1ccccc1
qmof-028a08c,RAGVAZ_FSR,bandgap_4.5_to_5.0eV,2,Zn,c1cc(-n2cnnc2)cc(-n2cnnc2)c1
qmof-6e4326e,RAHDIQ_FSR,bandgap_4.5_to_5.0eV,1,Ni,c1cn(Cc2cc(Cn3ccnc3)cc(Cn3ccnc3)c2)cn1
qmof-d83e85c,KUQNOA_FSR,bandgap_4.5_to_5.0eV,3,Na,O=c1[nH]cnc2c(C3CCCN3)c[nH]c12
qmof-64e3aa0,KUCBIT_FSR,bandgap_4.5_to_5.0eV,5,Na,
qmof-60a018e,NAFQIV_FSR,bandgap_4.5_to_5.0eV,3,Co,
qmof-ecd30a6,NAFUMA11_FSR,bandgap_4.5_to_5.0eV,1,Na,
qmof-dd0e039,MUTJIV_FSR,bandgap_4.5_to_5.0eV,5,Zn,c1ccc(-c2ccccc2C2=NN=N[N]2)cc1
qmof-f077716,AJIJIN_FSR,bandgap_4.5_to_5.0eV,4,Ni,
qmof-ac01f2d,AJILIP_FSR,bandgap_4.5_to_5.0eV,3,Ni,
qmof-d86cf1e,YEXCAG_FSR,bandgap_4.5_to_5.0eV,3,Tl,
qmof-b2d2517,HOXVAS_FSR,bandgap_4.5_to_5.0eV,2,Na,
qmof-5037476,HOTWUJ_FSR,bandgap_4.5_to_5.0eV,4,Nd,
qmof-3862c80,MURFEM_FSR,bandgap_4.5_to_5.0eV,2,Zn,c1cc(C2=NN=N[N]2)cc(C2=NN=N[N]2)c1
qmof-08ff76f,RANPAA_FSR,bandgap_4.5_to_5.0eV,2,La,c1ccccc1.c1ccccc1
qmof-4745e52,RANPIH_FSR,bandgap_4.5_to_5.0eV,2,Co,
qmof-b3d8865,GAMBUS_FSR,bandgap_4.5_to_5.0eV,2,Organic_Only,
qmof-9e63a13,GAMFEG_FSR,bandgap_4.5_to_5.0eV,4,Zn,c1ccc(C2=NN=N[N]2)cc1
qmof-f47b0d0,KUHXIV01_FSR,bandgap_4.5_to_5.0eV,3,Co,
qmof-ffa8fbb,RAPBIT_FSR,bandgap_4.5_to_5.0eV,3,Cd,C1=C[N]N=C1.[CH]1C=NN=C1
qmof-bce1fb6,RAJFEP_FSR,bandgap_4.5_to_5.0eV,3,Cd,c1cn(Cc2ccc(Cn3ccnc3)cc2)cn1
qmof-1eaffd2,RAJRUP_FSR,bandgap_4.5_to_5.0eV,1,Zn,c1ccccc1
qmof-f228632,EXEMAV_FSR,bandgap_4.5_to_5.0eV,2,Zn,c1ccccc1
qmof-462668c,NAHMAL11_FSR,bandgap_4.5_to_5.0eV,1,Na,
qmof-92555ed,YEMNUA_FSR,bandgap_4.5_to_5.0eV,2,Sn,c1ccccc1
qmof-1d9bb36,YEQZEC_FSR,bandgap_4.5_to_5.0eV,5,Zn,
qmof-89fcca7,NASCIV_FSR,bandgap_4.5_to_5.0eV,4,Cd,C1=NN=N[N]1.c1ccccc1
qmof-2f1cd7a,NAPOCA01_FSR,bandgap_4.5_to_5.0eV,5,Na,c1ccccc1
qmof-053a04d,NAPTEE_FSR,bandgap_4.5_to_5.0eV,3,Cd,
qmof-dfc0e67,NAPZOV_FSR,bandgap_4.5_to_5.0eV,5,Cd,c1ccccc1
qmof-6b82733,QUSRUS_FSR,bandgap_4.5_to_5.0eV,2,Sm,c1ccncc1
qmof-859b832,QUSSAZ_FSR,bandgap_4.5_to_5.0eV,5,Tb,c1ccncc1
qmof-a653a76,QUTHOD_FSR,bandgap_4.5_to_5.0eV,5,Co,c1ccccc1.c1cn(CCn2ccnc2)cn1
qmof-d1f2113,COWLAC03_FSR,bandgap_4.5_to_5.0eV,4,Cd,C1=NN=N[N]1
qmof-b5589d4,COYNOV_FSR,bandgap_4.5_to_5.0eV,4,K,
qmof-a746544,EYILON_FSR,bandgap_4.5_to_5.0eV,1,Cd,c1ccncc1
qmof-af37bf7,EYINUV_FSR,bandgap_4.5_to_5.0eV,2,Cd,c1ccncc1
qmof-08c77cc,EYUKOZ_FSR,bandgap_4.5_to_5.0eV,5,Mn,
qmof-a22eb9b,MUQBIK_FSR,bandgap_4.5_to_5.0eV,3,Zn,c1cc(CCc2ccncc2)ccn1.c1ccccc1
qmof-6b7db42,EVOSUF_FSR,bandgap_4.5_to_5.0eV,4,Gd,
qmof-6971f07,HUCMOH02_FSR,bandgap_4.5_to_5.0eV,2,Ba,c1ccccc1
qmof-bc9ad02,HUDVEH_FSR,bandgap_4.5_to_5.0eV,5,Mg,C1COCCO1
qmof-3922013,HOXQEQ_FSR,bandgap_4.5_to_5.0eV,4,Li,
qmof-b1e53d1,HOXRAP_FSR,bandgap_4.5_to_5.0eV,4,Cd,c1ccccc1
qmof-62da067,ALEQIS_FSR,bandgap_4.5_to_5.0eV,5,Ag,O=C1CNC(=O)[N]1
qmof-3ea6b66,ALILUE_FSR,bandgap_4.5_to_5.0eV,5,Zn,c1cc(CCc2ccncc2)ccn1.c1ccccc1
qmof-23f284e,GANGUZ_FSR,bandgap_4.5_to_5.0eV,2,Y,c1ccccc1
qmof-8a48168,RAQTIP_FSR,bandgap_4.5_to_5.0eV,5,Zn,c1cn(Cc2ccc(Cn3ccnc3)cc2)cn1
qmof-73caf97,RARLOO_FSR,bandgap_4.5_to_5.0eV,2,Pb,
qmof-31856d4,RARLUU_FSR,bandgap_4.5_to_5.0eV,5,Pb,
qmof-3aeb382,RASXUF_FSR,bandgap_4.5_to_5.0eV,1,Cd,c1ccncc1
qmof-8563e80,YEHTOV_FSR,bandgap_4.5_to_5.0eV,1,Cd,c1cn(Cc2ccc(Cn3ccnc3)cc2)cn1
qmof-9b96927,EYUMAN_FSR,bandgap_4.5_to_5.0eV,3,Zn,c1ccccc1.c1ncn(CCCn2cncn2)n1
qmof-0516e18,NAVFAU_FSR,bandgap_4.5_to_5.0eV,1,Zn,c1ccc2c(c1)ncn2Cc1ccc(Cn2cnc3ccccc32)cc1
qmof-fc59138,ETUQEQ_FSR,bandgap_4.5_to_5.0eV,5,Zn,c1ccncc1
qmof-7ad5511,YAVMIT_FSR,bandgap_4.5_to_5.0eV,1,Zn,
qmof-3d85a5e,YECQUT_FSR,bandgap_4.5_to_5.0eV,1,Co,c1cn(Cc2ccc(Cn3ccnc3)cc2)cn1
qmof-9256da0,YEDVUZ_FSR,bandgap_4.5_to_5.0eV,5,Cd,
qmof-e37cd72,EVAHAM_FSR,bandgap_4.5_to_5.0eV,5,Na,c1ccccc1
qmof-f0cca85,COTTEM_FSR,bandgap_4.5_to_5.0eV,4,Zn,
qmof-753bc23,CUMLED_FSR,bandgap_4.5_to_5.0eV,5,Cd,c1cn(-c2ccc(-n3ccnc3)cc2)cn1
qmof-45de5a4,QURCUD_FSR,bandgap_4.5_to_5.0eV,1,Dy,c1cc[nH+]cc1
qmof-85bf949,KOPBIC_FSR,bandgap_4.5_to_5.0eV,5,Ca,c1ccncc1
qmof-733d89d,GAFFUP_FSR,bandgap_4.5_to_5.0eV,5,Cd,
qmof-b1b2117,EYUMER_FSR,bandgap_4.5_to_5.0eV,4,Zn,[CH]1N=C[N]N1CCCn1cncn1.c1ccccc1.c1ncn(CCCn2cncn2)n1
qmof-855e3e5,EZAJUM_FSR,bandgap_4.5_to_5.0eV,5,Dy,
qmof-f7c5619,EZEKUR_FSR,bandgap_4.5_to_5.0eV,5,Gd,
qmof-5217587,EZOFIJ_FSR,bandgap_4.5_to_5.0eV,4,Ni,c1ccccc1
qmof-90849c1,EZUCIM_FSR,bandgap_4.5_to_5.0eV,1,Zn,
qmof-f66f1d9,HISFEW_FSR,bandgap_4.5_to_5.0eV,2,Cd,c1ccccc1
qmof-6ba5b5d,HISHUO_FSR,bandgap_4.5_to_5.0eV,3,Mg,c1ccccc1
qmof-113f870,HIWXER_FSR,bandgap_4.5_to_5.0eV,1,Zn,
qmof-02b20ba,YATNEO_FSR,bandgap_4.5_to_5.0eV,4,K,c1ccc(OCCOc2ccccc2)cc1
qmof-0595b93,NEDZIF_FSR,bandgap_4.5_to_5.0eV,2,Gd,
qmof-8dc27cb,QUNMOC_FSR,bandgap_4.5_to_5.0eV,2,Cd,C1=CN=N[N]1.C1=N[N]N=C1.[CH]1C=NN=N1
qmof-63f40f9,QUPDEL01_FSR,bandgap_4.5_to_5.0eV,1,Gd,
qmof-9c943e1,QUPTIG_FSR,bandgap_4.5_to_5.0eV,4,Dy,c1cncc(-c2nn[nH]n2)c1
qmof-6a180ff,QUPTOM_FSR,bandgap_4.5_to_5.0eV,4,Pr,c1cncc(-c2nn[nH]n2)c1
qmof-b4d71b5,GADDOH_FSR,bandgap_4.5_to_5.0eV,3,La,c1ccccc1
qmof-4cb8498,COLWAC_FSR,bandgap_4.5_to_5.0eV,1,Zn,c1ccccc1
qmof-b7f9162,COMALT01_FSR,bandgap_4.5_to_5.0eV,3,Co,
qmof-0e4e8d5,RAYJOT_FSR,bandgap_4.5_to_5.0eV,2,Ba,O=C1[CH]C(=O)NC(=O)N1
qmof-862167f,REFGUG_FSR,bandgap_4.5_to_5.0eV,5,Zn,C1=NN=N[N]1.c1ccc2[nH]cnc2c1
qmof-a3f8ffa,GANVIC_FSR,bandgap_4.5_to_5.0eV,3,Sn,
qmof-09865e1,GAPDAE_FSR,bandgap_4.5_to_5.0eV,4,Zn,c1ccccc1
qmof-aae9bb5,NAZWUI_FSR,bandgap_4.5_to_5.0eV,3,Ni,
qmof-66b26b0,MULQOA_FSR,bandgap_4.5_to_5.0eV,3,Zn,C1=CN=C[N]1
qmof-12532fe,HUJGUP_FSR,bandgap_4.5_to_5.0eV,5,Sn,O=c1cccc[nH]1
qmof-ea015c6,YAWZUS_FSR,bandgap_4.5_to_5.0eV,1,Cd,
qmof-94de1ca,YAMQUZ_FSR,bandgap_4.5_to_5.0eV,1,Cd,c1ccccc1
qmof-24a8d59,MPPCDC_FSR,bandgap_4.5_to_5.0eV,4,Cd,
qmof-8e57ccd,LAFSER_FSR,bandgap_4.5_to_5.0eV,1,Zn,
qmof-c6174ca,LAGPAM_FSR,bandgap_4.5_to_5.0eV,3,Y,c1ccccc1
qmof-7bab797,CONWOS_FSR,bandgap_4.5_to_5.0eV,2,K,c1ccccc1
qmof-922a70e,ETAKIU_FSR,bandgap_4.5_to_5.0eV,5,Zn,[CH]1N=C[N]N1CCCCCCN1[CH]N=C[N]1.c1ccccc1
qmof-aef345f,AMOZOS_FSR,bandgap_4.5_to_5.0eV,1,Tb,c1ccncc1
qmof-477ac56,ESODOG_FSR,bandgap_4.5_to_5.0eV,3,Cd,
qmof-3480edd,ESODUM_FSR,bandgap_4.5_to_5.0eV,3,Cd,
qmof-b94a663,GAPQEW_FSR,bandgap_4.5_to_5.0eV,1,Cd,O=C(CCCCCCC(=O)Nc1cccnc1)Nc1cccnc1.c1ccccc1
qmof-9ccd37c,REHLEW_FSR,bandgap_4.5_to_5.0eV,5,Ba,c1ccncc1
qmof-4c0d455,QQQGMA02_FSR,bandgap_4.5_to_5.0eV,2,Na,c1ccccc1.c1ccccc1
qmof-4de2601,QUFNIP_FSR,bandgap_4.5_to_5.0eV,5,Pb,
qmof-9057165,QUFNOV_FSR,bandgap_4.5_to_5.0eV,4,Pb,
qmof-05fbacb,MUFHUR_FSR,bandgap_4.5_to_5.0eV,2,Nd,
qmof-43b4e29,ETEQIE_FSR,bandgap_4.5_to_5.0eV,5,Cd,c1ccc2c(c1)ncn2CCCCCCn1cnc2ccccc21
qmof-c2f9dad,YAHMAW_FSR,bandgap_4.5_to_5.0eV,1,Zn,c1cn(Cc2ccc(Cn3ccnc3)cc2)cn1
qmof-449f551,HUPZID_FSR,bandgap_4.5_to_5.0eV,2,Ag,[CH]1N=C[N]N1Cc1ccc(CN2[CH]N=C[N]2)cc1.[CH]1N=C[N]N1Cc1ccc(Cn2cncn2)cc1
qmof-815b847,HUFNAZ_FSR,bandgap_4.5_to_5.0eV,3,Sr,c1ccccc1
qmof-012ca8a,GADCUM_FSR,bandgap_4.5_to_5.0eV,5,La,c1ccccc1
qmof-0358909,GADDEX_FSR,bandgap_4.5_to_5.0eV,1,La,c1ccccc1
qmof-bf0b336,QQQBKV10_FSR,bandgap_4.5_to_5.0eV,3,Tl,
qmof-914580c,QQQBNA11_FSR,bandgap_4.5_to_5.0eV,3,Ba,
qmof-73820e5,QQQFUV03_FSR,bandgap_4.5_to_5.0eV,1,Mn,
qmof-2d00fd3,RELVOU_FSR,bandgap_4.5_to_5.0eV,3,Cd,
qmof-5deed79,MOYKUH_FSR,bandgap_4.5_to_5.0eV,3,Nd,c1ccncc1
qmof-a032a19,MOYLAO_FSR,bandgap_4.5_to_5.0eV,4,Sm,c1ccncc1
qmof-97ba46c,ERINIC12_FSR,bandgap_4.5_to_5.0eV,3,Er,c1ccncc1
qmof-a704d35,ERUCUR_FSR,bandgap_4.5_to_5.0eV,4,Cd,O=C(CCCCCCC(=O)Nc1cccnc1)Nc1cccnc1.c1ccccc1
qmof-28dc38b,NELMEZ_FSR,bandgap_4.5_to_5.0eV,2,Zn,C1=NN=C[N]1.c1ccccc1
qmof-4b8c2e3,NEQQAC_FSR,bandgap_4.5_to_5.0eV,4,Cd,c1ccccc1
qmof-b8d60be,HIQLAW_FSR,bandgap_4.5_to_5.0eV,5,K,c1ccccc1
qmof-75d666e,YABYEG_FSR,bandgap_4.5_to_5.0eV,3,Zn,c1ccncc1
qmof-3c9f875,XUNHAQ_FSR,bandgap_4.5_to_5.0eV,4,Li,c1ccncc1
qmof-c0337e5,XUNJUM_FSR,bandgap_4.5_to_5.0eV,1,Mn,C1C2CC3CC1CC(C2)C3
qmof-16097f7,ESUVAP_FSR,bandgap_4.5_to_5.0eV,4,Zn,c1ccc2c(c1)ncn2CCCCn1cnc2ccccc21
qmof-79864df,ETAKAM_FSR,bandgap_4.5_to_5.0eV,4,Cd,[CH]1N=C[N]N1CCCCCCN1[CH]N=C[N]1.c1ccccc1
qmof-e3accad,QOXFOY_FSR,bandgap_4.5_to_5.0eV,3,Zn,c1ccccc1
qmof-438b1da,LAMCOS_FSR,bandgap_4.5_to_5.0eV,5,Zn,c1cncnc1
qmof-9b2e1cd,LAMPOG_FSR,bandgap_4.5_to_5.0eV,4,Cd,O=S(=O)(c1ccccc1)c1ccccc1
qmof-71bc372,REXKEK_FSR,bandgap_4.5_to_5.0eV,2,Cd,
qmof-0488f20,REQJEF_FSR,bandgap_4.5_to_5.0eV,1,Tb,
qmof-73e8273,REQSEO_FSR,bandgap_4.5_to_5.0eV,1,Pr,
qmof-161f011,REQSIS_FSR,bandgap_4.5_to_5.0eV,3,Sm,
qmof-aba6612,RERQIP_FSR,bandgap_4.5_to_5.0eV,3,Organic_Only,
qmof-d9f5423,XUNTEH_FSR,bandgap_4.5_to_5.0eV,5,Li,c1ccncc1
qmof-9c173b5,XUNTIL_FSR,bandgap_4.5_to_5.0eV,1,Li,c1ccncc1
qmof-fb4e736,MOYSUO_FSR,bandgap_4.5_to_5.0eV,3,Mg,
qmof-4877fcf,XUBHIM_FSR,bandgap_4.5_to_5.0eV,3,Co,C1COCCO1
qmof-0fe92ef,XUQQOP_FSR,bandgap_4.5_to_5.0eV,5,K,
qmof-315acfe,XURGAS_FSR,bandgap_4.5_to_5.0eV,3,Co,C1CNCCN1
qmof-67c55da,XUWQUC_FSR,bandgap_4.5_to_5.0eV,2,Zn,c1ccccc1
qmof-dd2c6cc,XUCGUY_FSR,bandgap_4.5_to_5.0eV,5,Cd,c1ccccc1.c1nncn1CCn1cnnc1
qmof-e14a066,LANCIO01_FSR,bandgap_4.5_to_5.0eV,2,Cd,c1cn(CCn2ccnc2)cn1
qmof-d7035ae,LALGUC_FSR,bandgap_4.5_to_5.0eV,1,Sm,c1ccncc1
qmof-cb55880,RESWUI01_FSR,bandgap_4.5_to_5.0eV,1,Er,c1ccccc1
qmof-8190505,REVFII01_FSR,bandgap_4.5_to_5.0eV,3,Cd,
qmof-92ce4a1,ERIHET_FSR,bandgap_4.5_to_5.0eV,2,Zn,c1ccccc1.c1cncc(CN2CCN(Cc3cccnc3)CC2)c1
qmof-60dc14e,ERINIC11_FSR,bandgap_4.5_to_5.0eV,1,Er,c1ccncc1
qmof-326f778,NEPWIQ_FSR,bandgap_4.5_to_5.0eV,3,Er,
qmof-dcd8104,HILPIB_FSR,bandgap_4.5_to_5.0eV,3,K,
qmof-9fc2616,HINTAB_FSR,bandgap_4.5_to_5.0eV,4,Cd,c1ccccc1
qmof-08e91e8,HUSGEI_FSR,bandgap_4.5_to_5.0eV,5,Ag,C1=NN=C[N]1
qmof-ea9c8c9,HIQKUP_FSR,bandgap_4.5_to_5.0eV,2,K,c1ccccc1
qmof-5a4677e,APEREU_FSR,bandgap_4.5_to_5.0eV,1,Ag,C1CCC1
qmof-bb1d955,XOZGIE_FSR,bandgap_4.5_to_5.0eV,4,Zn,c1ccccc1.c1cn(CCCn2ccnc2)cn1
qmof-eadf796,XOZZUI_FSR,bandgap_4.5_to_5.0eV,4,Hg,
qmof-136d9fe,EREHUG_FSR,bandgap_4.5_to_5.0eV,3,Ag,c1cnn(CCCCCCn2nccn2)n1
qmof-b7f7543,QUBJAZ_FSR,bandgap_4.5_to_5.0eV,4,K,c1ccccc1
qmof-d7de157,RIGMEB_FSR,bandgap_4.5_to_5.0eV,4,Cd,
qmof-dab305c,COCKAJ_FSR,bandgap_4.5_to_5.0eV,1,Hg,[c]1ccncc1
qmof-a7e6a8e,CODFEH_FSR,bandgap_4.5_to_5.0eV,4,Mn,
qmof-86f0092,REXZOJ_FSR,bandgap_4.5_to_5.0eV,4,Cd,
qmof-b9862f3,QQQAEA01_FSR,bandgap_4.5_to_5.0eV,4,Ca,c1ccncc1
qmof-d03bfbb,NEWDAW_FSR,bandgap_4.5_to_5.0eV,1,Cd,c1ncn(CCCn2cncn2)n1
qmof-c7baecd,NEWPUB02_FSR,bandgap_4.5_to_5.0eV,1,Cd,
qmof-2fa6555,EQERUP_FSR,bandgap_4.5_to_5.0eV,1,Zn,C1CCC1.c1cc(CCc2ccncc2)ccn1
qmof-b88d90e,EQIMEX_FSR,bandgap_4.5_to_5.0eV,1,Tb,C1CCCCC1
qmof-fd9d828,EQOCIW_FSR,bandgap_4.5_to_5.0eV,5,Co,C1=CN=C[N]1.[CH]1C=NC=N1
qmof-7616fb2,HUZJUI01_FSR,bandgap_4.5_to_5.0eV,5,In,
qmof-844ba33,APIROH_FSR,bandgap_4.5_to_5.0eV,1,In,
qmof-fbdd307,APORUS_FSR,bandgap_4.5_to_5.0eV,2,Cd,
qmof-e8e4dc5,XOMHIR_FSR,bandgap_4.5_to_5.0eV,1,Na,
qmof-49f7b74,QOTHUC_FSR,bandgap_4.5_to_5.0eV,5,Cd,
qmof-903f756,QOVBUA_FSR,bandgap_4.5_to_5.0eV,2,Ag,
qmof-1abf3bc,FUXBUX_FSR,bandgap_4.5_to_5.0eV,1,Cs,O=C(CC1C(=O)[CH]C(=O)N1c1ccccc1)Nc1ccccc1
qmof-7710534,LAMSOJ_FSR,bandgap_4.5_to_5.0eV,2,Nd,
qmof-1c7a916,DACMOK_FSR,bandgap_4.5_to_5.0eV,1,Ba,
qmof-9c78145,DACMUQ_FSR,bandgap_4.5_to_5.0eV,4,Ba,
qmof-68af577,QOHKII_FSR,bandgap_4.5_to_5.0eV,4,Zn,c1ccccc1.c1cn(CCCCCCn2ccnc2)cn1
qmof-2b508d4,KIWQAI_FSR,bandgap_4.5_to_5.0eV,1,Cd,
qmof-0307198,KIWSAL_FSR,bandgap_4.5_to_5.0eV,5,Cd,c1nncn1-n1cnnc1
qmof-6815760,CLIMZC_FSR,bandgap_4.5_to_5.0eV,5,Cd,
qmof-4109c26,XORDAJ_FSR,bandgap_4.5_to_5.0eV,1,Sr,
qmof-56a38e5,XUBLUC01_FSR,bandgap_4.5_to_5.0eV,4,Ni,c1ccc([C]2[O][Ni][O]2)cc1.c1ccccc1
qmof-229e397,FAFVIR_FSR,bandgap_4.5_to_5.0eV,3,Nd,
qmof-6cf1bb5,FAFXUG_FSR,bandgap_4.5_to_5.0eV,2,Ba,O=S1(=O)[N]S(=O)(=O)c2ccccc21
qmof-8470cd1,MONPIQ_FSR,bandgap_4.5_to_5.0eV,2,Li,
qmof-24e658e,IBIXEZ_FSR,bandgap_4.5_to_5.0eV,3,Cd,c1cc(C2C(c3ccncc3)C3C2C2C(c4ccncc4)C(c4ccncc4)C32)ccn1.c1ccccc1
qmof-c14a8e9,IBIXID_FSR,bandgap_4.5_to_5.0eV,5,Cd,c1cc(C2C(c3ccncc3)C3C2C2C(c4ccncc4)C(c4ccncc4)C32)ccn1.c1ccccc1
qmof-d7908a1,XOHNEO_FSR,bandgap_4.5_to_5.0eV,4,Zn,c1ccc(-c2ccccc2)cc1
qmof-e14e58a,GAYGOE_FSR,bandgap_4.5_to_5.0eV,5,Cd,
qmof-ea9dec3,GAYHUL_FSR,bandgap_4.5_to_5.0eV,4,Ag,C1=NN=N[N]1
qmof-d44d9b1,GAZSOR_FSR,bandgap_4.5_to_5.0eV,2,Cd,c1c[nH]cn1
qmof-fe36d0e,GEBCEX_FSR,bandgap_4.5_to_5.0eV,5,K,
qmof-7b78274,GEBRIQ_FSR,bandgap_4.5_to_5.0eV,2,Pr,c1ccncc1
qmof-d7d1a09,GECXUH01_FSR,bandgap_4.5_to_5.0eV,2,Zn,c1ccccc1
qmof-98ee946,GECYES_FSR,bandgap_4.5_to_5.0eV,4,Ca,
qmof-798dedc,XOJLEO_FSR,bandgap_4.5_to_5.0eV,3,Pr,c1ccccc1.c1ccccc1
qmof-41255fd,XOJXOK01_FSR,bandgap_4.5_to_5.0eV,5,La,c1ccncc1
qmof-d533d86,XOJXUQ_FSR,bandgap_4.5_to_5.0eV,4,Sm,c1ccncc1
qmof-c49cdda,XOJYIF_FSR,bandgap_4.5_to_5.0eV,5,Tb,c1ccncc1
qmof-6fd4328,HIHJAK_FSR,bandgap_4.5_to_5.0eV,4,Pb,
qmof-2cdefaf,XOCXIX_FSR,bandgap_4.5_to_5.0eV,1,Tb,
qmof-c8b355e,AQOJUL01_FSR,bandgap_4.5_to_5.0eV,5,Cd,c1ccncc1
qmof-de1f55e,MONPOW_FSR,bandgap_4.5_to_5.0eV,5,Li,
qmof-175655f,MOPNAI_FSR,bandgap_4.5_to_5.0eV,4,Co,c1ccccc1
qmof-771b75b,GEDLAE_FSR,bandgap_4.5_to_5.0eV,2,Cd,
qmof-4a59b22,CIXDOF_FSR,bandgap_4.5_to_5.0eV,5,Cd,
qmof-788d319,CIXROR_FSR,bandgap_4.5_to_5.0eV,5,La,c1ccccc1
qmof-23ef146,CIXRUX_FSR,bandgap_4.5_to_5.0eV,3,Nd,c1ccccc1
qmof-e093ead,CIXSAE_FSR,bandgap_4.5_to_5.0eV,4,Gd,c1ccccc1
qmof-e2b01e4,MOPNOW_FSR,bandgap_4.5_to_5.0eV,3,Zn,c1ccc(-n2ccnn2)cc1
qmof-01a27aa,MOSHAF_FSR,bandgap_4.5_to_5.0eV,1,Rb,c1ccccc1
qmof-27c07bc,NEWZUM_FSR,bandgap_4.5_to_5.0eV,1,Cd,
qmof-4ebaa8e,FAJBUO_FSR,bandgap_4.5_to_5.0eV,5,K,
qmof-e486b84,FAJCAV_FSR,bandgap_4.5_to_5.0eV,1,Rb,
qmof-8b9694c,ICEMAF_FSR,bandgap_4.5_to_5.0eV,1,Zn,c1cc(CCCc2ccncc2)ccn1.c1ccccc1
qmof-5c00a1d,ICIZOJ_FSR,bandgap_4.5_to_5.0eV,1,Cd,c1ccncc1
qmof-68a8f48,AQOWUZ_FSR,bandgap_4.5_to_5.0eV,4,Zn,c1ccccc1
qmof-16a358a,RIPGUT_FSR,bandgap_4.5_to_5.0eV,3,Tb,
qmof-d73a94e,FUWROE_FSR,bandgap_4.5_to_5.0eV,3,Ag,
qmof-9f3570c,COBTOF_FSR,bandgap_4.5_to_5.0eV,1,Cd,
qmof-730d513,LASMOJ_FSR,bandgap_4.5_to_5.0eV,4,Zn,c1ccc(-n2cnnc2)cc1
qmof-d5accd9,QOCRUW_FSR,bandgap_4.5_to_5.0eV,4,La,c1ccccc1
qmof-41c61b0,QOGJIF_FSR,bandgap_4.5_to_5.0eV,4,Zn,c1ccccc1
qmof-0a7a6ac,RIVREU_FSR,bandgap_4.5_to_5.0eV,5,Pb,C1CCCCC1
qmof-d52b137,RIVTAS_FSR,bandgap_4.5_to_5.0eV,4,Tb,c1ccncc1
qmof-2517368,GEDLEI_FSR,bandgap_4.5_to_5.0eV,5,Cd,c1ccc(-n2cnnc2-c2cccnc2)cc1
qmof-d73dedf,GEDLOS_FSR,bandgap_4.5_to_5.0eV,2,Zn,c1ccc(-n2cnnc2)cc1
qmof-c6f9b69,GEFDIE_FSR,bandgap_4.5_to_5.0eV,5,Ag,
qmof-c1bf88b,KIMZIS_FSR,bandgap_4.5_to_5.0eV,3,Ag,
qmof-c5e27ca,QOHGIE_FSR,bandgap_4.5_to_5.0eV,5,Co,
qmof-f1b8dbe,QOBNOM_FSR,bandgap_4.5_to_5.0eV,1,Zn,c1ccc(C2C(c3ccncc3)C(c3ccccc3)C2c2ccncc2)cc1
qmof-36aebf6,LASMUP_FSR,bandgap_4.5_to_5.0eV,2,Zn,c1ccc(-n2cnnc2)cc1
qmof-4233c23,LAQJUI_FSR,bandgap_4.5_to_5.0eV,5,Ag,C1=NN=N[N]1
qmof-a335887,LARFAO_FSR,bandgap_4.5_to_5.0eV,3,Zn,c1ccc(Oc2ccccc2)cc1
qmof-a37c7c3,KIVJIJ_FSR,bandgap_4.5_to_5.0eV,4,Ba,c1ccc(Cc2ccccc2)cc1
qmof-88aef81,GEDKUX_FSR,bandgap_4.5_to_5.0eV,4,Cd,c1ccc(-n2cnnc2)cc1
qmof-b7c4e4f,XIZJAS_FSR,bandgap_4.5_to_5.0eV,5,Zn,
qmof-7d8c9d8,MOHJOJ_FSR,bandgap_4.5_to_5.0eV,1,Zn,c1cncnc1
qmof-efa5caa,MOHMUT_FSR,bandgap_4.5_to_5.0eV,2,Cd,c1cncnc1
qmof-ad015e6,ENUCUM_FSR,bandgap_4.5_to_5.0eV,1,Zn,
qmof-57f07d6,RODPAC_FSR,bandgap_4.5_to_5.0eV,5,Ag,c1ccc(P(CCP(c2ccccc2)c2ccccc2)c2ccccc2)cc1
qmof-dd74e9c,FUMQAF_FSR,bandgap_4.5_to_5.0eV,2,Ni,
qmof-c0af75c,FUQDUS_FSR,bandgap_4.5_to_5.0eV,4,Zn,S=C1CCC(c2cccnc2)N1
qmof-aabccf4,KINDOC_FSR,bandgap_4.5_to_5.0eV,2,Tm,c1ccccc1
qmof-73863ec,CITTOR_FSR,bandgap_4.5_to_5.0eV,1,Sn,c1ccccc1
qmof-2bda94a,XOJYUR_FSR,bandgap_4.5_to_5.0eV,1,Nd,c1ccncc1
qmof-1d3530d,XISBIN_FSR,bandgap_4.5_to_5.0eV,3,Li,c1cc[nH]c1
qmof-cb28ce2,IDATOY01_FSR,bandgap_4.5_to_5.0eV,5,Yb,c1c[nH]cn1
qmof-26d7235,ICAZIX_FSR,bandgap_4.5_to_5.0eV,2,Au,
qmof-864bdcb,EPOJAV_FSR,bandgap_4.5_to_5.0eV,1,Sn,c1ccncc1
qmof-df880b8,EPOQOR_FSR,bandgap_4.5_to_5.0eV,5,Cd,
qmof-da71b94,LASMID_FSR,bandgap_4.5_to_5.0eV,2,Zn,c1ccc(-n2cnnc2)cc1
qmof-63f263f,QITLEM_FSR,bandgap_4.5_to_5.0eV,1,Zn,c1cn(-c2ccc(-n3ccnc3)cc2)cn1
qmof-66e741b,KIHVOP_FSR,bandgap_4.5_to_5.0eV,1,Zn,
qmof-13f1903,KIJZIN_FSR,bandgap_4.5_to_5.0eV,2,Zn,c1cc(CCCc2ccncc2)ccn1.c1ccccc1
qmof-e7e8cdd,ROCZAL_FSR,bandgap_4.5_to_5.0eV,3,Zn,c1cn(CCOCCn2ccnc2)cn1
qmof-f96785a,ROCZEP_FSR,bandgap_4.5_to_5.0eV,4,Zn,c1ccccc1.c1cn(CCOCCn2ccnc2)cn1
qmof-c566277,ENUDEX_FSR,bandgap_4.5_to_5.0eV,3,Zn,
qmof-7c2f557,ENULUV_FSR,bandgap_4.5_to_5.0eV,1,La,c1ccncc1
qmof-b3dcc3e,IDABAT05_FSR,bandgap_4.5_to_5.0eV,4,Zn,c1cc(CCc2ccncc2)ccn1
qmof-4788445,IDANUY_FSR,bandgap_4.5_to_5.0eV,1,Sr,c1ccccc1
qmof-7101119,XIHDEY_FSR,bandgap_4.5_to_5.0eV,2,Ag,c1ccccc1
qmof-96a0495,NIRCEX_FSR,bandgap_4.5_to_5.0eV,1,Cd,c1cn(CCCCn2ccnc2)cn1
qmof-371ef81,NILSUZ_FSR,bandgap_4.5_to_5.0eV,1,Dy,
qmof-34419d7,EPUREO_FSR,bandgap_4.5_to_5.0eV,5,Tb,c1ccccc1
qmof-6b43508,NIBRUN_FSR,bandgap_4.5_to_5.0eV,2,Zn,[CH]1C=NC(c2cccnc2)=N1
qmof-bb33e4d,NICCIN_FSR,bandgap_4.5_to_5.0eV,1,Zn,c1ccncc1
qmof-537f6ec,AROTOQ_FSR,bandgap_4.5_to_5.0eV,4,Na,c1ccccc1
qmof-10a8bec,CISJEU_FSR,bandgap_4.5_to_5.0eV,3,K,c1ccccc1
qmof-271822f,FALMUC_FSR,bandgap_4.5_to_5.0eV,4,Zn,S=C1[N]N=NN1
qmof-0bb2748,FAMDAA_FSR,bandgap_4.5_to_5.0eV,4,Cd,[CH]1Nc2ccccc2N1
qmof-ed950f0,FAMHEI_FSR,bandgap_4.5_to_5.0eV,2,Co,C1CSCN1
qmof-521b995,MOFDUI_FSR,bandgap_4.5_to_5.0eV,3,La,c1ccccc1
qmof-f6ae064,MOFFEU_FSR,bandgap_4.5_to_5.0eV,3,Pr,c1ccccc1
qmof-879ddfb,MOFFIY_FSR,bandgap_4.5_to_5.0eV,4,Nd,c1ccccc1
qmof-59c79f4,ENEDOR01_FSR,bandgap_4.5_to_5.0eV,3,Pr,c1c[nH]cn1
qmof-a80386d,ENEDUX_FSR,bandgap_4.5_to_5.0eV,1,Tb,c1c[nH]cn1
qmof-8a11989,ENEFEJ_FSR,bandgap_4.5_to_5.0eV,5,Nd,c1c[nH]cn1
qmof-39f26c0,ENEFIN_FSR,bandgap_4.5_to_5.0eV,4,Pr,c1c[nH]cn1
qmof-516e1ae,ENEZON_FSR,bandgap_4.5_to_5.0eV,5,Cd,C(CC1=NN=N[N]1)OCCC1=NN=N[N]1
qmof-c0cbada,GELCUY_FSR,bandgap_4.5_to_5.0eV,4,Cd,
qmof-a62568c,DALVAQ_FSR,bandgap_4.5_to_5.0eV,4,Cd,c1ccccc1
qmof-77ebf11,DAPJUB_FSR,bandgap_4.5_to_5.0eV,5,Ag,
qmof-53e7297,DAPKEM_FSR,bandgap_4.5_to_5.0eV,1,Ag,
qmof-e6b8f12,LAVFOF_FSR,bandgap_4.5_to_5.0eV,4,Cd,c1ccc2[nH]cnc2c1
qmof-e4993a6,NIMVOW_FSR,bandgap_4.5_to_5.0eV,2,Cd,c1ccncc1
qmof-31ee9e5,NIMVUC_FSR,bandgap_4.5_to_5.0eV,5,Cd,c1ccncc1
qmof-90e2627,NIMWAJ_FSR,bandgap_4.5_to_5.0eV,2,Cd,c1ccncc1
qmof-412f4b0,NIMWIR_FSR,bandgap_4.5_to_5.0eV,5,Cd,c1ccncc1
qmof-2adaa41,NIMWOX_FSR,bandgap_4.5_to_5.0eV,3,Cd,c1ccncc1
qmof-ccf9031,XEVBOQ_FSR,bandgap_4.5_to_5.0eV,1,Ag,C1CSCSC1
qmof-d2bab30,XEVMIU_FSR,bandgap_4.5_to_5.0eV,5,Sr,
qmof-59f3590,XEVMOA_FSR,bandgap_4.5_to_5.0eV,3,Ba,
qmof-8781484,XEVMUG_FSR,bandgap_4.5_to_5.0eV,1,Ba,
qmof-23ab2a1,NINFUN_FSR,bandgap_4.5_to_5.0eV,4,K,c1ccccc1.c1ccccc1
qmof-319da91,QIJYEP_FSR,bandgap_4.5_to_5.0eV,5,Cd,
qmof-8aba1fc,CIQMEW_FSR,bandgap_4.5_to_5.0eV,1,Tb,
qmof-0c8a25d,CIQMIA_FSR,bandgap_4.5_to_5.0eV,4,Er,
qmof-e560b2b,CIQQOK_FSR,bandgap_4.5_to_5.0eV,3,Gd,
qmof-d3e26d5,CIQRAX_FSR,bandgap_4.5_to_5.0eV,2,Dy,
qmof-41fd55c,LAWLAW_FSR,bandgap_4.5_to_5.0eV,2,K,c1ccccc1.c1ccccc1
qmof-08ea2da,LAWMED_FSR,bandgap_4.5_to_5.0eV,4,Zn,c1ccc(-c2ccccn2)nc1
qmof-525deda,QINGOM_FSR,bandgap_4.5_to_5.0eV,5,Zn,c1ccccc1.c1cn(Cc2ccc(Cn3ccnc3)cc2)cn1
qmof-a14235b,RUCRUE_FSR,bandgap_4.5_to_5.0eV,5,Zn,c1ccccc1
qmof-c11cf90,RUCSAL_FSR,bandgap_4.5_to_5.0eV,1,Zn,c1ccccc1
qmof-7e570fb,RUDGIH_FSR,bandgap_4.5_to_5.0eV,2,Cd,
qmof-405b604,ROMTET_FSR,bandgap_4.5_to_5.0eV,4,K,
qmof-6ab88e0,ROMWEX_FSR,bandgap_4.5_to_5.0eV,1,Zn,[CH]1N=C[N]N1Cc1cccc(Cn2cncn2)c1.c1ccccc1
qmof-6f39277,RORDEJ_FSR,bandgap_4.5_to_5.0eV,2,Cd,
qmof-8eff006,GELJEN_FSR,bandgap_4.5_to_5.0eV,4,Zn,
qmof-b78043f,ROSGAJ_FSR,bandgap_4.5_to_5.0eV,3,Ag,C1=NN=N[N]1
qmof-3b6a809,ROSKIV_FSR,bandgap_4.5_to_5.0eV,2,Zn,c1ccc(C2=NN=N[N]2)cc1
qmof-5ee3f65,ROJQEM01_FSR,bandgap_4.5_to_5.0eV,1,Mn,
qmof-21e64da,ROJRAK_FSR,bandgap_4.5_to_5.0eV,2,Cd,
qmof-9d4eb95,ROLQEP_FSR,bandgap_4.5_to_5.0eV,3,Ca,c1ccncc1
qmof-04e9906,LATYEM_FSR,bandgap_4.5_to_5.0eV,1,Cd,
qmof-99a6abd,LAZVIT_FSR,bandgap_4.5_to_5.0eV,2,Tb,c1c[nH]cn1
qmof-e9a4825,DARYEB_FSR,bandgap_4.5_to_5.0eV,2,Cd,c1ccncc1.c1ccncc1
qmof-f324f38,QIFMIB_FSR,bandgap_4.5_to_5.0eV,1,Cd,c1ccncc1
qmof-05d6b33,ROZWEJ_FSR,bandgap_4.5_to_5.0eV,1,Cd,c1cncc(CN2CCN(Cc3cccnc3)CC2)c1
qmof-95fee54,RUBDOI_FSR,bandgap_4.5_to_5.0eV,5,Zn,c1ccc(Cn2ccnc2)cc1
qmof-6da99f5,FUFNAW_FSR,bandgap_4.5_to_5.0eV,1,Pr,
qmof-adecf31,FUFNEA_FSR,bandgap_4.5_to_5.0eV,5,Nd,
qmof-470d254,FUFNIE_FSR,bandgap_4.5_to_5.0eV,3,Sm,
qmof-66283ef,NIRDEY_FSR,bandgap_4.5_to_5.0eV,1,Ni,c1cn(CCCCn2ccnc2)cn1
qmof-84de781,NIWTOD01_FSR,bandgap_4.5_to_5.0eV,5,Ga,
qmof-3b51d4f,NIYPIW_FSR,bandgap_4.5_to_5.0eV,5,Zn,c1ccccc1.c1cn(-c2ccc(-n3ccnc3)cc2)cn1
qmof-c45b2d5,NIZFEJ_FSR,bandgap_4.5_to_5.0eV,2,Na,O=[PH]1OCC2Oc3nccnc3CC2O1
qmof-f4ccf24,ATEMAP_FSR,bandgap_4.5_to_5.0eV,5,Zn,c1ccccc1
qmof-3f72143,ATEMET_FSR,bandgap_4.5_to_5.0eV,4,Zn,c1ccccc1
qmof-209bf3c,XEMLEI_FSR,bandgap_4.5_to_5.0eV,2,Nd,c1ccncc1
qmof-2e17133,XICDEU_FSR,bandgap_4.5_to_5.0eV,2,Cd,c1ccc(Cn2cncn2)c(Cn2cncn2)c1
qmof-8b6c81e,AVAWAW_FSR,bandgap_4.5_to_5.0eV,1,Cd,c1ccccc1.c1cn(Cc2ccc(Cn3ccnc3)cc2)cn1
qmof-f4c64c4,HEXMII_FSR,bandgap_4.5_to_5.0eV,4,Mg,
qmof-173a8d7,HEYDEV_FSR,bandgap_4.5_to_5.0eV,1,Hg,O=C(NCc1ccncc1)NCc1ccncc1
qmof-b03edbf,HEYDUL_FSR,bandgap_4.5_to_5.0eV,1,Cd,O=C(NCc1ccncc1)NCc1ccncc1
qmof-56e8657,CIQCUD_FSR,bandgap_4.5_to_5.0eV,1,Cd,O=C1C=COS[N]1
qmof-bb81f22,CIQDAK_FSR,bandgap_4.5_to_5.0eV,1,Pb,
qmof-e92984e,RUPYIL_FSR,bandgap_4.5_to_5.0eV,4,Cd,c1ccncc1
qmof-b84e7ef,MOGTUZ_FSR,bandgap_4.5_to_5.0eV,4,Cd,[CH]1N=C[N]N1CCCCN1[CH]N=C[N]1.c1ccccc1
qmof-516c93f,MOGVIO_FSR,bandgap_4.5_to_5.0eV,1,Cd,c1nc[nH]n1
qmof-0b3a3c5,MOHJID_FSR,bandgap_4.5_to_5.0eV,3,Cd,c1cncnc1
qmof-99b5526,MNFORD01_FSR,bandgap_4.5_to_5.0eV,2,Mn,
qmof-cd92f99,MNPROP_FSR,bandgap_4.5_to_5.0eV,3,Mn,
qmof-20b40dd,IDEDAY_FSR,bandgap_4.5_to_5.0eV,4,K,c1ccccc1
qmof-635b883,IDEHOQ_FSR,bandgap_4.5_to_5.0eV,1,Ni,
qmof-a7ffaa5,XENKUX_FSR,bandgap_4.5_to_5.0eV,2,Zn,c1ccncc1
qmof-dee7542,LAZNOQ_FSR,bandgap_4.5_to_5.0eV,4,Cd,
qmof-90245ee,CINNUJ_FSR,bandgap_4.5_to_5.0eV,2,Dy,c1ccncc1
qmof-21f4e09,CINWAY_FSR,bandgap_4.5_to_5.0eV,4,Mn,
qmof-94017ac,NODVUX_FSR,bandgap_4.5_to_5.0eV,5,Cu,
qmof-632304d,EMIYIJ01_FSR,bandgap_4.5_to_5.0eV,2,Cd,S=C1[N]N=CN1
qmof-4a86080,EMIYUV_FSR,bandgap_4.5_to_5.0eV,2,Cd,S=C1[N]N=CN1
qmof-d85ca31,EMIZAC_FSR,bandgap_4.5_to_5.0eV,3,Cd,S=C1[N]N=CN1
qmof-fcaa8ec,EMIZEG_FSR,bandgap_4.5_to_5.0eV,4,Cd,S=C1[N]N=CN1
qmof-a837eb6,EMIZIK_FSR,bandgap_4.5_to_5.0eV,3,Cd,S=C1[N]N=CN1
qmof-2c242e5,EMOTEG_FSR,bandgap_4.5_to_5.0eV,3,Zn,
qmof-bce674b,EMOTIK_FSR,bandgap_4.5_to_5.0eV,1,Cd,
qmof-66e07d3,EMUDAT_FSR,bandgap_4.5_to_5.0eV,5,La,c1ccncc1
qmof-34391f3,NOJGUP_FSR,bandgap_4.5_to_5.0eV,2,Cd,[CH]1Nc2ccccc2N1
qmof-d0a2c75,XEKYUI01_FSR,bandgap_4.5_to_5.0eV,3,Co,
qmof-0a8f2d8,XELYUL_FSR,bandgap_4.5_to_5.0eV,4,La,[CH]1N=C[N]N1
qmof-c650078,XEYQAU_FSR,bandgap_4.5_to_5.0eV,3,Cd,c1ccccc1
qmof-050c8bc,ATETIE_FSR,bandgap_4.5_to_5.0eV,4,Zn,c1ccncc1
qmof-6c3a161,RUVJID_FSR,bandgap_4.5_to_5.0eV,3,Zn,c1ccc(-n2cnnc2)cc1
qmof-cd26d9d,QIBKIW_FSR,bandgap_4.5_to_5.0eV,5,Na,
qmof-5a63e9d,QETSOA_FSR,bandgap_4.5_to_5.0eV,3,Cd,c1ncn(-c2ccc(-n3cncn3)cc2)n1
qmof-7979b73,XEDPON_FSR,bandgap_4.5_to_5.0eV,2,Zn,
qmof-f727745,XEDXUC_FSR,bandgap_4.5_to_5.0eV,1,Cd,c1ccccc1.c1nncn1CCn1cnnc1
qmof-11b15c6,AVOKUS_FSR,bandgap_4.5_to_5.0eV,2,Zn,c1ccccc1
qmof-48ecb3b,AVOLAZ_FSR,bandgap_4.5_to_5.0eV,2,Zn,c1ccccc1
qmof-79e46ad,AVOLED_FSR,bandgap_4.5_to_5.0eV,4,Zn,c1ccccc1
qmof-d1f791b,AVUFED01_FSR,bandgap_4.5_to_5.0eV,3,Na,
qmof-8be85a4,IFIVIF01_FSR,bandgap_4.5_to_5.0eV,2,Li,
qmof-34577d3,QEWMAJ_FSR,bandgap_4.5_to_5.0eV,4,Cd,
qmof-df62e59,QEXHAF_FSR,bandgap_4.5_to_5.0eV,3,Hg,
qmof-8205680,QEXPAL_FSR,bandgap_4.5_to_5.0eV,4,Zn,c1c[nH]cn1
qmof-99be33b,LAXWAL_FSR,bandgap_4.5_to_5.0eV,4,Ag,
qmof-681ecb3,CINMIW_FSR,bandgap_4.5_to_5.0eV,5,Tm,c1ccncc1
qmof-dcd237a,CINNOD_FSR,bandgap_4.5_to_5.0eV,4,Er,c1ccncc1
qmof-f271b0a,GEQTIH_FSR,bandgap_4.5_to_5.0eV,4,Zn,O=C(NCc1cccnc1)NCc1cccnc1
qmof-d0fbccd,KEVRAF_FSR,bandgap_4.5_to_5.0eV,5,Cu,C1CSCCN1
qmof-0340fcc,CILKIT_FSR,bandgap_4.5_to_5.0eV,5,Zn,C1=NN=N[N]1.c1ccncc1
qmof-12eec1c,CILKOZ_FSR,bandgap_4.5_to_5.0eV,2,Zn,C1=NN=N[N]1.c1ccncc1
qmof-c18c33c,CILQAS_FSR,bandgap_4.5_to_5.0eV,4,Hg,
qmof-cc4a249,RUWTUZ_FSR,bandgap_4.5_to_5.0eV,2,Cd,c1cc(-n2ccnc2)cc(-n2ccnc2)c1.c1ccccc1
qmof-d5e2472,KIDLEP_FSR,bandgap_4.5_to_5.0eV,4,Ni,[CH]1N=CN=CN1
qmof-f232c79,LAZVOZ_FSR,bandgap_4.5_to_5.0eV,1,Dy,c1c[nH]cn1
qmof-39bab0e,LAZVUF_FSR,bandgap_4.5_to_5.0eV,3,Er,c1c[nH]cn1
qmof-f4a1e4c,DATRIA_FSR,bandgap_4.5_to_5.0eV,3,Ag,c1ccc(SCSc2ccccc2)cc1
qmof-4fba533,DAVJOB_FSR,bandgap_4.5_to_5.0eV,1,Zn,c1ccccc1
qmof-d1ed4a4,DAVXIJ_FSR,bandgap_4.5_to_5.0eV,1,Co,c1ccccc1.c1cn(Cc2ccc(Cn3ccnc3)cc2)cn1
qmof-1cec922,QEYXAU_FSR,bandgap_4.5_to_5.0eV,5,Ag,[CH]1N=C[N]N1Cn1cncn1
qmof-c5c5d13,QEYZAY01_FSR,bandgap_4.5_to_5.0eV,4,Zn,c1ccccc1
qmof-713cbf1,QEYZAY02_FSR,bandgap_4.5_to_5.0eV,2,Zn,c1ccccc1
qmof-2f075c1,RUVBAN_FSR,bandgap_4.5_to_5.0eV,5,Zn,c1ccc(-n2cnnc2)cc1
qmof-3326c2a,QEBWEB_FSR,bandgap_4.5_to_5.0eV,4,Mg,c1ccccc1
qmof-aac42c8,QECDAF_FSR,bandgap_4.5_to_5.0eV,2,Li,O=C1[N]S(=O)(=O)[N]C1=O
qmof-527e32e,LEHKAL_FSR,bandgap_4.5_to_5.0eV,1,Gd,c1ccccc1
qmof-f0447b0,KHMALA03_FSR,bandgap_4.5_to_5.0eV,5,K,
qmof-ab4d6f5,KHOXAL03_FSR,bandgap_4.5_to_5.0eV,2,K,
qmof-ae76967,KHPHAL02_FSR,bandgap_4.5_to_5.0eV,3,K,c1ccccc1
qmof-5c52173,KIBDIJ_FSR,bandgap_4.5_to_5.0eV,5,Tb,
qmof-f210856,GEMKER01_FSR,bandgap_4.5_to_5.0eV,2,Cd,c1cn(-c2ccc(-n3ccnc3)cc2)cn1
qmof-8b6e0cd,GENRUO_FSR,bandgap_4.5_to_5.0eV,5,Bi,
qmof-13463bb,NOCDOY_FSR,bandgap_4.5_to_5.0eV,5,Ni,
qmof-0c68249,NOCLOH01_FSR,bandgap_4.5_to_5.0eV,5,Sr,c1ccccc1
qmof-3a62371,MIYGIL_FSR,bandgap_4.5_to_5.0eV,2,Organic_Only,
qmof-ffc7372,MIYZIF_FSR,bandgap_4.5_to_5.0eV,4,Hg,
qmof-c7dcdee,MIZPAM_FSR,bandgap_4.5_to_5.0eV,3,Cd,
qmof-1667413,XEBTAZ_FSR,bandgap_4.5_to_5.0eV,2,Cd,
qmof-b8bcf6c,GEPXAB_FSR,bandgap_4.5_to_5.0eV,3,Cd,
qmof-99602aa,CIJXAW_FSR,bandgap_4.5_to_5.0eV,2,Cd,c1ccccc1
qmof-b505ebc,CIJZIG_FSR,bandgap_4.5_to_5.0eV,5,Mn,
qmof-740afef,KERWOW_FSR,bandgap_4.5_to_5.0eV,5,La,c1cncnc1
qmof-0caf630,KERXAJ_FSR,bandgap_4.5_to_5.0eV,4,Pr,c1cncnc1
qmof-448a49a,FOXQOZ_FSR,bandgap_4.5_to_5.0eV,1,Cd,c1cn(Cc2cc(Cn3ccnc3)cc(Cn3ccnc3)c2)cn1
qmof-4920099,XAQWES_FSR,bandgap_4.5_to_5.0eV,4,Zn,c1cc(Cn2ccnc2)cc(Cn2ccnc2)c1
qmof-1773abb,AVUFED_FSR,bandgap_4.5_to_5.0eV,5,Na,c1ccccc1
qmof-7b7e338,XEHTEK_FSR,bandgap_4.5_to_5.0eV,2,Co,
qmof-1ef53a0,XEHTUB_FSR,bandgap_4.5_to_5.0eV,4,Cd,C1=NN=N[N]1.c1ccccc1
qmof-221bac5,AVEMOE_FSR,bandgap_4.5_to_5.0eV,2,Ag,O=P12CN3CN(CN(C3)C1)C2
qmof-630c138,AVIPEB_FSR,bandgap_4.5_to_5.0eV,1,Mg,
qmof-810a1c3,FAQVEA_FSR,bandgap_4.5_to_5.0eV,2,Zn,C1=NN=N[N]1.c1ccncc1
qmof-c888728,NONYOF_FSR,bandgap_4.5_to_5.0eV,2,Cd,c1ccccc1
qmof-cc05cf2,EMEDUV01_FSR,bandgap_4.5_to_5.0eV,1,Dy,c1ccncc1
qmof-2eba693,EMEDUV_FSR,bandgap_4.5_to_5.0eV,2,Dy,c1ccncc1
qmof-dcc86e5,DAXNOG03_FSR,bandgap_4.5_to_5.0eV,2,Zn,c1ccccc1
qmof-13cd67d,QATHEA_FSR,bandgap_4.5_to_5.0eV,1,Cd,c1cc(CCc2ccncc2)ccn1.c1ccccc1
qmof-9ab9d41,QATROU_FSR,bandgap_4.5_to_5.0eV,4,Cd,c1ccncc1
qmof-c06322b,QATSUC_FSR,bandgap_4.5_to_5.0eV,5,Cd,c1ccc(Cn2ccnc2)c(Cn2ccnc2)c1.c1ccccc1
qmof-6bd4e14,GESFOA_FSR,bandgap_4.5_to_5.0eV,3,Zn,c1ccncc1
qmof-fb7aab9,GETRED01_FSR,bandgap_4.5_to_5.0eV,2,Bi,
qmof-6011a1c,GETWEJ_FSR,bandgap_4.5_to_5.0eV,5,Pb,c1ccc(C2=NN=N[N]2)cc1
qmof-ba6a246,SAKLUM_FSR,bandgap_4.5_to_5.0eV,4,Li,
qmof-70cecaa,SALLAT_FSR,bandgap_4.5_to_5.0eV,1,Cd,
qmof-4a7d9c5,EMEYEB_FSR,bandgap_4.5_to_5.0eV,5,Zn,
qmof-5169fc5,NOHGEX_FSR,bandgap_4.5_to_5.0eV,2,Y,c1ccccc1
qmof-d0d269c,NOQHUY_FSR,bandgap_4.5_to_5.0eV,1,Zn,c1ccccc1.c1cn(Cc2ccc(Cn3ccnc3)cc2)cn1
qmof-9114e4f,NORHIN_FSR,bandgap_4.5_to_5.0eV,3,Cd,c1ccccc1.c1cn(Cc2cc(Cn3ccnc3)cc(Cn3ccnc3)c2)cn1
qmof-186fc57,HEWPAB_FSR,bandgap_4.5_to_5.0eV,3,Cs,c1ccccc1
qmof-82f44d0,LEKMIA_FSR,bandgap_4.5_to_5.0eV,3,In,O=P(c1ccccc1)(c1ccccc1)c1ccccc1
qmof-8e32732,QEBGEM_FSR,bandgap_4.5_to_5.0eV,2,Cd,c1cn(CCCCn2ccnc2)cn1
qmof-5a415c6,QAXKUW01_FSR,bandgap_4.5_to_5.0eV,5,Zn,c1ccc(-c2ccccc2)cc1
qmof-975d128,AWEJAO_FSR,bandgap_4.5_to_5.0eV,5,Ag,c1ccccc1
qmof-1548d62,AWEMEU_FSR,bandgap_4.5_to_5.0eV,3,Zn,c1ccncc1
qmof-aff572c,AWOGOJ_FSR,bandgap_4.5_to_5.0eV,1,Sn,c1ccccc1
qmof-c970470,AWOHOK_FSR,bandgap_4.5_to_5.0eV,3,Cd,
qmof-8cc38c9,AWONIK_FSR,bandgap_4.5_to_5.0eV,3,Cd,c1nncs1
qmof-668a82c,WUXPIO_FSR,bandgap_4.5_to_5.0eV,3,Ag,
qmof-812adef,FOSMEH_FSR,bandgap_4.5_to_5.0eV,5,Cd,[CH]1C=CC=CN1
qmof-b9cda88,QAVREM_FSR,bandgap_4.5_to_5.0eV,5,Cd,
qmof-d8acd47,KEPJAQ_FSR,bandgap_4.5_to_5.0eV,5,Er,
qmof-bb13a23,NORQES_FSR,bandgap_4.5_to_5.0eV,1,Sc,c1ccncc1
qmof-f2e148d,NOLVAN_FSR,bandgap_4.5_to_5.0eV,1,Ag,O=C1CNC(=O)CN1
qmof-f6990bf,NOMFUS_FSR,bandgap_4.5_to_5.0eV,4,Co,O=C1CNC(=O)CN1
qmof-3ff5349,NUDLOP01_FSR,bandgap_4.5_to_5.0eV,3,Mg,c1ccncc1
qmof-9b0abc5,XABJOC_FSR,bandgap_4.5_to_5.0eV,2,Zn,c1ccccc1.c1cn(CCCCn2ccnc2)cn1
qmof-2a2f8c7,XACBUB_FSR,bandgap_4.5_to_5.0eV,2,Cd,S=C1[N]N=CN1
qmof-3865138,CIGCEC_FSR,bandgap_4.5_to_5.0eV,2,Ti,
qmof-3adaa65,DEFWOC_FSR,bandgap_4.5_to_5.0eV,4,Zn,c1ccc2c(c1)ncn2CCCn1cnc2ccccc21.c1ccccc1
qmof-f9b8307,LEYPIQ_FSR,bandgap_4.5_to_5.0eV,1,Na,
qmof-b4d8dac,LEQYEN_FSR,bandgap_4.5_to_5.0eV,5,Na,c1ccccc1
qmof-7c6b60e,SAWBAU_FSR,bandgap_4.5_to_5.0eV,2,Y,
qmof-81c0af0,GEWKAW_FSR,bandgap_4.5_to_5.0eV,2,Mg,c1ccc(-c2ccccn2)nc1
qmof-badd34a,KEKHAL_FSR,bandgap_4.5_to_5.0eV,5,Tb,c1ccccc1
qmof-a8bfcf3,KEKLEU_FSR,bandgap_4.5_to_5.0eV,4,Co,
qmof-ece4651,EMADAX_FSR,bandgap_4.5_to_5.0eV,3,Cd,c1cc(SSc2ccncc2)ccn1
qmof-a959168,EMANOV_FSR,bandgap_4.5_to_5.0eV,3,Cd,
qmof-8276221,MIVNUB_FSR,bandgap_4.5_to_5.0eV,5,Lu,c1ccncc1
qmof-5ba9b76,HEMRUP_FSR,bandgap_4.5_to_5.0eV,1,Zn,c1cc(CCCc2ccncc2)ccn1.c1ccccc1
qmof-fe0860e,WUZYEW_FSR,bandgap_4.5_to_5.0eV,3,Sm,
qmof-08c7677,HESMOK_FSR,bandgap_4.5_to_5.0eV,5,Cd,
qmof-614141f,HEVWUB_FSR,bandgap_4.5_to_5.0eV,5,Zn,C1CCNCC1
qmof-7166b5b,HEVXAI_FSR,bandgap_4.5_to_5.0eV,2,Cd,C1CCNCC1
qmof-a55c82c,IGUDEV_FSR,bandgap_4.5_to_5.0eV,3,Na,
qmof-d248652,SAZBAW_FSR,bandgap_4.5_to_5.0eV,4,Sn,c1ccoc1
qmof-422136e,FONQOP01_FSR,bandgap_4.5_to_5.0eV,4,Cd,c1ccncc1
qmof-90ad635,LETHAU_FSR,bandgap_4.5_to_5.0eV,4,Cd,c1ccccc1
qmof-d7fd6b7,QAMKAR_FSR,bandgap_4.5_to_5.0eV,2,Cd,c1ncn(CCn2cncn2)n1
qmof-b46dc41,QAPCUH_FSR,bandgap_4.5_to_5.0eV,4,Ga,
qmof-173e029,DEFNOU_FSR,bandgap_4.5_to_5.0eV,3,Ni,
qmof-1d7e777,DEFVER_FSR,bandgap_4.5_to_5.0eV,1,Zn,c1ccccc1.c1cn(CCCCn2ccnc2)cn1
qmof-d7500c7,WUVFEA_FSR,bandgap_4.5_to_5.0eV,4,Zn,c1ccccc1
qmof-c716cfc,WUVJII_FSR,bandgap_4.5_to_5.0eV,3,Co,c1ccccc1.c1cn(Cc2ccc(Cn3ccnc3)cc2)cn1
qmof-859b831,AXEPIE_FSR,bandgap_4.5_to_5.0eV,2,Na,
qmof-485839c,AXITOR_FSR,bandgap_4.5_to_5.0eV,2,Zn,C1=NN=N[N]1.c1ccncc1
qmof-30ffa5b,WUJKOB_FSR,bandgap_4.5_to_5.0eV,3,Cd,c1cc(CCCc2ccncc2)ccn1
qmof-37f4f13,WUKFUF_FSR,bandgap_4.5_to_5.0eV,4,Co,c1nc[nH]n1
qmof-f258d2d,IGUSAF_FSR,bandgap_4.5_to_5.0eV,4,Zn,c1ccncc1
qmof-36d8b88,MIWNAJ_FSR,bandgap_4.5_to_5.0eV,1,Pr,
qmof-9b7f599,MIWNEN_FSR,bandgap_4.5_to_5.0eV,4,Nd,
qmof-32cddef,SEBTUP_FSR,bandgap_4.5_to_5.0eV,1,Cd,
qmof-357e9e5,GICYUN01_FSR,bandgap_4.5_to_5.0eV,5,Sr,c1ccccc1.c1ccccc1
qmof-5404d7b,LIBHUB_FSR,bandgap_4.5_to_5.0eV,1,Sr,c1ccccc1
qmof-089b013,ELINET_FSR,bandgap_4.5_to_5.0eV,2,Ni,c1ccccc1
qmof-7907034,NUPWEC_FSR,bandgap_4.5_to_5.0eV,2,K,c1ccccc1
qmof-54d770c,NUPWIG_FSR,bandgap_4.5_to_5.0eV,1,Rb,c1ccccc1
qmof-ac6e3d6,NUGJEF_FSR,bandgap_4.5_to_5.0eV,3,Cd,
qmof-0fcc169,WUBWAT_FSR,bandgap_4.5_to_5.0eV,1,Cd,
qmof-ac814d2,WUDXAV_FSR,bandgap_4.5_to_5.0eV,4,Zn,c1ccccc1
qmof-2063f6c,AXIVIM_FSR,bandgap_4.5_to_5.0eV,1,Cd,c1ccccc1
qmof-746e866,AXUFAB_FSR,bandgap_4.5_to_5.0eV,4,Hg,
qmof-ef51e3b,IJOMOJ03_FSR,bandgap_4.5_to_5.0eV,4,Mn,
qmof-9e3175c,IJOSIK_FSR,bandgap_4.5_to_5.0eV,1,Cd,c1cc(Cn2cncn2)ccn1
qmof-a2d0d1c,QADWIE_FSR,bandgap_4.5_to_5.0eV,4,Gd,c1cc[nH+]cc1
qmof-991aa32,QADWOK_FSR,bandgap_4.5_to_5.0eV,1,Tb,c1cc[nH+]cc1
qmof-a4ff7f7,SEDDOX_FSR,bandgap_4.5_to_5.0eV,4,Li,O=C1[CH]C(=O)NC(=O)N1
qmof-11627b4,KEHWAY01_FSR,bandgap_4.5_to_5.0eV,3,K,O=c1ccn(C2CCCO2)c(=O)[nH]1.O=c1ccn(C2CCCO2)c(=O)[nH]1
qmof-8140415,GIFCOQ_FSR,bandgap_4.5_to_5.0eV,5,Sr,O=C1C=COS[N]1
qmof-1af804d,GIFGAG_FSR,bandgap_4.5_to_5.0eV,4,Mn,
qmof-d89832e,CETKEU_FSR,bandgap_4.5_to_5.0eV,4,Nd,c1ccccc1
qmof-b5258da,SEJSUW_FSR,bandgap_4.5_to_5.0eV,3,Co,
qmof-7b6e436,GIFLIT_FSR,bandgap_4.5_to_5.0eV,3,K,c1ccncc1
qmof-14c486f,GIGBAA_FSR,bandgap_4.5_to_5.0eV,3,Dy,
qmof-7a3ac3d,GIGBII_FSR,bandgap_4.5_to_5.0eV,4,Ho,
qmof-32c25b7,FOHCAH_FSR,bandgap_4.5_to_5.0eV,4,Mg,c1ccccc1
qmof-2de4c15,QADWUQ_FSR,bandgap_4.5_to_5.0eV,2,Dy,c1cc[nH+]cc1
qmof-ffb946a,QADXAX_FSR,bandgap_4.5_to_5.0eV,1,Ho,c1cc[nH+]cc1
qmof-4eb7b40,QAFFOV_FSR,bandgap_4.5_to_5.0eV,3,Cd,c1ccc(-n2cnnc2)cc1
qmof-cd7c886,QAFGEM_FSR,bandgap_4.5_to_5.0eV,3,Cd,c1ccc(-n2cnnc2)cc1
qmof-9dfbfd1,PUZTOV_FSR,bandgap_4.5_to_5.0eV,4,Cd,c1ccccc1
qmof-c11d02f,FOHKUJ_FSR,bandgap_4.5_to_5.0eV,2,Cd,c1ccccc1
qmof-fdb520d,FOJBOX_FSR,bandgap_4.5_to_5.0eV,5,Cd,[CH]1N=C[N]N1Cc1ccc(Cn2cncn2)cc1.c1ccccc1.c1ncn(Cc2ccc(Cn3cncn3)cc2)n1
qmof-9a71eae,GIGVOI_FSR,bandgap_4.5_to_5.0eV,3,Na,c1ccccc1
qmof-12e7e3d,GIHKEO_FSR,bandgap_4.5_to_5.0eV,4,Na,c1ccccc1
qmof-558431c,SETCUQ01_FSR,bandgap_4.5_to_5.0eV,4,Ag,c1ccc(C2=NN=N[N]2)cc1
qmof-72d2bdc,SETCUQ_FSR,bandgap_4.5_to_5.0eV,3,Ag,c1ccc(C2=NN=N[N]2)cc1.c1ccc(C2=N[N]N=N2)cc1
qmof-6500a22,SETNEL_FSR,bandgap_4.5_to_5.0eV,5,Cu,C1CSCCO1
qmof-1a5f532,SEKBIV_FSR,bandgap_4.5_to_5.0eV,5,Mg,C1COCCO1
qmof-2fd64af,SEQWET_FSR,bandgap_4.5_to_5.0eV,4,Co,
qmof-c576985,CETHER_FSR,bandgap_4.5_to_5.0eV,4,Gd,c1ccccc1
qmof-ebe63e6,CETHOB_FSR,bandgap_4.5_to_5.0eV,3,Dy,c1ccccc1
qmof-5de710b,NUGJIJ_FSR,bandgap_4.5_to_5.0eV,1,Cd,c1cc(Cn2ccnc2)cc(Cn2ccnc2)c1
qmof-7b48c52,NUJTOB_FSR,bandgap_4.5_to_5.0eV,4,Au,
qmof-2e8aceb,HEHGOS_FSR,bandgap_4.5_to_5.0eV,3,Gd,
qmof-1ffb434,HEHLOY_FSR,bandgap_4.5_to_5.0eV,1,Zn,c1ccccc1
qmof-ec57339,HEHMOW_FSR,bandgap_4.5_to_5.0eV,3,Ag,C1SCSCS1
qmof-2ac5c65,CETHUH_FSR,bandgap_4.5_to_5.0eV,1,Er,c1ccccc1
qmof-b584e82,CETJAP_FSR,bandgap_4.5_to_5.0eV,4,Tm,c1ccccc1
qmof-9b71bbe,CEKZUP_FSR,bandgap_4.5_to_5.0eV,2,Cd,c1ccccc1.c1cn(CCCCn2ccnc2)cn1
qmof-dc83d41,CELLUC_FSR,bandgap_4.5_to_5.0eV,4,Cd,c1ccccc1
qmof-c885683,GIKBAE_FSR,bandgap_4.5_to_5.0eV,4,Tb,c1c[nH]cn1
qmof-dc36a7d,KAYCAQ_FSR,bandgap_4.5_to_5.0eV,1,Ca,c1ccncc1
qmof-863257c,CETFUD_FSR,bandgap_4.5_to_5.0eV,2,Pr,
qmof-08b5558,WOTNUQ_FSR,bandgap_4.5_to_5.0eV,1,Zn,
qmof-1fb08ec,WOWLUP_FSR,bandgap_4.5_to_5.0eV,1,Co,
qmof-8fe4b3e,WUPHEU_FSR,bandgap_4.5_to_5.0eV,2,Zn,c1c[nH]cn1
qmof-6b02bb3,WOKROF_FSR,bandgap_4.5_to_5.0eV,1,Cd,c1ccncc1
qmof-c4f7333,WONXAZ_FSR,bandgap_4.5_to_5.0eV,3,Zn,c1ccccc1
qmof-742aaba,WONYIJ_FSR,bandgap_4.5_to_5.0eV,2,Cd,c1ccncc1
qmof-dc490ca,HEGXAU01_FSR,bandgap_4.5_to_5.0eV,1,Tb,
qmof-b45999a,LIHMAL01_FSR,bandgap_4.5_to_5.0eV,5,Li,
qmof-be80aaf,LIHSAX_FSR,bandgap_4.5_to_5.0eV,3,Cd,C1=NC=N[N]1.C1=NN=C[N]1
qmof-bda7761,LIDQIA_FSR,bandgap_4.5_to_5.0eV,2,Cd,c1cc(CCc2ccncc2)ccn1.c1ccccc1
qmof-230402d,LIFXAA_FSR,bandgap_4.5_to_5.0eV,2,Cd,
qmof-c7a8622,PUNBIK_FSR,bandgap_4.5_to_5.0eV,2,Er,
qmof-e78c96e,PUPGAJ01_FSR,bandgap_4.5_to_5.0eV,5,Nd,c1c[nH]cn1
qmof-d58defd,DEHYAS_FSR,bandgap_4.5_to_5.0eV,5,Cd,c1ccc(C2=NN=N[N]2)nc1
qmof-b01ae77,DEJVIY_FSR,bandgap_4.5_to_5.0eV,4,Er,
qmof-5bc7a5e,SEWWUN_FSR,bandgap_4.5_to_5.0eV,5,K,
qmof-f4d0dfc,SEYMIV_FSR,bandgap_4.5_to_5.0eV,4,Cd,c1ccc(-n2cnnc2)cc1
qmof-f730251,ILIQEB_FSR,bandgap_4.5_to_5.0eV,4,Cd,c1cc(CCc2ccncc2)ccn1.c1ccccc1
qmof-9c487ce,ILOVUB_FSR,bandgap_4.5_to_5.0eV,5,Zn,c1cc(CCc2ccncc2)ccn1
qmof-3d12eb1,AZOCUO01_FSR,bandgap_4.5_to_5.0eV,2,Zn,c1ccncc1
qmof-1b1c158,OBESUM_FSR,bandgap_4.5_to_5.0eV,1,Ag,
qmof-b205a95,NULXUO_FSR,bandgap_4.5_to_5.0eV,2,Gd,c1ccccc1
qmof-a52e439,NUMHUY_FSR,bandgap_4.5_to_5.0eV,3,Nd,C1COCCO1
qmof-bd852be,WIVFEO_FSR,bandgap_4.5_to_5.0eV,3,Sm,c1cncc(-c2nn[nH]n2)c1
qmof-13f45fd,AZIGOF_FSR,bandgap_4.5_to_5.0eV,2,Ag,c1ccncc1
qmof-c91080d,AZITOT_FSR,bandgap_4.5_to_5.0eV,3,La,c1ccccc1
qmof-58711c7,WOCGAZ_FSR,bandgap_4.5_to_5.0eV,3,La,c1ccccc1
qmof-0736fd1,GIKBIM_FSR,bandgap_4.5_to_5.0eV,4,Er,c1c[nH]cn1
qmof-1cfb0f0,GIKBUY01_FSR,bandgap_4.5_to_5.0eV,1,Gd,c1c[nH]cn1
qmof-e0e3dad,GIMGIT_FSR,bandgap_4.5_to_5.0eV,4,Zn,c1cc(Cn2ccnc2)cc(Cn2ccnc2)c1.c1ccccc1
qmof-7b44c95,WINVOG_FSR,bandgap_4.5_to_5.0eV,3,Tb,O=C1CNC(=O)CN1.O=C1CNC(=O)CN1
qmof-015591d,WIPQER_FSR,bandgap_4.5_to_5.0eV,1,Co,
qmof-6863435,IMEFAI01_FSR,bandgap_4.5_to_5.0eV,4,Gd,c1ccccc1
qmof-22a8304,IMEFAI_FSR,bandgap_4.5_to_5.0eV,4,Gd,c1ccccc1
qmof-c5651be,WIHWUG_FSR,bandgap_4.5_to_5.0eV,5,Cd,c1ccncc1
qmof-e9a012f,FAVNAU_FSR,bandgap_4.5_to_5.0eV,5,Cd,c1ccncc1.c1ccncc1
qmof-89850df,EJUFEW_FSR,bandgap_4.5_to_5.0eV,2,Tb,c1ccccc1
qmof-15b016f,NUYTUX_FSR,bandgap_4.5_to_5.0eV,4,Sm,c1ccccc1
qmof-3d33384,NUYVAF_FSR,bandgap_4.5_to_5.0eV,2,Pr,c1ccccc1
qmof-c0f6f4f,HEFYUN_FSR,bandgap_4.5_to_5.0eV,2,Cd,c1ncn(Cc2ccc(Cn3cncn3)cc2)n1
qmof-e054909,PURYEH_FSR,bandgap_4.5_to_5.0eV,2,Ag,
qmof-9781eac,PUTZAG_FSR,bandgap_4.5_to_5.0eV,1,Zn,c1ccc(Cn2ccnc2)c(Cn2ccnc2)c1.c1ccccc1
qmof-17ff882,PUNBAC_FSR,bandgap_4.5_to_5.0eV,2,Dy,
qmof-fbf7e41,CEJKAG_FSR,bandgap_4.5_to_5.0eV,3,Gd,c1ccccc1
qmof-fcedf2b,CEJKEK_FSR,bandgap_4.5_to_5.0eV,5,Sm,c1ccccc1
qmof-7f22f47,CEJLOV_FSR,bandgap_4.5_to_5.0eV,3,Ho,c1ccccc1
qmof-e2c3312,CEJLUB_FSR,bandgap_4.5_to_5.0eV,5,Y,c1ccccc1
qmof-13bab77,CEJNEK01_FSR,bandgap_4.5_to_5.0eV,4,Ag,C1CSCCO1
qmof-58ece63,SISXID_FSR,bandgap_4.5_to_5.0eV,3,K,c1ccccc1
qmof-28f26b6,SITROE01_FSR,bandgap_4.5_to_5.0eV,5,Nd,c1ccccc1
qmof-6040bb6,SIMXOE_FSR,bandgap_4.5_to_5.0eV,5,Zn,[CH]1N=C[N]N1
qmof-cd8d6d2,LIGXEF_FSR,bandgap_4.5_to_5.0eV,2,Cd,c1ccccc1
qmof-4799208,DEPHUC01_FSR,bandgap_4.5_to_5.0eV,2,Y,c1ccccc1
qmof-82fce8b,PURTOM_FSR,bandgap_4.5_to_5.0eV,3,Li,c1ccncc1.c1ccncc1
qmof-84c5c07,PURTUS_FSR,bandgap_4.5_to_5.0eV,4,Li,c1ccncc1
qmof-06ddc1e,CELVIA_FSR,bandgap_4.5_to_5.0eV,1,Co,
qmof-585345f,CEMWID_FSR,bandgap_4.5_to_5.0eV,1,Hg,
qmof-cf6fe94,SICGIW_FSR,bandgap_4.5_to_5.0eV,5,Co,[CH]1N=C[N]N1.c1nc[nH]n1
qmof-c2d6ce1,GIKBEI_FSR,bandgap_4.5_to_5.0eV,4,Gd,c1c[nH]cn1
qmof-7d2ad78,POTHAI_FSR,bandgap_4.5_to_5.0eV,5,Tb,
qmof-8c6011b,POVRIC_FSR,bandgap_4.5_to_5.0eV,2,Co,[CH]1N=C[N]N1.c1nc[nH]n1
qmof-2b3bd76,POWVIH_FSR,bandgap_4.5_to_5.0eV,2,Ca,c1cncnc1
qmof-f90a6ed,LIKFOB_FSR,bandgap_4.5_to_5.0eV,2,Zn,c1ccccc1
qmof-b2dbb73,LIMLIF_FSR,bandgap_4.5_to_5.0eV,3,Ni,c1ccccc1
qmof-887bca5,LINJIC_FSR,bandgap_4.5_to_5.0eV,5,Tl,
qmof-e98c409,GIMXIL01_FSR,bandgap_4.5_to_5.0eV,5,Cd,
qmof-dd07117,EKEKEL_FSR,bandgap_4.5_to_5.0eV,5,Zn,c1ccccc1
qmof-b9302b0,OBAGOQ_FSR,bandgap_4.5_to_5.0eV,1,La,c1ccncc1
qmof-6ddef79,INEYEG_FSR,bandgap_4.5_to_5.0eV,5,Ca,c1ccccc1
qmof-88d427b,EJOCEM_FSR,bandgap_4.5_to_5.0eV,4,Ba,
qmof-6a5d3af,OBIXAA_FSR,bandgap_4.5_to_5.0eV,3,Cu,
qmof-936a309,OBOPAY01_FSR,bandgap_4.5_to_5.0eV,3,Cd,c1ccc2[nH]c(Cn3ccnc3)nc2c1
qmof-3e0f6ce,OBUFAT_FSR,bandgap_4.5_to_5.0eV,2,Zn,
qmof-f10cb85,OBUHUR_FSR,bandgap_4.5_to_5.0eV,5,Co,
qmof-8c50340,FAVZEJ_FSR,bandgap_4.5_to_5.0eV,1,Ag,
qmof-73f219a,GIRHEV_FSR,bandgap_4.5_to_5.0eV,2,Ag,[CH]1N=C[N]c2[nH]cnc21
qmof-9225553,SOCCOD_FSR,bandgap_4.5_to_5.0eV,2,Cd,c1nnnn1CCCCn1cnnn1
qmof-1510f27,SOCCUJ_FSR,bandgap_4.5_to_5.0eV,1,Cd,c1nnnn1CCn1cnnn1
qmof-37797cc,SOCPOP_FSR,bandgap_4.5_to_5.0eV,2,Sr,C1COCCO1
qmof-c3d1c9d,FAWKOE_FSR,bandgap_4.5_to_5.0eV,3,Zn,[CH]1N=C[N]N1CCn1cncn1.c1ccccc1.c1ncn(CCn2cncn2)n1
qmof-c8e4b53,INEFIR_FSR,bandgap_4.5_to_5.0eV,1,Cd,O=C(Nc1ccncc1)C1CCCC1
qmof-8d3b23c,MIDRIB_FSR,bandgap_4.5_to_5.0eV,1,Zn,
qmof-f07cb9e,MIGGUF01_FSR,bandgap_4.5_to_5.0eV,4,Zn,C1=Nc2ccccc2[N]1
qmof-f0ae035,MIHHOB_FSR,bandgap_4.5_to_5.0eV,1,Zn,
qmof-083b0f1,ODEPUI_FSR,bandgap_4.5_to_5.0eV,1,Cd,
qmof-968577c,OCOKIC_FSR,bandgap_4.5_to_5.0eV,2,K,
qmof-5ea1778,EHISIX_FSR,bandgap_4.5_to_5.0eV,4,Mn,
qmof-0de6ab6,CEGJOO_FSR,bandgap_4.5_to_5.0eV,5,Zn,O=C1[CH]C(=O)N=C[N]1
qmof-561bdcd,PUFYOG_FSR,bandgap_4.5_to_5.0eV,3,Cd,
qmof-be9fb9e,PUHKOT_FSR,bandgap_4.5_to_5.0eV,3,Pb,
qmof-ac37347,PUHWEW_FSR,bandgap_4.5_to_5.0eV,4,Zn,
qmof-5c1675f,BAKHOM_FSR,bandgap_4.5_to_5.0eV,5,Na,c1ccccc1
qmof-73ebe68,LIJYAF_FSR,bandgap_4.5_to_5.0eV,1,Zn,
qmof-807e547,POXLOF01_FSR,bandgap_4.5_to_5.0eV,3,Organic_Only,c1ccccc1
qmof-ff08ff7,PTRPHT02_FSR,bandgap_4.5_to_5.0eV,2,K,c1ccccc1
qmof-3b8fbc7,CEGYOD_FSR,bandgap_4.5_to_5.0eV,3,Zn,c1cc(CCCc2ccncc2)ccn1
qmof-e13923f,CEHLOT_FSR,bandgap_4.5_to_5.0eV,2,Zn,
qmof-cc31ba7,CEHWUJ_FSR,bandgap_4.5_to_5.0eV,1,Cd,[CH]1N=C[N]N1Cc1ccc(C2=NN=N[N]2)cc1
qmof-e895af7,CEHXAQ_FSR,bandgap_4.5_to_5.0eV,3,Cd,[CH]1N=C[N]N1Cc1ccc(C2=NN=N[N]2)cc1
qmof-6318e01,CEJJEJ_FSR,bandgap_4.5_to_5.0eV,3,Pr,c1ccccc1
qmof-c6553b1,CEJJIN_FSR,bandgap_4.5_to_5.0eV,1,Nd,c1ccccc1
qmof-0c858c4,CEJJUZ_FSR,bandgap_4.5_to_5.0eV,3,Tb,c1ccccc1
qmof-d161688,SIYSAV_FSR,bandgap_4.5_to_5.0eV,5,Zn,c1ccncc1
qmof-a8784c9,SIYXUV_FSR,bandgap_4.5_to_5.0eV,4,Zn,c1ccccc1.c1cncc(OCCOc2cccnc2)c1
qmof-3b72360,GISJUO01_FSR,bandgap_4.5_to_5.0eV,3,Cd,c1ccncc1
qmof-7efb78c,GIRCER_FSR,bandgap_4.5_to_5.0eV,2,Cd,c1cn(-c2ccc(-n3ccnc3)cc2)cn1
qmof-580761f,GIRGEV_FSR,bandgap_4.5_to_5.0eV,5,Cd,
qmof-3bc8c5b,FODDAF_FSR,bandgap_4.5_to_5.0eV,5,Zn,c1ccccc1
qmof-c0844b9,CEFHEC_FSR,bandgap_4.5_to_5.0eV,3,Zn,[CH]1N=C[N]N1Cc1cc(CN2[CH]N=C[N]2)cc(Cn2cncn2)c1
qmof-3370ec9,CEGFEA02_FSR,bandgap_4.5_to_5.0eV,3,Ag,C1=CN=C[N]1
qmof-974a790,EHOHOY_FSR,bandgap_4.5_to_5.0eV,3,Organic_Only,
qmof-4551e80,EHOXAB_FSR,bandgap_4.5_to_5.0eV,5,La,
qmof-0e3c9ac,EJEBEB_FSR,bandgap_4.5_to_5.0eV,1,Zn,[CH]1C=NC=N1
qmof-996eba1,ODEPEV_FSR,bandgap_4.5_to_5.0eV,2,Cd,[CH]1C=CC=CN1
qmof-5d93b3e,ODEPIW_FSR,bandgap_4.5_to_5.0eV,3,Cd,
qmof-45a48df,ODEPOC_FSR,bandgap_4.5_to_5.0eV,3,Cd,
qmof-99eb0be,FAYQOM01_FSR,bandgap_4.5_to_5.0eV,4,Zn,c1cc(CCc2ccncc2)ccn1
qmof-9269553,FAYQUS_FSR,bandgap_4.5_to_5.0eV,2,Zn,c1cc(SSc2ccncc2)ccn1
qmof-3b386b9,WEXCIN_FSR,bandgap_4.5_to_5.0eV,2,Zn,c1ccccc1
qmof-9ab47e7,WEMMEI_FSR,bandgap_4.5_to_5.0eV,1,Mn,c1ccccc1.c1ccccc1
qmof-7b63907,WEMNIN_FSR,bandgap_4.5_to_5.0eV,2,Zn,[CH]1N=C[N]N1Cc1c(CN2[CH]N=C[N]2)c(CN2[CH]N=C[N]2)c(CN2[CH]N=C[N]2)c(CN2[CH]N=C[N]2)c1CN1[CH]N=C[N]1.c1ccccc1
qmof-b488bac,WENBEW_FSR,bandgap_4.5_to_5.0eV,1,Cu,
qmof-7aa58f3,WENSIS_FSR,bandgap_4.5_to_5.0eV,2,K,
qmof-da4607d,POPFEH_FSR,bandgap_4.5_to_5.0eV,4,Ho,c1ccsc1
qmof-9774d0c,POKXUK01_FSR,bandgap_4.5_to_5.0eV,2,Ag,[CH]1N=C[N]N1c1cscc1-n1cncn1
qmof-d1bf53c,POTGUB_FSR,bandgap_4.5_to_5.0eV,4,Ho,
qmof-2cd344e,DESHOZ_FSR,bandgap_4.5_to_5.0eV,5,Cd,c1ccncc1
qmof-2740f8b,GIWVAJ_FSR,bandgap_4.5_to_5.0eV,4,Zn,O=C1C(=O)C(=O)C1=O
qmof-d08ab23,BAKNIL_FSR,bandgap_4.5_to_5.0eV,2,Li,
qmof-f2fac68,BALMUW01_FSR,bandgap_4.5_to_5.0eV,5,Ba,
qmof-6bf5ba1,BAPYID_FSR,bandgap_4.5_to_5.0eV,2,Ag,C1N2CN3CN1CP(C2)C3
qmof-6bc1eda,BARFIK_FSR,bandgap_4.5_to_5.0eV,3,Zn,c1cc(CCCc2ccncc2)ccn1
qmof-4a53e06,WELKOQ_FSR,bandgap_4.5_to_5.0eV,2,Ca,
qmof-ccee605,MEZSAL_FSR,bandgap_4.5_to_5.0eV,3,Co,
qmof-0e73e01,ODIRAV_FSR,bandgap_4.5_to_5.0eV,4,Zn,c1ccc(Cc2ccccc2)cc1
qmof-9df2e53,KAGKUB_FSR,bandgap_4.5_to_5.0eV,4,Organic_Only,
qmof-e26dd14,DESKIW_FSR,bandgap_4.5_to_5.0eV,1,Pb,
qmof-9b3ec9f,FODBOR_FSR,bandgap_4.5_to_5.0eV,5,Cd,c1ccccc1.c1cn(Cc2ccc(Cn3ccnc3)cc2)cn1
qmof-3bd64b4,FODBUX_FSR,bandgap_4.5_to_5.0eV,4,Cd,c1cc(Cn2ccnc2)cc(Cn2ccnc2)c1.c1ccccc1
qmof-b50d054,ODIREZ_FSR,bandgap_4.5_to_5.0eV,2,Cd,c1ccc(Cc2ccccc2)cc1
qmof-36d7c8b,ODIVON01_FSR,bandgap_4.5_to_5.0eV,2,Zn,[CH]1N=C[N]N1Cc1ccccc1
qmof-df4f545,MEZXIB_FSR,bandgap_4.5_to_5.0eV,1,Ba,c1ccncc1.c1ccncc1
qmof-e17dc0f,WEMDOJ_FSR,bandgap_4.5_to_5.0eV,4,Sm,
qmof-f652bd3,WEMFAX_FSR,bandgap_4.5_to_5.0eV,2,Gd,
qmof-cc51504,WEMFEB_FSR,bandgap_4.5_to_5.0eV,1,Tb,
qmof-a023ef5,WEMFIF_FSR,bandgap_4.5_to_5.0eV,1,Dy,
qmof-020f390,WEMFOL_FSR,bandgap_4.5_to_5.0eV,1,Ho,
qmof-8604ab6,WEDDER_FSR,bandgap_4.5_to_5.0eV,4,K,c1ccncc1
qmof-c89474b,WEFKOH_FSR,bandgap_4.5_to_5.0eV,1,Cd,
qmof-c794b37,HEBDAV01_FSR,bandgap_4.5_to_5.0eV,4,Ag,
qmof-2c03c26,HEBJUV_FSR,bandgap_4.5_to_5.0eV,4,Cd,c1ccncc1
qmof-52fcaf2,HEBKAC_FSR,bandgap_4.5_to_5.0eV,5,Cd,c1ccncc1
qmof-4c7c3db,POPDIJ_FSR,bandgap_4.5_to_5.0eV,2,Nd,c1ccsc1
qmof-6cef4d2,POPDUV_FSR,bandgap_4.5_to_5.0eV,3,Gd,c1ccsc1
qmof-9fb5671,POPFAD_FSR,bandgap_4.5_to_5.0eV,1,Tb,c1ccsc1
qmof-728d8c0,MEWNAD_FSR,bandgap_4.5_to_5.0eV,3,La,c1ccccc1
qmof-f23061e,MEWNIL_FSR,bandgap_4.5_to_5.0eV,3,Tm,c1ccccc1
qmof-f13296d,EGUPIH_FSR,bandgap_4.5_to_5.0eV,3,Zn,c1ccccc1
qmof-a72cd02,CECSAF_FSR,bandgap_4.5_to_5.0eV,3,Cd,c1cncnc1
qmof-ca43af8,CECSEJ_FSR,bandgap_4.5_to_5.0eV,2,Cd,c1cncnc1
qmof-adff872,POCPUT_FSR,bandgap_4.5_to_5.0eV,1,Cd,[CH]1N=C[N]N1Cc1cccc(CN2[CH]N=C[N]2)c1
qmof-12789b6,POCCUH_FSR,bandgap_4.5_to_5.0eV,5,Zn,c1ccccc1
qmof-165aee3,POCNAY_FSR,bandgap_4.5_to_5.0eV,2,Zn,c1ccccc1
qmof-c54e213,POCNUR_FSR,bandgap_4.5_to_5.0eV,2,Ag,c1cn(Cc2ccc(Cn3ccnc3)cc2)cn1
qmof-0526588,LISBUL_FSR,bandgap_4.5_to_5.0eV,4,Zn,C1CCCCC1.[CH]1C=CC2=NN=NC2=C1.c1ccc2c(c1)[N]N=N2
qmof-35a415f,LISZOE_FSR,bandgap_4.5_to_5.0eV,3,Li,c1ccccc1
qmof-933d49a,SOXXEJ_FSR,bandgap_4.5_to_5.0eV,4,K,O=C1C[NH]2->[Cd]345(<-[NH](CC2)CC[N]->3(CC(=O)[O]4)CC(=O)[O]5)[O]1
qmof-71eb881,CEBCUJ_FSR,bandgap_4.5_to_5.0eV,2,Zn,c1ccccc1
qmof-a2e49ee,CEBDAQ_FSR,bandgap_4.5_to_5.0eV,5,Cd,c1ccccc1
qmof-c65a908,PODDUJ_FSR,bandgap_4.5_to_5.0eV,4,Cs,c1ccccc1
qmof-dadb6c8,POGQIM_FSR,bandgap_4.5_to_5.0eV,1,Ag,
qmof-1fc378d,PIPKUW_FSR,bandgap_4.5_to_5.0eV,4,Zn,C1=CN=C[N]1.[CH]1C=NC=N1.c1ccccc1
qmof-2f6f56b,GIZSIS_FSR,bandgap_4.5_to_5.0eV,4,Cd,c1ccc(C2=NN=N[N]2)cc1
qmof-019cf08,GIZTOB_FSR,bandgap_4.5_to_5.0eV,4,Cd,c1ccccc1
qmof-e977ad4,CDPYCL03_FSR,bandgap_4.5_to_5.0eV,1,Cd,
qmof-4986c94,WEBNUP_FSR,bandgap_4.5_to_5.0eV,1,Cd,c1ccccc1
qmof-d95feec,WELWES_FSR,bandgap_4.5_to_5.0eV,1,Cs,
qmof-c0c714d,WEMBUN_FSR,bandgap_4.5_to_5.0eV,2,Er,
qmof-a64dc4b,WEMDID_FSR,bandgap_4.5_to_5.0eV,3,Nd,
qmof-2f708fd,INIWEH_FSR,bandgap_4.5_to_5.0eV,5,Cd,
qmof-71fc45e,INOJOM_FSR,bandgap_4.5_to_5.0eV,2,Cs,
qmof-11afcfb,BASQOC01_FSR,bandgap_4.5_to_5.0eV,3,Cd,
qmof-c1d9375,WEFZIS_FSR,bandgap_4.5_to_5.0eV,5,Gd,
qmof-c5e40a9,OFOHEY_FSR,bandgap_4.5_to_5.0eV,1,Pd,c1ccncc1
qmof-d42e254,OFOJAV_FSR,bandgap_4.5_to_5.0eV,2,Nd,c1ccncc1
qmof-a2d95c3,MIBQAR01_FSR,bandgap_4.5_to_5.0eV,3,Zn,c1ccccc1
qmof-f32cf71,MICMAN_FSR,bandgap_4.5_to_5.0eV,1,Cd,c1cc(Cc2ccc(Cc3ccncc3)cc2)ccn1
qmof-7b91cb2,PIKNIJ_FSR,bandgap_4.5_to_5.0eV,3,Zn,
qmof-39d42bd,JUKVEQ01_FSR,bandgap_4.5_to_5.0eV,3,Zn,c1ccncc1
qmof-fa82b98,SUQTOP_FSR,bandgap_4.5_to_5.0eV,2,Na,O=C1C=COS[N]1
qmof-6afdb56,SUSGET_FSR,bandgap_4.5_to_5.0eV,5,Cd,c1ccncc1
qmof-96468f2,FOCLOB_FSR,bandgap_4.5_to_5.0eV,1,Zn,c1ccc(C(c2ccccc2)n2ccnc2)cc1
qmof-b1f37a7,LISBEV_FSR,bandgap_4.5_to_5.0eV,5,Zn,[CH]1C=CC2=NN=NC2=C1.c1ccc2c(c1)[N]N=N2
qmof-9e6bb9e,OFOJEZ_FSR,bandgap_4.5_to_5.0eV,5,Sm,c1ccncc1
qmof-7adaa8f,OFOYOX_FSR,bandgap_4.5_to_5.0eV,1,Cd,
qmof-2a278e1,OFIDEN_FSR,bandgap_4.5_to_5.0eV,3,Ag,c1nnn[nH]1
qmof-2c7baba,WAVCAX_FSR,bandgap_4.5_to_5.0eV,1,Mn,
qmof-0cb0fa3,WAKCOD_FSR,bandgap_4.5_to_5.0eV,4,Ca,c1cncc(-c2nn[nH]n2)c1
qmof-023c9e6,WAMWEO_FSR,bandgap_4.5_to_5.0eV,4,Ag,
qmof-3adb456,IPAYUT_FSR,bandgap_4.5_to_5.0eV,3,Cd,
qmof-0f8fad1,INEYIK_FSR,bandgap_4.5_to_5.0eV,5,Ca,c1ccccc1
qmof-8cf4e29,OGAGAH_FSR,bandgap_4.5_to_5.0eV,4,Zn,[CH]1N=C[N]N1c1cccc(N2[CH]N=C[N]2)c1
qmof-045f7a6,PILZUI_FSR,bandgap_4.5_to_5.0eV,2,Y,c1ccccc1
qmof-4df225e,BEDJEA_FSR,bandgap_4.5_to_5.0eV,3,Organic_Only,
qmof-54ac1c4,WADDOX_FSR,bandgap_4.5_to_5.0eV,2,Y,
qmof-185aa17,WADDUD_FSR,bandgap_4.5_to_5.0eV,3,Ho,
qmof-5a58afb,WADFAL_FSR,bandgap_4.5_to_5.0eV,2,Er,
qmof-be63d64,WADFEP_FSR,bandgap_4.5_to_5.0eV,3,Tm,
qmof-c158621,VUYQUC_FSR,bandgap_4.5_to_5.0eV,5,Na,c1ccccc1
qmof-a92f564,VUYSEO_FSR,bandgap_4.5_to_5.0eV,3,Cd,c1cncc(CN2CCN(Cc3cccnc3)CC2)c1
qmof-f5a3f7c,HAYYAJ_FSR,bandgap_4.5_to_5.0eV,2,Ag,
qmof-24f41f3,HAZNON_FSR,bandgap_4.5_to_5.0eV,4,Cd,c1ccncc1
qmof-510d507,HAZPEF_FSR,bandgap_4.5_to_5.0eV,5,Cd,c1ccncc1
qmof-ef027a7,OGAKUD_FSR,bandgap_4.5_to_5.0eV,4,Zn,
qmof-a2f7834,OFOHAU_FSR,bandgap_4.5_to_5.0eV,4,Ni,c1ccncc1
qmof-2a8a99e,IPAYED_FSR,bandgap_4.5_to_5.0eV,3,Cd,
qmof-62e8561,BAWSUO_FSR,bandgap_4.5_to_5.0eV,1,Mn,C1CCC1
qmof-b2fc53f,BECROS_FSR,bandgap_4.5_to_5.0eV,3,Zn,c1ccccc1
qmof-142f4ab,PIJYOZ_FSR,bandgap_4.5_to_5.0eV,5,Cd,[N]1N=NN=C1NC1=NN=N[N]1
qmof-d7f84cc,DIKQET03_FSR,bandgap_4.5_to_5.0eV,2,Zn,c1ccccc1
qmof-c4e25b7,DIKQIX_FSR,bandgap_4.5_to_5.0eV,5,Zn,c1ccccc1
qmof-3b0015d,CAVCEI_FSR,bandgap_4.5_to_5.0eV,2,Co,
qmof-65fb3dc,FEHJIN01_FSR,bandgap_4.5_to_5.0eV,3,Zn,
qmof-efea375,METJIH_FSR,bandgap_4.5_to_5.0eV,2,Pb,
qmof-a38a59d,EGEBEY_FSR,bandgap_4.5_to_5.0eV,1,Cd,
qmof-932fda1,EGISEU_FSR,bandgap_4.5_to_5.0eV,5,Ca,[N]1N=C(Nc2nnn[nH]2)[N]N1
qmof-b069377,BEHMEI_FSR,bandgap_4.5_to_5.0eV,1,Ag,
qmof-ec95ddc,BEHSAL01_FSR,bandgap_4.5_to_5.0eV,1,Sn,
qmof-f3ce9b5,VUKKET_FSR,bandgap_4.5_to_5.0eV,1,Cd,c1cncc(C2=NN=N[N]2)c1
qmof-83b2e7a,WADHAL01_FSR,bandgap_4.5_to_5.0eV,4,Mn,
qmof-34822c6,TADJOA_FSR,bandgap_4.5_to_5.0eV,5,Ca,c1ccccc1
qmof-24a3cea,SUZXOA_FSR,bandgap_4.5_to_5.0eV,5,Sn,c1ccccc1
qmof-01be183,CAXWAC_FSR,bandgap_4.5_to_5.0eV,4,Cd,
qmof-9932be2,CAXZAE_FSR,bandgap_4.5_to_5.0eV,2,Cd,c1ccccc1.c1cn(Cn2ccnc2)cn1
qmof-cfad8be,PIHPON_FSR,bandgap_4.5_to_5.0eV,1,Hg,c1ccc2c(c1)ncn2Cc1ccc(Cn2cnc3ccccc32)cc1
qmof-150730f,BELXUN_FSR,bandgap_4.5_to_5.0eV,4,Cd,
qmof-74b6146,MELZUZ_FSR,bandgap_4.5_to_5.0eV,5,Cd,C1N2CN3CN1CN(C2)C3
qmof-e210593,PIBSOL_FSR,bandgap_4.5_to_5.0eV,2,Ag,O=C1CCO[N]1
qmof-9a9d4a3,TAKRUU_FSR,bandgap_4.5_to_5.0eV,3,Yb,c1ccncc1
qmof-f5e0bce,CAPHTH02_FSR,bandgap_4.5_to_5.0eV,4,Ca,c1ccccc1
qmof-fc2015a,WADPAT_FSR,bandgap_4.5_to_5.0eV,2,Ni,
qmof-f02b7e5,WAGXEH_FSR,bandgap_4.5_to_5.0eV,2,Li,
qmof-a3d97dc,VUKWOP_FSR,bandgap_4.5_to_5.0eV,5,Zn,
qmof-68d449d,VUMZEK_FSR,bandgap_4.5_to_5.0eV,2,Cd,c1cncc(C2=NN=N[N]2)c1
qmof-130d8c4,VUPSEF_FSR,bandgap_4.5_to_5.0eV,4,Sm,c1ccncc1
qmof-67067e5,VUPSIJ_FSR,bandgap_4.5_to_5.0eV,3,Gd,c1ccncc1
qmof-b2a7435,VOTXEJ_FSR,bandgap_4.5_to_5.0eV,4,Cd,[CH]1NC=CN1c1ccccc1
qmof-80e68a3,VOZVUD_FSR,bandgap_4.5_to_5.0eV,1,Li,
qmof-64935e1,BEFQEK_FSR,bandgap_4.5_to_5.0eV,1,Zn,c1ccccc1
qmof-76eb3c2,PIKYOA_FSR,bandgap_4.5_to_5.0eV,2,Na,c1ccccc1.c1ccccc1
qmof-692476b,DIKPUJ_FSR,bandgap_4.5_to_5.0eV,3,Cd,c1ccncc1
qmof-a880c0d,CASHOU_FSR,bandgap_4.5_to_5.0eV,3,Zn,c1cc(CCc2ccncc2)ccn1
qmof-c11cc76,TAPBOD_FSR,bandgap_4.5_to_5.0eV,2,Ag,
qmof-d55ada3,TAPMEE_FSR,bandgap_4.5_to_5.0eV,1,Ag,c1cc(Cn2ccnc2)cc(Cn2ccnc2)c1
qmof-85027d8,JORCAW_FSR,bandgap_4.5_to_5.0eV,4,Gd,c1ccncc1
qmof-2b96e8a,JORCEA_FSR,bandgap_4.5_to_5.0eV,5,Tb,c1ccncc1
qmof-fa5b867,JORCOK_FSR,bandgap_4.5_to_5.0eV,5,Er,c1ccncc1
qmof-8a43e5d,JORDOL_FSR,bandgap_4.5_to_5.0eV,3,Tb,c1ccncc1
qmof-59b6c49,JORJUV_FSR,bandgap_4.5_to_5.0eV,5,Ca,c1ccccc1
qmof-4f499e6,JORRUD_FSR,bandgap_4.5_to_5.0eV,1,Li,
qmof-b262dd5,EDURAX_FSR,bandgap_4.5_to_5.0eV,2,Cd,
qmof-008776a,OGEGUF_FSR,bandgap_4.5_to_5.0eV,4,Li,
qmof-ea2df15,MELYIM_FSR,bandgap_4.5_to_5.0eV,5,Cd,c1cc(Cn2ccnc2)cc(Cn2ccnc2)c1
qmof-c96b0bd,VUFFAE_FSR,bandgap_4.5_to_5.0eV,1,Zn,S=C1[N]N=NN1
qmof-59216ed,BEHSEP01_FSR,bandgap_4.5_to_5.0eV,4,Sn,
qmof-ba111bf,BEHSEP_FSR,bandgap_4.5_to_5.0eV,2,Sn,
qmof-6ecd9da,BEKVOD_FSR,bandgap_4.5_to_5.0eV,2,Zn,O=C1C=CN=C[N]1.O=C1C=C[N]C=N1.O=C1[CH]C=NC=N1
qmof-5598b04,LIZTIZ_FSR,bandgap_4.5_to_5.0eV,2,Ag,c1nc[nH]n1
qmof-42d64f0,LOBHIU_FSR,bandgap_4.5_to_5.0eV,1,Zn,c1ccccc1.c1nncn1CCn1cnnc1
qmof-7df2ad4,JOSPUC10_FSR,bandgap_4.5_to_5.0eV,4,Cd,c1ccccc1
qmof-737bead,JOVWOG_FSR,bandgap_4.5_to_5.0eV,3,Cd,
qmof-1f5b82b,TAZFOP_FSR,bandgap_4.5_to_5.0eV,4,Ag,c1cc2cc(c1)CSCCOCCSC2
qmof-c8f9598,TEBYOQ_FSR,bandgap_4.5_to_5.0eV,2,Sm,c1c[nH]cn1
qmof-91fe978,TARSAI_FSR,bandgap_4.5_to_5.0eV,4,Dy,c1ccccc1
qmof-62e71d8,EDEXER_FSR,bandgap_4.5_to_5.0eV,2,Ba,
qmof-69c76a6,IQOBIZ_FSR,bandgap_4.5_to_5.0eV,2,Pb,
qmof-d159e42,VOPWUT_FSR,bandgap_4.5_to_5.0eV,2,Ag,C1SCSCS1
qmof-748d5a0,VOHBOL_FSR,bandgap_4.5_to_5.0eV,5,Na,C1=N[N]N[N]1.c1nn[nH]n1
qmof-462ad7f,MEKHOC_FSR,bandgap_4.5_to_5.0eV,2,Cd,c1ccccc1
qmof-7758afe,ECUXOR_FSR,bandgap_4.5_to_5.0eV,5,Ca,O=C1C=COS[N]1
qmof-d2fbf4b,TARSEM_FSR,bandgap_4.5_to_5.0eV,1,Ho,c1ccccc1
qmof-6e0400c,TARTOX_FSR,bandgap_4.5_to_5.0eV,4,Tb,c1ccccc1
qmof-8dcabcf,TASDAU_FSR,bandgap_4.5_to_5.0eV,1,Ni,C1CCCCC1
qmof-99f4447,GOLKOI_FSR,bandgap_4.5_to_5.0eV,1,Li,c1ccccc1
qmof-170e722,LOFJIA_FSR,bandgap_4.5_to_5.0eV,3,Cd,S=C1[N]N=CN1
qmof-9bed59d,LOFJUM_FSR,bandgap_4.5_to_5.0eV,1,Cd,S=C1[N]C=NN1.S=C1[N]N=CN1
qmof-3f83d89,DIQXOQ_FSR,bandgap_4.5_to_5.0eV,3,Zn,c1ccncc1
qmof-5b8f1ce,CAKFAY_FSR,bandgap_4.5_to_5.0eV,4,Cd,c1ccncc1
qmof-6fb2465,TELXUG_FSR,bandgap_4.5_to_5.0eV,2,Zn,[CH]1N=C[N]N1CCCCCCN1[CH]N=C[N]1.c1ccccc1
qmof-380a2f6,OKISEH_FSR,bandgap_4.5_to_5.0eV,1,Cd,
qmof-74c9eee,OJANAP_FSR,bandgap_4.5_to_5.0eV,2,Ag,
qmof-7c417f3,ECUCAH_FSR,bandgap_4.5_to_5.0eV,5,Mn,C1CCCCC1
qmof-f7b6ddc,MELJET01_FSR,bandgap_4.5_to_5.0eV,2,Cd,c1ccncc1
qmof-e842acf,MEHFIR_FSR,bandgap_4.5_to_5.0eV,1,Cd,
qmof-bb340c4,BENPOA_FSR,bandgap_4.5_to_5.0eV,3,Rb,
qmof-705ad5b,BENXOJ_FSR,bandgap_4.5_to_5.0eV,4,Zn,C1=Nc2ccccc2[N]1
qmof-c02bcdf,PEYHOR01_FSR,bandgap_4.5_to_5.0eV,3,Ag,c1ccc(P(CCP(c2ccccc2)c2ccccc2)c2ccccc2)cc1
qmof-1bf4f41,DIPNOG01_FSR,bandgap_4.5_to_5.0eV,3,Ca,c1ccncc1
qmof-ff35f32,LIZJEJ_FSR,bandgap_4.5_to_5.0eV,3,Ag,O=C1CCCO1
qmof-70824c7,TEQPAH_FSR,bandgap_4.5_to_5.0eV,5,Organic_Only,c1ccncc1
qmof-87ee196,TECVOO_FSR,bandgap_4.5_to_5.0eV,2,Ca,c1ccccc1
qmof-2f4eb2a,TEDFOY_FSR,bandgap_4.5_to_5.0eV,5,Zn,c1ccncc1
qmof-7e7dcc4,TEDFUE01_FSR,bandgap_4.5_to_5.0eV,1,Cd,c1ccncc1
qmof-66df166,TEDFUE_FSR,bandgap_4.5_to_5.0eV,1,Cd,c1ccncc1
qmof-1c5ef47,TEDZAE_FSR,bandgap_4.5_to_5.0eV,4,Na,
qmof-711b199,VIWNAR_FSR,bandgap_4.5_to_5.0eV,4,Ba,c1ccncc1
qmof-7c3e0e2,HAXXUB_FSR,bandgap_4.5_to_5.0eV,3,Nd,
qmof-02303e3,VIXMUM_FSR,bandgap_4.5_to_5.0eV,1,Pb,
qmof-e3eee18,VIXNEX_FSR,bandgap_4.5_to_5.0eV,1,Cd,O=C1NC=NC2=NC=N[C]12
qmof-dd61915,VIXNIB_FSR,bandgap_4.5_to_5.0eV,2,Zn,O=C1N[CH]N=C2N=CN=C12
qmof-9334110,VIXVOP01_FSR,bandgap_4.5_to_5.0eV,2,Zn,c1cc(CCc2ccncc2)ccn1
qmof-54c3ea8,VIPKAI_FSR,bandgap_4.5_to_5.0eV,1,Zn,
qmof-83d549d,VIQLEN_FSR,bandgap_4.5_to_5.0eV,3,Zn,c1ccccc1.c1cn(CCCCn2ccnc2)cn1
qmof-ca06a00,VISDOQ_FSR,bandgap_4.5_to_5.0eV,1,Cs,O=S1(=O)[N]S(=O)(=O)c2ccccc21
qmof-557e054,EBUFAK_FSR,bandgap_4.5_to_5.0eV,5,Zn,c1ccccc1.c1cn(CCCCn2ccnc2)cn1
qmof-ae25101,FELZOM_FSR,bandgap_4.5_to_5.0eV,5,Zn,c1cc(C2=NN=N[N]2)cc(C2=NN=N[N]2)c1
qmof-16af362,FENBUY_FSR,bandgap_4.5_to_5.0eV,1,Cd,c1c[nH]cn1
qmof-c9af32c,HANKOZ_FSR,bandgap_4.5_to_5.0eV,1,Zn,C1CNCCN1
qmof-6b0ca56,HARGIT_FSR,bandgap_4.5_to_5.0eV,2,Co,[CH]1NC=CN1C1CC1
qmof-bae1677,ISAKEU_FSR,bandgap_4.5_to_5.0eV,3,Zn,O=[PH](c1ccccc1)c1ccccc1
qmof-1d2e262,JOJJIC01_FSR,bandgap_4.5_to_5.0eV,5,Co,c1nnn[nH]1
qmof-d7b2cff,JOMGAV_FSR,bandgap_4.5_to_5.0eV,5,Cd,c1ccc2c(c1)ncn2CCCCn1cnc2ccccc21
qmof-921dee1,CAFSAE_FSR,bandgap_4.5_to_5.0eV,1,Ag,c1ccc(SCSc2ccccc2)cc1
qmof-4d599e9,PETWAO_FSR,bandgap_4.5_to_5.0eV,5,Cd,c1ccccc1
qmof-980b6e2,VIVYEE_FSR,bandgap_4.5_to_5.0eV,3,Nd,
qmof-1a5456b,VIDSIN_FSR,bandgap_4.5_to_5.0eV,3,Na,c1ccccc1
qmof-872b235,VIHNOR_FSR,bandgap_4.5_to_5.0eV,3,Cr,
qmof-8121bd5,BEPNUI_FSR,bandgap_4.5_to_5.0eV,5,Ca,c1ccccc1
qmof-6a32398,FIRQUU_FSR,bandgap_4.5_to_5.0eV,3,Zn,c1cn(CCCCn2ccnc2)cn1
qmof-1123eb9,FIRZAJ_FSR,bandgap_4.5_to_5.0eV,4,Mn,
qmof-108a191,FISDIU_FSR,bandgap_4.5_to_5.0eV,2,Li,c1ccccc1
qmof-3f99902,BEZKOI01_FSR,bandgap_4.5_to_5.0eV,4,Cd,[CH]1N=C[N]N1Cc1ccccc1
qmof-051ebe1,PEPXOY01_FSR,bandgap_4.5_to_5.0eV,2,Cd,c1ccncc1
qmof-7662a1e,PEQCAR_FSR,bandgap_4.5_to_5.0eV,4,Zn,c1cc(Cn2ccnc2)cc(Cn2ccnc2)c1
qmof-71287ea,PEQMUV_FSR,bandgap_4.5_to_5.0eV,4,Cd,
qmof-e17e37b,PEQRUA_FSR,bandgap_4.5_to_5.0eV,2,Tb,c1ccccc1
qmof-3490498,PEQSOV_FSR,bandgap_4.5_to_5.0eV,3,Nd,c1ccccc1
qmof-ebc5d97,PEQSUB_FSR,bandgap_4.5_to_5.0eV,3,La,c1ccccc1
qmof-ab8259d,TETPUD_FSR,bandgap_4.5_to_5.0eV,4,Ag,
qmof-73865c5,TEWCUV_FSR,bandgap_4.5_to_5.0eV,3,Pb,
qmof-839a32e,FENRUM_FSR,bandgap_4.5_to_5.0eV,3,Sr,c1ccccc1
qmof-b4f2a15,OMARAV_FSR,bandgap_4.5_to_5.0eV,3,Ca,c1ccccc1
qmof-8690aad,EBIQIR_FSR,bandgap_4.5_to_5.0eV,1,Zn,c1ccc2c(c1)ncn2CCCCn1cnc2ccccc21
qmof-1d91052,ISOROX01_FSR,bandgap_4.5_to_5.0eV,2,Sm,c1ccncc1
qmof-677efcf,ISUKEM01_FSR,bandgap_4.5_to_5.0eV,4,Zn,c1cc(CCCc2ccncc2)ccn1
qmof-15e7bac,VERKIP_FSR,bandgap_4.5_to_5.0eV,5,K,
qmof-dbdcf23,FELXIE_FSR,bandgap_4.5_to_5.0eV,1,Zn,
qmof-67f29db,TEZTUQ_FSR,bandgap_4.5_to_5.0eV,1,Tb,
qmof-092f35f,TEZVAY_FSR,bandgap_4.5_to_5.0eV,1,Dy,
qmof-c2258bb,PEPWUF_FSR,bandgap_4.5_to_5.0eV,3,Sm,c1ccccc1
qmof-edec6e9,DITJEY_FSR,bandgap_4.5_to_5.0eV,5,Al,c1ccncc1
qmof-4e457c9,DIVPOP_FSR,bandgap_4.5_to_5.0eV,1,Cd,c1ccccc1.c1cn(Cc2ccc(Cn3ccnc3)cc2)cn1
qmof-313a762,ISORAJ_FSR,bandgap_4.5_to_5.0eV,5,Na,c1ccccc1
qmof-f06e64f,OMEGOE_FSR,bandgap_4.5_to_5.0eV,2,Cd,c1ccc2[nH]c(Cn3ccnc3)nc2c1.c1ccccc1
qmof-3ba2386,OMEWUZ_FSR,bandgap_4.5_to_5.0eV,2,Ba,c1ccccc1
qmof-9cb1e2c,MECJOT_FSR,bandgap_4.5_to_5.0eV,4,Ag,C1CSCCS1
qmof-b217014,VEJKED_FSR,bandgap_4.5_to_5.0eV,2,Li,O=S(=O)([N]Sc1ccccc1)c1ccccc1
qmof-70ee38e,BEVQID_FSR,bandgap_4.5_to_5.0eV,3,Cd,
qmof-261de76,HALZEA_FSR,bandgap_4.5_to_5.0eV,5,Cu,
qmof-43281e0,BEVRUR_FSR,bandgap_4.5_to_5.0eV,2,Hg,
qmof-8e56e92,BEVWIJ_FSR,bandgap_4.5_to_5.0eV,2,Ca,c1ccccc1
qmof-c0cf89e,BEXBOW_FSR,bandgap_4.5_to_5.0eV,3,Cd,[CH]1N=C[N]N1Cc1ccc(Cn2cncn2)cc1
qmof-f4c4d54,BEXFUI_FSR,bandgap_4.5_to_5.0eV,4,Organic_Only,
qmof-2f4975f,PELKOJ_FSR,bandgap_4.5_to_5.0eV,3,Dy,c1ccncc1
qmof-2c386c3,PELKUP_FSR,bandgap_4.5_to_5.0eV,2,Gd,c1ccncc1
qmof-79da80b,LOTJIP_FSR,bandgap_4.5_to_5.0eV,5,Ag,c1ccc(Cn2cncn2)cc1
qmof-41dd424,LOKBUJ_FSR,bandgap_4.5_to_5.0eV,5,Er,
qmof-e83f1ee,LOKCAQ_FSR,bandgap_4.5_to_5.0eV,5,Gd,
qmof-7e529bd,FIQPED_FSR,bandgap_4.5_to_5.0eV,1,Cd,
qmof-767dd1d,TIKKEE_FSR,bandgap_4.5_to_5.0eV,4,Er,c1ccccc1
qmof-24538b7,TILGOL_FSR,bandgap_4.5_to_5.0eV,1,Ag,
qmof-04009cb,EBEWOZ01_FSR,bandgap_4.5_to_5.0eV,1,Gd,c1ccccc1
qmof-905149a,EBEXEQ01_FSR,bandgap_4.5_to_5.0eV,3,Gd,c1ccccc1
qmof-3eaeab9,EBIBAU_FSR,bandgap_4.5_to_5.0eV,5,Ag,c1cn(CC(Cn2ccnc2)(Cn2ccnc2)Cn2ccnc2)cn1
qmof-2e034c5,ITICAQ_FSR,bandgap_4.5_to_5.0eV,3,Zn,
qmof-92b7fcd,VEDVAC_FSR,bandgap_4.5_to_5.0eV,2,Ag,c1ccc(SCCCCSc2ccccc2)cc1
qmof-0497f28,VAXCIH_FSR,bandgap_4.5_to_5.0eV,1,Zn,
qmof-bdddeb3,GONTEK_FSR,bandgap_4.5_to_5.0eV,5,Ca,c1ccccc1
qmof-ec69c82,JOMWAJ01_FSR,bandgap_4.5_to_5.0eV,4,Zn,c1ccncc1
qmof-6d42025,PEGXUU_FSR,bandgap_4.5_to_5.0eV,3,Bi,
qmof-43b545f,PEHCAJ_FSR,bandgap_4.5_to_5.0eV,3,Na,
qmof-d8d9479,PEJSII_FSR,bandgap_4.5_to_5.0eV,4,La,c1ccccc1
qmof-c53b31d,DIYYIW_FSR,bandgap_4.5_to_5.0eV,2,Pb,
qmof-45e3743,JODMOH_FSR,bandgap_4.5_to_5.0eV,1,Pb,
qmof-a1a0c4a,JOFDOZ_FSR,bandgap_4.5_to_5.0eV,2,Sr,c1ccncc1.c1ccncc1
qmof-1dffe27,GOSMUY_FSR,bandgap_4.5_to_5.0eV,2,Mn,[CH]1C=C[CH]C1
qmof-1d52386,VAYSUK_FSR,bandgap_4.5_to_5.0eV,5,Ba,c1c[nH]cn1
qmof-6a4604e,OPEPEF_FSR,bandgap_4.5_to_5.0eV,3,Zn,c1cc(CCc2ccncc2)ccn1.c1ccccc1
qmof-40992cf,ONEHIZ_FSR,bandgap_4.5_to_5.0eV,4,Cd,[CH]1N=C[N]N1CCCn1cncn1.c1ccccc1
qmof-3bc58f6,ONIDUL_FSR,bandgap_4.5_to_5.0eV,4,Cd,c1cc(CCc2ccncc2)ccn1
qmof-0f63bda,ONIGUO_FSR,bandgap_4.5_to_5.0eV,4,Cd,O=C(c1ccncc1)N1CCN(C(=O)c2ccncc2)CC1.c1ccccc1
qmof-ca62567,EBANAZ_FSR,bandgap_4.5_to_5.0eV,5,K,
qmof-fec6974,GOSPEL_FSR,bandgap_4.5_to_5.0eV,1,Mn,[CH]1C=C[CH]C1
qmof-43264a9,PEJTAB_FSR,bandgap_4.5_to_5.0eV,1,Nd,c1ccccc1
qmof-b76c0ba,PEJTIJ_FSR,bandgap_4.5_to_5.0eV,3,Pr,c1ccccc1
qmof-9af4bae,BUSQIQ_FSR,bandgap_4.5_to_5.0eV,4,Al,c1ccccc1
qmof-840fe26,BUTFEC_FSR,bandgap_4.5_to_5.0eV,4,Sm,
qmof-b52b28a,TITPIW_FSR,bandgap_4.5_to_5.0eV,2,Cd,c1ccccc1
qmof-14525b3,TIWSOI_FSR,bandgap_4.5_to_5.0eV,3,Zn,[CH]1C=CC=CN1
qmof-c3d89c2,PEGMAS_FSR,bandgap_4.5_to_5.0eV,5,Na,
qmof-4aa2b93,PEGMEW_FSR,bandgap_4.5_to_5.0eV,1,K,c1ccccc1
qmof-b4f3ed0,BEZXOU01_FSR,bandgap_4.5_to_5.0eV,1,Zn,c1ccccc1
qmof-9ca0bbc,BEZXOU_FSR,bandgap_4.5_to_5.0eV,4,Zn,c1ccccc1
qmof-67c4017,ISUMAK_FSR,bandgap_4.5_to_5.0eV,3,Zn,c1ncn(CCn2cncn2)n1
qmof-35dcdc8,IVAZUA01_FSR,bandgap_4.5_to_5.0eV,3,Zn,c1ccncc1
qmof-87793bf,IVEDET01_FSR,bandgap_4.5_to_5.0eV,3,Cd,c1ccccc1
qmof-b976080,BIFCUP_FSR,bandgap_4.5_to_5.0eV,1,Cd,c1ccccc1
qmof-8713184,VAJYEK01_FSR,bandgap_4.5_to_5.0eV,3,Ca,c1ccccc1
qmof-db7b433,MASVOT_FSR,bandgap_4.5_to_5.0eV,2,Ag,[CH]1N=C[N]c2[nH]cnc21
qmof-82d634f,DUZWOM_FSR,bandgap_4.5_to_5.0eV,3,Mn,
qmof-408afd7,PEGMIA_FSR,bandgap_4.5_to_5.0eV,5,Rb,c1ccccc1
qmof-4387803,OPAFAO_FSR,bandgap_4.5_to_5.0eV,5,Gd,c1cc[nH+]cc1
qmof-71a9211,OPARII_FSR,bandgap_4.5_to_5.0eV,3,Sm,c1cc[nH+]cc1
qmof-b51f1fa,FEQVAA_FSR,bandgap_4.5_to_5.0eV,2,Zn,
qmof-8ae4999,FETDUE_FSR,bandgap_4.5_to_5.0eV,1,Ca,
qmof-99293e5,BIJMIT_FSR,bandgap_4.5_to_5.0eV,2,Cd,
qmof-191c415,UZAROD_FSR,bandgap_4.5_to_5.0eV,3,Na,c1ccccc1
qmof-ba400b3,UZEGOW_FSR,bandgap_4.5_to_5.0eV,4,Hg,
qmof-f36c793,IWEYIT_FSR,bandgap_4.5_to_5.0eV,5,Zn,c1ccccc1.c1ncn(CCCn2cncn2)n1
qmof-ccc608c,OQOMAK_FSR,bandgap_4.5_to_5.0eV,5,Zn,c1nnn[nH]1
qmof-4c8a2eb,DUWRET_FSR,bandgap_4.5_to_5.0eV,4,Gd,c1ccccc1
qmof-a5b9a8a,DODPAO_FSR,bandgap_4.5_to_5.0eV,1,Sm,c1ccccc1
qmof-dfdcb3c,PEDVEB_FSR,bandgap_4.5_to_5.0eV,5,Mn,c1nc[nH]n1
qmof-ac56f37,PEFRAV_FSR,bandgap_4.5_to_5.0eV,4,Ba,c1ccccc1
qmof-13d0709,PELLAW_FSR,bandgap_4.5_to_5.0eV,4,Gd,c1ccncc1
qmof-894b99a,PELTOQ_FSR,bandgap_4.5_to_5.0eV,2,In,c1ccccc1
qmof-32c9b25,JIWQOW_FSR,bandgap_4.5_to_5.0eV,4,Nd,c1ccncc1
qmof-aa92de8,JISKUU_FSR,bandgap_4.5_to_5.0eV,3,Zn,c1ccccc1.c1nncn1CCn1cnnc1
qmof-3230917,JISXOB_FSR,bandgap_4.5_to_5.0eV,4,Ca,c1cncc(C2=N[N]N[N]2)c1
qmof-59b3ba5,TOJBOL_FSR,bandgap_4.5_to_5.0eV,3,Cd,c1ccc2[nH]cnc2c1
qmof-8469b3a,FIPXEJ_FSR,bandgap_4.5_to_5.0eV,4,Zn,
qmof-d2f655f,PEGJUJ_FSR,bandgap_4.5_to_5.0eV,5,Cd,c1ccc(Cn2cncn2)c(Cn2cnnc2)c1.c1ccccc1
qmof-a4aea7c,PAZWAP_FSR,bandgap_4.5_to_5.0eV,1,Dy,c1ccncc1
qmof-6114449,PECZUT_FSR,bandgap_4.5_to_5.0eV,5,Pb,
qmof-0e3bec5,LOZHUF_FSR,bandgap_4.5_to_5.0eV,3,Pr,c1ccccc1
qmof-52ae4af,TIXSUQ_FSR,bandgap_4.5_to_5.0eV,3,Cd,
qmof-8ba1449,TIZBIP_FSR,bandgap_4.5_to_5.0eV,5,Tm,c1ccncc1
qmof-2e7bf46,TIZGAM_FSR,bandgap_4.5_to_5.0eV,5,Cu,
qmof-0e0e075,TIZGEQ_FSR,bandgap_4.5_to_5.0eV,3,Cu,
qmof-6cff79d,BURLEH_FSR,bandgap_4.5_to_5.0eV,2,Ag,
qmof-e704bc8,LOZTEB_FSR,bandgap_4.5_to_5.0eV,1,Tb,c1ccc(Oc2ccccc2)cc1.c1ccc(Oc2ccccc2)cc1
qmof-e8f2313,LUCREH_FSR,bandgap_4.5_to_5.0eV,3,Zn,c1ccncc1
qmof-a2f1b66,LOSGEH_FSR,bandgap_4.5_to_5.0eV,4,Cd,c1cncc(CC2=NN=N[N]2)c1
qmof-7704324,DOHFOW_FSR,bandgap_4.5_to_5.0eV,1,Cd,c1ccc2c(c1)ncn2CCCn1cnc2ccccc21
qmof-b2fbb84,PAYTUG_FSR,bandgap_4.5_to_5.0eV,2,Zn,c1ccc(Cn2ccnc2)c(Cn2ccnc2)c1.c1ccccc1
qmof-c992d6c,PAYVES_FSR,bandgap_4.5_to_5.0eV,5,Sr,c1ccncc1
qmof-5a40d68,PAZKEG_FSR,bandgap_4.5_to_5.0eV,2,Cd,c1cncnc1
qmof-79bb52e,TOKCUT_FSR,bandgap_4.5_to_5.0eV,5,Sn,
qmof-5ea429e,BUIMCR10_FSR,bandgap_4.5_to_5.0eV,4,Cr,
qmof-c755896,TOVDOZ_FSR,bandgap_4.5_to_5.0eV,1,Nd,c1ccncc1
qmof-9902b33,TOVYEK_FSR,bandgap_4.5_to_5.0eV,2,K,O=S(=O)([N]Cc1ccccc1)c1ccccc1
qmof-16a389f,OQOGUX_FSR,bandgap_4.5_to_5.0eV,4,Zn,
qmof-96931f7,MARXIN_FSR,bandgap_4.5_to_5.0eV,3,Ag,
qmof-d12d16b,FETMOH_FSR,bandgap_4.5_to_5.0eV,4,Ca,c1ccccc1
qmof-726d8e4,MAQKUN_FSR,bandgap_4.5_to_5.0eV,1,Zn,c1nnc[nH]1
qmof-6262763,BINNOC_FSR,bandgap_4.5_to_5.0eV,3,Co,C1=CCCCC1
qmof-3f53bbd,UYEWEB_FSR,bandgap_4.5_to_5.0eV,2,K,
qmof-b1b8601,GUWGUB_FSR,bandgap_4.5_to_5.0eV,2,Zn,c1ccccc1
qmof-1f7045e,TUFHUY_FSR,bandgap_4.5_to_5.0eV,1,Ni,
qmof-b86fd8c,IXUWUV_FSR,bandgap_4.5_to_5.0eV,1,Ba,c1c[nH]cn1
qmof-0a86756,IXUXAC_FSR,bandgap_4.5_to_5.0eV,3,Li,c1c[nH]cn1
qmof-6bc1251,DUQCAU01_FSR,bandgap_4.5_to_5.0eV,3,Pr,
qmof-71f390e,DUQSEO_FSR,bandgap_4.5_to_5.0eV,4,La,C1=NN=N[N]1.c1cnc(C2=NN=N[N]2)nc1
qmof-5d78f06,OSIWOD01_FSR,bandgap_4.5_to_5.0eV,5,Ag,C1=NN=C[N]1
qmof-00892f2,LUFBAR_FSR,bandgap_4.5_to_5.0eV,3,Cd,
qmof-9f30221,BUCWED_FSR,bandgap_4.5_to_5.0eV,1,Zn,c1ccc(OCCCCOc2ccccc2)cc1.c1cn(Cc2ccc(Cn3ccnc3)cc2)cn1
qmof-77d0e7b,GOXBOM_FSR,bandgap_4.5_to_5.0eV,3,Cd,c1cc(C2=NN=N[N]2)cc(-n2ccnc2)c1.c1cc(C2=N[N]N=N2)cc(-n2ccnc2)c1
qmof-cd300fd,GOYLUB_FSR,bandgap_4.5_to_5.0eV,5,Cd,c1ccccc1
qmof-bc0c3a3,GUWNIW_FSR,bandgap_4.5_to_5.0eV,5,Cd,c1ccncc1
qmof-68a8225,GUXTEZ_FSR,bandgap_4.5_to_5.0eV,5,Mn,C1CCCCC1
qmof-08dbb32,UXOLAW_FSR,bandgap_4.5_to_5.0eV,2,Zn,c1ccc2c(c1)ncn2Cc1ccc(Cn2cnc3ccccc32)cc1
qmof-d0264ec,IWOWAS_FSR,bandgap_4.5_to_5.0eV,1,Au,
qmof-e31f193,IXEFAT_FSR,bandgap_4.5_to_5.0eV,5,Sn,
qmof-68bc391,DUVLOX_FSR,bandgap_4.5_to_5.0eV,5,Zn,
qmof-8e441aa,DUVMIR_FSR,bandgap_4.5_to_5.0eV,5,La,c1ccncc1
qmof-b9cf90b,GUBSAZ_FSR,bandgap_4.5_to_5.0eV,1,Cd,c1ccncc1
qmof-aa67299,DOPLEB_FSR,bandgap_4.5_to_5.0eV,3,Tb,c1cncc(-c2nn[nH]n2)c1
qmof-72750b2,DOPTIM_FSR,bandgap_4.5_to_5.0eV,2,Ag,c1nn[nH]n1
qmof-70d8452,OSIXOE_FSR,bandgap_4.5_to_5.0eV,2,Ag,C1=NN=C[N]1
qmof-43b5c02,OSUZUZ_FSR,bandgap_4.5_to_5.0eV,5,Hg,
qmof-aa6858c,MAQYUA_FSR,bandgap_4.5_to_5.0eV,1,Cd,[CH]1N=C[N]N1CCCn1cncn1.c1ccccc1
qmof-04bc54b,MAQZAH_FSR,bandgap_4.5_to_5.0eV,4,Cd,[CH]1N=C[N]N1CCCCCCN1[CH]N=C[N]1
qmof-9369b89,MAQZEL_FSR,bandgap_4.5_to_5.0eV,4,Cd,[CH]1N=C[N]N1CCCCN1[CH]N=C[N]1.c1ccccc1
qmof-2740627,MAQZIP_FSR,bandgap_4.5_to_5.0eV,4,Mn,
qmof-9ac831b,MAQZUB01_FSR,bandgap_4.5_to_5.0eV,2,Co,
qmof-755b963,MANMOE_FSR,bandgap_4.5_to_5.0eV,1,Zn,c1cc(C2C(c3ccncc3)C(c3ccncc3)C2c2ccncc2)ccn1
qmof-319e5df,MAPFIU_FSR,bandgap_4.5_to_5.0eV,1,Sn,c1ccccc1
qmof-9fe0cdb,UTEXOH_FSR,bandgap_4.5_to_5.0eV,5,Ba,c1ccncc1
qmof-6f8a3fc,UTUPEF_FSR,bandgap_4.5_to_5.0eV,5,Mg,c1ccccc1
qmof-a956203,DUWJAI_FSR,bandgap_4.5_to_5.0eV,1,Cd,c1cc(CCc2ccncc2)ccn1.c1ccccc1
qmof-e0ac9d9,IXOVUM_FSR,bandgap_4.5_to_5.0eV,3,Cu,C(OCC12COP(OC1)OC2)C12COP(OC1)OC2
qmof-885c8fc,LUKHEE01_FSR,bandgap_4.5_to_5.0eV,1,Zn,c1ccccc1
qmof-50a1922,PATQIM_FSR,bandgap_4.5_to_5.0eV,4,Cd,O=C1C2C3C=CC(C2C(=O)N1c1cccnc1)C1C(=O)N(c2cccnc2)C(=O)C31
qmof-0f2bdcf,PAVREK_FSR,bandgap_4.5_to_5.0eV,2,Zn,O=C(NCc1ccncc1)C(=O)NCc1ccncc1
qmof-8d056ff,PARWIQ_FSR,bandgap_4.5_to_5.0eV,3,Zn,c1cc(Cn2ccnc2)cc(Cn2ccnc2)c1
qmof-d062e47,DOJNAT_FSR,bandgap_4.5_to_5.0eV,2,Zn,c1cn(Cc2ccc(Cn3ccnc3)cc2)cn1
qmof-0caf677,DOJWAB_FSR,bandgap_4.5_to_5.0eV,5,Ba,
qmof-314722e,JIMYEK_FSR,bandgap_4.5_to_5.0eV,2,Sm,
qmof-4b930c1,IXOTEV_FSR,bandgap_4.5_to_5.0eV,1,Cd,[CH]1N=C[N]N1CN1[CH]N=C[N]1.c1ccccc1
qmof-a0490fe,UQILAJ_FSR,bandgap_4.5_to_5.0eV,4,Gd,c1cncc(-c2nn[nH]n2)c1
qmof-215da5f,USAWUH_FSR,bandgap_4.5_to_5.0eV,4,Cd,
qmof-fced5a2,OVIJAF_FSR,bandgap_4.5_to_5.0eV,1,Ag,
qmof-034e9af,OVUNID_FSR,bandgap_4.5_to_5.0eV,1,Li,
qmof-5ac24ac,UBOVUE_FSR,bandgap_4.5_to_5.0eV,5,Mg,
qmof-7f951dc,TUYKUU_FSR,bandgap_4.5_to_5.0eV,4,Ho,[CH]1C=CC=CN1
qmof-5e1817a,BUBSOI_FSR,bandgap_4.5_to_5.0eV,1,Sn,O=C1CCC(C(=O)N2CCSC2)N1
qmof-6fd66b2,GOZTIA_FSR,bandgap_4.5_to_5.0eV,1,Ni,c1cn(CCCCn2ccnc2)cn1
qmof-c094bf3,LUNVUL_FSR,bandgap_4.5_to_5.0eV,4,Ag,c1ncn(Cn2cncn2)n1
qmof-8615dad,LUPCIK_FSR,bandgap_4.5_to_5.0eV,5,Zn,c1ccncc1
qmof-52da6bd,PAMHAO_FSR,bandgap_4.5_to_5.0eV,5,Zn,c1ccccc1
qmof-d5e2e67,BOVQUZ_FSR,bandgap_4.5_to_5.0eV,4,Zn,c1ccc2[nH]cnc2c1
qmof-2ad2677,BOXMAE_FSR,bandgap_4.5_to_5.0eV,5,Sr,c1ccncc1
qmof-f73f181,JEXSAH01_FSR,bandgap_4.5_to_5.0eV,1,Mn,c1c[nH]cn1
qmof-285da54,JEXSEL_FSR,bandgap_4.5_to_5.0eV,5,Ni,c1c[nH]cn1
qmof-6bd0d59,OVAJAX_FSR,bandgap_4.5_to_5.0eV,3,Cd,c1ccncc1
qmof-0f2fd5f,FEZBUI_FSR,bandgap_4.5_to_5.0eV,1,Cd,c1ccccc1
qmof-3074f36,BODJIN01_FSR,bandgap_4.5_to_5.0eV,3,Cd,C1N2CN3CN1CN(C2)C3
qmof-ace4b80,GUSFAC_FSR,bandgap_4.5_to_5.0eV,3,Zn,[CH]1N=C[N]N1CC(Cn1cncn1)c1ccccc1.c1ccccc1
qmof-e5b7187,IYESAI_FSR,bandgap_4.5_to_5.0eV,3,Cd,c1cn(CCCCn2ccnc2)cn1
qmof-72726e2,FIBJAE_FSR,bandgap_4.5_to_5.0eV,1,Cd,C1=NN=N[N]1
qmof-20616d3,FIBKIL_FSR,bandgap_4.5_to_5.0eV,2,Cd,
qmof-771df3f,FINYOS_FSR,bandgap_4.5_to_5.0eV,5,Mg,
qmof-e327b51,FINYUY_FSR,bandgap_4.5_to_5.0eV,4,Ca,
qmof-fd5d0f6,OWEZEW01_FSR,bandgap_4.5_to_5.0eV,5,Ca,c1ccccc1
qmof-0a65495,DOQLOM_FSR,bandgap_4.5_to_5.0eV,1,Sr,n1n[nH]c(-c2nnn[nH]2)n1
qmof-ac05bde,DOQMAX_FSR,bandgap_4.5_to_5.0eV,2,Ca,
qmof-91931bc,DOQMEB_FSR,bandgap_4.5_to_5.0eV,3,Sr,
qmof-4491693,FIJROG_FSR,bandgap_4.5_to_5.0eV,2,Ni,
qmof-610a5df,FIKXUU_FSR,bandgap_4.5_to_5.0eV,3,Cd,C1=Nc2ccccc2[N]1
qmof-6c57850,UDULOW_FSR,bandgap_4.5_to_5.0eV,4,Er,
qmof-b34bf6d,UDULUC_FSR,bandgap_4.5_to_5.0eV,5,Er,
qmof-1182ebe,UDUMIR_FSR,bandgap_4.5_to_5.0eV,5,Tb,
qmof-bb65d94,DULCIY_FSR,bandgap_4.5_to_5.0eV,5,Zn,c1cn(Cc2ccc(Cn3ccnc3)cc2)cn1
qmof-036e2cc,DULVEM_FSR,bandgap_4.5_to_5.0eV,4,Mg,c1ccc2[nH]cnc2c1
qmof-33553b3,DULWIR_FSR,bandgap_4.5_to_5.0eV,5,Ag,c1nnn[nH]1
qmof-6058f17,JACJIH_FSR,bandgap_4.5_to_5.0eV,5,Ti,
qmof-96d0200,UNOCOQ03_FSR,bandgap_4.5_to_5.0eV,1,Co,
qmof-f5d6474,UNOCOQ04_FSR,bandgap_4.5_to_5.0eV,5,Co,
qmof-9c49b78,UCOCEU_FSR,bandgap_4.5_to_5.0eV,5,Ag,C1CSCCS1
qmof-e877969,UDUJUA_FSR,bandgap_4.5_to_5.0eV,2,Tm,
qmof-1789c58,UDUKEL_FSR,bandgap_4.5_to_5.0eV,4,Tb,
qmof-7d219c0,UDUKIP_FSR,bandgap_4.5_to_5.0eV,2,Lu,
qmof-94c8e57,UDULAI_FSR,bandgap_4.5_to_5.0eV,3,Gd,
qmof-8372ff0,UDULEM_FSR,bandgap_4.5_to_5.0eV,2,Gd,
qmof-96c4801,MAJDIM_FSR,bandgap_4.5_to_5.0eV,2,Ag,
qmof-2c17849,UMEZUH_FSR,bandgap_4.5_to_5.0eV,4,Zn,c1ccccc1
qmof-95529aa,MAFVOG_FSR,bandgap_4.5_to_5.0eV,2,Ni,
qmof-6ff2850,DUBWIH02_FSR,bandgap_4.5_to_5.0eV,1,Pb,
qmof-5275c6d,DUCQAU_FSR,bandgap_4.5_to_5.0eV,2,Pr,
qmof-b7ca6ca,DUFROM_FSR,bandgap_4.5_to_5.0eV,5,Gd,
qmof-6e3ecc7,UPIYAU_FSR,bandgap_4.5_to_5.0eV,4,Mn,
qmof-efb1a27,BIZVEM_FSR,bandgap_4.5_to_5.0eV,3,Zn,c1ccc(C2=NN=N[N]2)cc1
qmof-1de40a5,BOFCEG_FSR,bandgap_4.5_to_5.0eV,3,Zn,
qmof-4e4871b,BOFWUQ_FSR,bandgap_4.5_to_5.0eV,3,Cd,c1ccncc1
qmof-c9c0b8e,DUJWIP_FSR,bandgap_4.5_to_5.0eV,4,Sr,c1ccccc1
qmof-74b0bf9,BOVHIF_FSR,bandgap_4.5_to_5.0eV,4,Sm,c1ccccc1
qmof-ef677d6,GUDDUF_FSR,bandgap_4.5_to_5.0eV,5,Cs,
qmof-a1541db,GUDFER_FSR,bandgap_4.5_to_5.0eV,3,Rb,
qmof-3384f34,GUDFIV_FSR,bandgap_4.5_to_5.0eV,3,Rb,
qmof-b115514,LUSDOS_FSR,bandgap_4.5_to_5.0eV,2,Gd,c1ccccc1
qmof-311f3ba,LUWSOL_FSR,bandgap_4.5_to_5.0eV,3,Zn,c1ccccc1
qmof-14cf349,DUHFIW_FSR,bandgap_4.5_to_5.0eV,5,Gd,c1ccncc1
qmof-e8229f5,JAMQUK_FSR,bandgap_4.5_to_5.0eV,2,Ag,
qmof-41d1d42,LUYMOJ_FSR,bandgap_4.5_to_5.0eV,2,Zn,c1cc(C2C(c3ccncc3)C(c3ccncc3)C2c2ccncc2)ccn1
qmof-3a184d1,LUYRII_FSR,bandgap_4.5_to_5.0eV,3,Mo,c1nncn1C12CC3CC(C1)CC(n1cnnc1)(C3)C2
qmof-bcca6b0,LUZYUA_FSR,bandgap_4.5_to_5.0eV,3,Zn,
qmof-0ca8ad2,PAGFAH_FSR,bandgap_4.5_to_5.0eV,2,Tb,
qmof-c61e5e0,PAGQEU_FSR,bandgap_4.5_to_5.0eV,4,Zn,
qmof-dd93e1c,PAGQIY_FSR,bandgap_4.5_to_5.0eV,1,Zn,
qmof-b23bc95,UFEVOR_FSR,bandgap_4.5_to_5.0eV,3,Cd,c1cn(Cc2cc(Cn3ccnc3)cc(Cn3ccnc3)c2)cn1
qmof-c64d9f3,UDUJIO_FSR,bandgap_4.5_to_5.0eV,2,Yb,
qmof-f1b9a8e,DPPOPB10_FSR,bandgap_4.5_to_5.0eV,5,Pb,O=[PH](c1ccccc1)c1ccccc1
qmof-0984968,LUWYAE_FSR,bandgap_4.5_to_5.0eV,5,Cd,c1ccccc1
qmof-0b5d3a8,GUJFUM_FSR,bandgap_4.5_to_5.0eV,1,Ag,
qmof-f57a76b,BOJYIK_FSR,bandgap_4.5_to_5.0eV,4,Tb,c1ccccc1
qmof-7aa13cf,BOLFUE_FSR,bandgap_4.5_to_5.0eV,1,Sn,c1ccccc1
qmof-2eac1e9,BOLPIC_FSR,bandgap_4.5_to_5.0eV,2,Zn,c1ccc([SiH2]c2ccccc2)cc1
qmof-a0b6754,UGUJOW01_FSR,bandgap_4.5_to_5.0eV,3,Zn,C1=NN=C[N]1
qmof-80be73f,JAWDUJ01_FSR,bandgap_4.5_to_5.0eV,4,Dy,c1ccccc1
qmof-75cd97a,JAXCET_FSR,bandgap_4.5_to_5.0eV,1,Cd,c1ccc2c(c1)ncn2CCCCCCn1cnc2ccccc21.c1ccccc1
qmof-c2f4aa8,FIHLEP01_FSR,bandgap_4.5_to_5.0eV,4,Cd,c1cncc(OCOc2cccnc2)c1
qmof-8bea158,PADROD01_FSR,bandgap_4.5_to_5.0eV,3,Ag,
qmof-c499b62,DOWYET_FSR,bandgap_4.5_to_5.0eV,5,Pb,c1ccoc1
qmof-1d6527e,PACWIA_FSR,bandgap_4.5_to_5.0eV,1,Zn,c1ccccc1
qmof-38d84a5,PACXEX_FSR,bandgap_4.5_to_5.0eV,4,Zn,c1ccccc1
qmof-e08aa2c,PADCUU_FSR,bandgap_4.5_to_5.0eV,3,Zn,c1cn(Cn2ccnc2)cn1
qmof-14fa587,PADDEF_FSR,bandgap_4.5_to_5.0eV,4,Cd,c1cn(Cn2ccnc2)cn1
qmof-3ab012a,NAQBUD_FSR,bandgap_4.5_to_5.0eV,5,Cd,c1ccncc1
qmof-23432b4,KUCTIM_FSR,bandgap_4.5_to_5.0eV,2,Zn,
qmof-0ee370f,KUDLAY_FSR,bandgap_4.5_to_5.0eV,4,Zn,
qmof-ceeff8a,KUDNIH_FSR,bandgap_4.5_to_5.0eV,5,Ag,
qmof-10609b1,KULCOL_FSR,bandgap_4.5_to_5.0eV,4,Cd,
qmof-792627f,RABNEP_FSR,bandgap_4.5_to_5.0eV,4,Zn,
qmof-3a1574d,RABVOF04_FSR,bandgap_4.5_to_5.0eV,4,Ag,C1=CN=C[N]1.[CH]1C=NC=N1
qmof-c040ab5,NAGKAH_FSR,bandgap_4.5_to_5.0eV,1,Sn,O=[PH](c1ccccc1)c1ccccc1
qmof-29aefb0,NAASCB01_FSR,bandgap_4.5_to_5.0eV,3,Na,
qmof-9d735a6,NACKUZ_FSR,bandgap_4.5_to_5.0eV,1,Ho,c1ccccc1
qmof-e024f70,AHEBOE_FSR,bandgap_4.5_to_5.0eV,1,Ag,C1CC2CCSCCN(CCS1)CCSCC2
qmof-741f030,AHONUG_FSR,bandgap_4.5_to_5.0eV,2,Ca,O=C([O][Ca][O][CH]c1ccccn1)c1ccccn1
qmof-de1875e,YIHVUJ_FSR,bandgap_4.5_to_5.0eV,2,Cd,
qmof-d5e7f66,YIVWEH_FSR,bandgap_4.5_to_5.0eV,4,Li,c1ccccc1
qmof-2023658,AFOSIY_FSR,bandgap_4.5_to_5.0eV,1,Zn,c1ccccc1
qmof-f9d2ea9,HIYPIO01_FSR,bandgap_4.5_to_5.0eV,2,Cd,c1cc(Cc2ccncc2)ccn1
qmof-7943fa6,ACUBOP01_FSR,bandgap_4.5_to_5.0eV,3,Cd,c1ccncc1
qmof-5d009d5,ADUVAX_FSR,bandgap_4.5_to_5.0eV,2,Co,c1cn(Cc2ccc(Cn3ccnc3)cc2)cn1
qmof-b8ef732,ADODUU_FSR,bandgap_4.5_to_5.0eV,3,Tb,c1ccc(OCC(COCC(COc2ccccc2)(COc2ccccc2)COc2ccccc2)(COc2ccccc2)COc2ccccc2)cc1
qmof-bc3f92f,ADODOO_FSR,bandgap_4.5_to_5.0eV,4,Eu,c1ccc(OCC(COCC(COc2ccccc2)(COc2ccccc2)COc2ccccc2)(COc2ccccc2)COc2ccccc2)cc1
qmof-9eeead2,ADODII_FSR,bandgap_4.5_to_5.0eV,3,La,c1ccc(OCC(COCC(COc2ccccc2)(COc2ccccc2)COc2ccccc2)(COc2ccccc2)COc2ccccc2)cc1
qmof-740601d,GAKTAO_FSR,bandgap_4.5_to_5.0eV,3,Na,
qmof-3274cd8,YOKQAR_FSR,bandgap_4.5_to_5.0eV,1,Ag,
qmof-537df4e,YOFMOW_FSR,bandgap_4.5_to_5.0eV,2,Cd,
qmof-9c7b613,HIZQEN01_FSR,bandgap_4.5_to_5.0eV,4,Cd,c1ccccc1
qmof-ac050b9,EXOKOR01_FSR,bandgap_4.5_to_5.0eV,5,Zn,c1ccc([C]2[O][Zn][O]2)cc1.c1ccccc1
qmof-c775fd7,MUZTOS_FSR,bandgap_4.5_to_5.0eV,3,Co,[CH]1NC=CN1
qmof-cdebfa4,NADCUS_FSR,bandgap_4.5_to_5.0eV,5,Zn,c1cc(CCCc2ccncc2)ccn1.c1ccccc1
qmof-1fe23f7,ABXALA01_FSR,bandgap_4.5_to_5.0eV,2,La,
qmof-92305e2,YOXJIG_FSR,bandgap_4.5_to_5.0eV,4,Nd,c1cncc(-c2nn[nH]n2)c1
qmof-07d3562,ABIVOY_FSR,bandgap_4.5_to_5.0eV,1,Ba,c1ccccc1
qmof-b51332f,YITMAQ01_FSR,bandgap_5.0_to_5.5eV,3,Sn,
qmof-704a813,HOMDUJ_FSR,bandgap_5.0_to_5.5eV,3,Hg,
qmof-9b03351,ACIKAA_FSR,bandgap_5.0_to_5.5eV,2,Zn,
qmof-218da26,IFUGAT_FSR,bandgap_5.0_to_5.5eV,1,Ca,c1ccccc1
qmof-ed82416,XAMXOY_FSR,bandgap_5.0_to_5.5eV,5,Ag,c1ccccc1
qmof-fc03278,QUVFAQ_FSR,bandgap_5.0_to_5.5eV,3,Zn,
qmof-97e3dd9,SONPAM_FSR,bandgap_5.0_to_5.5eV,3,Mg,
qmof-4dc80e6,XIPTIA_FSR,bandgap_5.0_to_5.5eV,5,Dy,c1ccncc1
qmof-9714d1f,MOLVAL_FSR,bandgap_5.0_to_5.5eV,2,Zn,
qmof-84c7abb,RODPIK_FSR,bandgap_5.0_to_5.5eV,1,Mg,
qmof-041dd8f,FUMCUL_FSR,bandgap_5.0_to_5.5eV,5,Mn,
qmof-3748101,WAZXIH_FSR,bandgap_5.0_to_5.5eV,3,Zn,
qmof-9fd5c7a,DEYXUC_FSR,bandgap_5.0_to_5.5eV,1,Cd,c1ccncc1
qmof-099fb71,LIVNEJ_FSR,bandgap_5.0_to_5.5eV,1,Ga,
qmof-4804357,KADSAL_FSR,bandgap_5.0_to_5.5eV,2,Zn,
qmof-ad070be,POMMAG_FSR,bandgap_5.0_to_5.5eV,5,Sn,c1ccccc1
qmof-0036445,JEBLEI_FSR,bandgap_5.0_to_5.5eV,2,Li,c1ccccc1.c1ccccc1
qmof-1186aa1,MUXHIW01_FSR,bandgap_5.0_to_5.5eV,4,La,c1ccncc1
qmof-45eff1d,MUXHUI01_FSR,bandgap_5.0_to_5.5eV,2,Nd,c1ccncc1
qmof-ac16c28,MUYGOE_FSR,bandgap_5.0_to_5.5eV,4,Zn,
qmof-b4ae596,EXOKOS_FSR,bandgap_5.0_to_5.5eV,1,Pb,c1ccccc1
qmof-5c4e179,QUVGUK_FSR,bandgap_5.0_to_5.5eV,3,Co,
qmof-a07cb94,CIJVOH_FSR,bandgap_5.0_to_5.5eV,3,Cd,
qmof-9e74cf8,CIJZOM_FSR,bandgap_5.0_to_5.5eV,5,Mn,
qmof-ee71122,KEXKEF_FSR,bandgap_5.0_to_5.5eV,2,Zn,c1cc(CCCc2ccncc2)ccn1
qmof-a32d237,DAYMAS_FSR,bandgap_5.0_to_5.5eV,5,Zn,
qmof-c80c803,ACISOW_FSR,bandgap_5.0_to_5.5eV,5,Zn,
qmof-cd10167,YOQMEY_FSR,bandgap_5.0_to_5.5eV,2,Cd,c1cncc(Cc2cccnc2)c1
qmof-f4464ff,NACYEX_FSR,bandgap_5.0_to_5.5eV,2,Cd,[CH]1N=C[N]N1
qmof-9b6ccd4,DOZBOK_FSR,bandgap_5.0_to_5.5eV,3,Er,
qmof-4697823,DOZCIE_FSR,bandgap_5.0_to_5.5eV,1,Sn,c1ccccc1
qmof-da83f4c,YOFMEM_FSR,bandgap_5.0_to_5.5eV,2,Cd,
qmof-23da69c,UMOTEW_FSR,bandgap_5.0_to_5.5eV,1,Ag,c1c[nH]cn1
qmof-2019dbf,UNABAN_FSR,bandgap_5.0_to_5.5eV,4,Zn,C1CSCN1
qmof-6c9e6ff,BOJKAM01_FSR,bandgap_5.0_to_5.5eV,1,Ni,
qmof-5c3e66d,NAFTUM_FSR,bandgap_5.0_to_5.5eV,5,Cd,c1cn(Cc2c[nH]nn2)cn1
qmof-0f5c195,MUVSAZ_FSR,bandgap_5.0_to_5.5eV,5,Ag,c1nnc[nH]1
qmof-e9351eb,CUGFAN01_FSR,bandgap_5.0_to_5.5eV,3,Zn,
qmof-abf5294,CUGFOB_FSR,bandgap_5.0_to_5.5eV,3,Cd,
qmof-166d55f,QUYGUO_FSR,bandgap_5.0_to_5.5eV,5,Cd,c1cc(CCc2ccncc2)ccn1
qmof-192c920,HOQLIJ_FSR,bandgap_5.0_to_5.5eV,5,Gd,
qmof-f9b12ee,DUGPUR_FSR,bandgap_5.0_to_5.5eV,4,La,c1ccccc1
qmof-f55c6c1,FIDTIX_FSR,bandgap_5.0_to_5.5eV,1,Mg,
qmof-6210d13,BOVGUQ_FSR,bandgap_5.0_to_5.5eV,1,Cd,
qmof-326b951,UFETAB01_FSR,bandgap_5.0_to_5.5eV,2,Ag,c1nc[nH]n1
qmof-4029d91,MUSPAR_FSR,bandgap_5.0_to_5.5eV,2,Co,
qmof-0246e2a,HIYNUZ_FSR,bandgap_5.0_to_5.5eV,2,Sn,
qmof-4e25873,YIKBOM_FSR,bandgap_5.0_to_5.5eV,3,Co,
qmof-ac79fd0,DORFIA_FSR,bandgap_5.0_to_5.5eV,1,Ni,C1CCCC1
qmof-462a448,AVUWOF_FSR,bandgap_5.0_to_5.5eV,2,Zn,C1CCCCC1
qmof-4f9cb23,DAYTIJ_FSR,bandgap_5.0_to_5.5eV,4,Cd,
qmof-871da53,NOHHEY_FSR,bandgap_5.0_to_5.5eV,2,Organic_Only,
qmof-dc65042,IFIVOL_FSR,bandgap_5.0_to_5.5eV,1,Li,
qmof-7b32a82,IFIWIE_FSR,bandgap_5.0_to_5.5eV,1,Ni,
qmof-8144aa6,SANBOZ_FSR,bandgap_5.0_to_5.5eV,5,Zn,C1N2CN3CN1CN(C2)C3
qmof-b8d9911,MOCJIY_FSR,bandgap_5.0_to_5.5eV,5,Yb,
qmof-40ada08,FAPZUU_FSR,bandgap_5.0_to_5.5eV,4,Li,
qmof-270e6b4,XECLID_FSR,bandgap_5.0_to_5.5eV,2,Dy,
qmof-eb6295d,GUBVUW_FSR,bandgap_5.0_to_5.5eV,4,Mo,c1cc(CCc2ccncc2)ccn1
qmof-a7453c3,FIBMIO_FSR,bandgap_5.0_to_5.5eV,2,Ni,c1c[nH]cn1
qmof-7494173,DUKXAK_FSR,bandgap_5.0_to_5.5eV,4,Cd,[CH]1N=NC=C1CC1=CN=N[CH]1
qmof-5465dee,YERZIF_FSR,bandgap_5.0_to_5.5eV,4,Sn,
qmof-bcbd585,NAMDAH_FSR,bandgap_5.0_to_5.5eV,2,Cd,
qmof-a569078,JADRUC_FSR,bandgap_5.0_to_5.5eV,5,Cd,
qmof-06bf898,RAHKAO_FSR,bandgap_5.0_to_5.5eV,3,Organic_Only,
qmof-b39b9e5,RAHQAV_FSR,bandgap_5.0_to_5.5eV,5,Nd,
qmof-f295c03,RAHQEZ_FSR,bandgap_5.0_to_5.5eV,1,Pr,
qmof-133c36e,RAHQID_FSR,bandgap_5.0_to_5.5eV,2,Sm,
qmof-ad0971f,KUQWIE_FSR,bandgap_5.0_to_5.5eV,3,Cd,C1CCNCC1
qmof-f99af63,DUKXOY_FSR,bandgap_5.0_to_5.5eV,3,Cd,[CH]1N=NC=C1CC1=CN=N[CH]1.[CH]1N=NC=C1CC1=C[N]N=C1
qmof-c330c01,DULNAA_FSR,bandgap_5.0_to_5.5eV,1,Cd,
qmof-4754c30,IZEBUL01_FSR,bandgap_5.0_to_5.5eV,1,Pb,
qmof-b6afd57,DOQGUM_FSR,bandgap_5.0_to_5.5eV,1,La,
qmof-bf6dcca,DOQHEX_FSR,bandgap_5.0_to_5.5eV,5,Pr,
qmof-694a583,DOQHIB_FSR,bandgap_5.0_to_5.5eV,4,Nd,
qmof-fbac185,JEXPEI_FSR,bandgap_5.0_to_5.5eV,4,Ni,
qmof-6136401,MUSNAQ_FSR,bandgap_5.0_to_5.5eV,4,Ni,
qmof-815e12a,BOJKAM03_FSR,bandgap_5.0_to_5.5eV,5,Ni,
qmof-767b522,GUPCOK01_FSR,bandgap_5.0_to_5.5eV,2,Cd,C1=CN=C[N]1
qmof-05e1da7,OVUNOJ_FSR,bandgap_5.0_to_5.5eV,3,Li,
qmof-c628210,ELOFOA_FSR,bandgap_5.0_to_5.5eV,2,Ca,
qmof-0f113e8,QATTAJ_FSR,bandgap_5.0_to_5.5eV,2,Cd,c1cc(Cn2ccnc2)cc(Cn2ccnc2)c1.c1ccccc1
qmof-6478b5c,FAQWIF_FSR,bandgap_5.0_to_5.5eV,3,Ag,
qmof-6694d04,MIVPAJ_FSR,bandgap_5.0_to_5.5eV,3,Gd,c1ccncc1
qmof-071c170,MIVPEN_FSR,bandgap_5.0_to_5.5eV,1,Tm,c1ccncc1
qmof-264023f,MIVYEV_FSR,bandgap_5.0_to_5.5eV,1,Mn,
qmof-21e0017,MIWBEZ_FSR,bandgap_5.0_to_5.5eV,2,Zn,
qmof-c0a97ea,LUKBAV_FSR,bandgap_5.0_to_5.5eV,1,Na,
qmof-cdc8395,JEXWIS_FSR,bandgap_5.0_to_5.5eV,3,Cd,c1nc[nH]n1
qmof-95455ac,COWLEG_FSR,bandgap_5.0_to_5.5eV,3,Cd,
qmof-2a36f96,MUPYAY_FSR,bandgap_5.0_to_5.5eV,4,Zn,
qmof-2d9e71c,EWAZAD_FSR,bandgap_5.0_to_5.5eV,2,Zn,O=[PH](C[PH](=O)c1ccccc1)c1ccccc1
qmof-0ebbd43,HUCKOG_FSR,bandgap_5.0_to_5.5eV,2,Y,
qmof-9f84980,COYYOE_FSR,bandgap_5.0_to_5.5eV,2,La,
qmof-7342d40,COWKUV_FSR,bandgap_5.0_to_5.5eV,2,Cd,
qmof-fffa2d9,RAGBIM_FSR,bandgap_5.0_to_5.5eV,5,Ba,C1COCCO1
qmof-81c1d82,IYESIQ_FSR,bandgap_5.0_to_5.5eV,1,Cd,c1cn(CCCCn2ccnc2)cn1
qmof-5697fd8,USEBOK_FSR,bandgap_5.0_to_5.5eV,4,Li,
qmof-f75eb5a,USUBUG_FSR,bandgap_5.0_to_5.5eV,2,Zn,C1=NN=N[N]1
qmof-096c27f,OTENIL_FSR,bandgap_5.0_to_5.5eV,5,Sm,C1=NN=N[N]1
qmof-11ed3e0,OTENUX_FSR,bandgap_5.0_to_5.5eV,4,Gd,C1=NN=N[N]1
qmof-3b4f59b,JEVTAG_FSR,bandgap_5.0_to_5.5eV,5,Gd,
qmof-4280630,JIPYEP_FSR,bandgap_5.0_to_5.5eV,1,Sn,c1ccccc1
qmof-0eca7ba,OTEPEJ_FSR,bandgap_5.0_to_5.5eV,5,Dy,C1=NN=N[N]1
qmof-317320a,FIBHOQ_FSR,bandgap_5.0_to_5.5eV,1,Zn,C1=NN=N[N]1
qmof-52d48cb,BOCCAY_FSR,bandgap_5.0_to_5.5eV,1,Cd,
qmof-b3c62d0,BODKEL_FSR,bandgap_5.0_to_5.5eV,3,Ba,C1COCCN1
qmof-dc281d9,XECLOJ_FSR,bandgap_5.0_to_5.5eV,5,Gd,
qmof-b0cfefa,KIDLOZ_FSR,bandgap_5.0_to_5.5eV,3,Cd,[CH]1N=CN=CN1
qmof-94ef826,KEXNIN_FSR,bandgap_5.0_to_5.5eV,4,Zn,c1cc(CCc2ccncc2)ccn1
qmof-fc85ca5,KEXPOU_FSR,bandgap_5.0_to_5.5eV,2,Zn,c1cc(CCc2ccncc2)ccn1
qmof-289dd29,DAVKAO_FSR,bandgap_5.0_to_5.5eV,2,Zn,c1cc(Cn2ccnc2)cc(Cn2ccnc2)c1
qmof-49c3c03,QUTHET_FSR,bandgap_5.0_to_5.5eV,3,Cd,c1ccccc1.c1cn(CCn2ccnc2)cn1
qmof-a1fddcc,JIPYOZ_FSR,bandgap_5.0_to_5.5eV,5,Sn,c1ccccc1
qmof-35705d6,MAKZON_FSR,bandgap_5.0_to_5.5eV,1,Pb,
qmof-b7c4144,MANTOM_FSR,bandgap_5.0_to_5.5eV,4,Cd,
qmof-d76fd42,OQUKOB01_FSR,bandgap_5.0_to_5.5eV,5,Cd,[CH]1N=C[N]N1CCCCn1cncn1.c1ccccc1
qmof-c042375,UVOBIR01_FSR,bandgap_5.0_to_5.5eV,3,Ag,[CH]1[CH]C2CCC1O2
qmof-325d9ba,DUPSUD01_FSR,bandgap_5.0_to_5.5eV,3,Cd,
qmof-091d15e,OSIWIX_FSR,bandgap_5.0_to_5.5eV,3,Ag,C1=NN=C[N]1
qmof-290194d,OSIWOD_FSR,bandgap_5.0_to_5.5eV,3,Ag,C1=NN=C[N]1
qmof-44f590d,LUKTUH_FSR,bandgap_5.0_to_5.5eV,1,K,
qmof-1fbe7ca,LUMJIO02_FSR,bandgap_5.0_to_5.5eV,5,Cd,c1ccccc1.c1cn(CCCCn2ccnc2)cn1
qmof-4637532,RAPBEP_FSR,bandgap_5.0_to_5.5eV,2,Cd,
qmof-1d52e5c,GALNIT01_FSR,bandgap_5.0_to_5.5eV,3,Pb,
qmof-b057164,KUHDEX01_FSR,bandgap_5.0_to_5.5eV,3,Tb,C1=CN=N[N]1.C1=N[N]N=C1.[CH]1C=NN=N1
qmof-62b6b15,RAQBEQ_FSR,bandgap_5.0_to_5.5eV,1,Pb,
qmof-6270ffb,IYUCOV_FSR,bandgap_5.0_to_5.5eV,3,Zn,
qmof-2ae67fa,LESVEN_FSR,bandgap_5.0_to_5.5eV,2,K,
qmof-121c857,FOQSAG_FSR,bandgap_5.0_to_5.5eV,1,Zn,
qmof-d0bd86a,FOSZIY_FSR,bandgap_5.0_to_5.5eV,4,Zn,[CH]1C=CC=CN1
qmof-e24fcbb,LEMPUO_FSR,bandgap_5.0_to_5.5eV,3,Zn,C1N2CN3CN1CN(C2)C3
qmof-bc2478d,QATWIU_FSR,bandgap_5.0_to_5.5eV,5,Zn,c1ccccc1.c1cn(Cc2ccc(Cn3ccnc3)cc2)cn1
qmof-1279fa4,LERNIG_FSR,bandgap_5.0_to_5.5eV,2,In,[CH]1CC2CCC1C2
qmof-6734bdc,LERSAE_FSR,bandgap_5.0_to_5.5eV,1,Zn,c1cn(Cc2ccc(Cn3ccnc3)cc2)cn1
qmof-20ecd02,CICBOI_FSR,bandgap_5.0_to_5.5eV,4,Cd,
qmof-1044bb0,CICFAW_FSR,bandgap_5.0_to_5.5eV,2,Cd,
qmof-633eaa8,GUXTAV_FSR,bandgap_5.0_to_5.5eV,1,Mn,C1CCCCC1
qmof-bc0e0b2,IWOLIR_FSR,bandgap_5.0_to_5.5eV,1,Zn,c1nnn[nH]1
qmof-008a6ec,MUQVEA_FSR,bandgap_5.0_to_5.5eV,4,Zn,
qmof-45804f7,HOZWUQ_FSR,bandgap_5.0_to_5.5eV,3,Cd,
qmof-50c40e5,QUSDEO_FSR,bandgap_5.0_to_5.5eV,3,Pr,c1nnn[nH]1
qmof-3f96ee4,QUSDIS_FSR,bandgap_5.0_to_5.5eV,2,Sm,c1nnn[nH]1
qmof-8f08fd4,QUSDOY_FSR,bandgap_5.0_to_5.5eV,2,Nd,c1nnn[nH]1
qmof-b48a0a9,QEXBOL01_FSR,bandgap_5.0_to_5.5eV,4,Na,
qmof-e56b9af,LICLPY02_FSR,bandgap_5.0_to_5.5eV,4,Li,
qmof-32c2447,LAYDEX_FSR,bandgap_5.0_to_5.5eV,4,Sr,
qmof-3648a5c,MOCJAQ_FSR,bandgap_5.0_to_5.5eV,2,Ho,
qmof-71e4443,MOCJEU_FSR,bandgap_5.0_to_5.5eV,2,Er,
qmof-90c218f,EMOPIH_FSR,bandgap_5.0_to_5.5eV,1,Ni,C1C2CC3CC1CC(C2)C3
qmof-0eb3aaf,BUGDOY_FSR,bandgap_5.0_to_5.5eV,5,Na,
qmof-c304ffc,TOPPOF_FSR,bandgap_5.0_to_5.5eV,5,Pd,
qmof-745d85c,TOZHAT01_FSR,bandgap_5.0_to_5.5eV,1,Sm,
qmof-581e903,MARQOL_FSR,bandgap_5.0_to_5.5eV,5,Ag,C1CCSC1
qmof-48bcbc2,VAGXIM_FSR,bandgap_5.0_to_5.5eV,5,Cd,C1CNCCN1
qmof-3396210,BUKXUC_FSR,bandgap_5.0_to_5.5eV,5,Li,c1ccncc1
qmof-1aec1d8,TUFJAG_FSR,bandgap_5.0_to_5.5eV,5,Zn,
qmof-b8c8c2b,MIWGOP_FSR,bandgap_5.0_to_5.5eV,4,Mg,C1COCCO1
qmof-2867c7b,XAFXUZ_FSR,bandgap_5.0_to_5.5eV,5,Pr,O=C1CNC(=O)CN1
qmof-4c113e7,IGISAU_FSR,bandgap_5.0_to_5.5eV,3,K,[N]1N=NN=C1NC1=NN=N[N]1
qmof-3b52b38,NEDSOF_FSR,bandgap_5.0_to_5.5eV,4,Mn,
qmof-5bc1857,KUYJAQ01_FSR,bandgap_5.0_to_5.5eV,1,Mg,c1ccccc1
qmof-93f5d32,TOHRUF01_FSR,bandgap_5.0_to_5.5eV,1,Ni,c1nnn[nH]1
qmof-86c4ff7,FIPWOS_FSR,bandgap_5.0_to_5.5eV,2,Zn,
qmof-21f1e4e,PAZWET_FSR,bandgap_5.0_to_5.5eV,5,Sm,c1ccncc1
qmof-a650f9b,TOPPEV_FSR,bandgap_5.0_to_5.5eV,3,Cd,
qmof-b8576dc,LOSGAD_FSR,bandgap_5.0_to_5.5eV,4,Zn,c1cc(CC2=NN=N[N]2)ccn1
qmof-c14118a,DURMEJ_FSR,bandgap_5.0_to_5.5eV,4,K,C=C1CN2C(=O)CC2O1
qmof-b34b96a,DUVLUD_FSR,bandgap_5.0_to_5.5eV,4,Zn,c1ccncc1
qmof-e521cf2,CILDUX_FSR,bandgap_5.0_to_5.5eV,3,Tb,
qmof-c2bf5bb,QEVMOW01_FSR,bandgap_5.0_to_5.5eV,2,K,
qmof-74662f0,XEFKUR_FSR,bandgap_5.0_to_5.5eV,4,Li,
qmof-b125dd6,AVOGEZ_FSR,bandgap_5.0_to_5.5eV,1,Cd,c1nnn[nH]1
qmof-8555126,IDULEB_FSR,bandgap_5.0_to_5.5eV,3,Zn,c1cn(CCCCn2ccnc2)cn1
qmof-82162f7,QEVNEN_FSR,bandgap_5.0_to_5.5eV,5,K,
qmof-d6ff719,QEWFIK_FSR,bandgap_5.0_to_5.5eV,5,Cd,c1cc(CCCc2ccncc2)ccn1
qmof-44e9836,WUKSEC_FSR,bandgap_5.0_to_5.5eV,3,Zn,
qmof-5dbca24,ELAJUX_FSR,bandgap_5.0_to_5.5eV,3,Bi,
qmof-9dd9532,LEWVEP_FSR,bandgap_5.0_to_5.5eV,2,Zn,c1cc(CCCc2ccncc2)ccn1
qmof-264ad8f,FARYOP_FSR,bandgap_5.0_to_5.5eV,3,Cd,c1ccc(Cn2ccnc2)c(Cn2ccnc2)c1.c1ccccc1
qmof-c947dd6,MISKAD_FSR,bandgap_5.0_to_5.5eV,2,Li,
qmof-16501b0,MISKEH_FSR,bandgap_5.0_to_5.5eV,5,Li,
qmof-4a6ced3,TIWRUN_FSR,bandgap_5.0_to_5.5eV,4,K,C1=CN=N[N]1.C1=N[N]N=C1.[CH]1C=NN=N1
qmof-064173c,MUKJOT_FSR,bandgap_5.0_to_5.5eV,3,Mn,C1COCOC1
qmof-8254c0e,YAVSAQ_FSR,bandgap_5.0_to_5.5eV,2,Mn,
qmof-18fef57,AMEQOZ_FSR,bandgap_5.0_to_5.5eV,2,Cd,C1=CCCCC1.c1cc(Cn2cnnc2)ccc1Cn1cnnc1
qmof-fdc53a4,KOQLIN_FSR,bandgap_5.0_to_5.5eV,2,Cd,c1cn(Cc2ccc(Cn3ccnc3)cc2)cn1
qmof-1498f76,MASZEO_FSR,bandgap_5.0_to_5.5eV,4,Zn,c1ccccc1
qmof-4050181,BUKYAJ_FSR,bandgap_5.0_to_5.5eV,2,Li,C1COCCO1.c1ccncc1
qmof-989c153,JIRNEE_FSR,bandgap_5.0_to_5.5eV,1,Li,c1ccccc1
qmof-d0649ba,NAWXOZ_FSR,bandgap_5.0_to_5.5eV,5,Na,
qmof-d9218c8,NAWYOA_FSR,bandgap_5.0_to_5.5eV,5,Na,
qmof-3691386,BUXKUB_FSR,bandgap_5.0_to_5.5eV,5,Pb,
qmof-8666fd2,VAYDEG_FSR,bandgap_5.0_to_5.5eV,3,Li,c1ccccc1
qmof-fd3dc62,ETUBIF01_FSR,bandgap_5.0_to_5.5eV,4,Cd,c1cc(Cn2ccnc2)cc(Cn2ccnc2)c1
qmof-d51ba98,NECSAQ_FSR,bandgap_5.0_to_5.5eV,4,Zn,c1c[nH]cn1
qmof-d6c04d9,YAFGAP_FSR,bandgap_5.0_to_5.5eV,5,K,
qmof-73d7445,YAHMEA_FSR,bandgap_5.0_to_5.5eV,4,Zn,c1ccc(Cn2ccnc2)c(Cn2ccnc2)c1
qmof-beb31d6,GABDAP_FSR,bandgap_5.0_to_5.5eV,2,Ag,C1CSCCS1
qmof-837edc4,BIJMEP_FSR,bandgap_5.0_to_5.5eV,1,Zn,
qmof-e778e22,UZUMEI_FSR,bandgap_5.0_to_5.5eV,3,Ca,
qmof-0a7aaf1,DODLUE_FSR,bandgap_5.0_to_5.5eV,1,Ho,c1ccccc1
qmof-a87149e,EMOTOQ_FSR,bandgap_5.0_to_5.5eV,3,Zn,
qmof-0ae6bd2,IDUREG_FSR,bandgap_5.0_to_5.5eV,4,Rb,
qmof-f3cbf20,IDURIK_FSR,bandgap_5.0_to_5.5eV,3,K,
qmof-ec0a22b,XELTUG_FSR,bandgap_5.0_to_5.5eV,1,Cd,c1nc[nH]n1
qmof-6f3a9f6,XELVOC_FSR,bandgap_5.0_to_5.5eV,1,Ba,[CH]1N=C[N]N1.c1nc[nH]n1
qmof-14c7a9e,XEGGIA_FSR,bandgap_5.0_to_5.5eV,3,Cd,
qmof-65ff99b,MUCKIF_FSR,bandgap_5.0_to_5.5eV,4,Zn,c1ccncc1
qmof-a556c09,DISJOG_FSR,bandgap_5.0_to_5.5eV,5,Nd,
qmof-4188071,MCYSCD_FSR,bandgap_5.0_to_5.5eV,5,Cd,
qmof-40d82a8,REDSEY_FSR,bandgap_5.0_to_5.5eV,2,Pb,
qmof-71d599e,MAYWOB_FSR,bandgap_5.0_to_5.5eV,4,Cd,C1=CC23CCC1CC2C1CCCCC1CC3
qmof-5448ece,MAZNIL_FSR,bandgap_5.0_to_5.5eV,1,Cd,
qmof-6279a4d,PEKKEW_FSR,bandgap_5.0_to_5.5eV,5,K,
qmof-13fa4bc,LOPNOT_FSR,bandgap_5.0_to_5.5eV,4,Cd,c1cc(CCCCc2ccncc2)ccn1
qmof-c902643,OMOFIF_FSR,bandgap_5.0_to_5.5eV,5,K,
qmof-85fd495,VAXBUS_FSR,bandgap_5.0_to_5.5eV,5,Cd,
qmof-267cb24,GOMTAF_FSR,bandgap_5.0_to_5.5eV,3,Sn,c1ccccc1
qmof-f32d2f0,GOQXAN_FSR,bandgap_5.0_to_5.5eV,5,Cd,c1ccncc1
qmof-04a5b53,JODMIB_FSR,bandgap_5.0_to_5.5eV,2,Pb,
qmof-7369f6c,JODVEE_FSR,bandgap_5.0_to_5.5eV,4,Cd,c1cn(Cc2ccc(Cn3ccnc3)cc2)cn1
qmof-4e5eb48,TISLAJ_FSR,bandgap_5.0_to_5.5eV,3,Zn,C1=NC=N[N]1.C1=NN=C[N]1
qmof-843e83f,BUXFUW_FSR,bandgap_5.0_to_5.5eV,3,Ni,
qmof-4e4b76a,AVAWEA01_FSR,bandgap_5.0_to_5.5eV,5,Cd,c1ccccc1.c1cn(Cc2ccc(Cn3ccnc3)cc2)cn1
qmof-1be347b,RUMWEC_FSR,bandgap_5.0_to_5.5eV,2,Hg,
qmof-7981e56,RURQEB_FSR,bandgap_5.0_to_5.5eV,2,Zn,C1=NN=C[N]1.c1ccccc1
qmof-18059b1,AYECOX_FSR,bandgap_5.0_to_5.5eV,4,Cd,[CH]1N=C[N]N1CCCCn1cncn1
qmof-86b8399,KAYCEU_FSR,bandgap_5.0_to_5.5eV,3,Ca,c1ccncc1
qmof-b934547,KAYCOE_FSR,bandgap_5.0_to_5.5eV,1,Ca,c1ccncc1
qmof-5f02392,GIJJAL_FSR,bandgap_5.0_to_5.5eV,1,Li,c1c[nH]cn1
qmof-9493f53,SEJSOQ_FSR,bandgap_5.0_to_5.5eV,1,Mn,
qmof-5bf27fe,KBZILT01_FSR,bandgap_5.0_to_5.5eV,2,K,c1ccc(Cc2ccccc2)cc1
qmof-bcccc70,SEBTOJ_FSR,bandgap_5.0_to_5.5eV,2,Cd,c1cncc(-n2cnnc2)c1
qmof-e3e57da,NUPCIM_FSR,bandgap_5.0_to_5.5eV,2,Cd,[CH]1NC=CN1
qmof-2ab1c90,AYAZIK_FSR,bandgap_5.0_to_5.5eV,1,Cd,c1cn(Cc2ccc(Cn3ccnc3)cc2)cn1
qmof-482e8b2,WOKSEW_FSR,bandgap_5.0_to_5.5eV,4,Cd,c1ccncc1
qmof-20d2f37,KOMHEA_FSR,bandgap_5.0_to_5.5eV,1,Zn,C1=NN=C[N]1
qmof-3c2c204,KOMJOM_FSR,bandgap_5.0_to_5.5eV,4,K,
qmof-78518e6,KOMJUS_FSR,bandgap_5.0_to_5.5eV,5,Gd,
qmof-0ff3088,VENDAU_FSR,bandgap_5.0_to_5.5eV,1,Sn,
qmof-4260ac8,VERQEQ_FSR,bandgap_5.0_to_5.5eV,1,Pr,C1=CN=N[N]1.[CH]1C=NN=N1
qmof-8e2f26d,VERQIU_FSR,bandgap_5.0_to_5.5eV,1,Nd,C1=CN=N[N]1.[CH]1C=NN=N1
qmof-f2cd20b,VERQOA_FSR,bandgap_5.0_to_5.5eV,5,Sm,C1=CN=N[N]1.[CH]1C=NN=N1
qmof-31b35f6,ESUMOU_FSR,bandgap_5.0_to_5.5eV,2,Mn,
qmof-4fdbbf3,XUQDAP_FSR,bandgap_5.0_to_5.5eV,5,Cd,c1cn(CCOCCn2ccnc2)cn1
qmof-7973010,BEVQOJ01_FSR,bandgap_5.0_to_5.5eV,3,In,
qmof-91dacf6,BEVQOJ_FSR,bandgap_5.0_to_5.5eV,4,In,
qmof-15c314b,BEVSAY_FSR,bandgap_5.0_to_5.5eV,3,Cd,
qmof-0d451ab,BEXBUC_FSR,bandgap_5.0_to_5.5eV,5,Cd,[CH]1N=C[N]N1Cc1ccc(Cn2cncn2)cc1
qmof-47e87b6,PEWJEJ_FSR,bandgap_5.0_to_5.5eV,2,Li,C1COCCO1
qmof-c26f09c,MOXKUG_FSR,bandgap_5.0_to_5.5eV,1,Li,
qmof-6469d8b,NUTJIW_FSR,bandgap_5.0_to_5.5eV,4,Tb,
qmof-bedaaa6,NUHDUQ01_FSR,bandgap_5.0_to_5.5eV,3,Ag,
qmof-814e710,FARKOA01_FSR,bandgap_5.0_to_5.5eV,3,Zn,c1cc(Cn2ccnn2)ccn1
qmof-9cc5266,FARKOA_FSR,bandgap_5.0_to_5.5eV,1,Zn,c1cc(Cn2ccnn2)ccn1
qmof-9cb338e,DEKLEL_FSR,bandgap_5.0_to_5.5eV,2,La,c1ccccc1
qmof-abc5977,DEKPAL_FSR,bandgap_5.0_to_5.5eV,5,Ga,
qmof-2c240b6,MNGLUD_FSR,bandgap_5.0_to_5.5eV,5,Mn,
qmof-eeec9eb,MOCHES_FSR,bandgap_5.0_to_5.5eV,2,Pr,
qmof-6517b93,MOCHIW_FSR,bandgap_5.0_to_5.5eV,5,Nd,
qmof-bf5c084,MOCHUI_FSR,bandgap_5.0_to_5.5eV,4,Gd,
qmof-0158018,XEPJEI_FSR,bandgap_5.0_to_5.5eV,1,Zn,c1ccncc1
qmof-fbdfba6,AYILUQ_FSR,bandgap_5.0_to_5.5eV,1,Zn,
qmof-8f052bd,MOVDUW_FSR,bandgap_5.0_to_5.5eV,2,Cd,
qmof-637d863,MOWLUG_FSR,bandgap_5.0_to_5.5eV,4,Ti,
qmof-621eca8,MOXFUB_FSR,bandgap_5.0_to_5.5eV,4,Zn,
qmof-9685c13,XURFUL_FSR,bandgap_5.0_to_5.5eV,2,Zn,C1CNCCN1
qmof-8693a64,XUHKIW_FSR,bandgap_5.0_to_5.5eV,2,Co,
qmof-8d1aa73,LAJXEB_FSR,bandgap_5.0_to_5.5eV,4,Gd,C1=CN=N[N]1.[CH]1C=NN=N1
qmof-dbfd491,LAJXIF_FSR,bandgap_5.0_to_5.5eV,2,Ho,C1=CN=N[N]1.C1=N[N]N=C1.[CH]1C=NN=N1
qmof-06f3c88,LAJXOL_FSR,bandgap_5.0_to_5.5eV,2,Lu,C1=CN=N[N]1.C1=N[N]N=C1.[CH]1C=NN=N1
qmof-3400eb7,WOCGAY_FSR,bandgap_5.0_to_5.5eV,2,Cs,c1ccccc1
qmof-bb912e7,WODRAK_FSR,bandgap_5.0_to_5.5eV,1,Dy,
qmof-c10e296,WIVJUG_FSR,bandgap_5.0_to_5.5eV,3,Zn,
qmof-ec121f4,WOBFIE_FSR,bandgap_5.0_to_5.5eV,3,Zn,
qmof-994262e,WOBZOE_FSR,bandgap_5.0_to_5.5eV,1,Pb,
qmof-54c5b1e,PUNBEG_FSR,bandgap_5.0_to_5.5eV,3,Ho,
qmof-182673b,QQQDSD01_FSR,bandgap_5.0_to_5.5eV,2,Rb,
qmof-58c45b1,QQQFJS01_FSR,bandgap_5.0_to_5.5eV,1,Tm,
qmof-232bc23,EBOMIT_FSR,bandgap_5.0_to_5.5eV,4,Zn,c1ccccc1
qmof-209afa7,BESQEX_FSR,bandgap_5.0_to_5.5eV,1,Cd,c1ccc(-n2cnnc2)cc1
qmof-d549d54,VEPNEJ_FSR,bandgap_5.0_to_5.5eV,1,Cd,c1ccccc1
qmof-783f7b2,VERPUF_FSR,bandgap_5.0_to_5.5eV,4,La,C1=CN=N[N]1.[CH]1C=NN=N1
qmof-a13b727,OKUWUO01_FSR,bandgap_5.0_to_5.5eV,2,Zn,[CH]1N=C[N]N1
qmof-a17655f,FELXEA_FSR,bandgap_5.0_to_5.5eV,3,Zn,
qmof-f48e20f,HAMKOW_FSR,bandgap_5.0_to_5.5eV,2,Cd,c1ccccc1
qmof-d5af4d6,TEYNER_FSR,bandgap_5.0_to_5.5eV,1,Tb,
qmof-1f296b4,JOLSEK_FSR,bandgap_5.0_to_5.5eV,1,Cd,O=[PH](c1ccccc1)c1ccccc1
qmof-e8a0478,CADZOY_FSR,bandgap_5.0_to_5.5eV,2,Sr,
qmof-06381fc,TEKDUI01_FSR,bandgap_5.0_to_5.5eV,2,Mn,
qmof-0ca2c74,OKIPAA_FSR,bandgap_5.0_to_5.5eV,5,Rb,C1=CC2CCC1CC2
qmof-6266526,LAJYAY_FSR,bandgap_5.0_to_5.5eV,5,Tm,C1=CN=N[N]1.C1=N[N]N=C1.[CH]1C=NN=N1
qmof-f2f8255,LAJYEC_FSR,bandgap_5.0_to_5.5eV,1,Yb,C1=CN=N[N]1.[CH]1C=NN=N1
qmof-2cd5ebd,QQQAZD01_FSR,bandgap_5.0_to_5.5eV,3,Zn,
qmof-e909fb2,QQQBOD04_FSR,bandgap_5.0_to_5.5eV,4,Zn,
qmof-e28114e,IKOLOJ_FSR,bandgap_5.0_to_5.5eV,3,Ca,O=C1NC2CCC1NC2=O
qmof-5c584aa,BABQUS_FSR,bandgap_5.0_to_5.5eV,1,Zn,O=P12CN3CN(CN(C3)C1)C2
qmof-99ac7ac,OBAWOG_FSR,bandgap_5.0_to_5.5eV,4,Zn,c1ccccc1
qmof-0006638,OBIVIG_FSR,bandgap_5.0_to_5.5eV,4,Cd,c1ccccc1
qmof-baa1c34,NUVCUD_FSR,bandgap_5.0_to_5.5eV,4,La,[CH]1C=NN=N1
qmof-a65c7e9,NUVDIS_FSR,bandgap_5.0_to_5.5eV,5,Nd,C1=CN=N[N]1.[CH]1C=NN=N1
qmof-a38c2fe,NUVDOY_FSR,bandgap_5.0_to_5.5eV,4,Sm,C1=CN=N[N]1.[CH]1C=NN=N1
qmof-7af31f9,NUVFAM_FSR,bandgap_5.0_to_5.5eV,2,Gd,C1=CN=N[N]1
qmof-b5a0ed9,LAWPUU_FSR,bandgap_5.0_to_5.5eV,2,Pb,
qmof-284b0e8,LASWEH_FSR,bandgap_5.0_to_5.5eV,4,Ag,
qmof-1254924,LASXAG_FSR,bandgap_5.0_to_5.5eV,4,Cd,c1c[nH]cn1
qmof-6060b72,CISLIB_FSR,bandgap_5.0_to_5.5eV,2,Na,
qmof-0b43927,GIKPEW_FSR,bandgap_5.0_to_5.5eV,3,Mn,
qmof-7e025a1,GIMHEQ_FSR,bandgap_5.0_to_5.5eV,2,Nd,
qmof-1863adb,KATPUQ01_FSR,bandgap_5.0_to_5.5eV,5,Ti,
qmof-ed8ee1f,GOKKUO_FSR,bandgap_5.0_to_5.5eV,2,Ba,
qmof-9bfa4a2,MOXGOW_FSR,bandgap_5.0_to_5.5eV,4,Zn,
qmof-0b8f2da,EQUHAZ_FSR,bandgap_5.0_to_5.5eV,5,Cd,c1nnc[nH]1
qmof-ca3f908,EREREZ_FSR,bandgap_5.0_to_5.5eV,2,Na,
qmof-5350baf,GAWHAP_FSR,bandgap_5.0_to_5.5eV,5,K,O=C1[CH]C(=O)NC(=O)N1
qmof-f73a457,LAJWUQ_FSR,bandgap_5.0_to_5.5eV,1,Dy,C1=CN=N[N]1.C1=N[N]N=C1.[CH]1C=NN=N1
qmof-5aba466,LAJXAX_FSR,bandgap_5.0_to_5.5eV,4,Er,C1=CN=N[N]1.C1=N[N]N=C1.[CH]1C=NN=N1
qmof-86a60b4,VEWHIQ_FSR,bandgap_5.0_to_5.5eV,4,Zn,
qmof-eaef6dd,BERBEI_FSR,bandgap_5.0_to_5.5eV,4,Tb,
qmof-77dada2,PEVZAS_FSR,bandgap_5.0_to_5.5eV,5,Cd,C1=CC2CCC1C2
qmof-a1f63f6,TASUCM11_FSR,bandgap_5.0_to_5.5eV,4,Mn,
qmof-98d669a,CALOXM14_FSR,bandgap_5.0_to_5.5eV,5,Ca,
qmof-5682b27,REVGAB_FSR,bandgap_5.0_to_5.5eV,4,Cd,
qmof-3dc9ab6,XORVIL01_FSR,bandgap_5.0_to_5.5eV,1,Cd,
qmof-4d83d6f,XOTSOP01_FSR,bandgap_5.0_to_5.5eV,2,Ni,[CH]1N=C[N]N1
qmof-4f885c8,IQUNAJ_FSR,bandgap_5.0_to_5.5eV,5,K,
qmof-1b71fff,OKUWOI_FSR,bandgap_5.0_to_5.5eV,5,Zn,[CH]1N=C[N]N1
qmof-bc986a5,DISJIA_FSR,bandgap_5.0_to_5.5eV,4,Sm,
qmof-739cca6,SEYFAD01_FSR,bandgap_5.0_to_5.5eV,3,Cd,
qmof-f364496,SEYFAD02_FSR,bandgap_5.0_to_5.5eV,3,Cd,
qmof-30356d7,SEYVAU01_FSR,bandgap_5.0_to_5.5eV,5,Ag,c1c[nH]cn1
qmof-151448f,NIRDAU_FSR,bandgap_5.0_to_5.5eV,2,Cd,c1cn(CCCCn2ccnc2)cn1
qmof-0eba9d1,ASUCAS_FSR,bandgap_5.0_to_5.5eV,5,Li,c1ccncc1
qmof-ef0f23e,XICDAQ_FSR,bandgap_5.0_to_5.5eV,5,Cd,[CH]1N=C[N]N1Cc1ccccc1Cn1cncn1.c1ccc(Cn2cncn2)c(Cn2cncn2)c1
qmof-7f8c48f,NIXDIH_FSR,bandgap_5.0_to_5.5eV,1,Zn,c1ccccc1
qmof-21fb774,XUHSOI_FSR,bandgap_5.0_to_5.5eV,1,Cd,C1N2CN3CN1CN(C2)C3
qmof-ddd0056,HIQHOF_FSR,bandgap_5.0_to_5.5eV,5,Zn,[CH]1N=C[N]N1CCCCN1[CH]N=C[N]1
qmof-0baeff6,ANOPID_FSR,bandgap_5.0_to_5.5eV,3,Mg,
qmof-6f5ab21,OKOJOP_FSR,bandgap_5.0_to_5.5eV,4,Na,
qmof-c8da207,ECUSOM_FSR,bandgap_5.0_to_5.5eV,3,Sn,
qmof-d8a722f,MEGZOQ_FSR,bandgap_5.0_to_5.5eV,5,Cd,
qmof-d80b118,MEHFUD_FSR,bandgap_5.0_to_5.5eV,4,Pt,
qmof-9facb2e,VOHSIU_FSR,bandgap_5.0_to_5.5eV,5,Cs,
qmof-7bca5df,BENHEJ_FSR,bandgap_5.0_to_5.5eV,3,Zn,c1ccc(CN2CCOCCN(Cc3ccccc3)CCOCC2)cc1
qmof-509bb90,LOHWEK_FSR,bandgap_5.0_to_5.5eV,3,Cd,
qmof-fd25727,JORTIT_FSR,bandgap_5.0_to_5.5eV,4,Sn,
qmof-8870d8c,OHALAL_FSR,bandgap_5.0_to_5.5eV,4,Zn,
qmof-83bc42a,NENMAV_FSR,bandgap_5.0_to_5.5eV,2,Sn,
qmof-78a11f4,VIWNEV01_FSR,bandgap_5.0_to_5.5eV,4,Sr,c1ccncc1
qmof-bd08a72,VIWTUR_FSR,bandgap_5.0_to_5.5eV,1,Mn,
qmof-ad75812,DIRXIO_FSR,bandgap_5.0_to_5.5eV,5,Ca,O=C1[N]N=NN1
qmof-9e8906f,XEVMUG01_FSR,bandgap_5.0_to_5.5eV,5,Ba,
qmof-b34063b,QISJIN_FSR,bandgap_5.0_to_5.5eV,1,Cd,c1cn(CCn2ccnc2)cn1
qmof-809d541,QILFUO_FSR,bandgap_5.0_to_5.5eV,2,Zn,c1ccccc1
qmof-9c7eeb1,QILWEN_FSR,bandgap_5.0_to_5.5eV,2,Pb,
qmof-5766bbc,DAPKAI_FSR,bandgap_5.0_to_5.5eV,3,Ag,
qmof-c8cc2d5,QIXPUJ_FSR,bandgap_5.0_to_5.5eV,3,Cd,c1ccncc1
qmof-eb94d2d,IMEFOW_FSR,bandgap_5.0_to_5.5eV,5,Cd,
qmof-235700c,WIHCUM_FSR,bandgap_5.0_to_5.5eV,2,Na,
qmof-7fc2a3c,HECKAE_FSR,bandgap_5.0_to_5.5eV,4,Cd,
qmof-cd4a060,HEDWEV_FSR,bandgap_5.0_to_5.5eV,5,Zn,
qmof-ae1b6bd,HEFQOB_FSR,bandgap_5.0_to_5.5eV,2,Na,c1ccccc1
qmof-177f29a,MILKUN01_FSR,bandgap_5.0_to_5.5eV,3,Ca,c1ccccc1
qmof-1b02e29,JORDEB_FSR,bandgap_5.0_to_5.5eV,5,Gd,c1ccncc1
qmof-c674a2d,OGAVIB_FSR,bandgap_5.0_to_5.5eV,2,Ag,C1CNCCN1
qmof-ea8c58f,HUZJUI_FSR,bandgap_5.0_to_5.5eV,4,In,
qmof-13a3ac6,RICHER_FSR,bandgap_5.0_to_5.5eV,1,Pb,C1CCCCC1
qmof-ce16907,RIDBIR_FSR,bandgap_5.0_to_5.5eV,3,Zn,c1cn(CCCCn2ccnc2)cn1
qmof-ec58109,RIDBOX_FSR,bandgap_5.0_to_5.5eV,5,Zn,c1cn(CCCCn2ccnc2)cn1
qmof-a3fe9b5,MEVDID_FSR,bandgap_5.0_to_5.5eV,5,Sn,c1ccc(Cc2ccccc2)cc1
qmof-788acd1,BEMLAI_FSR,bandgap_5.0_to_5.5eV,2,Li,c1ccccc1
qmof-cabb2ed,FITDEU_FSR,bandgap_5.0_to_5.5eV,1,Zn,
qmof-20b1e21,DILGIP_FSR,bandgap_5.0_to_5.5eV,3,Ag,c1c[nH]cn1
qmof-ae0a299,DINDUZ_FSR,bandgap_5.0_to_5.5eV,5,Pb,
qmof-cfb9f4b,PEYYAT02_FSR,bandgap_5.0_to_5.5eV,1,Ca,c1ccccc1
qmof-0138fe3,FITFOG_FSR,bandgap_5.0_to_5.5eV,4,Zn,
qmof-8357e7d,TAHVOQ_FSR,bandgap_5.0_to_5.5eV,5,Pb,
qmof-79d0163,IQIJEZ_FSR,bandgap_5.0_to_5.5eV,2,Cd,c1ccccc1
qmof-01d519e,OJALAO_FSR,bandgap_5.0_to_5.5eV,1,Zn,c1ccc(CCNCc2ccccc2)cc1
qmof-5b2a0f0,TANVUZ_FSR,bandgap_5.0_to_5.5eV,3,Ca,
qmof-2630bb5,ROJPOV_FSR,bandgap_5.0_to_5.5eV,1,Cd,
qmof-8bf1ad2,ROJQAK_FSR,bandgap_5.0_to_5.5eV,4,Nd,c1ccccc1
qmof-8f56928,XEVMAM_FSR,bandgap_5.0_to_5.5eV,5,Ca,
qmof-7144491,WIKMAH_FSR,bandgap_5.0_to_5.5eV,4,Na,O=C1[N]N=NN1
qmof-37f0bc6,WEYDEM_FSR,bandgap_5.0_to_5.5eV,4,Cd,C1=NN=C[N]1
qmof-22e7468,BAHOXH13_FSR,bandgap_5.0_to_5.5eV,3,Ba,
qmof-7425c11,NIKRUW_FSR,bandgap_5.0_to_5.5eV,3,Cs,
qmof-7a72222,XILSOC_FSR,bandgap_5.0_to_5.5eV,3,Cd,c1ccccc1
qmof-9c02f4e,XIPTAS_FSR,bandgap_5.0_to_5.5eV,1,Sm,c1ccncc1
qmof-ec92eef,VUMQEA_FSR,bandgap_5.0_to_5.5eV,5,Zn,C1=NN=C(n2cnnc2)[N]1
qmof-4c590f1,VORBUA_FSR,bandgap_5.0_to_5.5eV,3,La,
qmof-50d8de5,OHESEB_FSR,bandgap_5.0_to_5.5eV,3,Cd,
qmof-b128f29,EDUHAP_FSR,bandgap_5.0_to_5.5eV,3,Ag,
qmof-65e795e,DIJZUS01_FSR,bandgap_5.0_to_5.5eV,2,Zn,
qmof-0526948,DIKRUL_FSR,bandgap_5.0_to_5.5eV,1,K,
qmof-251851e,PIGXIN_FSR,bandgap_5.0_to_5.5eV,3,Zn,C1=NN=N[N]1
qmof-4d13400,CAVTIE_FSR,bandgap_5.0_to_5.5eV,5,Ca,
qmof-b3fea0d,CAVTOK_FSR,bandgap_5.0_to_5.5eV,3,Sr,[CH]1C=NC=N1
qmof-c4cca42,CAVXOP_FSR,bandgap_5.0_to_5.5eV,5,Zn,
qmof-dee0a1f,BEFREL_FSR,bandgap_5.0_to_5.5eV,1,Tb,
qmof-5517ab7,BEFRIP_FSR,bandgap_5.0_to_5.5eV,3,Sm,
qmof-6ef199f,TAHJIW_FSR,bandgap_5.0_to_5.5eV,1,Zn,
qmof-58bd82c,JUSHUC_FSR,bandgap_5.0_to_5.5eV,2,Zn,C1=NN=C[N]1
qmof-f2c3a63,GOFNEV_FSR,bandgap_5.0_to_5.5eV,4,Cd,C1=NN=C(n2cnnc2)[N]1
qmof-ac29f9c,DIGTEU_FSR,bandgap_5.0_to_5.5eV,5,Ba,O=C1CNC(=O)CN1
qmof-d4093bf,TAKSAZ_FSR,bandgap_5.0_to_5.5eV,2,Tl,
qmof-25e06cf,WAGXAD01_FSR,bandgap_5.0_to_5.5eV,3,Li,
qmof-6b7c621,BEMLEM_FSR,bandgap_5.0_to_5.5eV,5,Cs,c1ccccc1.c1ccccc1
qmof-8643335,WETBAB01_FSR,bandgap_5.0_to_5.5eV,5,Pb,
qmof-8b93713,WEWFAI_FSR,bandgap_5.0_to_5.5eV,3,Cd,
qmof-324b117,ODEWEA_FSR,bandgap_5.0_to_5.5eV,3,Pb,
qmof-56439ce,PUHNAI01_FSR,bandgap_5.0_to_5.5eV,1,Cd,c1ccncc1
qmof-ba8f8c6,LIKKAT_FSR,bandgap_5.0_to_5.5eV,4,K,
qmof-918ee50,SIXZIJ_FSR,bandgap_5.0_to_5.5eV,4,Cd,c1cc(Cn2cncn2)cc(Cn2cncn2)c1
qmof-70ccc93,SIXZOP_FSR,bandgap_5.0_to_5.5eV,4,Cd,c1cc(Cn2cncn2)cc(Cn2cncn2)c1
qmof-9aae61a,CLIMCD_FSR,bandgap_5.0_to_5.5eV,1,Cd,
qmof-8535569,BEDWEN_FSR,bandgap_5.0_to_5.5eV,5,Sn,C1CCNC1
qmof-904fd21,VUZTUF01_FSR,bandgap_5.0_to_5.5eV,2,Sr,c1ccccc1
qmof-53ec30e,HAYPEC_FSR,bandgap_5.0_to_5.5eV,4,Bi,
qmof-99f53a9,IPAMER_FSR,bandgap_5.0_to_5.5eV,2,Pb,
qmof-259af4b,OGALAK01_FSR,bandgap_5.0_to_5.5eV,3,K,
qmof-59b517c,OGANAN_FSR,bandgap_5.0_to_5.5eV,2,Ni,
qmof-13da5e7,RIGMIF_FSR,bandgap_5.0_to_5.5eV,5,Cd,
qmof-031685e,KOBBOS_FSR,bandgap_5.0_to_5.5eV,1,Na,
qmof-965eff6,MEYJIL_FSR,bandgap_5.0_to_5.5eV,3,Cd,
qmof-9cc3331,FEBRIP_FSR,bandgap_5.0_to_5.5eV,3,Na,c1nc[nH]n1
qmof-30cd2b2,TACZUV_FSR,bandgap_5.0_to_5.5eV,5,Pb,
qmof-2c3d85b,FEFPAJ_FSR,bandgap_5.0_to_5.5eV,3,Mn,
qmof-5f0b53c,EGOXAA_FSR,bandgap_5.0_to_5.5eV,5,Sm,
qmof-485c8c2,BEFQOU_FSR,bandgap_5.0_to_5.5eV,5,Pr,
qmof-7f3a923,BEFQUA_FSR,bandgap_5.0_to_5.5eV,5,Nd,
qmof-a6dc226,ROFNAE_FSR,bandgap_5.0_to_5.5eV,4,Zn,
qmof-f7ddf20,GEKJAK_FSR,bandgap_5.0_to_5.5eV,1,Gd,c1ccccc1
qmof-e3e5ec8,ICOMOC_FSR,bandgap_5.0_to_5.5eV,1,Rb,O=S1(=O)[N]S(=O)(=O)c2ccccc21
qmof-0134889,DALXAS_FSR,bandgap_5.0_to_5.5eV,4,Pb,
qmof-0ef4ccf,KIPCAQ_FSR,bandgap_5.0_to_5.5eV,2,K,
qmof-0412385,BAMXUL_FSR,bandgap_5.0_to_5.5eV,1,Ag,
qmof-065e982,INASOF_FSR,bandgap_5.0_to_5.5eV,2,Nd,
qmof-c5d75d5,BAOXAL02_FSR,bandgap_5.0_to_5.5eV,1,Ba,
qmof-74f41a5,GOBPES_FSR,bandgap_5.0_to_5.5eV,5,In,
qmof-0a61a8e,SUSWEJ01_FSR,bandgap_5.0_to_5.5eV,4,Pb,
qmof-67fdce2,LIRPUZ_FSR,bandgap_5.0_to_5.5eV,5,Mo,
qmof-68f63a9,XOBGOK_FSR,bandgap_5.0_to_5.5eV,3,Tl,
qmof-849d7dc,HXTPSN01_FSR,bandgap_5.0_to_5.5eV,4,Sn,
qmof-75587b4,QOXFUE_FSR,bandgap_5.0_to_5.5eV,1,Zn,c1ccccc1
qmof-62c3d21,GAXPOM_FSR,bandgap_5.0_to_5.5eV,3,Cd,c1ccccc1.c1cn(CCCCCCn2ccnc2)cn1
qmof-6cb09f0,GAXQAZ_FSR,bandgap_5.0_to_5.5eV,3,Zn,c1ccccc1.c1cn(CCCCn2ccnc2)cn1
qmof-6cce137,WAKCUJ_FSR,bandgap_5.0_to_5.5eV,4,Ca,C(Cc1nnn[nH]1)c1nnn[nH]1
qmof-56e00d6,WANQEH_FSR,bandgap_5.0_to_5.5eV,4,Y,
qmof-d2eac4d,DIDKAC01_FSR,bandgap_5.0_to_5.5eV,4,Cd,
qmof-ecbc8f8,PIKZAN_FSR,bandgap_5.0_to_5.5eV,5,Na,c1ccccc1
qmof-320fb46,PINFAW_FSR,bandgap_5.0_to_5.5eV,3,Ca,
qmof-31ff996,CDMALD_FSR,bandgap_5.0_to_5.5eV,5,Cd,
qmof-e8df2d4,WELNEH_FSR,bandgap_5.0_to_5.5eV,3,Mn,
qmof-58c93b3,INOXUE_FSR,bandgap_5.0_to_5.5eV,4,Cd,
qmof-149aeaf,BASQUI_FSR,bandgap_5.0_to_5.5eV,2,Cd,
qmof-2799dff,WAQYIW_FSR,bandgap_5.0_to_5.5eV,3,Cs,c1ccccc1
qmof-fac7320,IPANAP_FSR,bandgap_5.0_to_5.5eV,5,Cd,C1CNCCN1.c1ccccc1
qmof-54f3ddb,IPANIX_FSR,bandgap_5.0_to_5.5eV,4,Pr,c1ccccc1
qmof-6abc890,BAYQAU03_FSR,bandgap_5.0_to_5.5eV,1,Cd,C1=CN=C[N]1.[CH]1C=NC=N1
qmof-d64dd12,SOGSAJ01_FSR,bandgap_5.0_to_5.5eV,4,K,c1c[nH]nn1
qmof-97b8ee9,WEXCAF_FSR,bandgap_5.0_to_5.5eV,5,Sr,
qmof-3503fd0,SOTMUK02_FSR,bandgap_5.0_to_5.5eV,2,Ag,
qmof-7a9c4b8,LARFIW_FSR,bandgap_5.0_to_5.5eV,5,Zn,[CH]1[N]CCN1CCCCCCN1[CH][N]CC1
qmof-77a1d56,SUDNIQ_FSR,bandgap_5.0_to_5.5eV,3,Pb,
qmof-efc1075,HEBKEG_FSR,bandgap_5.0_to_5.5eV,1,Cd,
qmof-a99aeba,WAZCAB_FSR,bandgap_5.0_to_5.5eV,1,Cd,
qmof-1646be5,CIXKEZ02_FSR,bandgap_5.0_to_5.5eV,4,Ni,
qmof-e68f2b2,NIFORM01_FSR,bandgap_5.0_to_5.5eV,1,Ni,
qmof-235d3c3,NEXRAM_FSR,bandgap_5.0_to_5.5eV,4,Ca,c1ccccc1
qmof-2b4c687,ICOMIW_FSR,bandgap_5.0_to_5.5eV,4,K,O=S1(=O)[N]S(=O)(=O)c2ccccc21
qmof-6ff64b6,AQOWIN_FSR,bandgap_5.0_to_5.5eV,3,Zn,c1ccccc1
qmof-b97fe67,DADLOL_FSR,bandgap_5.0_to_5.5eV,4,Zn,
qmof-c30b37f,DADMEB01_FSR,bandgap_5.0_to_5.5eV,2,Zn,
qmof-1150e7f,DAFNEG_FSR,bandgap_5.0_to_5.5eV,4,Gd,
qmof-0470d6b,DAFNIK_FSR,bandgap_5.0_to_5.5eV,1,Gd,
qmof-fbc4c36,RIFTOQ_FSR,bandgap_5.0_to_5.5eV,4,Cd,c1ccccc1
qmof-e3dcc4d,OFERUN03_FSR,bandgap_5.0_to_5.5eV,2,Zn,C1=CN=C[N]1.[CH]1C=NC=N1
qmof-017128d,OFERUN04_FSR,bandgap_5.0_to_5.5eV,1,Zn,C1=CN=C[N]1.[CH]1C=NC=N1
qmof-6d2f6ac,POMSIV_FSR,bandgap_5.0_to_5.5eV,2,Ca,O=C1CCCN1.c1ccccc1
qmof-708e4d8,LIHSEB_FSR,bandgap_5.0_to_5.5eV,4,Cd,
qmof-ea6c0f9,ROGSUC_FSR,bandgap_5.0_to_5.5eV,2,Na,C1CSCCS1
qmof-db19c6b,NIRCAT_FSR,bandgap_5.0_to_5.5eV,1,Cd,c1cn(CCCCn2ccnc2)cn1
qmof-3b6652e,ASALIP_FSR,bandgap_5.0_to_5.5eV,2,Zn,c1ccncc1
qmof-86ab3d5,AROBAK_FSR,bandgap_5.0_to_5.5eV,1,Zn,
qmof-455307c,SOQVIF_FSR,bandgap_5.0_to_5.5eV,3,Gd,
qmof-90232dc,PODTUY_FSR,bandgap_5.0_to_5.5eV,1,Cd,
qmof-7050bc7,PODZOY_FSR,bandgap_5.0_to_5.5eV,4,Zn,c1nc[nH]n1
qmof-a6675c1,MIBQAP_FSR,bandgap_5.0_to_5.5eV,3,Li,
qmof-391a076,IDAZEU_FSR,bandgap_5.0_to_5.5eV,2,K,
qmof-e94ef3c,MOLLIK_FSR,bandgap_5.0_to_5.5eV,1,Zn,c1cn(Cc2ccc(Cn3ccnc3)cc2)cn1
qmof-7c66e3b,QOGXIU_FSR,bandgap_5.0_to_5.5eV,3,Cd,c1ccc(Cn2ccnc2)c(Cn2ccnc2)c1
qmof-028a878,RISNUD_FSR,bandgap_5.0_to_5.5eV,3,Cd,
qmof-b586c9e,GEHQIU_FSR,bandgap_5.0_to_5.5eV,3,Zn,c1cc(CCCc2ccncc2)ccn1
qmof-7473900,QOHJON_FSR,bandgap_5.0_to_5.5eV,4,Zn,c1cn(CCCCCCn2ccnc2)cn1
qmof-6dd93a8,YITVOO_FSR,bandgap_5.0_to_5.5eV,1,Cd,c1ccsc1.c1cn(CCCCn2ccnc2)cn1
qmof-bfa2fbe,YIXBAK_FSR,bandgap_5.0_to_5.5eV,1,Zn,
qmof-4cff130,YIQMOA_FSR,bandgap_5.0_to_5.5eV,5,Na,O=S1(=O)[N]S(=O)(=O)c2ccccc21
qmof-6519b1b,LEPPED_FSR,bandgap_5.0_to_5.5eV,2,Rb,
qmof-102b244,SAJSAY_FSR,bandgap_5.0_to_5.5eV,2,Mn,
qmof-6178f49,DAYTAB_FSR,bandgap_5.0_to_5.5eV,4,Cd,
qmof-bd1c996,XAPJIJ_FSR,bandgap_5.0_to_5.5eV,1,Ba,
qmof-390b161,UKOYID_FSR,bandgap_5.0_to_5.5eV,4,Cd,C1=NN=N[N]1
qmof-4084077,UJIDIA_FSR,bandgap_5.0_to_5.5eV,1,Li,
qmof-fd4212d,JARFEO_FSR,bandgap_5.0_to_5.5eV,3,Zn,
qmof-509fede,PAHTOI_FSR,bandgap_5.0_to_5.5eV,4,Zn,
qmof-e8f3744,UCUJOS_FSR,bandgap_5.0_to_5.5eV,2,Zn,[CH]1N=C[N]N1CC(Cn1cnnc1)c1ccccc1
qmof-361e7d5,BORNAY_FSR,bandgap_5.0_to_5.5eV,1,Li,
qmof-70589ac,DOQHOH_FSR,bandgap_5.0_to_5.5eV,4,Sm,
qmof-3b5b6a1,MAJDEI_FSR,bandgap_5.0_to_5.5eV,5,Ag,
qmof-5fe665d,MAKXON_FSR,bandgap_5.0_to_5.5eV,2,Cd,
qmof-0234a03,HIZJIK_FSR,bandgap_5.0_to_5.5eV,1,Na,c1ccccc1
qmof-006948c,BOVGOK_FSR,bandgap_5.0_to_5.5eV,3,Ni,
qmof-8b5797b,LUWYEI_FSR,bandgap_5.0_to_5.5eV,3,Cd,c1ccccc1
qmof-118a864,JEBJUY_FSR,bandgap_5.0_to_5.5eV,1,Na,O=C1[N]N=NN1
qmof-a1cd150,JEBLIM_FSR,bandgap_5.0_to_5.5eV,5,Na,c1ccccc1.c1ccccc1
qmof-1dad226,UGASAX_FSR,bandgap_5.0_to_5.5eV,3,Cd,c1ccc(CC2=NN=N[N]2)nc1
qmof-41e78d0,UGELAT_FSR,bandgap_5.0_to_5.5eV,5,Ag,
qmof-020dd5c,EXOSEQ_FSR,bandgap_5.0_to_5.5eV,1,Sr,c1nnn[nH]1
qmof-a13f65c,EYABEN_FSR,bandgap_5.0_to_5.5eV,1,Sn,c1ccccc1
qmof-6660b5e,QUVDOC_FSR,bandgap_5.0_to_5.5eV,4,Zn,c1cc(Cn2ccnc2)cc(Cn2ccnc2)c1
qmof-0190167,KUYQEB_FSR,bandgap_5.0_to_5.5eV,2,Na,
qmof-48ff125,JEBKEJ_FSR,bandgap_5.0_to_5.5eV,4,K,O=C1[N]N=NN1
qmof-28949da,KUQYIF_FSR,bandgap_5.5_to_6.0eV,4,Na,[CH]1NC=CN1.[CH]1NC=CN1.[CH]1NC=CN1
qmof-1b305ca,CUMJEB_FSR,bandgap_5.5_to_6.0eV,5,Cd,
qmof-3076706,UFOCID_FSR,bandgap_5.5_to_6.0eV,4,Y,
qmof-ee19259,UGAFIR01_FSR,bandgap_5.5_to_6.0eV,2,Ni,
qmof-8c434be,UFOGAZ_FSR,bandgap_5.5_to_6.0eV,1,Dy,
qmof-617f5a1,GUJTUB_FSR,bandgap_5.5_to_6.0eV,3,Hg,
qmof-f057986,AFAVUA_FSR,bandgap_5.5_to_6.0eV,1,Cd,
qmof-40cbe6f,UFOCUP_FSR,bandgap_5.5_to_6.0eV,5,Tb,
qmof-3151dac,UFODAW_FSR,bandgap_5.5_to_6.0eV,5,Sm,
qmof-508f964,UFODUQ_FSR,bandgap_5.5_to_6.0eV,4,Lu,
qmof-aebe28e,UFOFEC_FSR,bandgap_5.5_to_6.0eV,2,Ho,
qmof-f78bdeb,UFOFIG_FSR,bandgap_5.5_to_6.0eV,2,Gd,
qmof-e0ec160,IFUGEX_FSR,bandgap_5.5_to_6.0eV,1,Ca,
qmof-d51ae11,XAFYEK_FSR,bandgap_5.5_to_6.0eV,3,Ho,O=C1CNC(=O)CN1
qmof-ac6419f,POJQEL_FSR,bandgap_5.5_to_6.0eV,1,Ca,C1=CCCCC1
qmof-5c17b15,DERJIT_FSR,bandgap_5.5_to_6.0eV,3,Na,C1=CCOC(C2OCC=CCO2)OC1
qmof-ee3611d,SOHZEW_FSR,bandgap_5.5_to_6.0eV,2,Cu,
qmof-00a191a,QITYOI_FSR,bandgap_5.5_to_6.0eV,4,Pr,
qmof-d126681,QIVMOX_FSR,bandgap_5.5_to_6.0eV,2,Zn,
qmof-8a7ef33,FUJRIM_FSR,bandgap_5.5_to_6.0eV,1,Cd,c1c[nH]cn1
qmof-f2d2091,SUMYOQ_FSR,bandgap_5.5_to_6.0eV,2,Pb,
qmof-b8e36f9,KAHMIR_FSR,bandgap_5.5_to_6.0eV,2,Organic_Only,C1C2CC3CC1CC(C2)C3
qmof-05dd4c4,FAYXEJ02_FSR,bandgap_5.5_to_6.0eV,2,Ni,
qmof-e05ace4,XIFXUG_FSR,bandgap_5.5_to_6.0eV,2,Mg,
qmof-5afef8e,XIGFEY_FSR,bandgap_5.5_to_6.0eV,1,Zn,
qmof-7a1656c,PONSEQ_FSR,bandgap_5.5_to_6.0eV,4,La,
qmof-b8d8d2d,ICAMOR_FSR,bandgap_5.5_to_6.0eV,3,Zn,C1=NN=N[N]1
qmof-db2d084,NIJZIQ_FSR,bandgap_5.5_to_6.0eV,3,Cd,c1ncn(CCn2cncn2)n1
qmof-6a1242b,DAGGUP_FSR,bandgap_5.5_to_6.0eV,5,Ba,C1CCOC1
qmof-8492159,MEYFEB_FSR,bandgap_5.5_to_6.0eV,2,Cd,
qmof-126e41c,EHETER01_FSR,bandgap_5.5_to_6.0eV,4,Zn,C1=CN=C[N]1
qmof-a6d1765,EHETER_FSR,bandgap_5.5_to_6.0eV,1,Zn,C1=CN=C[N]1.[CH]1C=NC=N1
qmof-dda6765,XISROJ_FSR,bandgap_5.5_to_6.0eV,3,Y,
qmof-9865ee9,DAFKIH_FSR,bandgap_5.5_to_6.0eV,1,Gd,
qmof-8236b17,EQUGUS_FSR,bandgap_5.5_to_6.0eV,5,Cd,
qmof-8792b44,DIDQEM_FSR,bandgap_5.5_to_6.0eV,2,Cd,
qmof-4eb7b7a,CDCACD01_FSR,bandgap_5.5_to_6.0eV,4,Cd,
qmof-cb52709,BEBGEV01_FSR,bandgap_5.5_to_6.0eV,4,Cd,c1cn(CCCCn2ccnc2)cn1
qmof-0bdc70c,PIJWAG_FSR,bandgap_5.5_to_6.0eV,4,Cd,C1N2CN3CN1CN(C2)C3
qmof-e4c44a2,GISKUQ_FSR,bandgap_5.5_to_6.0eV,4,Li,
qmof-9cb7ecc,GITDIZ_FSR,bandgap_5.5_to_6.0eV,4,Gd,
qmof-1b1031a,FAMZIE_FSR,bandgap_5.5_to_6.0eV,3,Sn,
qmof-f43bf7e,ICUDOC_FSR,bandgap_5.5_to_6.0eV,5,Li,
qmof-1ca400c,LARXIN_FSR,bandgap_5.5_to_6.0eV,5,Pb,
qmof-629f821,GOBZAZ_FSR,bandgap_5.5_to_6.0eV,1,Nd,
qmof-9ca48a0,AQOFUI_FSR,bandgap_5.5_to_6.0eV,5,Cd,[CH]1N=C[N]N1CN1[CH]N=C[N]1.[CH]1N=C[N]N1Cn1cncn1
qmof-a3dadbc,DIGTOE_FSR,bandgap_5.5_to_6.0eV,4,Ca,O=C1CNC(=O)CN1
qmof-7670773,IPABIL01_FSR,bandgap_5.5_to_6.0eV,1,Na,
qmof-a8c7cd8,OFITIH_FSR,bandgap_5.5_to_6.0eV,3,Tb,
qmof-5ec17b1,OFITON01_FSR,bandgap_5.5_to_6.0eV,5,Ho,
qmof-a78d31b,IBOSUN_FSR,bandgap_5.5_to_6.0eV,3,Zn,
qmof-5dd6ad5,OFITON_FSR,bandgap_5.5_to_6.0eV,3,Ho,
qmof-d7c9623,TADJEO_FSR,bandgap_5.5_to_6.0eV,2,Sr,
qmof-bd5da4b,EGIBON_FSR,bandgap_5.5_to_6.0eV,1,Cd,O=C1CN2CCN3CC(=O)[O][Sm]4([O]1)([O]C(=O)C3)[O]C(=O)CN(CC2)CC(=O)[O]4
qmof-c8c5913,TAHFUF_FSR,bandgap_5.5_to_6.0eV,3,Ba,
qmof-4e55d23,TAPVAK_FSR,bandgap_5.5_to_6.0eV,1,Zn,C1CNCCN1
qmof-8908571,DIFTUJ01_FSR,bandgap_5.5_to_6.0eV,2,Na,
qmof-01324e2,TAKRIJ_FSR,bandgap_5.5_to_6.0eV,3,Zn,
qmof-5522e9e,WAFPUP_FSR,bandgap_5.5_to_6.0eV,5,Zn,C1CN2CCN1CC2
qmof-d07845e,LIMKIC_FSR,bandgap_5.5_to_6.0eV,1,Sr,
qmof-08b8104,XILPUE_FSR,bandgap_5.5_to_6.0eV,4,Zn,[CH]1NC=CN1
qmof-a5f7f52,XILXIB_FSR,bandgap_5.5_to_6.0eV,4,Sr,
qmof-54a157d,PIGPUQ01_FSR,bandgap_5.5_to_6.0eV,1,Li,
qmof-0bc2115,REVFOO_FSR,bandgap_5.5_to_6.0eV,5,Cd,
qmof-8da777e,MERFAT_FSR,bandgap_5.5_to_6.0eV,4,Cd,[CH]1N=C[N]N1.c1nc[nH]n1
qmof-4fa1780,FIVJEA_FSR,bandgap_5.5_to_6.0eV,2,Na,
qmof-de13d28,TARGUQ_FSR,bandgap_5.5_to_6.0eV,2,Cd,C1=CC2CCC1O2
qmof-4918b41,TAHVIJ_FSR,bandgap_5.5_to_6.0eV,1,Zn,c1ncn(Cn2cncn2)n1
qmof-81999f9,TAKREF_FSR,bandgap_5.5_to_6.0eV,3,Cd,
qmof-01fd9b9,OHEMET_FSR,bandgap_5.5_to_6.0eV,2,Ag,
qmof-f17aef1,OHIVUW_FSR,bandgap_5.5_to_6.0eV,5,Na,O=C1CNC(=O)CN1
qmof-57ee22e,ROKZIC01_FSR,bandgap_5.5_to_6.0eV,2,Pb,
qmof-6ef2062,ROKZOI01_FSR,bandgap_5.5_to_6.0eV,5,Pb,
qmof-b9c5c8c,ASEMUG01_FSR,bandgap_5.5_to_6.0eV,5,La,
qmof-347261d,QIMNEH_FSR,bandgap_5.5_to_6.0eV,3,Cd,
qmof-911fbe9,QIXWAX_FSR,bandgap_5.5_to_6.0eV,4,Zn,c1nnn[nH]1
qmof-4625e3c,KAPNUM_FSR,bandgap_5.5_to_6.0eV,4,Cd,
qmof-c2a6c60,OCESUL01_FSR,bandgap_5.5_to_6.0eV,4,Ag,C1=NN=N[N]1
qmof-9aa4a8f,IMATIZ_FSR,bandgap_5.5_to_6.0eV,5,Ag,
qmof-4d4c102,EKEGEG_FSR,bandgap_5.5_to_6.0eV,5,Zn,c1ncn(CCn2cncn2)n1
qmof-15fda22,EKEHUZ_FSR,bandgap_5.5_to_6.0eV,3,Zn,C1CN2CCN1CC2
qmof-64496fb,FATHAM_FSR,bandgap_5.5_to_6.0eV,1,K,C1CO1
qmof-bfddfcd,FATRUP_FSR,bandgap_5.5_to_6.0eV,5,Cd,[CH]1NC=CN1
qmof-e0c423e,WIVFOX_FSR,bandgap_5.5_to_6.0eV,3,Cd,c1cn(CCCCn2ccnc2)cn1
qmof-4432ff1,CEKLOU_FSR,bandgap_5.5_to_6.0eV,3,Zn,[CH]1NC=CN1
qmof-cbde705,SIVGIN05_FSR,bandgap_5.5_to_6.0eV,1,Cd,
qmof-857f34a,LIGZIN_FSR,bandgap_5.5_to_6.0eV,5,Cd,
qmof-9ba61f0,LIHFUF_FSR,bandgap_5.5_to_6.0eV,2,Ca,c1nnn[nH]1
qmof-4c838aa,LODDOZ_FSR,bandgap_5.5_to_6.0eV,4,Cd,
qmof-b605e3f,OGEHIT_FSR,bandgap_5.5_to_6.0eV,2,Zn,O=C1CNCCN1
qmof-5991f0e,OGOWUD_FSR,bandgap_5.5_to_6.0eV,1,Cd,O=[PH](Oc1ccccc1)Oc1ccccc1
qmof-2b46da3,NEWCUP_FSR,bandgap_5.5_to_6.0eV,2,Cd,c1ncn(CCCn2cncn2)n1
qmof-cf1e4d0,NEWQEN01_FSR,bandgap_5.5_to_6.0eV,2,Ca,C1CCNCC1
qmof-7e9b3eb,HUYGOX_FSR,bandgap_5.5_to_6.0eV,3,Zn,
qmof-1bc82b5,LANXUW_FSR,bandgap_5.5_to_6.0eV,4,Cd,
qmof-a23b78e,OJOZOE_FSR,bandgap_5.5_to_6.0eV,2,Gd,
qmof-f3b9a1a,BENWAU_FSR,bandgap_5.5_to_6.0eV,4,Cd,O=C1CN2CC[N]34->[Cd]([O]1)([O]C(=O)C2)([O]C(=O)C3)[O]C(=O)C4
qmof-c02979d,LMETZN_FSR,bandgap_5.5_to_6.0eV,4,Zn,
qmof-1e42cc3,JOSDEA01_FSR,bandgap_5.5_to_6.0eV,4,Bi,
qmof-a880cf1,NENLEZ_FSR,bandgap_5.5_to_6.0eV,5,K,
qmof-6849271,VINNAJ_FSR,bandgap_5.5_to_6.0eV,5,Ba,
qmof-a3ce047,ECEZES_FSR,bandgap_5.5_to_6.0eV,2,Ni,C1CCCCC1
qmof-7006a4a,XOTNEB01_FSR,bandgap_5.5_to_6.0eV,2,Zn,[CH]1NC=CN1
qmof-a098afb,XOTSUV_FSR,bandgap_5.5_to_6.0eV,1,Zn,c1nc[nH]n1
qmof-db56513,XOTTAC_FSR,bandgap_5.5_to_6.0eV,2,Cd,[CH]1N=C[N]N1
qmof-17de19a,OKIPEE_FSR,bandgap_5.5_to_6.0eV,2,Cs,C1=CC2CCC1CC2
qmof-521818e,ISEBEN_FSR,bandgap_5.5_to_6.0eV,2,Cd,
qmof-206a6de,ATAHIO_FSR,bandgap_5.5_to_6.0eV,5,Cd,
qmof-14210e6,IMACZN01_FSR,bandgap_5.5_to_6.0eV,5,Zn,
qmof-efe5d3e,FIRXIP_FSR,bandgap_5.5_to_6.0eV,2,Cd,
qmof-16dfff2,APANAI_FSR,bandgap_5.5_to_6.0eV,1,Na,
qmof-3f25aa2,XOZZOC_FSR,bandgap_5.5_to_6.0eV,3,Cd,[CH]1N=C[N]N1
qmof-bda49bd,LALZIJ_FSR,bandgap_5.5_to_6.0eV,1,Zn,O=C1C[NH]2->[Zn]34(<-[N](CC2)(CC(=O)[O]3)CC(=O)[O]4)[O]1
qmof-9446f9c,IROQEM_FSR,bandgap_5.5_to_6.0eV,3,Sr,
qmof-897cb31,VISTUM_FSR,bandgap_5.5_to_6.0eV,2,Cd,C1N2CN3CN1CN(C2)C3
qmof-2658448,JOJJEY_FSR,bandgap_5.5_to_6.0eV,1,Zn,c1nnn[nH]1
qmof-fb68689,JOJHUM01_FSR,bandgap_5.5_to_6.0eV,3,Cd,c1nnn[nH]1
qmof-cf9b31e,CAJCUL_FSR,bandgap_5.5_to_6.0eV,2,Zn,
qmof-28b48d0,PESSUD01_FSR,bandgap_5.5_to_6.0eV,5,Ho,C1CCCC1
qmof-db63f95,PESTAK01_FSR,bandgap_5.5_to_6.0eV,2,Er,C1CCCC1
qmof-25a8aa5,PESTEO01_FSR,bandgap_5.5_to_6.0eV,2,Tb,C1CCCC1
qmof-81894a6,ECIHIK_FSR,bandgap_5.5_to_6.0eV,4,Zn,c1nnn[nH]1
qmof-cf57844,OKINUS_FSR,bandgap_5.5_to_6.0eV,4,K,C1=CC2CCC1CC2.C1=CC2CCC1CC2
qmof-9da79ba,QQQBDJ04_FSR,bandgap_5.5_to_6.0eV,4,Mg,
qmof-af9169c,IKOLUP_FSR,bandgap_5.5_to_6.0eV,1,Sr,O=C1NC2CCC1NC2=O
qmof-e2f1ea2,PUYFUL_FSR,bandgap_5.5_to_6.0eV,1,Ba,
qmof-9794e9c,BERRUN_FSR,bandgap_5.5_to_6.0eV,4,Cd,C1=NN=N[N]1
qmof-89d5815,BERSOI_FSR,bandgap_5.5_to_6.0eV,3,Cd,C1=NN=N[N]1
qmof-36e99dc,PESSOX02_FSR,bandgap_5.5_to_6.0eV,1,Dy,C1CCCC1
qmof-d929741,TEXTUL_FSR,bandgap_5.5_to_6.0eV,4,Cd,
qmof-848fedb,JOJHUM_FSR,bandgap_5.5_to_6.0eV,1,Cd,c1nnn[nH]1
qmof-a7b5390,MAZTOX_FSR,bandgap_5.5_to_6.0eV,3,Cd,c1ncn(CCCCn2cncn2)n1
qmof-f3c6526,SIFLEY_FSR,bandgap_5.5_to_6.0eV,5,Sn,
qmof-784eb1d,MOGVEK_FSR,bandgap_5.5_to_6.0eV,4,Cd,
qmof-8f2ae02,XESBUT_FSR,bandgap_5.5_to_6.0eV,5,Cd,
qmof-f19982c,QEYWIB_FSR,bandgap_5.5_to_6.0eV,2,Zn,[CH]1N=C[N]N1Cn1cncn1.c1ncn(Cn2cncn2)n1
qmof-3d4f57d,MITRIR_FSR,bandgap_5.5_to_6.0eV,5,Cd,
qmof-0c65e4f,MITROX_FSR,bandgap_5.5_to_6.0eV,3,Cd,
qmof-ae62f99,EKIDOS_FSR,bandgap_5.5_to_6.0eV,5,Sm,c1ccccc1
qmof-182f378,EKIFAG_FSR,bandgap_5.5_to_6.0eV,5,Pr,c1ccccc1
qmof-f38090a,OMICUJ_FSR,bandgap_5.5_to_6.0eV,2,Zn,c1cn(CC(Cn2ccnc2)(Cn2ccnc2)Cn2ccnc2)cn1
qmof-3d6d180,OLITIM_FSR,bandgap_5.5_to_6.0eV,3,Ca,
qmof-2e3e817,MOXFEL_FSR,bandgap_5.5_to_6.0eV,4,Zn,
qmof-573a6eb,VEGYAI_FSR,bandgap_5.5_to_6.0eV,5,In,
qmof-f917bec,BEVJES_FSR,bandgap_5.5_to_6.0eV,1,Zn,C1COCCO1
qmof-f78ad77,VERQOA01_FSR,bandgap_5.5_to_6.0eV,1,Sm,C1=CN=N[N]1.[CH]1C=NN=N1
qmof-0beae43,ERUVEU_FSR,bandgap_5.5_to_6.0eV,3,Cd,
qmof-a5e076e,FABCOC_FSR,bandgap_5.5_to_6.0eV,1,Cd,
qmof-0dfada7,PEPWIR_FSR,bandgap_5.5_to_6.0eV,1,Cd,c1nnc[nH]1
qmof-ae1a5ff,PEPWOX_FSR,bandgap_5.5_to_6.0eV,3,Cd,
qmof-8ce7f1c,MOYBIL_FSR,bandgap_5.5_to_6.0eV,5,Mn,
qmof-4cd6b6d,KOMGUP_FSR,bandgap_5.5_to_6.0eV,1,Zn,C1=NN=C[N]1
qmof-cd04a40,LIHRAW01_FSR,bandgap_5.5_to_6.0eV,4,Zn,
qmof-71e5f47,HIBGEF_FSR,bandgap_5.5_to_6.0eV,5,Mg,
qmof-23daf81,RUPYOR_FSR,bandgap_5.5_to_6.0eV,5,Cd,c1cn(CCCCn2ccnc2)cn1
qmof-600fd47,NIXQAO01_FSR,bandgap_5.5_to_6.0eV,4,Ni,
qmof-b2f4f8a,SEYVEY01_FSR,bandgap_5.5_to_6.0eV,3,Cd,c1c[nH]cn1
qmof-227ae8f,SEYVIC01_FSR,bandgap_5.5_to_6.0eV,3,Zn,c1c[nH]cn1
qmof-1339fce,HEJQIZ_FSR,bandgap_5.5_to_6.0eV,1,Zn,C1=CN=N[N]1.C1=N[N]N=C1.[CH]1C=NN=N1
qmof-53e5178,KDGLUC01_FSR,bandgap_5.5_to_6.0eV,2,K,
qmof-000741d,SCFORM01_FSR,bandgap_5.5_to_6.0eV,3,Sc,
qmof-7e0b219,NURYOO01_FSR,bandgap_5.5_to_6.0eV,4,Cd,
qmof-a1de534,NURYOO_FSR,bandgap_5.5_to_6.0eV,4,Cd,
qmof-f528aef,IJIWOO_FSR,bandgap_5.5_to_6.0eV,5,K,
qmof-5226456,KIHDOX_FSR,bandgap_5.5_to_6.0eV,3,Zn,c1cn(CCCCn2ccnc2)cn1
qmof-c5532d8,KIHJOD_FSR,bandgap_5.5_to_6.0eV,1,Zn,C1CNCCN1
qmof-d69dd6c,IKOMIE_FSR,bandgap_5.5_to_6.0eV,4,Sr,O=C1NC2CCC1NC2=O
qmof-c7403de,KOPBEW_FSR,bandgap_5.5_to_6.0eV,4,Cd,
qmof-ade9957,REGLUM_FSR,bandgap_5.5_to_6.0eV,4,Cd,
qmof-f9a6beb,FUZYOP_FSR,bandgap_5.5_to_6.0eV,4,Zn,C1CCC1
qmof-4cbf5c8,MUGLAC_FSR,bandgap_5.5_to_6.0eV,1,Cs,
qmof-a50d865,ISEQIH_FSR,bandgap_5.5_to_6.0eV,4,Ca,
qmof-802c05e,KOTDEE_FSR,bandgap_5.5_to_6.0eV,5,Tm,C1CCCC1
qmof-324dab2,KOTDII_FSR,bandgap_5.5_to_6.0eV,2,Y,C1CCCC1
qmof-ed28d7b,KOTDOO_FSR,bandgap_5.5_to_6.0eV,5,Yb,C1CCCC1
qmof-33487ab,MAYXUG_FSR,bandgap_5.5_to_6.0eV,3,Er,
qmof-eb1fb4c,VAMJAU_FSR,bandgap_5.5_to_6.0eV,3,Li,
qmof-91c2978,VARCOH_FSR,bandgap_5.5_to_6.0eV,1,Sn,
qmof-c215e9b,VAWQIU01_FSR,bandgap_5.5_to_6.0eV,4,Sm,
qmof-b7c34ea,TISLEN_FSR,bandgap_5.5_to_6.0eV,3,Cd,
qmof-db849d6,BUXBUR_FSR,bandgap_5.5_to_6.0eV,2,Cd,
qmof-bd158a6,YAHLOJ_FSR,bandgap_5.5_to_6.0eV,5,Zn,
qmof-918b373,HUHHEY_FSR,bandgap_5.5_to_6.0eV,3,Cd,C(CC1=NN=N[N]1)C1=NN=N[N]1
qmof-903582e,KOTCUT_FSR,bandgap_5.5_to_6.0eV,3,Lu,C1CCCC1
qmof-2320388,MARMEA_FSR,bandgap_5.5_to_6.0eV,4,Y,
qmof-16b0771,MARPIE_FSR,bandgap_5.5_to_6.0eV,3,Tl,
qmof-5ba9d7d,XELVAO_FSR,bandgap_5.5_to_6.0eV,2,Sr,[CH]1N=C[N]N1
qmof-fc8dd71,HEPNIA_FSR,bandgap_5.5_to_6.0eV,2,Li,
qmof-956f0fd,MISHAY_FSR,bandgap_5.5_to_6.0eV,3,Cd,c1nnn[nH]1
qmof-311d91b,HEJQAR_FSR,bandgap_5.5_to_6.0eV,2,Cd,C1=CN=N[N]1.C1=N[N]N=C1.[CH]1C=NN=N1
qmof-b3a116c,JIVXUH_FSR,bandgap_5.5_to_6.0eV,1,Cd,
qmof-42bd54c,HUHHIC_FSR,bandgap_5.5_to_6.0eV,1,Zn,C(CC1=NN=N[N]1)CC1=N[N]N=N1
qmof-3ad55a3,HAFDOI_FSR,bandgap_5.5_to_6.0eV,2,Cd,
qmof-0b6afbc,VAHRON_FSR,bandgap_5.5_to_6.0eV,1,La,
qmof-f96d302,DUWWOH03_FSR,bandgap_5.5_to_6.0eV,4,Sn,
qmof-90bddf0,JIRLAA_FSR,bandgap_5.5_to_6.0eV,1,Cd,
qmof-4219847,JITQOT_FSR,bandgap_5.5_to_6.0eV,3,Cd,C1CCCC1
qmof-efb2482,EZABEN_FSR,bandgap_5.5_to_6.0eV,1,Cd,C1=NN=C[N]1
qmof-553cf0b,MUHPAG_FSR,bandgap_5.5_to_6.0eV,2,Pb,
qmof-1dedbf9,QUMXUS_FSR,bandgap_5.5_to_6.0eV,5,Cd,C1CCOC1
qmof-3e12f05,MAQTUV_FSR,bandgap_5.5_to_6.0eV,5,Pr,
qmof-2ccb488,MAQVAD_FSR,bandgap_5.5_to_6.0eV,3,Nd,
qmof-eef0fa0,MAQVIL_FSR,bandgap_5.5_to_6.0eV,5,Er,
qmof-5e02587,KEKXAB_FSR,bandgap_5.5_to_6.0eV,1,Zn,N=C1CCC2CC2C1
qmof-69552f5,IDUKOK01_FSR,bandgap_5.5_to_6.0eV,1,Zn,c1cn(CCCCn2ccnc2)cn1
qmof-df44502,IDULIF_FSR,bandgap_5.5_to_6.0eV,5,Zn,c1cn(CCCCn2ccnc2)cn1
qmof-d23528f,LUHTEO_FSR,bandgap_5.5_to_6.0eV,4,K,
qmof-e18f67b,PAWKAA_FSR,bandgap_5.5_to_6.0eV,1,Zn,[CH]1NC=CN1
qmof-8912cf1,PAYMIN_FSR,bandgap_5.5_to_6.0eV,1,Cd,c1cn(CCCn2ccnc2)cn1
qmof-9445ed4,BILNOB_FSR,bandgap_5.5_to_6.0eV,3,Cd,
qmof-389345a,UYEWUS02_FSR,bandgap_5.5_to_6.0eV,3,Zn,[N]1N=NN=C1C1=NN=N[N]1
qmof-a45ca63,LUGWAM01_FSR,bandgap_5.5_to_6.0eV,5,Cd,C1CCCCC1
qmof-1700e53,LUGWAM_FSR,bandgap_5.5_to_6.0eV,4,Cd,C1CCCCC1
qmof-651a6e1,GOXYAV_FSR,bandgap_5.5_to_6.0eV,4,Zn,
qmof-076f453,GUXCIM_FSR,bandgap_5.5_to_6.0eV,1,Zn,c1cn(CCCCn2ccnc2)cn1
qmof-e7ec131,WURYEO_FSR,bandgap_5.5_to_6.0eV,5,Na,
qmof-7f7b053,XAFXOT_FSR,bandgap_5.5_to_6.0eV,3,La,O=C1CNC(=O)CN1
qmof-aa83c13,HEVRAC_FSR,bandgap_5.5_to_6.0eV,5,Cd,
qmof-3d4ee1f,KEKWIH_FSR,bandgap_5.5_to_6.0eV,5,Zn,
qmof-7e2c431,HOZXAX_FSR,bandgap_5.5_to_6.0eV,2,Cd,C1=NN=N[N]1
qmof-7e74c2d,ETUXUM_FSR,bandgap_5.5_to_6.0eV,5,Zn,
qmof-ebe5130,IXENOQ_FSR,bandgap_5.5_to_6.0eV,2,Nd,O=c1[nH]c(=O)[nH]c(=O)[nH]1
qmof-1bc0596,TUMGAJ_FSR,bandgap_5.5_to_6.0eV,3,Cd,
qmof-44f1f3a,DUPMOR_FSR,bandgap_5.5_to_6.0eV,1,Sn,c1ccccc1
qmof-64b7989,MAQVOR_FSR,bandgap_5.5_to_6.0eV,4,Yb,
qmof-61b7fa5,MALKES_FSR,bandgap_5.5_to_6.0eV,5,Li,
qmof-1da8047,OSAYEN01_FSR,bandgap_5.5_to_6.0eV,2,Pb,
qmof-c54ce08,PASKUS_FSR,bandgap_5.5_to_6.0eV,5,Zn,
qmof-5c3a722,GALSER_FSR,bandgap_5.5_to_6.0eV,5,Zn,C1CSCN1
qmof-cee9997,KUHDEX_FSR,bandgap_5.5_to_6.0eV,5,Tb,C1=CN=N[N]1.[CH]1C=NN=N1
qmof-a7cd6ff,IYESEM_FSR,bandgap_5.5_to_6.0eV,5,Cd,c1cn(CCCCn2ccnc2)cn1
qmof-0b31941,OTEPAF_FSR,bandgap_5.5_to_6.0eV,1,Tb,C1=NN=N[N]1
qmof-bc155dc,JEXPOS_FSR,bandgap_5.5_to_6.0eV,2,Mn,
qmof-2c1bb43,QEKDOA_FSR,bandgap_5.5_to_6.0eV,4,Er,
qmof-054fe48,NOKPAF_FSR,bandgap_5.5_to_6.0eV,5,Zn,C1=NN=C[N]1
qmof-b31f520,NOKPEJ_FSR,bandgap_5.5_to_6.0eV,4,Cd,C1=NN=C[N]1
qmof-34f7631,XADRAY_FSR,bandgap_5.5_to_6.0eV,3,Cd,O=C1CCCCCN1
qmof-fc0e787,UNISEQ01_FSR,bandgap_5.5_to_6.0eV,3,Li,
qmof-bfeaa60,IYEQIO_FSR,bandgap_5.5_to_6.0eV,3,Cd,c1cn(CCCCn2ccnc2)cn1
qmof-612faa4,JEYZUJ_FSR,bandgap_5.5_to_6.0eV,4,Pb,C1CCCCC1
qmof-0d028a0,HUDQON_FSR,bandgap_5.5_to_6.0eV,1,Sn,C1=CCCCC1
qmof-a95d07f,KUQWOK_FSR,bandgap_5.5_to_6.0eV,4,Cd,
qmof-4840cc5,BOVRUA_FSR,bandgap_5.5_to_6.0eV,2,Ni,C1CC2CCC1O2
qmof-85a47a8,AVEROJ_FSR,bandgap_5.5_to_6.0eV,1,Cd,
qmof-12dfe13,AVUYAR_FSR,bandgap_5.5_to_6.0eV,2,Pr,
qmof-352b9b5,AVUYEV01_FSR,bandgap_5.5_to_6.0eV,1,Nd,
qmof-1011c2b,DAYVEF_FSR,bandgap_5.5_to_6.0eV,2,Cd,
qmof-4836d6c,LEDQIV_FSR,bandgap_5.5_to_6.0eV,2,Cd,
qmof-144f0d1,IDUQUV_FSR,bandgap_5.5_to_6.0eV,3,Ba,
qmof-32f666c,IFUJID_FSR,bandgap_5.5_to_6.0eV,3,Na,
qmof-84ec9a6,UDUXAT_FSR,bandgap_5.5_to_6.0eV,1,La,
qmof-ecadfbd,FIBMOU_FSR,bandgap_5.5_to_6.0eV,2,Cd,c1c[nH]cn1
qmof-b06367f,NAMCUA_FSR,bandgap_5.5_to_6.0eV,5,Zn,
qmof-8781cc3,NAMHEP_FSR,bandgap_5.5_to_6.0eV,5,Na,C1CO1.C1CO1
qmof-310a9ef,NAPTAA_FSR,bandgap_5.5_to_6.0eV,1,Cd,c1c[nH]c(-c2ncc[nH]2)n1
qmof-08e1896,NAPTUU_FSR,bandgap_5.5_to_6.0eV,2,Cd,c1c[nH]c(-c2ncc[nH]2)n1
qmof-2d57373,UMAWOV_FSR,bandgap_5.5_to_6.0eV,4,Zn,C1CCCCC1
qmof-21ec5d0,UMORIY_FSR,bandgap_5.5_to_6.0eV,2,Cd,C1=NN=N[N]1
qmof-4acd25f,OWUVUY_FSR,bandgap_5.5_to_6.0eV,3,Na,
qmof-b222296,BIZJOK_FSR,bandgap_5.5_to_6.0eV,3,Cd,c1nncn1-n1cnnc1
qmof-20b6e60,HOYQAP_FSR,bandgap_5.5_to_6.0eV,3,Zn,C1=CN=C[N]1.[CH]1C=NC=N1
qmof-dd89c20,HORXAN_FSR,bandgap_5.5_to_6.0eV,4,Na,
qmof-40899bb,RACBOO_FSR,bandgap_5.5_to_6.0eV,4,Sr,
qmof-c9f70f1,JAXYIT_FSR,bandgap_5.5_to_6.0eV,1,Na,
qmof-733ea24,JAMPUJ_FSR,bandgap_5.5_to_6.0eV,5,Ca,
qmof-a4a2556,HIXWIU01_FSR,bandgap_5.5_to_6.0eV,2,Cd,
qmof-42408b9,AFUQUN_FSR,bandgap_5.5_to_6.0eV,4,Er,
qmof-1c6182a,HIYPAH_FSR,bandgap_5.5_to_6.0eV,1,Sn,
qmof-1eaffa4,EMINEU_FSR,bandgap_5.5_to_6.0eV,5,Cd,
qmof-85f8fb2,PAJFEL_FSR,bandgap_5.5_to_6.0eV,3,Na,O=C1CCCN1.O=C1CCCN1
qmof-e18b97d,MAGXOI_FSR,bandgap_5.5_to_6.0eV,3,Nd,
qmof-edb1c81,QAXXUJ_FSR,bandgap_5.5_to_6.0eV,4,Hg,
qmof-6d456c1,QUXHOH01_FSR,bandgap_5.5_to_6.0eV,3,Zn,c1cn(CCCCn2ccnc2)cn1
qmof-0dd2a81,CIJNEP_FSR,bandgap_5.5_to_6.0eV,1,Cd,
qmof-8ec91c2,DOYZUN_FSR,bandgap_5.5_to_6.0eV,2,Gd,
qmof-bb63e19,IZEBOF_FSR,bandgap_6.0_to_6.5eV,2,Zn,O=C1CNCCN1
qmof-2c2b344,CUGSED_FSR,bandgap_6.0_to_6.5eV,4,Ba,
qmof-fceba70,CUGSAZ_FSR,bandgap_6.0_to_6.5eV,1,Ba,
qmof-e7fc863,GOJFIW_FSR,bandgap_6.0_to_6.5eV,4,Ba,C1CCOCOC1
qmof-5d6af87,TECSOJ_FSR,bandgap_6.0_to_6.5eV,2,Ca,
qmof-65bd4b6,FIQZOV_FSR,bandgap_6.0_to_6.5eV,1,Gd,
qmof-b78412e,EDIMUZ_FSR,bandgap_6.0_to_6.5eV,3,Sr,
qmof-bb9be5b,PEYKIN_FSR,bandgap_6.0_to_6.5eV,5,Li,
qmof-56ace0f,VOHSER_FSR,bandgap_6.0_to_6.5eV,1,Na,C1CCOC1
qmof-1212d08,XUMVAE01_FSR,bandgap_6.0_to_6.5eV,1,Na,C1CCC1
qmof-3b6ad64,NEWCEA_FSR,bandgap_6.0_to_6.5eV,1,Ga,
qmof-2742f35,XORWEH_FSR,bandgap_6.0_to_6.5eV,3,Nd,
qmof-130af1f,XORWAD_FSR,bandgap_6.0_to_6.5eV,3,La,
qmof-148947f,NEWCAW_FSR,bandgap_6.0_to_6.5eV,3,Al,
qmof-39faf76,NEPHEW_FSR,bandgap_6.0_to_6.5eV,1,Li,
qmof-0b0666d,PEYGAC_FSR,bandgap_6.0_to_6.5eV,3,Zn,
qmof-b24889c,FARCAC_FSR,bandgap_6.0_to_6.5eV,3,Mg,
qmof-925b718,FAQWAX_FSR,bandgap_6.0_to_6.5eV,3,Na,
qmof-4770f5f,JATKIB_FSR,bandgap_6.0_to_6.5eV,4,Sn,
qmof-1ac9244,YOCMAF_FSR,bandgap_6.0_to_6.5eV,4,Dy,
qmof-04a2435,YIYJOF_FSR,bandgap_6.0_to_6.5eV,1,Nd,
qmof-b7c1288,QUWWOV_FSR,bandgap_6.0_to_6.5eV,5,Sr,C1CCCCC1
qmof-968a6c5,CUGREC_FSR,bandgap_6.0_to_6.5eV,2,Ca,
qmof-ea93e69,CUGQUR_FSR,bandgap_6.0_to_6.5eV,2,Ba,
qmof-ed45178,HOTPOW_FSR,bandgap_6.0_to_6.5eV,2,Sm,
qmof-c18cdd5,UNIROZ_FSR,bandgap_6.0_to_6.5eV,4,Li,
qmof-d66fc4f,UPOVOL_FSR,bandgap_6.0_to_6.5eV,3,Er,O=c1[nH]c(=O)[nH]c(=O)[nH]1
qmof-20db4c0,JAFWUI02_FSR,bandgap_6.0_to_6.5eV,2,Ca,
qmof-74b2b06,MAKSUN_FSR,bandgap_6.0_to_6.5eV,4,Zn,
qmof-aaf4daf,MABBEZ_FSR,bandgap_6.0_to_6.5eV,3,K,
qmof-d1be428,FIGXEY_FSR,bandgap_6.0_to_6.5eV,5,Dy,
qmof-6667c00,OWOSUQ_FSR,bandgap_6.0_to_6.5eV,2,Na,
qmof-8f7bf53,XAYYUR01_FSR,bandgap_6.0_to_6.5eV,4,Zn,
qmof-c26be66,XEDBOZ_FSR,bandgap_6.0_to_6.5eV,3,Ga,
qmof-ea3d030,IFACIC01_FSR,bandgap_6.0_to_6.5eV,1,Ho,
qmof-cf6922c,IZEGEA_FSR,bandgap_6.0_to_6.5eV,5,Cd,
qmof-d65b5bf,DULSIN_FSR,bandgap_6.0_to_6.5eV,3,Na,
qmof-ea93f5d,NAFHAE_FSR,bandgap_6.0_to_6.5eV,1,Zn,
qmof-361e7a4,KUPTOE_FSR,bandgap_6.0_to_6.5eV,2,Zn,
qmof-d1c9be5,UFAFUD_FSR,bandgap_6.0_to_6.5eV,5,Ag,
qmof-a0ff6b5,UDUNIS_FSR,bandgap_6.0_to_6.5eV,3,Tb,
qmof-3ee197c,JETVAF_FSR,bandgap_6.0_to_6.5eV,5,Ca,
qmof-8547db1,UBUQAM_FSR,bandgap_6.0_to_6.5eV,5,Na,C1CCOCC1
qmof-bad4c4a,JIPLAW_FSR,bandgap_6.0_to_6.5eV,3,Pr,
qmof-1b7824b,UVUMEF_FSR,bandgap_6.0_to_6.5eV,3,Ca,
qmof-663df11,RUVLAV01_FSR,bandgap_6.0_to_6.5eV,1,La,
qmof-c11f9ca,XAHZAI_FSR,bandgap_6.0_to_6.5eV,3,K,
qmof-156c4a2,XANZES_FSR,bandgap_6.0_to_6.5eV,3,Zn,
qmof-0c9867d,EWUSIZ_FSR,bandgap_6.0_to_6.5eV,3,Zn,O=C1CCCN1
qmof-64088a1,MUPYEC_FSR,bandgap_6.0_to_6.5eV,1,Zn,[CH]1N=C[N]N1.c1nc[nH]n1.c1nnc[nH]1
qmof-8b9a8e7,JIPKUP_FSR,bandgap_6.0_to_6.5eV,5,Er,
qmof-a8b674d,JICGEK_FSR,bandgap_6.0_to_6.5eV,4,Zn,
qmof-c8f54f2,LUKQEN_FSR,bandgap_6.0_to_6.5eV,4,La,C1CCC1
qmof-1b587f2,CUPHOM_FSR,bandgap_6.0_to_6.5eV,4,Gd,
qmof-90fad48,ETUSUI_FSR,bandgap_6.0_to_6.5eV,4,Dy,
qmof-a1c84c4,YEBPOK_FSR,bandgap_6.0_to_6.5eV,5,Cd,
qmof-6b8f04a,NATETZ01_FSR,bandgap_6.0_to_6.5eV,2,Na,
qmof-185bbaf,IJIWAZ_FSR,bandgap_6.0_to_6.5eV,2,Na,
qmof-964c967,SEBMER01_FSR,bandgap_6.0_to_6.5eV,3,Sr,
qmof-86f8b0e,GIFYOL_FSR,bandgap_6.0_to_6.5eV,2,Zn,
qmof-1d53084,CEWNIB_FSR,bandgap_6.0_to_6.5eV,5,La,
qmof-2f15906,WOQXIJ03_FSR,bandgap_6.0_to_6.5eV,1,Cd,
qmof-2594c1c,FAQVOK_FSR,bandgap_6.0_to_6.5eV,1,Zn,
qmof-c42d76c,LECCON_FSR,bandgap_6.0_to_6.5eV,5,Dy,
qmof-d14d086,LAYZUI_FSR,bandgap_6.0_to_6.5eV,4,Ba,C1=NN=N[N]1
qmof-bcf23d1,RUGHEI_FSR,bandgap_6.0_to_6.5eV,5,Tb,
qmof-f5d380a,RUGGUX_FSR,bandgap_6.0_to_6.5eV,5,Gd,
qmof-6ecacb7,RUFSIW_FSR,bandgap_6.0_to_6.5eV,3,Sn,C1CCCCC1
qmof-79ae55e,RURKAS_FSR,bandgap_6.0_to_6.5eV,4,Pr,
qmof-60db40b,RURJOF_FSR,bandgap_6.0_to_6.5eV,2,La,
qmof-a7e57bb,RURJIZ_FSR,bandgap_6.0_to_6.5eV,3,Pr,
qmof-977a187,MISLAE_FSR,bandgap_6.0_to_6.5eV,2,Li,
qmof-e128553,MISKUX_FSR,bandgap_6.0_to_6.5eV,2,Li,
qmof-01f8adf,AZATIE_FSR,bandgap_6.0_to_6.5eV,5,Ca,
qmof-f11cf25,RUGHOS_FSR,bandgap_6.0_to_6.5eV,4,Ho,
qmof-8fbc5fe,LECDAA_FSR,bandgap_6.0_to_6.5eV,5,Tb,
qmof-349a88c,WURYOY_FSR,bandgap_6.0_to_6.5eV,4,Na,
qmof-c3c786f,QAKBUZ_FSR,bandgap_6.0_to_6.5eV,4,Zn,
qmof-d0b275d,KELKUK_FSR,bandgap_6.0_to_6.5eV,3,La,
qmof-d135d88,KEKXEF_FSR,bandgap_6.0_to_6.5eV,2,K,
qmof-4846b1b,NIRCUO_FSR,bandgap_6.0_to_6.5eV,1,Li,
qmof-a5d6bc4,KIGCEI_FSR,bandgap_6.0_to_6.5eV,1,Nd,
qmof-c9fc4e7,RATDAS01_FSR,bandgap_6.0_to_6.5eV,5,Zn,
qmof-fe6d194,JIPMEB_FSR,bandgap_6.0_to_6.5eV,3,Tm,
qmof-4667835,JIPLOK_FSR,bandgap_6.0_to_6.5eV,2,Nd,
qmof-583d1af,JIPLEA_FSR,bandgap_6.0_to_6.5eV,2,Yb,
qmof-c124b27,BUDCIN_FSR,bandgap_6.0_to_6.5eV,4,K,
qmof-93c4073,LUGVUF_FSR,bandgap_6.0_to_6.5eV,5,Zn,C1CCCCC1
qmof-0cd5578,OQUWOO_FSR,bandgap_6.0_to_6.5eV,3,K,
qmof-52dc6d7,LAFSAM01_FSR,bandgap_6.0_to_6.5eV,5,Sn,
qmof-f876822,TOFJAZ_FSR,bandgap_6.0_to_6.5eV,3,Al,C1COCCO1
qmof-05dadc1,ROZXAH_FSR,bandgap_6.0_to_6.5eV,2,Al,
qmof-b247070,QICTEC_FSR,bandgap_6.0_to_6.5eV,3,Zn,C1CN2CCN1CC2
qmof-3f486ca,SESLOS01_FSR,bandgap_6.0_to_6.5eV,5,Sm,
qmof-29823dd,AZIYOX02_FSR,bandgap_6.0_to_6.5eV,4,Nd,
qmof-7e00a12,MISQAH_FSR,bandgap_6.0_to_6.5eV,2,Nd,
qmof-0ca5226,BABTOP_FSR,bandgap_6.0_to_6.5eV,5,Ca,
qmof-ba40858,RUGNUE_FSR,bandgap_6.0_to_6.5eV,3,Y,
qmof-74c20e7,RUGJEK_FSR,bandgap_6.0_to_6.5eV,5,Lu,
qmof-0e22315,RUGJAG_FSR,bandgap_6.0_to_6.5eV,2,Yb,
qmof-edddea1,RUGHUY_FSR,bandgap_6.0_to_6.5eV,5,Tm,
qmof-a81b7c9,RUDVAO_FSR,bandgap_6.0_to_6.5eV,3,Zn,c1nc[nH]n1
qmof-bbe92eb,LAWSEJ01_FSR,bandgap_6.0_to_6.5eV,5,Ba,C1CCCCC1.C1CCCCC1
qmof-1a54c0d,LAWNUU_FSR,bandgap_6.0_to_6.5eV,3,Zn,
qmof-13baab5,NIRDAV_FSR,bandgap_6.0_to_6.5eV,1,Li,
qmof-41724f3,SEWJUB_FSR,bandgap_6.0_to_6.5eV,3,Cd,
qmof-c213e54,HEFXIZ_FSR,bandgap_6.0_to_6.5eV,5,Li,
qmof-888b462,NUXMIC01_FSR,bandgap_6.0_to_6.5eV,1,Zn,
qmof-8c3516d,NUXMEY01_FSR,bandgap_6.0_to_6.5eV,2,Zn,
qmof-639084b,WUQZOY_FSR,bandgap_6.0_to_6.5eV,3,Na,
qmof-ba5d99e,WOQXIJ_FSR,bandgap_6.0_to_6.5eV,3,Cd,
qmof-8e858cd,DEKZIE_FSR,bandgap_6.0_to_6.5eV,2,Ba,
qmof-a83960a,PUFWIX_FSR,bandgap_6.0_to_6.5eV,2,Na,C1CCOC1.C1CCOC1
qmof-26fc218,BAFCES_FSR,bandgap_6.0_to_6.5eV,1,Cd,
qmof-be050d1,XETPOC_FSR,bandgap_6.0_to_6.5eV,4,Gd,
qmof-216904a,XETPIW_FSR,bandgap_6.0_to_6.5eV,1,Pr,
qmof-f0f2e98,XESFOR_FSR,bandgap_6.0_to_6.5eV,1,Sm,
qmof-5c7ac81,BUQROV_FSR,bandgap_6.0_to_6.5eV,5,Zn,C1=NN=N[N]1
qmof-4adeac5,OQEVUD_FSR,bandgap_6.0_to_6.5eV,4,Ca,O=C1CCCN1
qmof-edbc9dd,OQEVIR_FSR,bandgap_6.0_to_6.5eV,1,Ca,O=C1CCCN1
qmof-ac2a33a,ORONOA_FSR,bandgap_6.0_to_6.5eV,5,K,
qmof-6eb895d,COQWUC_FSR,bandgap_6.0_to_6.5eV,2,Zn,
qmof-0138e8e,YARYEV_FSR,bandgap_6.0_to_6.5eV,1,Cd,
qmof-fa074f8,SIBJAP_FSR,bandgap_6.0_to_6.5eV,1,Er,
qmof-516c757,LIHCIT01_FSR,bandgap_6.0_to_6.5eV,5,Li,
qmof-73c8924,KAWFIX_FSR,bandgap_6.0_to_6.5eV,5,Ca,
qmof-3ecc302,ODAHUY_FSR,bandgap_6.0_to_6.5eV,2,Dy,
qmof-dad3c8f,EJIDUW02_FSR,bandgap_6.0_to_6.5eV,4,Nd,
qmof-a2aa4aa,PELTEG_FSR,bandgap_6.0_to_6.5eV,2,Cd,
qmof-83b8c19,DUWTOG_FSR,bandgap_6.0_to_6.5eV,5,Zn,C(CC1=NN=N[N]1)CC1=NN=N[N]1
qmof-7bda122,TMSNAC02_FSR,bandgap_6.0_to_6.5eV,2,Sn,
qmof-5eac041,GAFXOB_FSR,bandgap_6.0_to_6.5eV,5,La,
qmof-3cc7791,GAFXIV_FSR,bandgap_6.0_to_6.5eV,2,Y,
qmof-1478a84,PEKCOX01_FSR,bandgap_6.0_to_6.5eV,5,Li,O=C1CCCN1
qmof-7f02829,VAVFUU03_FSR,bandgap_6.0_to_6.5eV,3,Zn,
qmof-d81ae1a,VAVFUU02_FSR,bandgap_6.0_to_6.5eV,5,Zn,
qmof-a3cad27,MAYYER_FSR,bandgap_6.0_to_6.5eV,1,Er,
qmof-9196782,NAZXOE_FSR,bandgap_6.0_to_6.5eV,4,Er,
qmof-40b4231,XIBPII_FSR,bandgap_6.0_to_6.5eV,4,Na,O=C1[N]C(=O)NC(=O)N1
qmof-65f4686,XEZVIJ_FSR,bandgap_6.0_to_6.5eV,1,Yb,
qmof-2f2b6f8,GEKJUB_FSR,bandgap_6.0_to_6.5eV,5,Na,
qmof-b3a8a72,GEJJEL_FSR,bandgap_6.0_to_6.5eV,5,Nd,
qmof-2e9916d,RODSOS_FSR,bandgap_6.0_to_6.5eV,4,Li,
qmof-a95c660,CEGPOU_FSR,bandgap_6.0_to_6.5eV,3,Cs,
qmof-ffcaabe,MGBTHF01_FSR,bandgap_6.0_to_6.5eV,2,Mg,
qmof-6f04f48,CEBFUL01_FSR,bandgap_6.0_to_6.5eV,1,Y,
qmof-051e7b6,POXJAO_FSR,bandgap_6.0_to_6.5eV,3,Cd,C1=NN=C[N]1
qmof-21f8c6f,SOGXAO_FSR,bandgap_6.0_to_6.5eV,4,Sr,
qmof-ea46652,KALCAC01_FSR,bandgap_6.0_to_6.5eV,2,Cd,
qmof-6593af7,XIJXAS_FSR,bandgap_6.0_to_6.5eV,3,K,
qmof-2cc770d,DEWHOD_FSR,bandgap_6.0_to_6.5eV,2,Zn,
qmof-cd6091d,DEWHET_FSR,bandgap_6.0_to_6.5eV,5,Zn,C1CNCCN1
qmof-508007f,WEKYIW_FSR,bandgap_6.0_to_6.5eV,3,Li,
qmof-47cbbc2,WEKWEP_FSR,bandgap_6.0_to_6.5eV,4,Na,
qmof-c7465d6,OCORIK01_FSR,bandgap_6.0_to_6.5eV,1,Cs,
qmof-06a0289,INEHUF_FSR,bandgap_6.0_to_6.5eV,5,Zn,C1CCCCC1
qmof-f2f2969,FAXNOI_FSR,bandgap_6.0_to_6.5eV,2,Nd,
qmof-e834939,KIJSII_FSR,bandgap_6.0_to_6.5eV,2,Zn,O=C1CCCN1
qmof-9769ca0,HUHJAW_FSR,bandgap_6.0_to_6.5eV,5,Cd,C(CCC1=NN=N[N]1)CC1=NN=N[N]1
qmof-fb472cc,NAZXUK_FSR,bandgap_6.0_to_6.5eV,2,Nd,
qmof-6f20050,XIVLUK_FSR,bandgap_6.0_to_6.5eV,5,In,
qmof-5fd0b66,HUHGUN_FSR,bandgap_6.0_to_6.5eV,4,Zn,C(CC1=NN=N[N]1)C1=NN=N[N]1
qmof-2baa420,TIPJIM01_FSR,bandgap_6.0_to_6.5eV,1,Eu,
qmof-413a937,VALFOG_FSR,bandgap_6.0_to_6.5eV,2,Cd,O=C1[N]C(=O)NC(=O)N1
qmof-56e34ef,VAJNUQ_FSR,bandgap_6.0_to_6.5eV,5,Cd,
qmof-43bcc64,VAGXOS_FSR,bandgap_6.0_to_6.5eV,3,Zn,C1CNCCN1
qmof-5ea29db,QUMGAI_FSR,bandgap_6.0_to_6.5eV,1,Ba,
qmof-a2967d1,QUQSIG_FSR,bandgap_6.0_to_6.5eV,4,Ba,
qmof-21b9d9a,COHPEU01_FSR,bandgap_6.0_to_6.5eV,4,Ga,C1COCCO1
qmof-117807b,FIQZIP_FSR,bandgap_6.0_to_6.5eV,4,Tb,
qmof-d17983b,JOFQOM_FSR,bandgap_6.0_to_6.5eV,1,Gd,
qmof-cc1e71f,JOFLEX_FSR,bandgap_6.0_to_6.5eV,1,K,
qmof-99760ed,CISWEH_FSR,bandgap_6.0_to_6.5eV,5,Dy,
qmof-4288fb3,QIVMOX01_FSR,bandgap_6.0_to_6.5eV,3,Zn,
qmof-bdfe8f1,SOHZIA_FSR,bandgap_6.0_to_6.5eV,5,Cu,
qmof-f7a818d,SOHYIZ_FSR,bandgap_6.0_to_6.5eV,5,Cs,
qmof-e92dc89,ONAVAB_FSR,bandgap_6.0_to_6.5eV,4,Zn,C(CC1=NN=N[N]1)C1=NN=N[N]1
qmof-0993d90,ONATUT_FSR,bandgap_6.0_to_6.5eV,2,Zn,C(CC1=NN=N[N]1)C1=NN=N[N]1
qmof-25b216b,EBEZAO_FSR,bandgap_6.0_to_6.5eV,3,Ca,
qmof-ed69b2b,MEGVUQ_FSR,bandgap_6.0_to_6.5eV,1,Er,
qmof-6c0cc55,LORMOU01_FSR,bandgap_6.0_to_6.5eV,1,Na,
qmof-12380d1,XUMVOS_FSR,bandgap_6.0_to_6.5eV,4,Ba,C1CCC1
qmof-d38ae0b,XUMVIM_FSR,bandgap_6.0_to_6.5eV,4,K,C1CCC1
qmof-3317db7,XUMVAE_FSR,bandgap_6.0_to_6.5eV,3,Na,C1CCC1
qmof-6de83a4,NELWUY_FSR,bandgap_6.0_to_6.5eV,5,Zn,
qmof-86884c1,DIBZEV_FSR,bandgap_6.0_to_6.5eV,5,Sr,
qmof-185eeb8,GIYKAB_FSR,bandgap_6.0_to_6.5eV,3,Zn,C1C2CC3CC1CC(C2)C3
qmof-6865832,CEBFUL_FSR,bandgap_6.0_to_6.5eV,1,Y,
qmof-a57e16b,SUMZIK_FSR,bandgap_6.0_to_6.5eV,5,Li,
qmof-c27ca26,SUHHOT_FSR,bandgap_6.0_to_6.5eV,5,La,
qmof-3dea6dd,BAKWIV_FSR,bandgap_6.0_to_6.5eV,2,Nd,
qmof-94199a7,XIQSUO_FSR,bandgap_6.0_to_6.5eV,2,Zn,
qmof-d09389e,VESBIG01_FSR,bandgap_6.0_to_6.5eV,4,Nd,
qmof-0ef13af,VENDUO_FSR,bandgap_6.0_to_6.5eV,4,Sr,
qmof-9384b06,BEZSIK_FSR,bandgap_6.0_to_6.5eV,3,Bi,
qmof-4d40eaa,EBIVUI_FSR,bandgap_6.0_to_6.5eV,1,Zn,
qmof-f47bb14,MUCNOO01_FSR,bandgap_6.0_to_6.5eV,4,Ca,
qmof-0f5c9ec,QUCTIS_FSR,bandgap_6.0_to_6.5eV,4,Cd,[CH]1N=C[N]N1CCCCCCn1cncn1
qmof-0a40ca2,GOLMUQ_FSR,bandgap_6.0_to_6.5eV,4,Sn,C1CCCCC1
qmof-14f8281,VEWMEP_FSR,bandgap_6.0_to_6.5eV,2,Sr,
qmof-1607c78,VESCED01_FSR,bandgap_6.0_to_6.5eV,4,Pr,
qmof-4625837,CDLGLU10_FSR,bandgap_6.0_to_6.5eV,4,Cd,
qmof-ba39404,CDCYAC_FSR,bandgap_6.0_to_6.5eV,1,Cd,
qmof-d7b6a0d,QIVXUP_FSR,bandgap_6.0_to_6.5eV,3,Nd,
qmof-450cfae,XIQTAV_FSR,bandgap_6.0_to_6.5eV,3,Zn,
qmof-b5281a7,BUZZUS_FSR,bandgap_6.0_to_6.5eV,3,Ca,
qmof-c579bff,VEDDAL_FSR,bandgap_6.0_to_6.5eV,2,Li,O=C1CCCN1
qmof-10b52ba,ITIPAE_FSR,bandgap_6.0_to_6.5eV,4,Zn,
qmof-e2332ff,QOPLAI01_FSR,bandgap_6.0_to_6.5eV,3,Cd,
qmof-3e7bd15,DACNEB_FSR,bandgap_6.0_to_6.5eV,1,Ba,
qmof-8874408,HIDDON_FSR,bandgap_6.0_to_6.5eV,1,Rb,
qmof-1246441,AQOHAQ_FSR,bandgap_6.0_to_6.5eV,5,Zn,
qmof-3d6f298,XOJJIQ_FSR,bandgap_6.0_to_6.5eV,3,Nd,[CH]1N=C[N]N1
qmof-080c4dc,FIYQIO_FSR,bandgap_6.0_to_6.5eV,2,Tb,
qmof-6bdb3b0,FIYJOP_FSR,bandgap_6.0_to_6.5eV,4,Nd,
qmof-f2b9905,PIHSAB_FSR,bandgap_6.0_to_6.5eV,4,Mg,
qmof-da10e7b,QOSXON_FSR,bandgap_6.0_to_6.5eV,2,Ca,
qmof-558281a,XOJJEM_FSR,bandgap_6.0_to_6.5eV,2,Gd,[CH]1N=C[N]N1
qmof-5fd4397,RINFEB_FSR,bandgap_6.0_to_6.5eV,4,Pr,
qmof-ed57492,XITDEL_FSR,bandgap_6.0_to_6.5eV,2,K,C1CCC1
qmof-33cc193,XITDAH_FSR,bandgap_6.0_to_6.5eV,1,Na,C1CCC1
qmof-02cdf5a,XITCUA_FSR,bandgap_6.0_to_6.5eV,3,Li,
qmof-8c255b0,COKJUH01_FSR,bandgap_6.0_to_6.5eV,5,Ca,
qmof-e07b521,VESBEC01_FSR,bandgap_6.0_to_6.5eV,2,La,
qmof-48b4398,MEKHUI_FSR,bandgap_6.0_to_6.5eV,1,Cd,
qmof-f257e1e,VONCUY_FSR,bandgap_6.0_to_6.5eV,4,Zn,
qmof-c31ac3d,OHAYUS_FSR,bandgap_6.0_to_6.5eV,2,Gd,O=C1[N]C(=O)NC(=O)N1
qmof-ceaab2d,CODVUO_FSR,bandgap_6.0_to_6.5eV,4,Cs,
qmof-0ffb4d8,KNATAR23_FSR,bandgap_6.0_to_6.5eV,1,K,
qmof-0fde3f5,RIFWEJ_FSR,bandgap_6.0_to_6.5eV,1,Rb,C1CCCCC1
qmof-c458714,AQFSZN_FSR,bandgap_6.0_to_6.5eV,5,Zn,
qmof-cb8b35f,FAGTAJ_FSR,bandgap_6.0_to_6.5eV,1,La,C1CCCCC1
qmof-951d08f,FAFMAD01_FSR,bandgap_6.0_to_6.5eV,2,K,
qmof-400a4d4,FAFJAA_FSR,bandgap_6.0_to_6.5eV,4,Tb,C1CCCCC1.C1CCCCC1
qmof-bd27e7d,WAJCAM_FSR,bandgap_6.0_to_6.5eV,1,La,
qmof-2029646,PIHRUU_FSR,bandgap_6.0_to_6.5eV,3,Mg,
qmof-2e677ab,GOCVID_FSR,bandgap_6.0_to_6.5eV,5,Na,
qmof-751cc2f,CDACET01_FSR,bandgap_6.0_to_6.5eV,5,Cd,
qmof-ee30d4a,FAFHUS_FSR,bandgap_6.0_to_6.5eV,1,Dy,C1CCCCC1.C1CCCCC1.C1CCCCC1.C1CCCCC1
qmof-a44e9a8,KIXSAN_FSR,bandgap_6.0_to_6.5eV,4,Sm,
qmof-82a10be,PEWKEH01_FSR,bandgap_6.0_to_6.5eV,2,Ho,
qmof-158ec44,TACSIB_FSR,bandgap_6.0_to_6.5eV,4,Zn,
qmof-21a8cfa,JOYZEE_FSR,bandgap_6.0_to_6.5eV,3,Zn,
qmof-ac1fa2d,PIBHOY_FSR,bandgap_6.0_to_6.5eV,1,Zn,[CH]1N=C[N]N1CCCCCCN1[CH]N=C[N]1.[CH]1N=C[N]N1CCCCCCn1cncn1
qmof-40dfb58,IROQAI_FSR,bandgap_6.0_to_6.5eV,4,Ba,
qmof-87535de,TEYREW_FSR,bandgap_6.0_to_6.5eV,3,Tm,
qmof-867986f,PEWDEC_FSR,bandgap_6.0_to_6.5eV,2,Zn,C1CCCC1
qmof-4b075ae,PEPXIS_FSR,bandgap_6.0_to_6.5eV,1,Zn,
qmof-61450a6,HAKWUM_FSR,bandgap_6.0_to_6.5eV,1,Ga,
qmof-bc8c13d,AMUCOB_FSR,bandgap_6.0_to_6.5eV,1,Ca,
qmof-618e887,NEMXUB_FSR,bandgap_6.0_to_6.5eV,2,Pr,
qmof-0457eae,VIYHUJ_FSR,bandgap_6.0_to_6.5eV,3,Rb,
qmof-9eca0ee,REYNOA01_FSR,bandgap_6.0_to_6.5eV,2,Cd,C1=NN=N[N]1
qmof-acbcce6,KOGHEU_FSR,bandgap_6.0_to_6.5eV,4,Cd,
qmof-008e52d,HUYBEK_FSR,bandgap_6.0_to_6.5eV,4,Dy,
qmof-9492dc7,EDAKIE_FSR,bandgap_6.0_to_6.5eV,2,K,
qmof-363bce5,FAPWAX_FSR,bandgap_6.0_to_6.5eV,1,K,
qmof-2bccd8b,SAQYIT_FSR,bandgap_6.0_to_6.5eV,2,Zn,
qmof-b8d6e0a,QARWEN_FSR,bandgap_6.0_to_6.5eV,3,Cs,O=C1NC(=O)N[PH](=O)N1
qmof-6cdd83e,XAHZIQ_FSR,bandgap_6.0_to_6.5eV,5,Cs,
qmof-ba9234b,XAHZEM_FSR,bandgap_6.0_to_6.5eV,2,Rb,
qmof-4b072ee,NOKKUT01_FSR,bandgap_6.0_to_6.5eV,1,Pr,
qmof-493f8ed,RUSQOM_FSR,bandgap_6.0_to_6.5eV,4,Cd,C1=NN=N[N]1
qmof-07ecb86,RUSQIG_FSR,bandgap_6.0_to_6.5eV,3,Zn,C1=NN=N[N]1
qmof-7a71ba3,LEBHUY_FSR,bandgap_6.0_to_6.5eV,1,Zn,
qmof-ecd4c56,UNISEQ02_FSR,bandgap_6.0_to_6.5eV,1,Li,
qmof-e1e57f0,UNIRUF01_FSR,bandgap_6.0_to_6.5eV,5,Li,
qmof-32c8def,BOXDID_FSR,bandgap_6.0_to_6.5eV,5,Cs,
qmof-eeac529,UNISIU01_FSR,bandgap_6.0_to_6.5eV,3,Li,
qmof-65a0364,QARWAJ_FSR,bandgap_6.0_to_6.5eV,3,K,O=C1NC(=O)N[PH](=O)N1
qmof-362033d,QARVUC_FSR,bandgap_6.0_to_6.5eV,1,Li,O=C1NC(=O)N[PH](=O)N1
qmof-7be2f7c,HESKEY_FSR,bandgap_6.0_to_6.5eV,1,Ca,C1CCCC1
qmof-74d41f7,CIJWID_FSR,bandgap_6.0_to_6.5eV,4,Zn,
qmof-8e9a95c,YOPYIL01_FSR,bandgap_6.0_to_6.5eV,2,Zn,C1=NN=C[N]1
qmof-17d6cac,JECDUR_FSR,bandgap_6.0_to_6.5eV,4,Cd,C1CCCCC1
qmof-61e9a8c,CIHFUU_FSR,bandgap_6.0_to_6.5eV,1,Li,
qmof-e9a379a,FIGXAU_FSR,bandgap_6.0_to_6.5eV,4,Er,
qmof-0088633,NAKYUV_FSR,bandgap_6.0_to_6.5eV,5,Na,
qmof-79371d1,NAJGAH_FSR,bandgap_6.0_to_6.5eV,3,Nd,
qmof-b0969e6,NAHCIT02_FSR,bandgap_6.0_to_6.5eV,4,Na,
qmof-95b134a,JEFVOG_FSR,bandgap_6.0_to_6.5eV,1,Li,
qmof-447554f,JEFVIA_FSR,bandgap_6.0_to_6.5eV,5,K,
qmof-b324a8c,FIJFAG_FSR,bandgap_6.0_to_6.5eV,2,Zn,C1C2CC3CC1CC(C2)C3
qmof-dfe761c,GAKLAG_FSR,bandgap_6.0_to_6.5eV,2,Na,
qmof-c2d9ec9,GENGEL_FSR,bandgap_6.5_to_7.0eV,1,K,
qmof-449b3ee,AGALUR_FSR,bandgap_6.5_to_7.0eV,1,Mg,
qmof-fa05566,LEGREU_FSR,bandgap_6.5_to_7.0eV,5,Ca,
qmof-de11207,KHACET02_FSR,bandgap_6.5_to_7.0eV,5,K,
qmof-4fd00dc,XATNIP01_FSR,bandgap_6.5_to_7.0eV,1,Zn,
qmof-47144b2,NOGMAY_FSR,bandgap_6.5_to_7.0eV,4,Rb,
qmof-a687e6e,YOLWUT_FSR,bandgap_6.5_to_7.0eV,3,Ca,
qmof-503c861,EXURAR_FSR,bandgap_6.5_to_7.0eV,2,La,
qmof-05c5351,CUGSUT_FSR,bandgap_6.5_to_7.0eV,2,Sr,
qmof-ee6ac99,NOKFOI_FSR,bandgap_6.5_to_7.0eV,4,Mg,
qmof-cee6232,HEWFAR_FSR,bandgap_6.5_to_7.0eV,4,Ho,
qmof-5400c4d,NOGMIG_FSR,bandgap_6.5_to_7.0eV,5,Li,
qmof-f838323,FIRGIW_FSR,bandgap_6.5_to_7.0eV,3,Zn,
qmof-c461512,FAFHIG_FSR,bandgap_6.5_to_7.0eV,1,Dy,C1CCCCC1
qmof-b9ccb01,FAFHOM_FSR,bandgap_6.5_to_7.0eV,5,Tb,C1CCCCC1
qmof-75af3c3,CUGROM_FSR,bandgap_6.5_to_7.0eV,1,Ca,
qmof-79529d8,CAKLOR_FSR,bandgap_6.5_to_7.0eV,3,Zn,
qmof-4fcaac7,GAVFEO01_FSR,bandgap_6.5_to_7.0eV,3,Ca,
qmof-137f122,TELDAP_FSR,bandgap_6.5_to_7.0eV,3,K,
qmof-c931987,CALBEY_FSR,bandgap_6.5_to_7.0eV,1,Mg,C1C2CC3CC1CC(C2)C3
qmof-51966a1,OKORUC_FSR,bandgap_6.5_to_7.0eV,4,Na,C1COCCO1
qmof-8929658,VIWFOW_FSR,bandgap_6.5_to_7.0eV,3,Na,O=C1CCCN1
qmof-84d07ac,VIVRIC_FSR,bandgap_6.5_to_7.0eV,4,K,O=[PH]1OCCCO1
qmof-8c0a960,JOSNAG01_FSR,bandgap_6.5_to_7.0eV,4,La,
qmof-97ae29f,BEJXAP01_FSR,bandgap_6.5_to_7.0eV,4,La,
qmof-96c10f1,QOTDUZ_FSR,bandgap_6.5_to_7.0eV,3,Ca,
qmof-99155ad,CATART03_FSR,bandgap_6.5_to_7.0eV,4,Ca,
qmof-c8b91c4,XOPDOV_FSR,bandgap_6.5_to_7.0eV,1,Li,
qmof-4c0ef7e,HAVFAN_FSR,bandgap_6.5_to_7.0eV,5,Gd,
qmof-e4d85d4,REZWIE_FSR,bandgap_6.5_to_7.0eV,3,Ca,
qmof-5c43327,QOTZOP_FSR,bandgap_6.5_to_7.0eV,2,Zn,C1CCCCC1
qmof-fcf9e4e,EBOJOW_FSR,bandgap_6.5_to_7.0eV,1,Zn,C1=NN=N[N]1
qmof-bdde873,ECOLOZ_FSR,bandgap_6.5_to_7.0eV,3,Zn,C1=NN=N[N]1
qmof-c4a1c17,CAGLIS11_FSR,bandgap_6.5_to_7.0eV,4,Ca,
qmof-4c23f2e,CAFORM13_FSR,bandgap_6.5_to_7.0eV,1,Ca,
qmof-17246e7,ODOJAT_FSR,bandgap_6.5_to_7.0eV,1,Na,
qmof-1009736,QOQMIT01_FSR,bandgap_6.5_to_7.0eV,5,Zn,C1CCCCC1
qmof-e428070,WAZMUH_FSR,bandgap_6.5_to_7.0eV,5,Ho,
qmof-bb23f24,REKXOW01_FSR,bandgap_6.5_to_7.0eV,3,Zn,
qmof-f8c8bd4,EQOQEH_FSR,bandgap_6.5_to_7.0eV,1,Li,
qmof-2397f35,RIFVOS_FSR,bandgap_6.5_to_7.0eV,3,Na,C1CCCCC1
qmof-e5d44b6,AQIROJ_FSR,bandgap_6.5_to_7.0eV,3,Zn,C1=NN=N[N]1
qmof-2de5ad7,MESBAN_FSR,bandgap_6.5_to_7.0eV,1,Ga,
qmof-4f0b980,KOBBUY_FSR,bandgap_6.5_to_7.0eV,2,Ca,C1CC2CCC1O2
qmof-7d96501,PIHSEF_FSR,bandgap_6.5_to_7.0eV,1,Mg,
qmof-37e4d9d,OFOJOL_FSR,bandgap_6.5_to_7.0eV,2,Li,
qmof-69d6aa4,OFUWIV02_FSR,bandgap_6.5_to_7.0eV,2,Zn,
qmof-b121520,WAMXEO_FSR,bandgap_6.5_to_7.0eV,5,Mg,
qmof-2bd0023,MEYFIF01_FSR,bandgap_6.5_to_7.0eV,2,Sr,
qmof-9621c39,MEYDUP_FSR,bandgap_6.5_to_7.0eV,5,Li,
qmof-3d10714,ODOJIB_FSR,bandgap_6.5_to_7.0eV,4,K,
qmof-76212a0,BARMOX_FSR,bandgap_6.5_to_7.0eV,3,Zn,
qmof-2416924,OMESIK01_FSR,bandgap_6.5_to_7.0eV,2,Li,
qmof-e9836d3,XUYTES_FSR,bandgap_6.5_to_7.0eV,3,Zn,
qmof-de509d5,NEMNUO_FSR,bandgap_6.5_to_7.0eV,2,Zn,
qmof-bdb5086,PIRTAN_FSR,bandgap_6.5_to_7.0eV,1,Cs,C1CCOCC1
qmof-00a7fd4,EBEMUU_FSR,bandgap_6.5_to_7.0eV,5,Cs,
qmof-d139efc,OPEMIG_FSR,bandgap_6.5_to_7.0eV,1,Cd,
qmof-cf59d6c,IDAXIW01_FSR,bandgap_6.5_to_7.0eV,4,Sr,
qmof-8d641bc,IDAQEL_FSR,bandgap_6.5_to_7.0eV,2,Li,C1CCCCC1
qmof-a8117e2,QIVYEA_FSR,bandgap_6.5_to_7.0eV,2,Sm,
qmof-d1bdfd3,RISJEK_FSR,bandgap_6.5_to_7.0eV,5,Zr,
qmof-6634b3e,PIRGOO_FSR,bandgap_6.5_to_7.0eV,1,Sr,
qmof-6525c21,PIRHAB_FSR,bandgap_6.5_to_7.0eV,2,Sr,
qmof-33e59e9,WEZXAB01_FSR,bandgap_6.5_to_7.0eV,5,In,
qmof-3f041c4,SIKROU_FSR,bandgap_6.5_to_7.0eV,3,Mg,
qmof-2a5ad82,SIVGOV_FSR,bandgap_6.5_to_7.0eV,4,Zn,C1=NN=N[N]1
qmof-574737f,SIVGIP_FSR,bandgap_6.5_to_7.0eV,4,Zn,C1=NN=N[N]1
qmof-99811c4,HEFXAR_FSR,bandgap_6.5_to_7.0eV,3,Li,
qmof-f8e2658,POPQOC_FSR,bandgap_6.5_to_7.0eV,5,Na,
qmof-16812b6,LOQVIW01_FSR,bandgap_6.5_to_7.0eV,4,Zn,
qmof-20fefbe,GAFPIO_FSR,bandgap_6.5_to_7.0eV,2,Sm,
qmof-7a9a971,ROTPEX_FSR,bandgap_6.5_to_7.0eV,5,Ba,
qmof-09cf381,WISWIH_FSR,bandgap_6.5_to_7.0eV,3,Zn,
qmof-edb3d86,BUQCEV_FSR,bandgap_6.5_to_7.0eV,4,Ca,O=[PH]1[O][Ca]23456(<-[O]1C([CH][O]2)C[CH][O]3)<-[O](C([CH][O]4)C[CH][O]5)[PH](=O)[O]6.O=[PH]1[O][Ca]23456(<-[O]1C([CH][O]2)C[CH][O]3)<-[O](C([CH][O]4)C[CH][O]5)[PH](=O)[O]6
qmof-55638ef,LISUCC01_FSR,bandgap_6.5_to_7.0eV,5,Li,
qmof-73a2a48,SUNDIP_FSR,bandgap_6.5_to_7.0eV,3,Zn,C1CCCCC1
qmof-22fb57d,GIXJOP_FSR,bandgap_6.5_to_7.0eV,5,Ca,
qmof-d4cc1c0,WAZNAO_FSR,bandgap_6.5_to_7.0eV,5,Yb,
qmof-1026675,CEDHEZ_FSR,bandgap_6.5_to_7.0eV,3,Sr,
qmof-980b76e,POYRUR_FSR,bandgap_6.5_to_7.0eV,4,Zn,
qmof-1fb5c1d,XIVLOE_FSR,bandgap_6.5_to_7.0eV,3,In,
qmof-2e79c69,KOQZAT_FSR,bandgap_6.5_to_7.0eV,4,Zn,
qmof-3876daa,RAWGUS_FSR,bandgap_6.5_to_7.0eV,2,Gd,
qmof-1339194,SOQRAS_FSR,bandgap_6.5_to_7.0eV,2,Zn,
qmof-f4581c4,MGFORD01_FSR,bandgap_6.5_to_7.0eV,4,Mg,
qmof-81ce5ac,FUHYUD_FSR,bandgap_6.5_to_7.0eV,5,Zn,
qmof-d81ebae,RIWGEJ_FSR,bandgap_6.5_to_7.0eV,3,Ca,
qmof-cdca546,BAJXER_FSR,bandgap_6.5_to_7.0eV,5,Dy,
qmof-0094362,SOGXES_FSR,bandgap_6.5_to_7.0eV,4,Ba,
qmof-69cecc3,XILWUM_FSR,bandgap_6.5_to_7.0eV,3,Ba,
qmof-d3b4687,POPQIW_FSR,bandgap_6.5_to_7.0eV,2,Na,
qmof-f3f83dd,GELCOS_FSR,bandgap_6.5_to_7.0eV,3,Sr,
qmof-d826ea1,OPUFAH01_FSR,bandgap_6.5_to_7.0eV,3,Ba,
qmof-b1f611b,GAFQAH_FSR,bandgap_6.5_to_7.0eV,5,Dy,
qmof-9e8761c,NIHXEI01_FSR,bandgap_6.5_to_7.0eV,5,Dy,
qmof-060e1c4,OCUGEZ01_FSR,bandgap_6.5_to_7.0eV,2,Nd,
qmof-76aa393,QUHMOX_FSR,bandgap_6.5_to_7.0eV,4,Gd,
qmof-fa83326,HISCIX_FSR,bandgap_6.5_to_7.0eV,1,Na,
qmof-dfa9a2b,HUJSOV_FSR,bandgap_6.5_to_7.0eV,2,Dy,
qmof-4438bc6,LUHZIY_FSR,bandgap_6.5_to_7.0eV,2,Na,
qmof-19ccc4f,LUHZOE_FSR,bandgap_6.5_to_7.0eV,4,Na,
qmof-31e129f,ORAWEL_FSR,bandgap_6.5_to_7.0eV,3,Na,
qmof-d91e33b,IXIMUX_FSR,bandgap_6.5_to_7.0eV,4,Na,
qmof-5954ccc,QUHMEN_FSR,bandgap_6.5_to_7.0eV,1,Gd,
qmof-58c51cc,COZGED01_FSR,bandgap_6.5_to_7.0eV,2,Na,
qmof-5a531c0,YEMTIT_FSR,bandgap_6.5_to_7.0eV,3,Y,
qmof-e4e4393,BIYHIB_FSR,bandgap_6.5_to_7.0eV,2,Er,
qmof-6d3ca8c,ELOFAM_FSR,bandgap_6.5_to_7.0eV,5,Ca,
qmof-49dc93d,LICSUM_FSR,bandgap_6.5_to_7.0eV,2,Mg,
qmof-70e9f69,CUMBAO_FSR,bandgap_6.5_to_7.0eV,2,Zn,
qmof-5b470ea,JIFXOM_FSR,bandgap_6.5_to_7.0eV,1,Mg,
qmof-659d5f8,LAYZIX_FSR,bandgap_6.5_to_7.0eV,3,Lu,
qmof-658c0fd,RURDEP_FSR,bandgap_6.5_to_7.0eV,4,La,
qmof-92fd333,GIHWOJ01_FSR,bandgap_6.5_to_7.0eV,2,Ca,
qmof-49a30b9,DEKZUQ_FSR,bandgap_6.5_to_7.0eV,2,Ba,
qmof-fc3e4dd,WOCQIQ_FSR,bandgap_6.5_to_7.0eV,2,Ca,
qmof-01346c1,NUXGIY_FSR,bandgap_6.5_to_7.0eV,1,Na,
qmof-a49c0de,LAYZOC_FSR,bandgap_6.5_to_7.0eV,5,Ca,C1=NN=N[N]1
qmof-8804440,MISKOR_FSR,bandgap_6.5_to_7.0eV,4,Li,
qmof-adf0d46,GAFNUY_FSR,bandgap_6.5_to_7.0eV,1,La,
qmof-8228f8b,SEYWIC_FSR,bandgap_6.5_to_7.0eV,2,Zn,
qmof-534e590,GAFPAG_FSR,bandgap_6.5_to_7.0eV,2,Pr,
qmof-fd7b178,GAFPEK_FSR,bandgap_6.5_to_7.0eV,4,Nd,
qmof-770da4b,DURGAY_FSR,bandgap_6.5_to_7.0eV,1,Na,
qmof-7508c2e,NAXVOY02_FSR,bandgap_6.5_to_7.0eV,3,Mg,
qmof-3a1e8d9,NIXRAP_FSR,bandgap_6.5_to_7.0eV,1,Mg,
qmof-31e37cb,HEDNOT_FSR,bandgap_6.5_to_7.0eV,3,Zn,
qmof-9c0bd55,KUZHAQ_FSR,bandgap_6.5_to_7.0eV,1,Cs,C1CCOCC1
qmof-ce0602b,QUTQIG_FSR,bandgap_6.5_to_7.0eV,2,Zn,
qmof-a1e22bf,SAQYOZ_FSR,bandgap_6.5_to_7.0eV,1,Zn,C1CNCCN1
qmof-eee7429,LECCED_FSR,bandgap_6.5_to_7.0eV,1,Dy,
qmof-78cba0b,SAPKUR_FSR,bandgap_6.5_to_7.0eV,5,Nd,
qmof-9bc55e5,FINQEA_FSR,bandgap_6.5_to_7.0eV,2,Zn,
qmof-e6f2443,JIPNIG_FSR,bandgap_6.5_to_7.0eV,2,Sm,
qmof-20ce10c,KEKLIY_FSR,bandgap_6.5_to_7.0eV,5,Zn,
qmof-2fffa21,CIBZES_FSR,bandgap_6.5_to_7.0eV,1,Sr,
qmof-3742f27,IJECUV_FSR,bandgap_6.5_to_7.0eV,1,Li,
qmof-b759a0a,WUWYUI_FSR,bandgap_6.5_to_7.0eV,4,Ca,
qmof-cf8f441,ATUPIQ_FSR,bandgap_6.5_to_7.0eV,3,La,
qmof-16d3134,CIMZII_FSR,bandgap_6.5_to_7.0eV,5,Zn,
qmof-535a896,XELHUS_FSR,bandgap_6.5_to_7.0eV,4,K,
qmof-cb60298,DEDKEE_FSR,bandgap_6.5_to_7.0eV,5,Ca,O=C1NC(=O)N[PH](=O)N1
qmof-6a44e73,NOKGID_FSR,bandgap_6.5_to_7.0eV,4,Mg,
qmof-a421ddb,LESFEX_FSR,bandgap_6.5_to_7.0eV,1,Zn,
qmof-ea2f7b2,IGIZIJ_FSR,bandgap_6.5_to_7.0eV,5,Ba,
qmof-921bc5e,SAPKIF_FSR,bandgap_6.5_to_7.0eV,1,La,
qmof-d868ada,SAPKOL_FSR,bandgap_6.5_to_7.0eV,5,Pr,
qmof-d5e6031,JADLOP01_FSR,bandgap_6.5_to_7.0eV,4,Li,
qmof-ac2095e,UCOCAR_FSR,bandgap_6.5_to_7.0eV,3,Sr,
qmof-e2ec095,DULSIN01_FSR,bandgap_6.5_to_7.0eV,4,Na,
qmof-ee1a4a9,IYUCIP_FSR,bandgap_6.5_to_7.0eV,5,K,
qmof-3f33bff,QABGAB_FSR,bandgap_6.5_to_7.0eV,1,Li,
qmof-24e5993,SEBMOB_FSR,bandgap_6.5_to_7.0eV,3,Li,
qmof-68e5457,TUZYOD01_FSR,bandgap_6.5_to_7.0eV,5,Mg,
qmof-b4b5423,BUBGAG_FSR,bandgap_6.5_to_7.0eV,1,Al,C1COCCO1
qmof-9dca13d,DORFOG_FSR,bandgap_6.5_to_7.0eV,4,Mg,
qmof-f1c5f8a,XEFPAB_FSR,bandgap_6.5_to_7.0eV,2,Gd,
qmof-83d54f4,NAACET05_FSR,bandgap_7.0_to_7.5eV,5,Na,
qmof-baa9e72,HIWXIV_FSR,bandgap_7.0_to_7.5eV,4,Li,
qmof-ae0f40c,QABGEF_FSR,bandgap_7.0_to_7.5eV,2,Li,C1COCO1
qmof-25c39ef,JISSEK_FSR,bandgap_7.0_to_7.5eV,3,Sm,
qmof-cb22aa8,XIGWUH_FSR,bandgap_7.0_to_7.5eV,1,Na,
qmof-679e2ca,ODOSEI_FSR,bandgap_7.0_to_7.5eV,2,Na,
qmof-185e359,SIWFOT_FSR,bandgap_7.0_to_7.5eV,4,Li,O=S1(=O)CCCC1
qmof-50671ea,NILCAP_FSR,bandgap_7.0_to_7.5eV,2,Tb,
qmof-aa0cfe7,POPSAQ_FSR,bandgap_7.0_to_7.5eV,1,Li,
qmof-0f0c1d0,HEBTOA_FSR,bandgap_7.0_to_7.5eV,3,Na,
qmof-855c443,KOMMII_FSR,bandgap_7.0_to_7.5eV,1,Zn,
qmof-41ba790,GARSUP_FSR,bandgap_7.0_to_7.5eV,4,Li,
qmof-b96fb0a,NECCIK_FSR,bandgap_7.0_to_7.5eV,4,K,
qmof-d16a680,PIRSUG_FSR,bandgap_7.0_to_7.5eV,3,Cs,C1CCCCC1
qmof-da50262,KMTSUL01_FSR,bandgap_7.0_to_7.5eV,5,K,
qmof-57d8d0a,GOKYEL_FSR,bandgap_7.0_to_7.5eV,5,Na,
qmof-03f76d4,AMORUQ_FSR,bandgap_7.0_to_7.5eV,4,Pr,
qmof-63babd7,AMOROK_FSR,bandgap_7.0_to_7.5eV,2,Sm,
qmof-c6a024f,LAPJAO_FSR,bandgap_7.0_to_7.5eV,1,Li,C1COCCOCCOCCOCCOCCO1
qmof-e4e7c8a,LAPJES_FSR,bandgap_7.0_to_7.5eV,2,Li,
qmof-76c8ad5,ISAROJ01_FSR,bandgap_7.0_to_7.5eV,5,K,
qmof-7e90e52,NOKFEY_FSR,bandgap_7.0_to_7.5eV,1,Mg,
qmof-8173fb9,OYERAM_FSR,bandgap_7.0_to_7.5eV,3,Zn,
qmof-cf00f6e,MUNJEK_FSR,bandgap_7.0_to_7.5eV,2,Zn,
qmof-649c1c3,SEZVUO_FSR,bandgap_7.0_to_7.5eV,1,Ca,
qmof-2edacf2,OSAXOW01_FSR,bandgap_7.0_to_7.5eV,5,Li,
qmof-ad9b461,LICDOX01_FSR,bandgap_7.0_to_7.5eV,5,Li,C1COCCO1
qmof-cc6fd4d,QUTQAY_FSR,bandgap_7.0_to_7.5eV,3,Zn,
qmof-78ccc0f,DORREI_FSR,bandgap_7.0_to_7.5eV,2,Na,C1CCOCC1
qmof-4df7a58,XAYYUR02_FSR,bandgap_7.0_to_7.5eV,4,Zn,
qmof-9074759,HOCMIV_FSR,bandgap_7.0_to_7.5eV,3,Li,
qmof-abb7a68,XAGDUE_FSR,bandgap_7.0_to_7.5eV,1,Mg,
qmof-22501f6,RUBGAX_FSR,bandgap_7.0_to_7.5eV,3,Sr,
qmof-380359a,IHUZAO_FSR,bandgap_8.0_to_8.5eV,2,Li,
qmof-7b525e0,GUTYAW_FSR,bandgap_8.0_to_8.5eV,1,Sr,
